{
	"credit": "Made with Blockbench",
	"texture_size": [128, 128],
	"textures": {
		"0": "block/brown_wool",
		"particle": "block/brown_wool"
	},
	"elements": [
		{
			"from": [4.42192, 3.86038, -0.05],
			"to": [8.42192, 4.51038, 5.7],
			"rotation": {"angle": 22.5, "axis": "z", "origin": [-1.07808, 3.01038, -8.8]},
			"faces": {
				"north": {"uv": [0, 7.5, 0.5, 7.5625], "texture": "#0"},
				"east": {"uv": [7, 0.125, 7.75, 0.1875], "texture": "#0"},
				"south": {"uv": [7.5, 0, 8, 0.0625], "texture": "#0"},
				"west": {"uv": [7, 2.375, 7.75, 2.4375], "texture": "#0"},
				"up": {"uv": [0.5, 3.75, 0, 3], "texture": "#0"},
				"down": {"uv": [1, 3, 0.5, 3.75], "texture": "#0"}
			}
		},
		{
			"from": [3.4764, 2.32964, -8.05],
			"to": [4.7264, 2.97964, 7.2],
			"rotation": {"angle": 22.5, "axis": "z", "origin": [-4.7736, 1.47964, -8.8]},
			"faces": {
				"north": {"uv": [0.75, 8.25, 0.9375, 8.3125], "texture": "#0"},
				"east": {"uv": [5.75, 4.5, 7.6875, 4.5625], "texture": "#0"},
				"south": {"uv": [1, 8.25, 1.1875, 8.3125], "texture": "#0"},
				"west": {"uv": [5.875, 0.25, 7.8125, 0.3125], "texture": "#0"},
				"up": {"uv": [3.6875, 4.6875, 3.5, 2.75], "texture": "#0"},
				"down": {"uv": [3.3125, 3.5, 3.125, 5.4375], "texture": "#0"}
			}
		},
		{
			"from": [2.35961, 1.65995, -8.05],
			"to": [3.60961, 2.30995, 5.2],
			"rotation": {"angle": 22.5, "axis": "z", "origin": [-6.39039, 0.80995, -8.8]},
			"faces": {
				"north": {"uv": [8.25, 1, 8.4375, 1.0625], "texture": "#0"},
				"east": {"uv": [6, 5.625, 7.6875, 5.6875], "texture": "#0"},
				"south": {"uv": [8.25, 1.125, 8.4375, 1.1875], "texture": "#0"},
				"west": {"uv": [6, 5.75, 7.6875, 5.8125], "texture": "#0"},
				"up": {"uv": [0.6875, 5.4375, 0.5, 3.75], "texture": "#0"},
				"down": {"uv": [0.9375, 3.75, 0.75, 5.4375], "texture": "#0"}
			}
		},
		{
			"from": [1.47379, 1.08592, -8.05],
			"to": [2.47379, 1.73592, 3.7],
			"rotation": {"angle": 22.5, "axis": "z", "origin": [-7.77621, 0.23592, -8.8]},
			"faces": {
				"north": {"uv": [5.125, 8.25, 5.25, 8.3125], "texture": "#0"},
				"east": {"uv": [6.125, 4.875, 7.625, 4.9375], "texture": "#0"},
				"south": {"uv": [8.25, 5.125, 8.375, 5.1875], "texture": "#0"},
				"west": {"uv": [6.125, 5, 7.625, 5.0625], "texture": "#0"},
				"up": {"uv": [4.375, 6, 4.25, 4.5], "texture": "#0"},
				"down": {"uv": [3.125, 4.75, 3, 6.25], "texture": "#0"}
			}
		},
		{
			"from": [0.29991, 0.20324, -8.05],
			"to": [1.54991, 1.35324, 1.95],
			"rotation": {"angle": 22.5, "axis": "z", "origin": [-8.70009, -0.14676, -8.8]},
			"faces": {
				"north": {"uv": [7.75, 4.75, 7.9375, 4.875], "texture": "#0"},
				"east": {"uv": [5.25, 0.375, 6.5, 0.5], "texture": "#0"},
				"south": {"uv": [5, 7.75, 5.1875, 7.875], "texture": "#0"},
				"west": {"uv": [5.375, 2, 6.625, 2.125], "texture": "#0"},
				"up": {"uv": [2.1875, 6, 2, 4.75], "texture": "#0"},
				"down": {"uv": [2.4375, 4.75, 2.25, 6], "texture": "#0"}
			}
		},
		{
			"from": [-0.60494, -0.02512, -0.8],
			"to": [0.39506, 0.87488, 0.7],
			"rotation": {"angle": 22.5, "axis": "z", "origin": [-9.85494, -0.62512, -8.05]},
			"faces": {
				"north": {"uv": [8.125, 3.875, 8.25, 4], "texture": "#0"},
				"east": {"uv": [7.875, 1.375, 8.0625, 1.5], "texture": "#0"},
				"south": {"uv": [8.125, 4, 8.25, 4.125], "texture": "#0"},
				"west": {"uv": [2.625, 7.875, 2.8125, 8], "texture": "#0"},
				"up": {"uv": [8, 3.5625, 7.875, 3.375], "texture": "#0"},
				"down": {"uv": [8, 3.625, 7.875, 3.8125], "texture": "#0"}
			}
		},
		{
			"from": [-0.85494, -0.02512, -7.55],
			"to": [0.39506, 0.87488, -0.8],
			"rotation": {"angle": 22.5, "axis": "z", "origin": [-9.85494, -0.62512, -8.8]},
			"faces": {
				"north": {"uv": [5.25, 7.75, 5.4375, 7.875], "texture": "#0"},
				"east": {"uv": [6, 0.75, 6.875, 0.875], "texture": "#0"},
				"south": {"uv": [7.75, 5.375, 7.9375, 5.5], "texture": "#0"},
				"west": {"uv": [6, 0.875, 6.875, 1], "texture": "#0"},
				"up": {"uv": [3.9375, 5.875, 3.75, 5], "texture": "#0"},
				"down": {"uv": [4.1875, 5, 4, 5.875], "texture": "#0"}
			}
		},
		{
			"from": [4.42192, 3.86038, -2.8],
			"to": [8.92192, 4.51038, -0.05],
			"rotation": {"angle": 22.5, "axis": "z", "origin": [-1.07808, 3.01038, -8.8]},
			"faces": {
				"north": {"uv": [7.375, 1.75, 7.9375, 1.8125], "texture": "#0"},
				"east": {"uv": [8, 6.75, 8.3125, 6.8125], "texture": "#0"},
				"south": {"uv": [7.375, 3.125, 7.9375, 3.1875], "texture": "#0"},
				"west": {"uv": [8, 6.875, 8.3125, 6.9375], "texture": "#0"},
				"up": {"uv": [5.6875, 4.5625, 5.125, 4.25], "texture": "#0"},
				"down": {"uv": [5.0625, 5.125, 4.5, 5.4375], "texture": "#0"}
			}
		},
		{
			"from": [4.42192, 3.86038, -4.05],
			"to": [7.17192, 4.51038, -2.8],
			"rotation": {"angle": 22.5, "axis": "z", "origin": [-1.07808, 3.01038, -10.8]},
			"faces": {
				"north": {"uv": [5.5, 7.75, 5.875, 7.8125], "texture": "#0"},
				"east": {"uv": [5.25, 8.25, 5.375, 8.3125], "texture": "#0"},
				"south": {"uv": [7.75, 5.5, 8.125, 5.5625], "texture": "#0"},
				"west": {"uv": [8.25, 5.25, 8.375, 5.3125], "texture": "#0"},
				"up": {"uv": [7.375, 2.875, 7, 2.75], "texture": "#0"},
				"down": {"uv": [7.375, 4, 7, 4.125], "texture": "#0"}
			}
		},
		{
			"from": [4.42192, 3.86038, -6.05],
			"to": [7.17192, 4.51038, -4.05],
			"rotation": {"angle": 22.5, "axis": "z", "origin": [-1.07808, 3.01038, -12.8]},
			"faces": {
				"north": {"uv": [7.75, 5.625, 8.125, 5.6875], "texture": "#0"},
				"east": {"uv": [8.125, 0.5, 8.375, 0.5625], "texture": "#0"},
				"south": {"uv": [7.75, 5.75, 8.125, 5.8125], "texture": "#0"},
				"west": {"uv": [0.625, 8.125, 0.875, 8.1875], "texture": "#0"},
				"up": {"uv": [1.125, 6.5, 0.75, 6.25], "texture": "#0"},
				"down": {"uv": [1.5, 6.25, 1.125, 6.5], "texture": "#0"}
			}
		},
		{
			"from": [4.42192, 3.86038, -8.05],
			"to": [5.92192, 4.51038, -6.05],
			"rotation": {"angle": 22.5, "axis": "z", "origin": [-1.07808, 3.01038, -14.8]},
			"faces": {
				"north": {"uv": [8.25, 1.25, 8.4375, 1.3125], "texture": "#0"},
				"east": {"uv": [0.25, 8.125, 0.5, 8.1875], "texture": "#0"},
				"south": {"uv": [8.25, 1.375, 8.4375, 1.4375], "texture": "#0"},
				"west": {"uv": [8.125, 0.25, 8.375, 0.3125], "texture": "#0"},
				"up": {"uv": [7.1875, 2.75, 7, 2.5], "texture": "#0"},
				"down": {"uv": [2.8125, 7, 2.625, 7.25], "texture": "#0"}
			}
		},
		{
			"from": [5.67292, 4.11138, 5.701],
			"to": [8.17092, 4.50938, 15.199],
			"rotation": {"angle": 22.5, "axis": "z", "origin": [-1.07808, 3.01038, -8.8]},
			"faces": {
				"north": {"uv": [7, 8, 7.3125, 8.0625], "texture": "#0"},
				"east": {"uv": [6.5, 4.75, 7.6875, 4.8125], "texture": "#0"},
				"south": {"uv": [7.375, 8, 7.6875, 8.0625], "texture": "#0"},
				"west": {"uv": [6.5, 5.5, 7.6875, 5.5625], "texture": "#0"},
				"up": {"uv": [3.5625, 2.6875, 3.25, 1.5], "texture": "#0"},
				"down": {"uv": [2.3125, 3.5, 2, 4.6875], "texture": "#0"}
			}
		},
		{
			"from": [4.42292, 4.11138, 5.701],
			"to": [5.67092, 4.50938, 10.949],
			"rotation": {"angle": 22.5, "axis": "z", "origin": [-1.07808, 3.01038, -8.8]},
			"faces": {
				"north": {"uv": [0.5, 8.25, 0.6875, 8.3125], "texture": "#0"},
				"east": {"uv": [7.125, 4.625, 7.8125, 4.6875], "texture": "#0"},
				"south": {"uv": [8.25, 0.625, 8.4375, 0.6875], "texture": "#0"},
				"west": {"uv": [7.25, 2.5, 7.9375, 2.5625], "texture": "#0"},
				"up": {"uv": [1.3125, 6.1875, 1.125, 5.5], "texture": "#0"},
				"down": {"uv": [3.3125, 5.5, 3.125, 6.1875], "texture": "#0"}
			}
		},
		{
			"from": [6.67192, 4.36038, 15.2],
			"to": [8.17192, 4.51038, 19.45],
			"rotation": {"angle": 22.5, "axis": "z", "origin": [-1.07808, 3.01038, -8.8]},
			"faces": {
				"north": {"uv": [0.25, 8.25, 0.4375, 8.3125], "texture": "#0"},
				"east": {"uv": [7.5, 0.375, 8, 0.4375], "texture": "#0"},
				"south": {"uv": [8.25, 0.375, 8.4375, 0.4375], "texture": "#0"},
				"west": {"uv": [0.75, 7.5, 1.25, 7.5625], "texture": "#0"},
				"up": {"uv": [0.4375, 6.75, 0.25, 6.25], "texture": "#0"},
				"down": {"uv": [0.6875, 6.25, 0.5, 6.75], "texture": "#0"}
			}
		},
		{
			"from": [6.92192, 4.36038, 19.45],
			"to": [8.17192, 4.51038, 19.95],
			"rotation": {"angle": 22.5, "axis": "z", "origin": [-1.07808, 3.01038, -4.05]},
			"faces": {
				"north": {"uv": [1.5, 8.25, 1.6875, 8.3125], "texture": "#0"},
				"east": {"uv": [8.375, 5, 8.4375, 5.0625], "texture": "#0"},
				"south": {"uv": [8.25, 1.5, 8.4375, 1.5625], "texture": "#0"},
				"west": {"uv": [5.125, 8.375, 5.1875, 8.4375], "texture": "#0"},
				"up": {"uv": [8.4375, 1.6875, 8.25, 1.625], "texture": "#0"},
				"down": {"uv": [8.4375, 1.75, 8.25, 1.8125], "texture": "#0"}
			}
		},
		{
			"from": [15.60494, -0.02512, -7.55],
			"to": [16.85494, 0.87488, -0.8],
			"rotation": {"angle": -22.5, "axis": "z", "origin": [25.85494, -0.62512, -8.8]},
			"faces": {
				"north": {"uv": [8, 1.5, 8.1875, 1.625], "texture": "#0"},
				"east": {"uv": [6, 3.5, 6.875, 3.625], "texture": "#0"},
				"south": {"uv": [8, 1.625, 8.1875, 1.75], "texture": "#0"},
				"west": {"uv": [6, 3.625, 6.875, 3.75], "texture": "#0"},
				"up": {"uv": [1.6875, 6.25, 1.5, 5.375], "texture": "#0"},
				"down": {"uv": [1.9375, 5.375, 1.75, 6.25], "texture": "#0"}
			}
		},
		{
			"from": [14.45009, 0.20324, -8.05],
			"to": [15.70009, 1.35324, 1.95],
			"rotation": {"angle": -22.5, "axis": "z", "origin": [24.70009, -0.14676, -8.8]},
			"faces": {
				"north": {"uv": [8, 1.125, 8.1875, 1.25], "texture": "#0"},
				"east": {"uv": [5.375, 3.375, 6.625, 3.5], "texture": "#0"},
				"south": {"uv": [8, 1.25, 8.1875, 1.375], "texture": "#0"},
				"west": {"uv": [4.5, 5.5, 5.75, 5.625], "texture": "#0"},
				"up": {"uv": [2.6875, 6, 2.5, 4.75], "texture": "#0"},
				"down": {"uv": [2.9375, 4.75, 2.75, 6], "texture": "#0"}
			}
		},
		{
			"from": [13.52621, 1.08592, -8.05],
			"to": [14.52621, 1.73592, 3.7],
			"rotation": {"angle": -22.5, "axis": "z", "origin": [23.77621, 0.23592, -8.8]},
			"faces": {
				"north": {"uv": [0.5, 8.375, 0.625, 8.4375], "texture": "#0"},
				"east": {"uv": [6.25, 5.875, 7.75, 5.9375], "texture": "#0"},
				"south": {"uv": [8.375, 0.5, 8.5, 0.5625], "texture": "#0"},
				"west": {"uv": [6.25, 6, 7.75, 6.0625], "texture": "#0"},
				"up": {"uv": [3.75, 6.25, 3.625, 4.75], "texture": "#0"},
				"down": {"uv": [4.5, 4.875, 4.375, 6.375], "texture": "#0"}
			}
		},
		{
			"from": [12.39039, 1.65995, -8.05],
			"to": [13.64039, 2.30995, 5.2],
			"rotation": {"angle": -22.5, "axis": "z", "origin": [22.39039, 0.80995, -8.8]},
			"faces": {
				"north": {"uv": [2.875, 8.25, 3.0625, 8.3125], "texture": "#0"},
				"east": {"uv": [6.125, 1, 7.8125, 1.0625], "texture": "#0"},
				"south": {"uv": [8.25, 2.875, 8.4375, 2.9375], "texture": "#0"},
				"west": {"uv": [6.125, 1.125, 7.8125, 1.1875], "texture": "#0"},
				"up": {"uv": [1.1875, 5.4375, 1, 3.75], "texture": "#0"},
				"down": {"uv": [1.4375, 3.75, 1.25, 5.4375], "texture": "#0"}
			}
		},
		{
			"from": [11.2736, 2.32964, -8.05],
			"to": [12.5236, 2.97964, 7.2],
			"rotation": {"angle": -22.5, "axis": "z", "origin": [20.7736, 1.47964, -8.8]},
			"faces": {
				"north": {"uv": [8.25, 2.625, 8.4375, 2.6875], "texture": "#0"},
				"east": {"uv": [6, 0.5, 7.9375, 0.5625], "texture": "#0"},
				"south": {"uv": [8.25, 2.75, 8.4375, 2.8125], "texture": "#0"},
				"west": {"uv": [6, 0.625, 7.9375, 0.6875], "texture": "#0"},
				"up": {"uv": [0.1875, 5.6875, 0, 3.75], "texture": "#0"},
				"down": {"uv": [0.4375, 3.75, 0.25, 5.6875], "texture": "#0"}
			}
		},
		{
			"from": [10.07808, 3.86038, -8.05],
			"to": [11.57808, 4.51038, -6.05],
			"rotation": {"angle": -22.5, "axis": "z", "origin": [17.07808, 3.01038, -14.8]},
			"faces": {
				"north": {"uv": [8.25, 2.5, 8.4375, 2.5625], "texture": "#0"},
				"east": {"uv": [7.125, 8.125, 7.375, 8.1875], "texture": "#0"},
				"south": {"uv": [2.625, 8.25, 2.8125, 8.3125], "texture": "#0"},
				"west": {"uv": [8.125, 7.125, 8.375, 7.1875], "texture": "#0"},
				"up": {"uv": [1.4375, 7.5, 1.25, 7.25], "texture": "#0"},
				"down": {"uv": [7.4375, 1.25, 7.25, 1.5], "texture": "#0"}
			}
		},
		{
			"from": [8.82808, 3.86038, -6.05],
			"to": [11.57808, 4.51038, -4.05],
			"rotation": {"angle": -22.5, "axis": "z", "origin": [17.07808, 3.01038, -12.8]},
			"faces": {
				"north": {"uv": [8, 0.875, 8.375, 0.9375], "texture": "#0"},
				"east": {"uv": [6.875, 8.125, 7.125, 8.1875], "texture": "#0"},
				"south": {"uv": [1, 8, 1.375, 8.0625], "texture": "#0"},
				"west": {"uv": [8.125, 7, 8.375, 7.0625], "texture": "#0"},
				"up": {"uv": [6.625, 2.375, 6.25, 2.125], "texture": "#0"},
				"down": {"uv": [3.375, 6.25, 3, 6.5], "texture": "#0"}
			}
		},
		{
			"from": [8.82808, 3.86038, -4.05],
			"to": [11.57808, 4.51038, -2.8],
			"rotation": {"angle": -22.5, "axis": "z", "origin": [17.07808, 3.01038, -10.8]},
			"faces": {
				"north": {"uv": [0.625, 8, 1, 8.0625], "texture": "#0"},
				"east": {"uv": [8.375, 0.25, 8.5, 0.3125], "texture": "#0"},
				"south": {"uv": [8, 0.75, 8.375, 0.8125], "texture": "#0"},
				"west": {"uv": [0.375, 8.375, 0.5, 8.4375], "texture": "#0"},
				"up": {"uv": [7.5, 0.5, 7.125, 0.375], "texture": "#0"},
				"down": {"uv": [7.5, 3.375, 7.125, 3.5], "texture": "#0"}
			}
		},
		{
			"from": [7.07808, 3.86038, -2.8],
			"to": [11.57808, 4.51038, -0.05],
			"rotation": {"angle": -22.5, "axis": "z", "origin": [17.07808, 3.01038, -8.8]},
			"faces": {
				"north": {"uv": [7.375, 6.375, 7.9375, 6.4375], "texture": "#0"},
				"east": {"uv": [8, 8, 8.3125, 8.0625], "texture": "#0"},
				"south": {"uv": [6.5, 7.375, 7.0625, 7.4375], "texture": "#0"},
				"west": {"uv": [8.125, 0, 8.4375, 0.0625], "texture": "#0"},
				"up": {"uv": [5.6875, 5.4375, 5.125, 5.125], "texture": "#0"},
				"down": {"uv": [5.8125, 0, 5.25, 0.3125], "texture": "#0"}
			}
		},
		{
			"from": [7.57808, 3.86038, -0.05],
			"to": [11.57808, 4.51038, 5.7],
			"rotation": {"angle": -22.5, "axis": "z", "origin": [17.07808, 3.01038, -8.8]},
			"faces": {
				"north": {"uv": [7.625, 2.75, 8.125, 2.8125], "texture": "#0"},
				"east": {"uv": [7, 4.375, 7.75, 4.4375], "texture": "#0"},
				"south": {"uv": [7.625, 2.875, 8.125, 2.9375], "texture": "#0"},
				"west": {"uv": [7, 5.375, 7.75, 5.4375], "texture": "#0"},
				"up": {"uv": [1.5, 3.75, 1, 3], "texture": "#0"},
				"down": {"uv": [2, 3, 1.5, 3.75], "texture": "#0"}
			}
		},
		{
			"from": [15.60494, -0.02512, -0.8],
			"to": [16.60494, 0.87488, 0.7],
			"rotation": {"angle": -22.5, "axis": "z", "origin": [25.85494, -0.62512, -8.05]},
			"faces": {
				"north": {"uv": [8.125, 6.625, 8.25, 6.75], "texture": "#0"},
				"east": {"uv": [0.25, 8, 0.4375, 8.125], "texture": "#0"},
				"south": {"uv": [6.75, 8.125, 6.875, 8.25], "texture": "#0"},
				"west": {"uv": [8, 0.375, 8.1875, 0.5], "texture": "#0"},
				"up": {"uv": [0.625, 8.1875, 0.5, 8], "texture": "#0"},
				"down": {"uv": [8.125, 0.5, 8, 0.6875], "texture": "#0"}
			}
		},
		{
			"from": [7.82908, 4.11138, 5.701],
			"to": [10.32708, 4.50938, 15.199],
			"rotation": {"angle": -22.5, "axis": "z", "origin": [17.07808, 3.01038, -8.8]},
			"faces": {
				"north": {"uv": [8, 7.75, 8.3125, 7.8125], "texture": "#0"},
				"east": {"uv": [6.5, 6.125, 7.6875, 6.1875], "texture": "#0"},
				"south": {"uv": [8, 7.875, 8.3125, 7.9375], "texture": "#0"},
				"west": {"uv": [6.5, 6.25, 7.6875, 6.3125], "texture": "#0"},
				"up": {"uv": [2.6875, 4.6875, 2.375, 3.5], "texture": "#0"},
				"down": {"uv": [3.0625, 3.5, 2.75, 4.6875], "texture": "#0"}
			}
		},
		{
			"from": [10.32908, 4.11138, 5.701],
			"to": [11.57708, 4.50938, 10.949],
			"rotation": {"angle": -22.5, "axis": "z", "origin": [17.07808, 3.01038, -8.8]},
			"faces": {
				"north": {"uv": [2.375, 8.25, 2.5625, 8.3125], "texture": "#0"},
				"east": {"uv": [7.25, 2.625, 7.9375, 2.6875], "texture": "#0"},
				"south": {"uv": [8.25, 2.375, 8.4375, 2.4375], "texture": "#0"},
				"west": {"uv": [7.25, 3.25, 7.9375, 3.3125], "texture": "#0"},
				"up": {"uv": [3.5625, 6.3125, 3.375, 5.625], "texture": "#0"},
				"down": {"uv": [4.6875, 5.625, 4.5, 6.3125], "texture": "#0"}
			}
		},
		{
			"from": [7.82808, 4.36038, 15.2],
			"to": [9.32808, 4.51038, 19.45],
			"rotation": {"angle": -22.5, "axis": "z", "origin": [17.07808, 3.01038, -8.8]},
			"faces": {
				"north": {"uv": [8.25, 2.125, 8.4375, 2.1875], "texture": "#0"},
				"east": {"uv": [7.625, 2.125, 8.125, 2.1875], "texture": "#0"},
				"south": {"uv": [8.25, 2.25, 8.4375, 2.3125], "texture": "#0"},
				"west": {"uv": [7.625, 2.25, 8.125, 2.3125], "texture": "#0"},
				"up": {"uv": [1.6875, 6.75, 1.5, 6.25], "texture": "#0"},
				"down": {"uv": [6.4375, 1.5, 6.25, 2], "texture": "#0"}
			}
		},
		{
			"from": [7.82808, 4.36038, 19.45],
			"to": [9.07808, 4.51038, 19.95],
			"rotation": {"angle": -22.5, "axis": "z", "origin": [17.07808, 3.01038, -4.05]},
			"faces": {
				"north": {"uv": [1.875, 8.25, 2.0625, 8.3125], "texture": "#0"},
				"east": {"uv": [8.375, 5.125, 8.4375, 5.1875], "texture": "#0"},
				"south": {"uv": [8.25, 1.875, 8.4375, 1.9375], "texture": "#0"},
				"west": {"uv": [5.25, 8.375, 5.3125, 8.4375], "texture": "#0"},
				"up": {"uv": [8.4375, 2.0625, 8.25, 2], "texture": "#0"},
				"down": {"uv": [2.3125, 8.25, 2.125, 8.3125], "texture": "#0"}
			}
		},
		{
			"from": [7.32322, 1.45504, -7.88477],
			"to": [8.68322, 3.45504, -6.93477],
			"rotation": {"angle": 22.5, "axis": "x", "origin": [15.82322, 11.65754, -3.5552]},
			"faces": {
				"north": {"uv": [1.5, 7, 1.6875, 7.25], "texture": "#0"},
				"east": {"uv": [3.625, 2.5, 3.75, 2.75], "texture": "#0"},
				"south": {"uv": [7, 1.625, 7.1875, 1.875], "texture": "#0"},
				"west": {"uv": [3.375, 4.5, 3.5, 4.75], "texture": "#0"},
				"up": {"uv": [7.9375, 3.125, 7.75, 3], "texture": "#0"},
				"down": {"uv": [4.3125, 7.75, 4.125, 7.875], "texture": "#0"}
			}
		},
		{
			"from": [7.32322, -0.11149, -11.45953],
			"to": [8.68322, 3.88851, -10.50953],
			"rotation": {"angle": 0, "axis": "y", "origin": [9.07322, 0.88851, -13.20953]},
			"faces": {
				"north": {"uv": [5.75, 6.125, 5.9375, 6.625], "texture": "#0"},
				"east": {"uv": [3.375, 3.5, 3.5, 4], "texture": "#0"},
				"south": {"uv": [0, 6.25, 0.1875, 6.75], "texture": "#0"},
				"west": {"uv": [3.375, 4, 3.5, 4.5], "texture": "#0"},
				"up": {"uv": [4.5625, 7.875, 4.375, 7.75], "texture": "#0"},
				"down": {"uv": [7.9375, 4.375, 7.75, 4.5], "texture": "#0"}
			}
		},
		{
			"from": [6.82322, -3.71149, -11.45953],
			"to": [7.68322, -1.11149, -10.50953],
			"rotation": {"angle": 0, "axis": "y", "origin": [9.07322, -3.61149, -13.20953]},
			"faces": {
				"north": {"uv": [0.625, 7.375, 0.75, 7.6875], "texture": "#0"},
				"east": {"uv": [1.75, 7.375, 1.875, 7.6875], "texture": "#0"},
				"south": {"uv": [1.875, 7.375, 2, 7.6875], "texture": "#0"},
				"west": {"uv": [7.375, 2.75, 7.5, 3.0625], "texture": "#0"},
				"up": {"uv": [8.25, 7.375, 8.125, 7.25], "texture": "#0"},
				"down": {"uv": [7.5, 8.125, 7.375, 8.25], "texture": "#0"}
			}
		},
		{
			"from": [7.57322, -0.61149, -11.45953],
			"to": [8.43322, -0.11149, -10.50953],
			"rotation": {"angle": 0, "axis": "y", "origin": [9.07322, 0.88851, -13.20953]},
			"faces": {
				"north": {"uv": [5.5, 8.25, 5.625, 8.3125], "texture": "#0"},
				"east": {"uv": [8.25, 5.5, 8.375, 5.5625], "texture": "#0"},
				"south": {"uv": [5.625, 8.25, 5.75, 8.3125], "texture": "#0"},
				"west": {"uv": [8.25, 5.625, 8.375, 5.6875], "texture": "#0"},
				"up": {"uv": [1.25, 8.25, 1.125, 8.125], "texture": "#0"},
				"down": {"uv": [1.375, 8.125, 1.25, 8.25], "texture": "#0"}
			}
		},
		{
			"from": [4.38413, 1.88851, -11.4796],
			"to": [5.42413, 1.88851, -11.4796],
			"rotation": {"angle": 22.5, "axis": "y", "origin": [5.92413, -0.86149, -13.7296]},
			"faces": {
				"north": {"uv": [0, 0, 0.125, 0], "texture": "#0"},
				"east": {"uv": [0, 0, 0, 0], "texture": "#0"},
				"south": {"uv": [0, 0, 0.125, 0], "texture": "#0"},
				"west": {"uv": [0, 0, 0, 0], "texture": "#0"},
				"up": {"uv": [0.125, 0, 0, 0], "texture": "#0"},
				"down": {"uv": [0.125, 0, 0, 0], "texture": "#0"}
			}
		},
		{
			"from": [5.3427, 0.89251, -11.67155],
			"to": [6.3787, 3.88851, -10.47555],
			"rotation": {"angle": 22.5, "axis": "y", "origin": [7.3807, -0.85949, -13.92355]},
			"faces": {
				"north": {"uv": [4.75, 2, 4.875, 2.375], "texture": "#0"},
				"east": {"uv": [4.25, 6, 4.375, 6.375], "texture": "#0"},
				"south": {"uv": [4.875, 6.375, 5, 6.75], "texture": "#0"},
				"west": {"uv": [1.75, 7, 1.875, 7.375], "texture": "#0"},
				"up": {"uv": [6.875, 8.125, 6.75, 8], "texture": "#0"},
				"down": {"uv": [8.25, 0.125, 8.125, 0.25], "texture": "#0"}
			}
		},
		{
			"from": [5.3427, -3.45749, -11.67155],
			"to": [5.8787, -0.36149, -10.72555],
			"rotation": {"angle": 22.5, "axis": "y", "origin": [6.8807, -5.10949, -13.92355]},
			"faces": {
				"north": {"uv": [1.375, 8, 1.4375, 8.375], "texture": "#0"},
				"east": {"uv": [2.875, 7.125, 3, 7.5], "texture": "#0"},
				"south": {"uv": [1.75, 8, 1.8125, 8.375], "texture": "#0"},
				"west": {"uv": [1.5, 7.25, 1.625, 7.625], "texture": "#0"},
				"up": {"uv": [0.6875, 8.5, 0.625, 8.375], "texture": "#0"},
				"down": {"uv": [0.8125, 8.375, 0.75, 8.5], "texture": "#0"}
			}
		},
		{
			"from": [4.88556, -3.45749, -11.27509],
			"to": [5.42156, 0.38851, -10.32909],
			"rotation": {"angle": 22.5, "axis": "y", "origin": [5.92356, -5.10949, -13.52709]},
			"faces": {
				"north": {"uv": [2.125, 7.625, 2.1875, 8.125], "texture": "#0"},
				"east": {"uv": [1.375, 5.5, 1.5, 6], "texture": "#0"},
				"south": {"uv": [2.5, 7.625, 2.5625, 8.125], "texture": "#0"},
				"west": {"uv": [1, 5.75, 1.125, 6.25], "texture": "#0"},
				"up": {"uv": [8.4375, 0.875, 8.375, 0.75], "texture": "#0"},
				"down": {"uv": [0.9375, 8.375, 0.875, 8.5], "texture": "#0"}
			}
		},
		{
			"from": [4.39036, -2.70749, -11.06998],
			"to": [4.92636, 0.88851, -10.12398],
			"rotation": {"angle": 22.5, "axis": "y", "origin": [5.42836, -5.10949, -13.32198]},
			"faces": {
				"north": {"uv": [2.875, 7.75, 2.9375, 8.1875], "texture": "#0"},
				"east": {"uv": [2.5, 6.75, 2.625, 7.1875], "texture": "#0"},
				"south": {"uv": [3, 7.75, 3.0625, 8.1875], "texture": "#0"},
				"west": {"uv": [5.375, 6.75, 5.5, 7.1875], "texture": "#0"},
				"up": {"uv": [8.4375, 1, 8.375, 0.875], "texture": "#0"},
				"down": {"uv": [1.0625, 8.375, 1, 8.5], "texture": "#0"}
			}
		},
		{
			"from": [3.89516, -2.20749, -10.86486],
			"to": [4.43116, 1.38851, -9.91886],
			"rotation": {"angle": 22.5, "axis": "y", "origin": [4.93316, -5.10949, -13.11686]},
			"faces": {
				"north": {"uv": [3.125, 7.75, 3.1875, 8.1875], "texture": "#0"},
				"east": {"uv": [3.625, 6.875, 3.75, 7.3125], "texture": "#0"},
				"south": {"uv": [3.25, 7.75, 3.3125, 8.1875], "texture": "#0"},
				"west": {"uv": [3.75, 6.875, 3.875, 7.3125], "texture": "#0"},
				"up": {"uv": [1.1875, 8.5, 1.125, 8.375], "texture": "#0"},
				"down": {"uv": [1.4375, 8.375, 1.375, 8.5], "texture": "#0"}
			}
		},
		{
			"from": [3.39996, -1.70749, -10.65974],
			"to": [3.93596, 1.63851, -9.71374],
			"rotation": {"angle": 22.5, "axis": "y", "origin": [4.43796, -5.10949, -12.91174]},
			"faces": {
				"north": {"uv": [3.375, 7.75, 3.4375, 8.1875], "texture": "#0"},
				"east": {"uv": [3.875, 6.875, 4, 7.3125], "texture": "#0"},
				"south": {"uv": [7.75, 3.375, 7.8125, 3.8125], "texture": "#0"},
				"west": {"uv": [4, 6.875, 4.125, 7.3125], "texture": "#0"},
				"up": {"uv": [1.5625, 8.5, 1.5, 8.375], "texture": "#0"},
				"down": {"uv": [1.6875, 8.375, 1.625, 8.5], "texture": "#0"}
			}
		},
		{
			"from": [2.15476, -0.95749, -10.45462],
			"to": [3.44076, 1.38851, -9.50862],
			"rotation": {"angle": 22.5, "axis": "y", "origin": [3.94276, -5.10949, -12.70662]},
			"faces": {
				"north": {"uv": [2, 6.875, 2.1875, 7.1875], "texture": "#0"},
				"east": {"uv": [3.25, 7.375, 3.375, 7.6875], "texture": "#0"},
				"south": {"uv": [2.25, 6.875, 2.4375, 7.1875], "texture": "#0"},
				"west": {"uv": [7.375, 3.5, 7.5, 3.8125], "texture": "#0"},
				"up": {"uv": [8.1875, 1.875, 8, 1.75], "texture": "#0"},
				"down": {"uv": [8.1875, 1.875, 8, 2], "texture": "#0"}
			}
		},
		{
			"from": [2.07166, -0.45949, -10.65243],
			"to": [4.11166, 0.89051, -10.20243],
			"rotation": {"angle": 22.5, "axis": "y", "origin": [3.86166, -5.10949, -12.65243]},
			"faces": {
				"north": {"uv": [7.25, 1.875, 7.5, 2.0625], "texture": "#0"},
				"east": {"uv": [1.25, 8.25, 1.3125, 8.4375], "texture": "#0"},
				"south": {"uv": [2, 7.25, 2.25, 7.4375], "texture": "#0"},
				"west": {"uv": [8.25, 3, 8.3125, 3.1875], "texture": "#0"},
				"up": {"uv": [8.375, 7.5625, 8.125, 7.5], "texture": "#0"},
				"down": {"uv": [7.875, 8.125, 7.625, 8.1875], "texture": "#0"}
			}
		},
		{
			"from": [4.07166, -1.20949, -10.90243],
			"to": [5.36166, 0.14051, -10.45243],
			"rotation": {"angle": 22.5, "axis": "y", "origin": [4.61166, -6.35949, -12.90243]},
			"faces": {
				"north": {"uv": [7.375, 6.5, 7.5625, 6.6875], "texture": "#0"},
				"east": {"uv": [3.125, 8.25, 3.1875, 8.4375], "texture": "#0"},
				"south": {"uv": [7.375, 6.75, 7.5625, 6.9375], "texture": "#0"},
				"west": {"uv": [3.25, 8.25, 3.3125, 8.4375], "texture": "#0"},
				"up": {"uv": [8.4375, 3.3125, 8.25, 3.25], "texture": "#0"},
				"down": {"uv": [3.5625, 8.25, 3.375, 8.3125], "texture": "#0"}
			}
		},
		{
			"from": [-0.62277, -0.95749, -9.63718],
			"to": [1.41323, 1.13851, -8.69118],
			"rotation": {"angle": 45, "axis": "y", "origin": [1.91523, -5.10949, -11.88918]},
			"faces": {
				"north": {"uv": [3.25, 2.75, 3.5, 3], "texture": "#0"},
				"east": {"uv": [2.625, 7.625, 2.75, 7.875], "texture": "#0"},
				"south": {"uv": [1.5, 6.75, 1.75, 7], "texture": "#0"},
				"west": {"uv": [2.75, 7.625, 2.875, 7.875], "texture": "#0"},
				"up": {"uv": [3.25, 7.75, 3, 7.625], "texture": "#0"},
				"down": {"uv": [3.625, 7.625, 3.375, 7.75], "texture": "#0"}
			}
		},
		{
			"from": [-0.36993, -0.45949, -8.94784],
			"to": [1.17007, 3.39051, -4.99784],
			"rotation": {"angle": 45, "axis": "y", "origin": [1.67007, -4.60949, -11.69784]},
			"faces": {
				"north": {"uv": [3.375, 6.375, 3.5625, 6.875], "texture": "#0"},
				"east": {"uv": [4.375, 2.875, 4.875, 3.375], "texture": "#0"},
				"south": {"uv": [3.625, 6.375, 3.8125, 6.875], "texture": "#0"},
				"west": {"uv": [4.375, 3.375, 4.875, 3.875], "texture": "#0"},
				"up": {"uv": [4.0625, 6.875, 3.875, 6.375], "texture": "#0"},
				"down": {"uv": [4.3125, 6.375, 4.125, 6.875], "texture": "#0"}
			}
		},
		{
			"from": [-0.62477, -0.20949, -9.88918],
			"to": [1.41523, 0.64051, -8.68918],
			"rotation": {"angle": 45, "axis": "y", "origin": [1.91523, -5.10949, -11.88918]},
			"faces": {
				"north": {"uv": [6.625, 7.625, 6.875, 7.75], "texture": "#0"},
				"east": {"uv": [8.125, 7.375, 8.25, 7.5], "texture": "#0"},
				"south": {"uv": [7.625, 7, 7.875, 7.125], "texture": "#0"},
				"west": {"uv": [7.5, 8.125, 7.625, 8.25], "texture": "#0"},
				"up": {"uv": [7.375, 7.75, 7.125, 7.625], "texture": "#0"},
				"down": {"uv": [7.875, 7.125, 7.625, 7.25], "texture": "#0"}
			}
		},
		{
			"from": [2.07653, -0.95749, -9.32573],
			"to": [3.02253, 1.38851, -7.28973],
			"rotation": {"angle": -22.5, "axis": "y", "origin": [-0.17547, -5.10949, -9.82773]},
			"faces": {
				"north": {"uv": [3.625, 7.375, 3.75, 7.6875], "texture": "#0"},
				"east": {"uv": [4, 1.125, 4.25, 1.4375], "texture": "#0"},
				"south": {"uv": [3.75, 7.375, 3.875, 7.6875], "texture": "#0"},
				"west": {"uv": [3, 6.5, 3.25, 6.8125], "texture": "#0"},
				"up": {"uv": [7.75, 3.75, 7.625, 3.5], "texture": "#0"},
				"down": {"uv": [7.75, 3.875, 7.625, 4.125], "texture": "#0"}
			}
		},
		{
			"from": [2.07653, 3.04251, -8.82573],
			"to": [3.02253, 3.63851, -7.28973],
			"rotation": {"angle": -22.5, "axis": "y", "origin": [-0.17547, -1.10949, -9.82773]},
			"faces": {
				"north": {"uv": [2.25, 8.375, 2.375, 8.4375], "texture": "#0"},
				"east": {"uv": [8.25, 3.375, 8.4375, 3.4375], "texture": "#0"},
				"south": {"uv": [2.375, 8.375, 2.5, 8.4375], "texture": "#0"},
				"west": {"uv": [8.25, 3.5, 8.4375, 3.5625], "texture": "#0"},
				"up": {"uv": [8.125, 3.3125, 8, 3.125], "texture": "#0"},
				"down": {"uv": [8.125, 3.375, 8, 3.5625], "texture": "#0"}
			}
		},
		{
			"from": [2.07653, 1.38851, -8.57573],
			"to": [3.02253, 1.73451, -7.28973],
			"rotation": {"angle": -22.5, "axis": "y", "origin": [-0.17547, -3.01349, -9.82773]},
			"faces": {
				"north": {"uv": [2.5, 8.375, 2.625, 8.4375], "texture": "#0"},
				"east": {"uv": [3.625, 8.25, 3.8125, 8.3125], "texture": "#0"},
				"south": {"uv": [2.625, 8.375, 2.75, 8.4375], "texture": "#0"},
				"west": {"uv": [8.25, 3.625, 8.4375, 3.6875], "texture": "#0"},
				"up": {"uv": [8.125, 3.8125, 8, 3.625], "texture": "#0"},
				"down": {"uv": [4.25, 8, 4.125, 8.1875], "texture": "#0"}
			}
		},
		{
			"from": [2.07653, 1.73451, -7.82573],
			"to": [3.02253, 3.08051, -7.28973],
			"rotation": {"angle": -22.5, "axis": "y", "origin": [-0.17547, -2.66749, -9.82773]},
			"faces": {
				"north": {"uv": [4.25, 8, 4.375, 8.1875], "texture": "#0"},
				"east": {"uv": [8.25, 3.75, 8.3125, 3.9375], "texture": "#0"},
				"south": {"uv": [8, 4.375, 8.125, 4.5625], "texture": "#0"},
				"west": {"uv": [3.875, 8.25, 3.9375, 8.4375], "texture": "#0"},
				"up": {"uv": [2.875, 8.4375, 2.75, 8.375], "texture": "#0"},
				"down": {"uv": [3, 8.375, 2.875, 8.4375], "texture": "#0"}
			}
		},
		{
			"from": [2.57653, -0.45749, -9.32573],
			"to": [7.77253, 3.63851, -7.28973],
			"rotation": {"angle": -22.5, "axis": "y", "origin": [-0.17547, -3.35949, -9.82773]},
			"faces": {
				"north": {"uv": [3.5, 0, 4.125, 0.5], "texture": "#0"},
				"east": {"uv": [5.75, 0.5, 6, 1], "texture": "#0"},
				"south": {"uv": [3.625, 1.5, 4.25, 2], "texture": "#0"},
				"west": {"uv": [5.75, 3.5, 6, 4], "texture": "#0"},
				"up": {"uv": [1.125, 5.75, 0.5, 5.5], "texture": "#0"},
				"down": {"uv": [6.25, 1.5, 5.625, 1.75], "texture": "#0"}
			}
		},
		{
			"from": [0.93286, -0.45849, -6.62212],
			"to": [8.13086, 4.63951, -1.83412],
			"rotation": {"angle": 0, "axis": "y", "origin": [-1.31814, -5.10949, -7.12312]},
			"faces": {
				"north": {"uv": [0, 1.25, 0.8125, 1.875], "texture": "#0"},
				"east": {"uv": [2.625, 0.5, 3.25, 1.125], "texture": "#0"},
				"south": {"uv": [0.875, 1.25, 1.6875, 1.875], "texture": "#0"},
				"west": {"uv": [2.625, 1.125, 3.25, 1.75], "texture": "#0"},
				"up": {"uv": [2.5625, 0.625, 1.75, 0], "texture": "#0"},
				"down": {"uv": [2.5625, 0.625, 1.75, 1.25], "texture": "#0"}
			}
		},
		{
			"from": [0.93186, 3.54051, -8.12312],
			"to": [7.63186, 4.64051, -6.58312],
			"rotation": {"angle": 0, "axis": "y", "origin": [-1.31814, -5.10949, -7.12312]},
			"faces": {
				"north": {"uv": [6.125, 4, 6.9375, 4.125], "texture": "#0"},
				"east": {"uv": [8, 2.625, 8.1875, 2.75], "texture": "#0"},
				"south": {"uv": [6.125, 4.125, 6.9375, 4.25], "texture": "#0"},
				"west": {"uv": [8, 3, 8.1875, 3.125], "texture": "#0"},
				"up": {"uv": [6.4375, 2.5625, 5.625, 2.375], "texture": "#0"},
				"down": {"uv": [6.4375, 2.625, 5.625, 2.8125], "texture": "#0"}
			}
		},
		{
			"from": [0.93486, 2.79393, -1.87112],
			"to": [1.88086, 4.63993, 1.66488],
			"rotation": {"angle": 0, "axis": "y", "origin": [-1.31714, -5.10807, -5.37312]},
			"faces": {
				"north": {"uv": [7.625, 4.125, 7.75, 4.375], "texture": "#0"},
				"east": {"uv": [6, 3.75, 6.4375, 4], "texture": "#0"},
				"south": {"uv": [4.875, 7.625, 5, 7.875], "texture": "#0"},
				"west": {"uv": [6, 4.625, 6.4375, 4.875], "texture": "#0"},
				"up": {"uv": [4.25, 7.3125, 4.125, 6.875], "texture": "#0"},
				"down": {"uv": [4.375, 6.875, 4.25, 7.3125], "texture": "#0"}
			}
		},
		{
			"from": [0.93286, 1.54193, -1.87312],
			"to": [1.88286, 4.64193, -0.33312],
			"rotation": {"angle": 0, "axis": "y", "origin": [-1.31714, -5.10807, -5.37312]},
			"faces": {
				"north": {"uv": [7.25, 1.5, 7.375, 1.875], "texture": "#0"},
				"east": {"uv": [6.25, 6.625, 6.4375, 7], "texture": "#0"},
				"south": {"uv": [1.625, 7.25, 1.75, 7.625], "texture": "#0"},
				"west": {"uv": [0, 6.75, 0.1875, 7.125], "texture": "#0"},
				"up": {"uv": [2, 8.1875, 1.875, 8], "texture": "#0"},
				"down": {"uv": [8.125, 2.375, 8, 2.5625], "texture": "#0"}
			}
		},
		{
			"from": [0.93386, -3.5995, -5.14962],
			"to": [8.13186, 1.4385, -3.55162],
			"rotation": {"angle": 45, "axis": "x", "origin": [-1.31714, -4.1005, 1.09938]},
			"faces": {
				"north": {"uv": [0, 0, 0.875, 0.625], "texture": "#0"},
				"east": {"uv": [5.5, 5.875, 5.6875, 6.5], "texture": "#0"},
				"south": {"uv": [0, 0.625, 0.875, 1.25], "texture": "#0"},
				"west": {"uv": [2, 6, 2.1875, 6.625], "texture": "#0"},
				"up": {"uv": [6, 4.8125, 5.125, 4.625], "texture": "#0"},
				"down": {"uv": [6.125, 1, 5.25, 1.1875], "texture": "#0"}
			}
		},
		{
			"from": [0.93286, 2.02748, 2.30489],
			"to": [8.13286, 4.12748, 6.09489],
			"rotation": {"angle": -22.5, "axis": "x", "origin": [-1.31714, -2.62252, 1.80489]},
			"faces": {
				"north": {"uv": [4.75, 1.5, 5.625, 1.75], "texture": "#0"},
				"east": {"uv": [4.75, 5.625, 5.25, 5.875], "texture": "#0"},
				"south": {"uv": [4.75, 1.75, 5.625, 2], "texture": "#0"},
				"west": {"uv": [5.25, 5.625, 5.75, 5.875], "texture": "#0"},
				"up": {"uv": [0.875, 3, 0, 2.5], "texture": "#0"},
				"down": {"uv": [1.75, 2.5, 0.875, 3], "texture": "#0"}
			}
		},
		{
			"from": [1.93286, 3.27748, 0.80489],
			"to": [8.13286, 5.37748, 4.59489],
			"rotation": {"angle": 0, "axis": "x", "origin": [-1.31714, -2.62252, 5.30489]},
			"faces": {
				"north": {"uv": [4.5, 4.875, 5.25, 5.125], "texture": "#0"},
				"east": {"uv": [0, 5.75, 0.5, 6], "texture": "#0"},
				"south": {"uv": [5, 0.5, 5.75, 0.75], "texture": "#0"},
				"west": {"uv": [0.5, 5.75, 1, 6], "texture": "#0"},
				"up": {"uv": [2.75, 3.5, 2, 3], "texture": "#0"},
				"down": {"uv": [3.5, 3, 2.75, 3.5], "texture": "#0"}
			}
		},
		{
			"from": [4.43286, 5.37748, 0.80489],
			"to": [8.13286, 6.47748, 4.59489],
			"rotation": {"angle": 0, "axis": "x", "origin": [-1.31714, -0.52252, 5.30489]},
			"faces": {
				"north": {"uv": [6.875, 3.5, 7.3125, 3.625], "texture": "#0"},
				"east": {"uv": [6.625, 3.375, 7.125, 3.5], "texture": "#0"},
				"south": {"uv": [6.875, 3.625, 7.3125, 3.75], "texture": "#0"},
				"west": {"uv": [6.75, 1.5, 7.25, 1.625], "texture": "#0"},
				"up": {"uv": [1.9375, 5.375, 1.5, 4.875], "texture": "#0"},
				"down": {"uv": [5.3125, 2, 4.875, 2.5], "texture": "#0"}
			}
		},
		{
			"from": [2.93386, 5.37848, 0.80589],
			"to": [4.63186, 6.22648, 4.59389],
			"rotation": {"angle": 0, "axis": "x", "origin": [-4.31714, -0.52252, 5.30489]},
			"faces": {
				"north": {"uv": [8, 2, 8.1875, 2.125], "texture": "#0"},
				"east": {"uv": [6.75, 1.875, 7.25, 2], "texture": "#0"},
				"south": {"uv": [2.625, 8, 2.8125, 8.125], "texture": "#0"},
				"west": {"uv": [2, 6.75, 2.5, 6.875], "texture": "#0"},
				"up": {"uv": [1.9375, 6.75, 1.75, 6.25], "texture": "#0"},
				"down": {"uv": [6.4375, 6.125, 6.25, 6.625], "texture": "#0"}
			}
		},
		{
			"from": [2.43286, 5.37748, 0.80489],
			"to": [3.13286, 5.72748, 4.59489],
			"rotation": {"angle": 0, "axis": "x", "origin": [-5.81714, -0.52252, 5.30489]},
			"faces": {
				"north": {"uv": [8.375, 5.375, 8.4375, 5.4375], "texture": "#0"},
				"east": {"uv": [5.5, 7.625, 6, 7.6875], "texture": "#0"},
				"south": {"uv": [5.5, 8.375, 5.5625, 8.4375], "texture": "#0"},
				"west": {"uv": [6, 7.625, 6.5, 7.6875], "texture": "#0"},
				"up": {"uv": [6.5625, 8.125, 6.5, 7.625], "texture": "#0"},
				"down": {"uv": [7.6875, 6.5, 7.625, 7], "texture": "#0"}
			}
		},
		{
			"from": [4.63556, 1.64251, -11.27509],
			"to": [5.42156, 3.88851, -10.07909],
			"rotation": {"angle": 22.5, "axis": "y", "origin": [6.42356, -0.85949, -13.52709]},
			"faces": {
				"north": {"uv": [3, 7.25, 3.125, 7.5625], "texture": "#0"},
				"east": {"uv": [3.125, 7.25, 3.25, 7.5625], "texture": "#0"},
				"south": {"uv": [3.375, 7.25, 3.5, 7.5625], "texture": "#0"},
				"west": {"uv": [3.5, 7.25, 3.625, 7.5625], "texture": "#0"},
				"up": {"uv": [4.375, 2.5, 4.25, 2.375], "texture": "#0"},
				"down": {"uv": [3.75, 6.25, 3.625, 6.375], "texture": "#0"}
			}
		},
		{
			"from": [3.63556, 2.64251, -11.27509],
			"to": [4.67156, 3.88851, -10.07909],
			"rotation": {"angle": 22.5, "axis": "y", "origin": [6.42356, -0.85949, -13.52709]},
			"faces": {
				"north": {"uv": [6.375, 7.75, 6.5, 7.9375], "texture": "#0"},
				"east": {"uv": [7.75, 6.5, 7.875, 6.6875], "texture": "#0"},
				"south": {"uv": [6.625, 7.75, 6.75, 7.9375], "texture": "#0"},
				"west": {"uv": [6.75, 7.75, 6.875, 7.9375], "texture": "#0"},
				"up": {"uv": [8.25, 0.75, 8.125, 0.625], "texture": "#0"},
				"down": {"uv": [1, 8.125, 0.875, 8.25], "texture": "#0"}
			}
		},
		{
			"from": [1.38556, 3.14251, -11.27509],
			"to": [3.67156, 3.88851, -10.07909],
			"rotation": {"angle": 22.5, "axis": "y", "origin": [6.42356, -0.85949, -13.52709]},
			"faces": {
				"north": {"uv": [7.25, 4.125, 7.5625, 4.25], "texture": "#0"},
				"east": {"uv": [1, 8.125, 1.125, 8.25], "texture": "#0"},
				"south": {"uv": [7.25, 4.25, 7.5625, 4.375], "texture": "#0"},
				"west": {"uv": [8.125, 1, 8.25, 1.125], "texture": "#0"},
				"up": {"uv": [4.6875, 7.375, 4.375, 7.25], "texture": "#0"},
				"down": {"uv": [5.0625, 7.25, 4.75, 7.375], "texture": "#0"}
			}
		},
		{
			"from": [1.88151, -0.45749, -10.82837],
			"to": [5.91751, 3.28851, -6.38237],
			"rotation": {"angle": 22.5, "axis": "y", "origin": [6.16951, -4.45949, -13.58037]},
			"faces": {
				"north": {"uv": [1.5, 4.375, 2, 4.875], "texture": "#0"},
				"east": {"uv": [3.75, 3, 4.3125, 3.5], "texture": "#0"},
				"south": {"uv": [4.375, 2.375, 4.875, 2.875], "texture": "#0"},
				"west": {"uv": [3.75, 3.5, 4.3125, 4], "texture": "#0"},
				"up": {"uv": [2, 4.3125, 1.5, 3.75], "texture": "#0"},
				"down": {"uv": [4.5, 0.5, 4, 1.0625], "texture": "#0"}
			}
		},
		{
			"from": [-3.2074, 3.39251, -10.30461],
			"to": [1.5786, 3.88851, -9.10861],
			"rotation": {"angle": 22.5, "axis": "y", "origin": [4.0806, -0.85949, -12.55661]},
			"faces": {
				"north": {"uv": [7.25, 5.125, 7.875, 5.1875], "texture": "#0"},
				"east": {"uv": [5.375, 8.25, 5.5, 8.3125], "texture": "#0"},
				"south": {"uv": [7.25, 5.25, 7.875, 5.3125], "texture": "#0"},
				"west": {"uv": [8.25, 5.375, 8.375, 5.4375], "texture": "#0"},
				"up": {"uv": [7, 0.125, 6.375, 0], "texture": "#0"},
				"down": {"uv": [7, 0.125, 6.375, 0.25], "texture": "#0"}
			}
		},
		{
			"from": [7.32522, 2.81994, -8.82343],
			"to": [8.68322, 3.81794, -7.07543],
			"rotation": {"angle": -45, "axis": "x", "origin": [8.82422, 2.51894, -12.07443]},
			"faces": {
				"north": {"uv": [7.75, 2, 7.9375, 2.125], "texture": "#0"},
				"east": {"uv": [4.5, 1, 4.75, 1.125], "texture": "#0"},
				"south": {"uv": [7.75, 2.375, 7.9375, 2.5], "texture": "#0"},
				"west": {"uv": [7.375, 7, 7.625, 7.125], "texture": "#0"},
				"up": {"uv": [1.4375, 7.25, 1.25, 7], "texture": "#0"},
				"down": {"uv": [7.1875, 1.25, 7, 1.5], "texture": "#0"}
			}
		},
		{
			"from": [7.32322, 3.79314, -7.41349],
			"to": [8.68322, 4.79314, -3.91349],
			"rotation": {"angle": -22.5, "axis": "x", "origin": [8.82322, 0.74314, -13.91349]},
			"faces": {
				"north": {"uv": [7.75, 4.5, 7.9375, 4.625], "texture": "#0"},
				"east": {"uv": [6.875, 0.75, 7.3125, 0.875], "texture": "#0"},
				"south": {"uv": [4.625, 7.75, 4.8125, 7.875], "texture": "#0"},
				"west": {"uv": [6.875, 0.875, 7.3125, 1], "texture": "#0"},
				"up": {"uv": [6.6875, 2.8125, 6.5, 2.375], "texture": "#0"},
				"down": {"uv": [6.6875, 2.875, 6.5, 3.3125], "texture": "#0"}
			}
		},
		{
			"from": [6.07322, 3.79314, -6.91349],
			"to": [7.43322, 4.79314, -4.91349],
			"rotation": {"angle": -22.5, "axis": "x", "origin": [7.57322, 0.74314, -13.41349]},
			"faces": {
				"north": {"uv": [7.75, 6.125, 7.9375, 6.25], "texture": "#0"},
				"east": {"uv": [2, 7.5, 2.25, 7.625], "texture": "#0"},
				"south": {"uv": [7.75, 6.25, 7.9375, 6.375], "texture": "#0"},
				"west": {"uv": [7.5, 2, 7.75, 2.125], "texture": "#0"},
				"up": {"uv": [5.3125, 7.25, 5.125, 7], "texture": "#0"},
				"down": {"uv": [7.1875, 5.125, 7, 5.375], "texture": "#0"}
			}
		},
		{
			"from": [4.71322, 3.481, -7.01683],
			"to": [6.07322, 4.481, -5.76683],
			"rotation": {"angle": -22.5, "axis": "x", "origin": [6.21322, 0.431, -13.51683]},
			"faces": {
				"north": {"uv": [7.5, 7.75, 7.6875, 7.875], "texture": "#0"},
				"east": {"uv": [7.75, 7.75, 7.9375, 7.875], "texture": "#0"},
				"south": {"uv": [0.125, 7.875, 0.3125, 8], "texture": "#0"},
				"west": {"uv": [7.875, 0.25, 8.0625, 0.375], "texture": "#0"},
				"up": {"uv": [7.5625, 4.0625, 7.375, 3.875], "texture": "#0"},
				"down": {"uv": [5.0625, 7.375, 4.875, 7.5625], "texture": "#0"}
			}
		},
		{
			"from": [3.10522, 3.01906, -6.70817],
			"to": [4.71522, 4.01906, -5.95817],
			"rotation": {"angle": -22.5, "axis": "x", "origin": [4.10522, -0.03094, -13.20817]},
			"faces": {
				"north": {"uv": [0.375, 7.875, 0.5625, 8], "texture": "#0"},
				"east": {"uv": [8.125, 1.375, 8.25, 1.5], "texture": "#0"},
				"south": {"uv": [0.625, 7.875, 0.8125, 8], "texture": "#0"},
				"west": {"uv": [1.5, 8.125, 1.625, 8.25], "texture": "#0"},
				"up": {"uv": [1.0625, 8, 0.875, 7.875], "texture": "#0"},
				"down": {"uv": [8.0625, 1, 7.875, 1.125], "texture": "#0"}
			}
		},
		{
			"from": [6.07522, 2.81994, -8.32343],
			"to": [7.43322, 3.81794, -6.57543],
			"rotation": {"angle": -45, "axis": "x", "origin": [7.57422, 2.51894, -11.57443]},
			"faces": {
				"north": {"uv": [7.75, 6, 7.9375, 6.125], "texture": "#0"},
				"east": {"uv": [7.5, 1.375, 7.75, 1.5], "texture": "#0"},
				"south": {"uv": [6.125, 7.75, 6.3125, 7.875], "texture": "#0"},
				"west": {"uv": [7.5, 1.875, 7.75, 2], "texture": "#0"},
				"up": {"uv": [4.8125, 7.25, 4.625, 7], "texture": "#0"},
				"down": {"uv": [5.0625, 7, 4.875, 7.25], "texture": "#0"}
			}
		},
		{
			"from": [6.07322, 1.45504, -7.38477],
			"to": [7.43322, 3.45504, -6.43477],
			"rotation": {"angle": 22.5, "axis": "x", "origin": [14.57322, 11.65754, -3.0552]},
			"faces": {
				"north": {"uv": [7, 4.125, 7.1875, 4.375], "texture": "#0"},
				"east": {"uv": [5.75, 4.25, 5.875, 4.5], "texture": "#0"},
				"south": {"uv": [4.375, 7, 4.5625, 7.25], "texture": "#0"},
				"west": {"uv": [1.375, 6, 1.5, 6.25], "texture": "#0"},
				"up": {"uv": [6.0625, 7.875, 5.875, 7.75], "texture": "#0"},
				"down": {"uv": [7.9375, 5.875, 7.75, 6], "texture": "#0"}
			}
		},
		{
			"from": [4.71322, 1.45504, -6.63477],
			"to": [6.07322, 4.45504, -5.68477],
			"rotation": {"angle": 22.5, "axis": "x", "origin": [13.21322, 11.65754, -2.3052]},
			"faces": {
				"north": {"uv": [6, 6.5, 6.1875, 6.875], "texture": "#0"},
				"east": {"uv": [1.875, 7, 2, 7.375], "texture": "#0"},
				"south": {"uv": [6.5, 6.375, 6.6875, 6.75], "texture": "#0"},
				"west": {"uv": [3.25, 7, 3.375, 7.375], "texture": "#0"},
				"up": {"uv": [7.9375, 6.875, 7.75, 6.75], "texture": "#0"},
				"down": {"uv": [7.9375, 6.875, 7.75, 7], "texture": "#0"}
			}
		},
		{
			"from": [3.10522, 1.45504, -6.13477],
			"to": [4.71522, 3.95504, -5.18477],
			"rotation": {"angle": 22.5, "axis": "x", "origin": [11.85522, 11.65754, -1.8052]},
			"faces": {
				"north": {"uv": [6.75, 5.125, 6.9375, 5.4375], "texture": "#0"},
				"east": {"uv": [5.125, 7.25, 5.25, 7.5625], "texture": "#0"},
				"south": {"uv": [6.75, 6.375, 6.9375, 6.6875], "texture": "#0"},
				"west": {"uv": [5.25, 7.25, 5.375, 7.5625], "texture": "#0"},
				"up": {"uv": [7.1875, 7.875, 7, 7.75], "texture": "#0"},
				"down": {"uv": [7.4375, 7.75, 7.25, 7.875], "texture": "#0"}
			}
		},
		{
			"from": [1.99522, 1.45504, -5.88477],
			"to": [3.10522, 3.45504, -4.93477],
			"rotation": {"angle": 22.5, "axis": "x", "origin": [10.24522, 11.15754, -1.5552]},
			"faces": {
				"north": {"uv": [7.5, 2.125, 7.625, 2.375], "texture": "#0"},
				"east": {"uv": [2.25, 7.5, 2.375, 7.75], "texture": "#0"},
				"south": {"uv": [2.375, 7.5, 2.5, 7.75], "texture": "#0"},
				"west": {"uv": [7.5, 2.75, 7.625, 3], "texture": "#0"},
				"up": {"uv": [2.25, 8.25, 2.125, 8.125], "texture": "#0"},
				"down": {"uv": [8.25, 2.125, 8.125, 2.25], "texture": "#0"}
			}
		},
		{
			"from": [1.99522, 2.76906, -6.45817],
			"to": [3.10522, 3.51906, -5.95817],
			"rotation": {"angle": -22.5, "axis": "x", "origin": [2.74522, -0.53094, -12.95817]},
			"faces": {
				"north": {"uv": [1.625, 8.125, 1.75, 8.25], "texture": "#0"},
				"east": {"uv": [5.75, 8.25, 5.8125, 8.375], "texture": "#0"},
				"south": {"uv": [2, 8.125, 2.125, 8.25], "texture": "#0"},
				"west": {"uv": [8.25, 5.75, 8.3125, 5.875], "texture": "#0"},
				"up": {"uv": [6, 8.3125, 5.875, 8.25], "texture": "#0"},
				"down": {"uv": [8.375, 5.875, 8.25, 5.9375], "texture": "#0"}
			}
		},
		{
			"from": [1.13522, 1.45504, -5.63477],
			"to": [1.99522, 2.95504, -4.68477],
			"rotation": {"angle": 22.5, "axis": "x", "origin": [9.13522, 10.90754, -1.3052]},
			"faces": {
				"north": {"uv": [7.875, 1.125, 8, 1.3125], "texture": "#0"},
				"east": {"uv": [1.5, 7.875, 1.625, 8.0625], "texture": "#0"},
				"south": {"uv": [1.625, 7.875, 1.75, 8.0625], "texture": "#0"},
				"west": {"uv": [2, 7.875, 2.125, 8.0625], "texture": "#0"},
				"up": {"uv": [2.625, 8.25, 2.5, 8.125], "texture": "#0"},
				"down": {"uv": [8.25, 2.5, 8.125, 2.625], "texture": "#0"}
			}
		},
		{
			"from": [1.13522, 2.53809, -6.30384],
			"to": [1.99522, 3.03809, -5.55384],
			"rotation": {"angle": -22.5, "axis": "x", "origin": [1.63522, -1.01191, -12.80384]},
			"faces": {
				"north": {"uv": [6, 8.25, 6.125, 8.3125], "texture": "#0"},
				"east": {"uv": [8.25, 6, 8.375, 6.0625], "texture": "#0"},
				"south": {"uv": [6.125, 8.25, 6.25, 8.3125], "texture": "#0"},
				"west": {"uv": [8.25, 6.125, 8.375, 6.1875], "texture": "#0"},
				"up": {"uv": [8.25, 2.375, 8.125, 2.25], "texture": "#0"},
				"down": {"uv": [8.25, 2.375, 8.125, 2.5], "texture": "#0"}
			}
		},
		{
			"from": [0.52522, 2.07615, -6.24518],
			"to": [1.38522, 2.57615, -5.49518],
			"rotation": {"angle": -22.5, "axis": "x", "origin": [1.02522, -1.47385, -12.74518]},
			"faces": {
				"north": {"uv": [8.25, 6.5, 8.375, 6.5625], "texture": "#0"},
				"east": {"uv": [8.25, 6.625, 8.375, 6.6875], "texture": "#0"},
				"south": {"uv": [6.75, 8.25, 6.875, 8.3125], "texture": "#0"},
				"west": {"uv": [6.875, 8.25, 7, 8.3125], "texture": "#0"},
				"up": {"uv": [8.25, 3.75, 8.125, 3.625], "texture": "#0"},
				"down": {"uv": [8.25, 3.75, 8.125, 3.875], "texture": "#0"}
			}
		},
		{
			"from": [-0.22478, 1.45504, -5.13477],
			"to": [0.63522, 2.45504, -4.18477],
			"rotation": {"angle": 22.5, "axis": "x", "origin": [8.27522, 10.90754, -0.8052]},
			"faces": {
				"north": {"uv": [2.625, 8.125, 2.75, 8.25], "texture": "#0"},
				"east": {"uv": [2.75, 8.125, 2.875, 8.25], "texture": "#0"},
				"south": {"uv": [8.125, 2.75, 8.25, 2.875], "texture": "#0"},
				"west": {"uv": [8.125, 2.875, 8.25, 3], "texture": "#0"},
				"up": {"uv": [8.25, 3.25, 8.125, 3.125], "texture": "#0"},
				"down": {"uv": [8.25, 3.25, 8.125, 3.375], "texture": "#0"}
			}
		},
		{
			"from": [0.52522, 1.45504, -5.38477],
			"to": [1.13522, 2.45504, -4.43477],
			"rotation": {"angle": 22.5, "axis": "x", "origin": [9.02522, 10.90754, -1.0552]},
			"faces": {
				"north": {"uv": [6.25, 8.25, 6.3125, 8.375], "texture": "#0"},
				"east": {"uv": [8.125, 3.375, 8.25, 3.5], "texture": "#0"},
				"south": {"uv": [8.25, 6.25, 8.3125, 6.375], "texture": "#0"},
				"west": {"uv": [8.125, 3.5, 8.25, 3.625], "texture": "#0"},
				"up": {"uv": [8.3125, 6.5, 8.25, 6.375], "texture": "#0"},
				"down": {"uv": [6.5625, 8.25, 6.5, 8.375], "texture": "#0"}
			}
		},
		{
			"from": [15.36478, 1.45504, -5.13477],
			"to": [16.22478, 2.45504, -4.18477],
			"rotation": {"angle": 22.5, "axis": "x", "origin": [7.72478, 10.90754, -0.8052]},
			"faces": {
				"north": {"uv": [8.125, 5.875, 8.25, 6], "texture": "#0"},
				"east": {"uv": [8.125, 6, 8.25, 6.125], "texture": "#0"},
				"south": {"uv": [8.125, 6.125, 8.25, 6.25], "texture": "#0"},
				"west": {"uv": [8.125, 6.25, 8.25, 6.375], "texture": "#0"},
				"up": {"uv": [6.625, 8.25, 6.5, 8.125], "texture": "#0"},
				"down": {"uv": [8.25, 6.5, 8.125, 6.625], "texture": "#0"}
			}
		},
		{
			"from": [14.86478, 1.45504, -5.38477],
			"to": [15.47478, 2.45504, -4.43477],
			"rotation": {"angle": 22.5, "axis": "x", "origin": [6.97478, 10.90754, -1.0552]},
			"faces": {
				"north": {"uv": [0, 8.375, 0.0625, 8.5], "texture": "#0"},
				"east": {"uv": [8.125, 5.625, 8.25, 5.75], "texture": "#0"},
				"south": {"uv": [0.125, 8.375, 0.1875, 8.5], "texture": "#0"},
				"west": {"uv": [8.125, 5.75, 8.25, 5.875], "texture": "#0"},
				"up": {"uv": [8.4375, 0.25, 8.375, 0.125], "texture": "#0"},
				"down": {"uv": [0.3125, 8.375, 0.25, 8.5], "texture": "#0"}
			}
		},
		{
			"from": [14.61478, 2.07615, -6.24518],
			"to": [15.47478, 2.57615, -5.49518],
			"rotation": {"angle": -22.5, "axis": "x", "origin": [14.97478, -1.47385, -12.74518]},
			"faces": {
				"north": {"uv": [8, 8.25, 8.125, 8.3125], "texture": "#0"},
				"east": {"uv": [8.125, 8.25, 8.25, 8.3125], "texture": "#0"},
				"south": {"uv": [8.25, 8.125, 8.375, 8.1875], "texture": "#0"},
				"west": {"uv": [8.25, 8.25, 8.375, 8.3125], "texture": "#0"},
				"up": {"uv": [5.625, 8.25, 5.5, 8.125], "texture": "#0"},
				"down": {"uv": [8.25, 5.5, 8.125, 5.625], "texture": "#0"}
			}
		},
		{
			"from": [14.00478, 1.45504, -5.63477],
			"to": [14.86478, 2.95504, -4.68477],
			"rotation": {"angle": 22.5, "axis": "x", "origin": [6.86478, 10.90754, -1.3052]},
			"faces": {
				"north": {"uv": [7.75, 7.875, 7.875, 8.0625], "texture": "#0"},
				"east": {"uv": [7.875, 7.875, 8, 8.0625], "texture": "#0"},
				"south": {"uv": [8, 0, 8.125, 0.1875], "texture": "#0"},
				"west": {"uv": [0.125, 8, 0.25, 8.1875], "texture": "#0"},
				"up": {"uv": [8.25, 5.375, 8.125, 5.25], "texture": "#0"},
				"down": {"uv": [5.5, 8.125, 5.375, 8.25], "texture": "#0"}
			}
		},
		{
			"from": [14.00478, 2.53809, -6.30384],
			"to": [14.86478, 3.03809, -5.55384],
			"rotation": {"angle": -22.5, "axis": "x", "origin": [14.36478, -1.01191, -12.80384]},
			"faces": {
				"north": {"uv": [7.5, 8.25, 7.625, 8.3125], "texture": "#0"},
				"east": {"uv": [7.625, 8.25, 7.75, 8.3125], "texture": "#0"},
				"south": {"uv": [7.75, 8.25, 7.875, 8.3125], "texture": "#0"},
				"west": {"uv": [7.875, 8.25, 8, 8.3125], "texture": "#0"},
				"up": {"uv": [8.25, 5.25, 8.125, 5.125], "texture": "#0"},
				"down": {"uv": [5.375, 8.125, 5.25, 8.25], "texture": "#0"}
			}
		},
		{
			"from": [12.89478, 1.45504, -5.88477],
			"to": [14.00478, 3.45504, -4.93477],
			"rotation": {"angle": 22.5, "axis": "x", "origin": [5.75478, 11.15754, -1.5552]},
			"faces": {
				"north": {"uv": [7, 7.5, 7.125, 7.75], "texture": "#0"},
				"east": {"uv": [1.5, 7.625, 1.625, 7.875], "texture": "#0"},
				"south": {"uv": [1.625, 7.625, 1.75, 7.875], "texture": "#0"},
				"west": {"uv": [2, 7.625, 2.125, 7.875], "texture": "#0"},
				"up": {"uv": [8.25, 5.125, 8.125, 5], "texture": "#0"},
				"down": {"uv": [5.25, 8.125, 5.125, 8.25], "texture": "#0"}
			}
		},
		{
			"from": [12.89478, 2.76906, -6.45817],
			"to": [14.00478, 3.51906, -5.95817],
			"rotation": {"angle": -22.5, "axis": "x", "origin": [13.25478, -0.53094, -12.95817]},
			"faces": {
				"north": {"uv": [8.125, 4.875, 8.25, 5], "texture": "#0"},
				"east": {"uv": [7.25, 8.25, 7.3125, 8.375], "texture": "#0"},
				"south": {"uv": [5, 8.125, 5.125, 8.25], "texture": "#0"},
				"west": {"uv": [8.25, 7.25, 8.3125, 7.375], "texture": "#0"},
				"up": {"uv": [7.5, 8.3125, 7.375, 8.25], "texture": "#0"},
				"down": {"uv": [8.375, 7.375, 8.25, 7.4375], "texture": "#0"}
			}
		},
		{
			"from": [11.28478, 1.45504, -6.13477],
			"to": [12.89478, 3.95504, -5.18477],
			"rotation": {"angle": 22.5, "axis": "x", "origin": [4.14478, 11.65754, -1.8052]},
			"faces": {
				"north": {"uv": [6.5, 6.75, 6.6875, 7.0625], "texture": "#0"},
				"east": {"uv": [6.375, 7.25, 6.5, 7.5625], "texture": "#0"},
				"south": {"uv": [6.75, 6.75, 6.9375, 7.0625], "texture": "#0"},
				"west": {"uv": [0.5, 7.375, 0.625, 7.6875], "texture": "#0"},
				"up": {"uv": [8.0625, 7.625, 7.875, 7.5], "texture": "#0"},
				"down": {"uv": [8.0625, 7.625, 7.875, 7.75], "texture": "#0"}
			}
		},
		{
			"from": [11.28478, 3.01906, -6.70817],
			"to": [12.89478, 4.01906, -5.95817],
			"rotation": {"angle": -22.5, "axis": "x", "origin": [11.89478, -0.03094, -13.20817]},
			"faces": {
				"north": {"uv": [7.875, 7.125, 8.0625, 7.25], "texture": "#0"},
				"east": {"uv": [4.75, 8.125, 4.875, 8.25], "texture": "#0"},
				"south": {"uv": [7.25, 7.875, 7.4375, 8], "texture": "#0"},
				"west": {"uv": [4.875, 8.125, 5, 8.25], "texture": "#0"},
				"up": {"uv": [8.0625, 7.5, 7.875, 7.375], "texture": "#0"},
				"down": {"uv": [7.6875, 7.875, 7.5, 8], "texture": "#0"}
			}
		},
		{
			"from": [14.4214, 3.39251, -10.30461],
			"to": [19.2074, 3.88851, -9.10861],
			"rotation": {"angle": -22.5, "axis": "y", "origin": [11.9194, -0.85949, -12.55661]},
			"faces": {
				"north": {"uv": [7.375, 1.5, 8, 1.5625], "texture": "#0"},
				"east": {"uv": [7, 8.25, 7.125, 8.3125], "texture": "#0"},
				"south": {"uv": [7.375, 1.625, 8, 1.6875], "texture": "#0"},
				"west": {"uv": [7.125, 8.25, 7.25, 8.3125], "texture": "#0"},
				"up": {"uv": [7.125, 4, 6.5, 3.875], "texture": "#0"},
				"down": {"uv": [7.125, 4.625, 6.5, 4.75], "texture": "#0"}
			}
		},
		{
			"from": [7.07322, 7.31169, -6.22456],
			"to": [8.93322, 8.31169, 0.02544],
			"rotation": {"angle": 0, "axis": "x", "origin": [8.82322, 4.26169, -12.72456]},
			"faces": {
				"north": {"uv": [1.25, 7.5, 1.5, 7.625], "texture": "#0"},
				"east": {"uv": [6.125, 1.25, 6.9375, 1.375], "texture": "#0"},
				"south": {"uv": [7.5, 1.25, 7.75, 1.375], "texture": "#0"},
				"west": {"uv": [6.125, 1.375, 6.9375, 1.5], "texture": "#0"},
				"up": {"uv": [3.625, 5.5625, 3.375, 4.75], "texture": "#0"},
				"down": {"uv": [5.125, 4, 4.875, 4.8125], "texture": "#0"}
			}
		},
		{
			"from": [7.07322, 10.10742, -1.02965],
			"to": [8.93322, 11.10742, 3.72035],
			"rotation": {"angle": 22.5, "axis": "x", "origin": [8.82322, 7.05742, -7.52965]},
			"faces": {
				"north": {"uv": [1, 7.625, 1.25, 7.75], "texture": "#0"},
				"east": {"uv": [6.5, 0.375, 7.125, 0.5], "texture": "#0"},
				"south": {"uv": [1.25, 7.625, 1.5, 7.75], "texture": "#0"},
				"west": {"uv": [6.5, 3.75, 7.125, 3.875], "texture": "#0"},
				"up": {"uv": [5.625, 2.75, 5.375, 2.125], "texture": "#0"},
				"down": {"uv": [5.625, 2.75, 5.375, 3.375], "texture": "#0"}
			}
		},
		{
			"from": [5.07422, 10.10842, 1.97135],
			"to": [7.18222, 11.10642, 3.71935],
			"rotation": {"angle": 22.5, "axis": "x", "origin": [8.82322, 7.05742, -7.52965]},
			"faces": {
				"north": {"uv": [7.625, 4.875, 7.875, 5], "texture": "#0"},
				"east": {"uv": [5, 7.625, 5.25, 7.75], "texture": "#0"},
				"south": {"uv": [7.625, 5, 7.875, 5.125], "texture": "#0"},
				"west": {"uv": [5.25, 7.625, 5.5, 7.75], "texture": "#0"},
				"up": {"uv": [7, 1.875, 6.75, 1.625], "texture": "#0"},
				"down": {"uv": [2, 6.75, 1.75, 7], "texture": "#0"}
			}
		},
		{
			"from": [6.57422, 10.10842, 1.47135],
			"to": [7.18222, 11.10642, 1.96935],
			"rotation": {"angle": 22.5, "axis": "x", "origin": [8.82322, 7.05742, -7.52965]},
			"faces": {
				"north": {"uv": [1.75, 8.375, 1.8125, 8.5], "texture": "#0"},
				"east": {"uv": [1.875, 8.375, 1.9375, 8.5], "texture": "#0"},
				"south": {"uv": [2, 8.375, 2.0625, 8.5], "texture": "#0"},
				"west": {"uv": [2.125, 8.375, 2.1875, 8.5], "texture": "#0"},
				"up": {"uv": [8.4375, 5.3125, 8.375, 5.25], "texture": "#0"},
				"down": {"uv": [5.4375, 8.375, 5.375, 8.4375], "texture": "#0"}
			}
		},
		{
			"from": [10.57587, 1.88851, -11.4796],
			"to": [11.61587, 1.88851, -11.4796],
			"rotation": {"angle": -22.5, "axis": "y", "origin": [10.07587, -0.86149, -13.7296]},
			"faces": {
				"north": {"uv": [0, 0, 0.125, 0], "texture": "#0"},
				"east": {"uv": [0, 0, 0, 0], "texture": "#0"},
				"south": {"uv": [0, 0, 0.125, 0], "texture": "#0"},
				"west": {"uv": [0, 0, 0, 0], "texture": "#0"},
				"up": {"uv": [0.125, 0, 0, 0], "texture": "#0"},
				"down": {"uv": [0.125, 0, 0, 0], "texture": "#0"}
			}
		},
		{
			"from": [10.08049, -0.45949, -10.83037],
			"to": [14.12049, 3.29051, -6.38037],
			"rotation": {"angle": -22.5, "axis": "y", "origin": [9.83049, -4.45949, -13.58037]},
			"faces": {
				"north": {"uv": [4.75, 0, 5.25, 0.5], "texture": "#0"},
				"east": {"uv": [3.75, 4, 4.3125, 4.5], "texture": "#0"},
				"south": {"uv": [4.75, 1, 5.25, 1.5], "texture": "#0"},
				"west": {"uv": [4.125, 0, 4.6875, 0.5], "texture": "#0"},
				"up": {"uv": [4.75, 1.6875, 4.25, 1.125], "texture": "#0"},
				"down": {"uv": [4.75, 1.75, 4.25, 2.3125], "texture": "#0"}
			}
		},
		{
			"from": [10.1213, -3.45749, -11.67155],
			"to": [10.6573, -0.36149, -10.72555],
			"rotation": {"angle": -22.5, "axis": "y", "origin": [9.1193, -5.10949, -13.92355]},
			"faces": {
				"north": {"uv": [6.375, 8, 6.4375, 8.375], "texture": "#0"},
				"east": {"uv": [2.75, 7.25, 2.875, 7.625], "texture": "#0"},
				"south": {"uv": [6.625, 8, 6.6875, 8.375], "texture": "#0"},
				"west": {"uv": [7.25, 2.875, 7.375, 3.25], "texture": "#0"},
				"up": {"uv": [4.9375, 8.5, 4.875, 8.375], "texture": "#0"},
				"down": {"uv": [8.4375, 4.875, 8.375, 5], "texture": "#0"}
			}
		},
		{
			"from": [8.31678, -3.71149, -11.45953],
			"to": [9.17678, -1.11149, -10.50953],
			"rotation": {"angle": 0, "axis": "y", "origin": [6.92678, -3.61149, -13.20953]},
			"faces": {
				"north": {"uv": [4.375, 7.375, 4.5, 7.6875], "texture": "#0"},
				"east": {"uv": [4.5, 7.375, 4.625, 7.6875], "texture": "#0"},
				"south": {"uv": [4.625, 7.375, 4.75, 7.6875], "texture": "#0"},
				"west": {"uv": [4.75, 7.375, 4.875, 7.6875], "texture": "#0"},
				"up": {"uv": [0.25, 8.375, 0.125, 8.25], "texture": "#0"},
				"down": {"uv": [8.375, 0.125, 8.25, 0.25], "texture": "#0"}
			}
		},
		{
			"from": [10.57844, -3.45749, -11.27509],
			"to": [11.11444, 0.38851, -10.32909],
			"rotation": {"angle": -22.5, "axis": "y", "origin": [10.07644, -5.10949, -13.52709]},
			"faces": {
				"north": {"uv": [2.25, 7.75, 2.3125, 8.25], "texture": "#0"},
				"east": {"uv": [3.25, 6.5, 3.375, 7], "texture": "#0"},
				"south": {"uv": [2.375, 7.75, 2.4375, 8.25], "texture": "#0"},
				"west": {"uv": [2.875, 6.625, 3, 7.125], "texture": "#0"},
				"up": {"uv": [8.4375, 4.75, 8.375, 4.625], "texture": "#0"},
				"down": {"uv": [4.8125, 8.375, 4.75, 8.5], "texture": "#0"}
			}
		},
		{
			"from": [11.07364, -2.70749, -11.06998],
			"to": [11.60964, 0.88851, -10.12398],
			"rotation": {"angle": -22.5, "axis": "y", "origin": [10.57164, -5.10949, -13.32198]},
			"faces": {
				"north": {"uv": [7.75, 3.875, 7.8125, 4.3125], "texture": "#0"},
				"east": {"uv": [1, 7, 1.125, 7.4375], "texture": "#0"},
				"south": {"uv": [4, 7.75, 4.0625, 8.1875], "texture": "#0"},
				"west": {"uv": [1.125, 7, 1.25, 7.4375], "texture": "#0"},
				"up": {"uv": [4.5625, 8.5, 4.5, 8.375], "texture": "#0"},
				"down": {"uv": [8.4375, 4.5, 8.375, 4.625], "texture": "#0"}
			}
		},
		{
			"from": [11.56884, -2.20749, -10.86486],
			"to": [12.10484, 1.38851, -9.91886],
			"rotation": {"angle": -22.5, "axis": "y", "origin": [11.06684, -5.10949, -13.11686]},
			"faces": {
				"north": {"uv": [3.75, 7.75, 3.8125, 8.1875], "texture": "#0"},
				"east": {"uv": [0.75, 7, 0.875, 7.4375], "texture": "#0"},
				"south": {"uv": [3.875, 7.75, 3.9375, 8.1875], "texture": "#0"},
				"west": {"uv": [0.875, 7, 1, 7.4375], "texture": "#0"},
				"up": {"uv": [8.4375, 4.375, 8.375, 4.25], "texture": "#0"},
				"down": {"uv": [4.4375, 8.375, 4.375, 8.5], "texture": "#0"}
			}
		},
		{
			"from": [12.06404, -1.70749, -10.65974],
			"to": [12.60004, 1.63851, -9.71374],
			"rotation": {"angle": -22.5, "axis": "y", "origin": [11.56204, -5.10949, -12.91174]},
			"faces": {
				"north": {"uv": [3.5, 7.75, 3.5625, 8.1875], "texture": "#0"},
				"east": {"uv": [6, 6.875, 6.125, 7.3125], "texture": "#0"},
				"south": {"uv": [3.625, 7.75, 3.6875, 8.1875], "texture": "#0"},
				"west": {"uv": [6.125, 6.875, 6.25, 7.3125], "texture": "#0"},
				"up": {"uv": [4.1875, 8.5, 4.125, 8.375], "texture": "#0"},
				"down": {"uv": [8.4375, 4.125, 8.375, 4.25], "texture": "#0"}
			}
		},
		{
			"from": [12.55924, -0.95749, -10.45462],
			"to": [13.84524, 1.38851, -9.50862],
			"rotation": {"angle": -22.5, "axis": "y", "origin": [12.05724, -5.10949, -12.70662]},
			"faces": {
				"north": {"uv": [3, 6.875, 3.1875, 7.1875], "texture": "#0"},
				"east": {"uv": [4.125, 7.375, 4.25, 7.6875], "texture": "#0"},
				"south": {"uv": [3.375, 6.875, 3.5625, 7.1875], "texture": "#0"},
				"west": {"uv": [4.25, 7.375, 4.375, 7.6875], "texture": "#0"},
				"up": {"uv": [8.1875, 5.5, 8, 5.375], "texture": "#0"},
				"down": {"uv": [8.1875, 6.375, 8, 6.5], "texture": "#0"}
			}
		},
		{
			"from": [14.58677, -0.95749, -9.63718],
			"to": [16.62277, 1.13851, -8.69118],
			"rotation": {"angle": -45, "axis": "y", "origin": [14.08477, -5.10949, -11.88918]},
			"faces": {
				"north": {"uv": [4.875, 6.75, 5.125, 7], "texture": "#0"},
				"east": {"uv": [1.75, 7.75, 1.875, 8], "texture": "#0"},
				"south": {"uv": [5.125, 6.75, 5.375, 7], "texture": "#0"},
				"west": {"uv": [1.875, 7.75, 2, 8], "texture": "#0"},
				"up": {"uv": [8, 1, 7.75, 0.875], "texture": "#0"},
				"down": {"uv": [8, 1.875, 7.75, 2], "texture": "#0"}
			}
		},
		{
			"from": [12.97747, -0.95749, -9.32573],
			"to": [13.92347, 1.38851, -7.28973],
			"rotation": {"angle": 22.5, "axis": "y", "origin": [16.17547, -5.10949, -9.82773]},
			"faces": {
				"north": {"uv": [3.875, 7.375, 4, 7.6875], "texture": "#0"},
				"east": {"uv": [6.5, 5.125, 6.75, 5.4375], "texture": "#0"},
				"south": {"uv": [4, 7.375, 4.125, 7.6875], "texture": "#0"},
				"west": {"uv": [5.5, 6.5, 5.75, 6.8125], "texture": "#0"},
				"up": {"uv": [7.875, 1.5, 7.75, 1.25], "texture": "#0"},
				"down": {"uv": [1.5, 7.75, 1.375, 8], "texture": "#0"}
			}
		},
		{
			"from": [8.11914, -0.45849, -6.62212],
			"to": [15.06714, 4.63951, -1.83412],
			"rotation": {"angle": 0, "axis": "y", "origin": [17.31814, -5.10949, -7.12312]},
			"faces": {
				"north": {"uv": [1.75, 1.25, 2.5625, 1.875], "texture": "#0"},
				"east": {"uv": [2.625, 1.75, 3.25, 2.375], "texture": "#0"},
				"south": {"uv": [0, 1.875, 0.8125, 2.5], "texture": "#0"},
				"west": {"uv": [2.625, 2.375, 3.25, 3], "texture": "#0"},
				"up": {"uv": [1.6875, 2.5, 0.875, 1.875], "texture": "#0"},
				"down": {"uv": [2.5625, 1.875, 1.75, 2.5], "texture": "#0"}
			}
		},
		{
			"from": [7.86814, -3.5995, -5.14962],
			"to": [15.06614, 1.4385, -3.55162],
			"rotation": {"angle": 45, "axis": "x", "origin": [17.31714, -4.1005, 1.09938]},
			"faces": {
				"north": {"uv": [0.875, 0, 1.75, 0.625], "texture": "#0"},
				"east": {"uv": [2.25, 6, 2.4375, 6.625], "texture": "#0"},
				"south": {"uv": [0.875, 0.625, 1.75, 1.25], "texture": "#0"},
				"west": {"uv": [2.5, 6, 2.6875, 6.625], "texture": "#0"},
				"up": {"uv": [6.125, 1.4375, 5.25, 1.25], "texture": "#0"},
				"down": {"uv": [6.125, 4.875, 5.25, 5.0625], "texture": "#0"}
			}
		},
		{
			"from": [7.86914, 2.02948, 2.30689],
			"to": [15.06514, 4.12548, 6.09289],
			"rotation": {"angle": -22.5, "axis": "x", "origin": [17.31714, -2.62252, 1.80489]},
			"faces": {
				"north": {"uv": [4.875, 3.5, 5.75, 3.75], "texture": "#0"},
				"east": {"uv": [0, 6, 0.5, 6.25], "texture": "#0"},
				"south": {"uv": [4.875, 3.75, 5.75, 4], "texture": "#0"},
				"west": {"uv": [0.5, 6, 1, 6.25], "texture": "#0"},
				"up": {"uv": [2.625, 3, 1.75, 2.5], "texture": "#0"},
				"down": {"uv": [3.5, 0, 2.625, 0.5], "texture": "#0"}
			}
		},
		{
			"from": [14.11914, 2.79393, -1.87112],
			"to": [15.06514, 4.63993, 1.66488],
			"rotation": {"angle": 0, "axis": "y", "origin": [17.31714, -5.10807, -5.37312]},
			"faces": {
				"north": {"uv": [1.125, 7.75, 1.25, 8], "texture": "#0"},
				"east": {"uv": [6, 5.125, 6.4375, 5.375], "texture": "#0"},
				"south": {"uv": [1.25, 7.75, 1.375, 8], "texture": "#0"},
				"west": {"uv": [6, 5.375, 6.4375, 5.625], "texture": "#0"},
				"up": {"uv": [5.625, 7.3125, 5.5, 6.875], "texture": "#0"},
				"down": {"uv": [5.75, 6.875, 5.625, 7.3125], "texture": "#0"}
			}
		},
		{
			"from": [14.11714, 1.54193, -1.87312],
			"to": [15.06714, 4.64193, -0.33312],
			"rotation": {"angle": 0, "axis": "y", "origin": [17.31714, -5.10807, -5.37312]},
			"faces": {
				"north": {"uv": [2.5, 7.25, 2.625, 7.625], "texture": "#0"},
				"east": {"uv": [0.25, 6.75, 0.4375, 7.125], "texture": "#0"},
				"south": {"uv": [2.625, 7.25, 2.75, 7.625], "texture": "#0"},
				"west": {"uv": [0.5, 6.75, 0.6875, 7.125], "texture": "#0"},
				"up": {"uv": [8.125, 6.3125, 8, 6.125], "texture": "#0"},
				"down": {"uv": [6.375, 8, 6.25, 8.1875], "texture": "#0"}
			}
		},
		{
			"from": [7.86814, 3.27848, 0.80589],
			"to": [14.06614, 5.37648, 4.59389],
			"rotation": {"angle": 0, "axis": "x", "origin": [17.31714, -2.62252, 5.30489]},
			"faces": {
				"north": {"uv": [5, 0.75, 5.75, 1], "texture": "#0"},
				"east": {"uv": [5.875, 0, 6.375, 0.25], "texture": "#0"},
				"south": {"uv": [5.125, 4, 5.875, 4.25], "texture": "#0"},
				"west": {"uv": [5, 5.875, 5.5, 6.125], "texture": "#0"},
				"up": {"uv": [4, 1, 3.25, 0.5], "texture": "#0"},
				"down": {"uv": [4, 1, 3.25, 1.5], "texture": "#0"}
			}
		},
		{
			"from": [14.58477, -0.20949, -9.88918],
			"to": [16.62477, 0.64051, -8.68918],
			"rotation": {"angle": -45, "axis": "y", "origin": [14.08477, -5.10949, -11.88918]},
			"faces": {
				"north": {"uv": [0.375, 7.75, 0.625, 7.875], "texture": "#0"},
				"east": {"uv": [8.125, 8.125, 8.25, 8.25], "texture": "#0"},
				"south": {"uv": [0.625, 7.75, 0.875, 7.875], "texture": "#0"},
				"west": {"uv": [0, 8.25, 0.125, 8.375], "texture": "#0"},
				"up": {"uv": [8, 0.875, 7.75, 0.75], "texture": "#0"},
				"down": {"uv": [1.125, 7.75, 0.875, 7.875], "texture": "#0"}
			}
		},
		{
			"from": [11.88834, -0.45949, -10.65243],
			"to": [13.92834, 0.89051, -10.20243],
			"rotation": {"angle": -22.5, "axis": "y", "origin": [12.13834, -5.10949, -12.65243]},
			"faces": {
				"north": {"uv": [7.25, 2.125, 7.5, 2.3125], "texture": "#0"},
				"east": {"uv": [8.25, 4.875, 8.3125, 5.0625], "texture": "#0"},
				"south": {"uv": [2.25, 7.25, 2.5, 7.4375], "texture": "#0"},
				"west": {"uv": [5, 8.25, 5.0625, 8.4375], "texture": "#0"},
				"up": {"uv": [8.375, 7.6875, 8.125, 7.625], "texture": "#0"},
				"down": {"uv": [8.125, 8.125, 7.875, 8.1875], "texture": "#0"}
			}
		},
		{
			"from": [10.63834, -1.20949, -10.90243],
			"to": [11.92834, 0.14051, -10.45243],
			"rotation": {"angle": -22.5, "axis": "y", "origin": [11.38834, -6.35949, -12.90243]},
			"faces": {
				"north": {"uv": [7.125, 7.375, 7.3125, 7.5625], "texture": "#0"},
				"east": {"uv": [8.25, 4.5, 8.3125, 4.6875], "texture": "#0"},
				"south": {"uv": [7.375, 7.375, 7.5625, 7.5625], "texture": "#0"},
				"west": {"uv": [4.625, 8.25, 4.6875, 8.4375], "texture": "#0"},
				"up": {"uv": [4.9375, 8.3125, 4.75, 8.25], "texture": "#0"},
				"down": {"uv": [8.4375, 4.75, 8.25, 4.8125], "texture": "#0"}
			}
		},
		{
			"from": [8.22847, -0.45649, -9.32473],
			"to": [13.42247, 3.63751, -7.29073],
			"rotation": {"angle": 22.5, "axis": "y", "origin": [16.17547, -3.35949, -9.82773]},
			"faces": {
				"north": {"uv": [3.625, 2, 4.25, 2.5], "texture": "#0"},
				"east": {"uv": [5.875, 4, 6.125, 4.5], "texture": "#0"},
				"south": {"uv": [3.75, 2.5, 4.375, 3], "texture": "#0"},
				"west": {"uv": [4.75, 5.875, 5, 6.375], "texture": "#0"},
				"up": {"uv": [6.25, 2, 5.625, 1.75], "texture": "#0"},
				"down": {"uv": [6.25, 2.125, 5.625, 2.375], "texture": "#0"}
			}
		},
		{
			"from": [14.83193, -0.45749, -8.94584],
			"to": [16.36793, 3.38851, -4.99984],
			"rotation": {"angle": -45, "axis": "y", "origin": [14.32993, -4.60949, -11.69784]},
			"faces": {
				"north": {"uv": [0.75, 6.5, 0.9375, 7], "texture": "#0"},
				"east": {"uv": [4.5, 0.5, 5, 1], "texture": "#0"},
				"south": {"uv": [1, 6.5, 1.1875, 7], "texture": "#0"},
				"west": {"uv": [3.75, 4.5, 4.25, 5], "texture": "#0"},
				"up": {"uv": [1.4375, 7, 1.25, 6.5], "texture": "#0"},
				"down": {"uv": [6.6875, 1.5, 6.5, 2], "texture": "#0"}
			}
		},
		{
			"from": [6.90117, -0.45649, -10.94042],
			"to": [9.00917, 3.54151, -6.74242],
			"rotation": {"angle": 0, "axis": "y", "origin": [7.01017, 0.54251, -13.19142]},
			"faces": {
				"north": {"uv": [5.75, 5.125, 6, 5.625], "texture": "#0"},
				"east": {"uv": [4.375, 3.875, 4.875, 4.375], "texture": "#0"},
				"south": {"uv": [5.75, 5.625, 6, 6.125], "texture": "#0"},
				"west": {"uv": [4.375, 4.375, 4.875, 4.875], "texture": "#0"},
				"up": {"uv": [4, 6.375, 3.75, 5.875], "texture": "#0"},
				"down": {"uv": [4.25, 5.875, 4, 6.375], "texture": "#0"}
			}
		},
		{
			"from": [12.97747, 1.38851, -8.57573],
			"to": [13.92347, 1.73451, -7.28973],
			"rotation": {"angle": 22.5, "axis": "y", "origin": [16.17547, -3.01349, -9.82773]},
			"faces": {
				"north": {"uv": [8.375, 3.875, 8.5, 3.9375], "texture": "#0"},
				"east": {"uv": [4.375, 8.25, 4.5625, 8.3125], "texture": "#0"},
				"south": {"uv": [4, 8.375, 4.125, 8.4375], "texture": "#0"},
				"west": {"uv": [8.25, 4.375, 8.4375, 4.4375], "texture": "#0"},
				"up": {"uv": [6.125, 8.1875, 6, 8], "texture": "#0"},
				"down": {"uv": [6.25, 8, 6.125, 8.1875], "texture": "#0"}
			}
		},
		{
			"from": [12.97747, 1.73451, -7.82573],
			"to": [13.92347, 3.08051, -7.28973],
			"rotation": {"angle": 22.5, "axis": "y", "origin": [16.17547, -2.66749, -9.82773]},
			"faces": {
				"north": {"uv": [5.875, 8, 6, 8.1875], "texture": "#0"},
				"east": {"uv": [8.25, 4.125, 8.3125, 4.3125], "texture": "#0"},
				"south": {"uv": [8, 5.875, 8.125, 6.0625], "texture": "#0"},
				"west": {"uv": [4.25, 8.25, 4.3125, 8.4375], "texture": "#0"},
				"up": {"uv": [3.875, 8.4375, 3.75, 8.375], "texture": "#0"},
				"down": {"uv": [8.5, 3.75, 8.375, 3.8125], "texture": "#0"}
			}
		},
		{
			"from": [12.97747, 3.04251, -8.82573],
			"to": [13.92347, 3.63851, -7.28973],
			"rotation": {"angle": 22.5, "axis": "y", "origin": [16.17547, -1.10949, -9.82773]},
			"faces": {
				"north": {"uv": [3.5, 8.375, 3.625, 8.4375], "texture": "#0"},
				"east": {"uv": [4, 8.25, 4.1875, 8.3125], "texture": "#0"},
				"south": {"uv": [3.625, 8.375, 3.75, 8.4375], "texture": "#0"},
				"west": {"uv": [8.25, 4, 8.4375, 4.0625], "texture": "#0"},
				"up": {"uv": [5.75, 8.1875, 5.625, 8], "texture": "#0"},
				"down": {"uv": [5.875, 8, 5.75, 8.1875], "texture": "#0"}
			}
		},
		{
			"from": [8.36814, 3.54051, -8.12312],
			"to": [15.06814, 4.64051, -6.58312],
			"rotation": {"angle": 0, "axis": "y", "origin": [17.31814, -5.10949, -7.12312]},
			"faces": {
				"north": {"uv": [6.125, 4.25, 6.9375, 4.375], "texture": "#0"},
				"east": {"uv": [5.125, 8, 5.3125, 8.125], "texture": "#0"},
				"south": {"uv": [6.125, 4.375, 6.9375, 4.5], "texture": "#0"},
				"west": {"uv": [5.375, 8, 5.5625, 8.125], "texture": "#0"},
				"up": {"uv": [6.4375, 3.0625, 5.625, 2.875], "texture": "#0"},
				"down": {"uv": [6.4375, 3.125, 5.625, 3.3125], "texture": "#0"}
			}
		},
		{
			"from": [7.86814, 5.37848, 0.80589],
			"to": [11.56614, 6.47648, 4.59389],
			"rotation": {"angle": 0, "axis": "x", "origin": [17.31714, -0.52252, 5.30489]},
			"faces": {
				"north": {"uv": [4.375, 6.875, 4.8125, 7], "texture": "#0"},
				"east": {"uv": [6.75, 3.125, 7.25, 3.25], "texture": "#0"},
				"south": {"uv": [7, 0, 7.4375, 0.125], "texture": "#0"},
				"west": {"uv": [6.75, 3.25, 7.25, 3.375], "texture": "#0"},
				"up": {"uv": [5.3125, 3, 4.875, 2.5], "texture": "#0"},
				"down": {"uv": [5.3125, 3, 4.875, 3.5], "texture": "#0"}
			}
		},
		{
			"from": [11.36814, 5.37848, 0.80589],
			"to": [13.06614, 6.22648, 4.59389],
			"rotation": {"angle": 0, "axis": "x", "origin": [20.31714, -0.52252, 5.30489]},
			"faces": {
				"north": {"uv": [8, 4.75, 8.1875, 4.875], "texture": "#0"},
				"east": {"uv": [6.75, 2.875, 7.25, 3], "texture": "#0"},
				"south": {"uv": [4.875, 8, 5.0625, 8.125], "texture": "#0"},
				"west": {"uv": [6.75, 3, 7.25, 3.125], "texture": "#0"},
				"up": {"uv": [4.5625, 6.875, 4.375, 6.375], "texture": "#0"},
				"down": {"uv": [4.8125, 6.375, 4.625, 6.875], "texture": "#0"}
			}
		},
		{
			"from": [8.81778, 10.10842, 1.97135],
			"to": [10.92578, 11.10642, 3.71935],
			"rotation": {"angle": 22.5, "axis": "x", "origin": [7.17678, 7.05742, -7.52965]},
			"faces": {
				"north": {"uv": [7.625, 7.375, 7.875, 7.5], "texture": "#0"},
				"east": {"uv": [7.625, 7.5, 7.875, 7.625], "texture": "#0"},
				"south": {"uv": [0.125, 7.75, 0.375, 7.875], "texture": "#0"},
				"west": {"uv": [7.75, 0.125, 8, 0.25], "texture": "#0"},
				"up": {"uv": [7, 2.625, 6.75, 2.375], "texture": "#0"},
				"down": {"uv": [7, 2.625, 6.75, 2.875], "texture": "#0"}
			}
		},
		{
			"from": [12.86714, 5.37748, 0.80489],
			"to": [13.56714, 5.72748, 4.59489],
			"rotation": {"angle": 0, "axis": "x", "origin": [21.81714, -0.52252, 5.30489]},
			"faces": {
				"north": {"uv": [8.375, 5.625, 8.4375, 5.6875], "texture": "#0"},
				"east": {"uv": [7.625, 7.25, 8.125, 7.3125], "texture": "#0"},
				"south": {"uv": [5.75, 8.375, 5.8125, 8.4375], "texture": "#0"},
				"west": {"uv": [7.375, 7.625, 7.875, 7.6875], "texture": "#0"},
				"up": {"uv": [6.9375, 8.125, 6.875, 7.625], "texture": "#0"},
				"down": {"uv": [0.0625, 7.75, 0, 8.25], "texture": "#0"}
			}
		},
		{
			"from": [8.81778, 10.10842, 1.47135],
			"to": [9.42578, 11.10642, 1.96935],
			"rotation": {"angle": 22.5, "axis": "x", "origin": [7.17678, 7.05742, -7.52965]},
			"faces": {
				"north": {"uv": [3, 8.375, 3.0625, 8.5], "texture": "#0"},
				"east": {"uv": [8.375, 3, 8.4375, 3.125], "texture": "#0"},
				"south": {"uv": [8.375, 3.125, 8.4375, 3.25], "texture": "#0"},
				"west": {"uv": [3.375, 8.375, 3.4375, 8.5], "texture": "#0"},
				"up": {"uv": [8.4375, 5.5625, 8.375, 5.5], "texture": "#0"},
				"down": {"uv": [5.6875, 8.375, 5.625, 8.4375], "texture": "#0"}
			}
		},
		{
			"from": [6.07322, 6.73766, -7.11038],
			"to": [7.43322, 7.73766, -2.61038],
			"rotation": {"angle": 0, "axis": "x", "origin": [7.82322, 3.68766, -13.61038]},
			"faces": {
				"north": {"uv": [7.875, 3.875, 8.0625, 4], "texture": "#0"},
				"east": {"uv": [2, 6.625, 2.5625, 6.75], "texture": "#0"},
				"south": {"uv": [7.875, 4, 8.0625, 4.125], "texture": "#0"},
				"west": {"uv": [6.625, 2, 7.1875, 2.125], "texture": "#0"},
				"up": {"uv": [2.9375, 6.5625, 2.75, 6], "texture": "#0"},
				"down": {"uv": [6.1875, 5.875, 6, 6.4375], "texture": "#0"}
			}
		},
		{
			"from": [4.71322, 6.1385, -7.90663],
			"to": [6.07322, 7.1385, -5.90663],
			"rotation": {"angle": 0, "axis": "x", "origin": [6.46322, 3.0885, -14.40663]},
			"faces": {
				"north": {"uv": [4.125, 7.875, 4.3125, 8], "texture": "#0"},
				"east": {"uv": [7.5, 3, 7.75, 3.125], "texture": "#0"},
				"south": {"uv": [7.875, 4.125, 8.0625, 4.25], "texture": "#0"},
				"west": {"uv": [7.5, 3.375, 7.75, 3.5], "texture": "#0"},
				"up": {"uv": [5.9375, 7.25, 5.75, 7], "texture": "#0"},
				"down": {"uv": [6.4375, 7, 6.25, 7.25], "texture": "#0"}
			}
		},
		{
			"from": [9.92678, 3.481, -7.01683],
			"to": [11.28678, 4.481, -5.76683],
			"rotation": {"angle": -22.5, "axis": "x", "origin": [9.78678, 0.431, -13.51683]},
			"faces": {
				"north": {"uv": [7.875, 6.5, 8.0625, 6.625], "texture": "#0"},
				"east": {"uv": [7.875, 6.625, 8.0625, 6.75], "texture": "#0"},
				"south": {"uv": [7, 7.875, 7.1875, 8], "texture": "#0"},
				"west": {"uv": [7.875, 7, 8.0625, 7.125], "texture": "#0"},
				"up": {"uv": [5.6875, 7.5625, 5.5, 7.375], "texture": "#0"},
				"down": {"uv": [6.1875, 7.375, 6, 7.5625], "texture": "#0"}
			}
		},
		{
			"from": [9.92678, 6.1385, -7.90663],
			"to": [11.28678, 7.1385, -5.90663],
			"rotation": {"angle": 0, "axis": "x", "origin": [9.53678, 3.0885, -14.40663]},
			"faces": {
				"north": {"uv": [5.875, 7.875, 6.0625, 8], "texture": "#0"},
				"east": {"uv": [0.25, 7.625, 0.5, 7.75], "texture": "#0"},
				"south": {"uv": [6.125, 7.875, 6.3125, 8], "texture": "#0"},
				"west": {"uv": [0.75, 7.625, 1, 7.75], "texture": "#0"},
				"up": {"uv": [7.3125, 7.125, 7.125, 6.875], "texture": "#0"},
				"down": {"uv": [7.1875, 7.125, 7, 7.375], "texture": "#0"}
			}
		},
		{
			"from": [8.56678, 6.73766, -7.11038],
			"to": [9.92678, 7.73766, -2.61038],
			"rotation": {"angle": 0, "axis": "x", "origin": [8.17678, 3.68766, -13.61038]},
			"faces": {
				"north": {"uv": [5.375, 7.875, 5.5625, 8], "texture": "#0"},
				"east": {"uv": [6.625, 2.125, 7.1875, 2.25], "texture": "#0"},
				"south": {"uv": [5.625, 7.875, 5.8125, 8], "texture": "#0"},
				"west": {"uv": [6.625, 2.25, 7.1875, 2.375], "texture": "#0"},
				"up": {"uv": [5.1875, 6.6875, 5, 6.125], "texture": "#0"},
				"down": {"uv": [5.4375, 6.125, 5.25, 6.6875], "texture": "#0"}
			}
		},
		{
			"from": [8.56678, 3.79314, -6.91349],
			"to": [9.92678, 4.79314, -4.91349],
			"rotation": {"angle": -22.5, "axis": "x", "origin": [8.42678, 0.74314, -13.41349]},
			"faces": {
				"north": {"uv": [7.875, 5.125, 8.0625, 5.25], "texture": "#0"},
				"east": {"uv": [6.75, 7.5, 7, 7.625], "texture": "#0"},
				"south": {"uv": [7.875, 5.25, 8.0625, 5.375], "texture": "#0"},
				"west": {"uv": [0, 7.625, 0.25, 7.75], "texture": "#0"},
				"up": {"uv": [7.3125, 6.875, 7.125, 6.625], "texture": "#0"},
				"down": {"uv": [6.9375, 7.125, 6.75, 7.375], "texture": "#0"}
			}
		},
		{
			"from": [8.56678, 2.81994, -8.32343],
			"to": [9.92478, 3.81794, -6.57543],
			"rotation": {"angle": -45, "axis": "x", "origin": [8.42578, 2.51894, -11.57443]},
			"faces": {
				"north": {"uv": [7.875, 5, 8.0625, 5.125], "texture": "#0"},
				"east": {"uv": [7.5, 3.75, 7.75, 3.875], "texture": "#0"},
				"south": {"uv": [5.125, 7.875, 5.3125, 8], "texture": "#0"},
				"west": {"uv": [6.5, 7.5, 6.75, 7.625], "texture": "#0"},
				"up": {"uv": [7.3125, 6.625, 7.125, 6.375], "texture": "#0"},
				"down": {"uv": [6.6875, 7.125, 6.5, 7.375], "texture": "#0"}
			}
		},
		{
			"from": [8.56678, 1.45504, -7.38477],
			"to": [9.92678, 3.45504, -6.43477],
			"rotation": {"angle": 22.5, "axis": "x", "origin": [1.42678, 11.65754, -3.0552]},
			"faces": {
				"north": {"uv": [0.5, 7.125, 0.6875, 7.375], "texture": "#0"},
				"east": {"uv": [2.875, 7.5, 3, 7.75], "texture": "#0"},
				"south": {"uv": [7.125, 3.75, 7.3125, 4], "texture": "#0"},
				"west": {"uv": [7.5, 3.5, 7.625, 3.75], "texture": "#0"},
				"up": {"uv": [5.0625, 8, 4.875, 7.875], "texture": "#0"},
				"down": {"uv": [8.0625, 4.875, 7.875, 5], "texture": "#0"}
			}
		},
		{
			"from": [9.92678, 1.45504, -6.63477],
			"to": [11.28678, 4.45504, -5.68477],
			"rotation": {"angle": 22.5, "axis": "x", "origin": [2.78678, 11.65754, -2.3052]},
			"faces": {
				"north": {"uv": [2.625, 6.625, 2.8125, 7], "texture": "#0"},
				"east": {"uv": [0.25, 7.125, 0.375, 7.5], "texture": "#0"},
				"south": {"uv": [5.75, 6.625, 5.9375, 7], "texture": "#0"},
				"west": {"uv": [0.375, 7.125, 0.5, 7.5], "texture": "#0"},
				"up": {"uv": [8.0625, 4.375, 7.875, 4.25], "texture": "#0"},
				"down": {"uv": [8.0625, 4.625, 7.875, 4.75], "texture": "#0"}
			}
		},
		{
			"from": [12.32844, 3.14251, -11.27509],
			"to": [14.61444, 3.88851, -10.07909],
			"rotation": {"angle": -22.5, "axis": "y", "origin": [9.57644, -0.85949, -13.52709]},
			"faces": {
				"north": {"uv": [7.25, 7.125, 7.5625, 7.25], "texture": "#0"},
				"east": {"uv": [4.625, 8.125, 4.75, 8.25], "texture": "#0"},
				"south": {"uv": [7.25, 7.25, 7.5625, 7.375], "texture": "#0"},
				"west": {"uv": [8.125, 4.625, 8.25, 4.75], "texture": "#0"},
				"up": {"uv": [7.6875, 0.875, 7.375, 0.75], "texture": "#0"},
				"down": {"uv": [7.6875, 0.875, 7.375, 1], "texture": "#0"}
			}
		},
		{
			"from": [11.32844, 2.64251, -11.27509],
			"to": [12.36444, 3.88851, -10.07909],
			"rotation": {"angle": -22.5, "axis": "y", "origin": [9.57644, -0.85949, -13.52709]},
			"faces": {
				"north": {"uv": [4.375, 7.875, 4.5, 8.0625], "texture": "#0"},
				"east": {"uv": [4.5, 7.875, 4.625, 8.0625], "texture": "#0"},
				"south": {"uv": [4.625, 7.875, 4.75, 8.0625], "texture": "#0"},
				"west": {"uv": [4.75, 7.875, 4.875, 8.0625], "texture": "#0"},
				"up": {"uv": [4.625, 8.25, 4.5, 8.125], "texture": "#0"},
				"down": {"uv": [8.25, 4.5, 8.125, 4.625], "texture": "#0"}
			}
		},
		{
			"from": [10.57844, 1.64251, -11.27509],
			"to": [11.36444, 3.88851, -10.07909],
			"rotation": {"angle": -22.5, "axis": "y", "origin": [9.57644, -0.85949, -13.52709]},
			"faces": {
				"north": {"uv": [5.375, 7.25, 5.5, 7.5625], "texture": "#0"},
				"east": {"uv": [5.75, 7.25, 5.875, 7.5625], "texture": "#0"},
				"south": {"uv": [5.875, 7.25, 6, 7.5625], "texture": "#0"},
				"west": {"uv": [6.25, 7.25, 6.375, 7.5625], "texture": "#0"},
				"up": {"uv": [4.5, 8.25, 4.375, 8.125], "texture": "#0"},
				"down": {"uv": [8.25, 4.375, 8.125, 4.5], "texture": "#0"}
			}
		},
		{
			"from": [9.6213, 0.89251, -11.67155],
			"to": [10.6573, 3.88851, -10.47555],
			"rotation": {"angle": -22.5, "axis": "y", "origin": [8.6193, -0.85949, -13.92355]},
			"faces": {
				"north": {"uv": [7, 6.375, 7.125, 6.75], "texture": "#0"},
				"east": {"uv": [7, 6.75, 7.125, 7.125], "texture": "#0"},
				"south": {"uv": [0, 7.125, 0.125, 7.5], "texture": "#0"},
				"west": {"uv": [0.125, 7.125, 0.25, 7.5], "texture": "#0"},
				"up": {"uv": [8.25, 4.25, 8.125, 4.125], "texture": "#0"},
				"down": {"uv": [8.25, 4.25, 8.125, 4.375], "texture": "#0"}
			}
		}
	],
	"display": {
		"thirdperson_righthand": {
			"rotation": [20, 16, -66],
			"translation": [6.25, -1, 7.75],
			"scale": [0.68, 0.83, 0.68]
		},
		"thirdperson_lefthand": {
			"rotation": [3, 18, -63],
			"translation": [7.5, 0.25, 6],
			"scale": [0.72, 0.87, 0.65]
		},
		"firstperson_righthand": {
			"rotation": [-71, 0, 0],
			"translation": [-3, 8.5, 3.75],
			"scale": [0.58, 0.49, 0.58]
		},
		"firstperson_lefthand": {
			"rotation": [-63, 0, 0],
			"translation": [-4, 9, 4.25],
			"scale": [0.54, 0.46, 0.52]
		},
		"ground": {
			"translation": [0, 6, 11.25],
			"scale": [0.68, 1.09, 0.83]
		},
		"gui": {
			"rotation": [26, 180, 0],
			"translation": [0, 4.25, 0],
			"scale": [0.6, 0.66, 0.63]
		},
		"head": {
			"rotation": [-14, 0, 0],
			"translation": [0, 13.75, 9.25],
			"scale": [1.16, 1.59, 1.14]
		},
		"fixed": {
			"rotation": [-56, 0, 0],
			"translation": [0, 22.75, -2.25],
			"scale": [1.68, 2.41, 1.8]
		}
	},
	"groups": [
		{
			"name": "group",
			"origin": [8, 8, 8],
			"color": 0,
			"children": [0, 1, 2, 3, 4, 5, 6, 7, 8, 9, 10, 11, 12, 13, 14, 15, 16, 17, 18, 19, 20, 21, 22, 23, 24, 25, 26, 27, 28, 29]
		},
		{
			"name": "group",
			"origin": [8, 8, 8],
			"color": 0,
			"children": [
				30,
				31,
				32,
				33,
				34,
				35,
				36,
				37,
				38,
				39,
				40,
				41,
				42,
				43,
				44,
				45,
				46,
				47,
				48,
				49,
				50,
				51,
				52,
				53,
				54,
				55,
				56,
				57,
				58,
				59,
				60,
				61,
				62,
				63,
				64,
				65,
				66,
				67,
				68,
				69,
				70,
				71,
				72,
				73,
				74,
				75,
				76,
				77,
				78,
				79,
				80,
				81,
				82,
				83,
				84,
				85,
				86,
				87,
				88,
				89,
				90,
				91,
				92,
				93,
				94,
				95,
				96,
				97,
				98,
				99,
				100,
				101,
				102,
				103,
				104,
				105,
				106,
				107,
				108,
				109,
				110,
				111,
				112,
				113,
				114,
				115,
				116,
				117,
				118,
				119,
				120,
				121,
				122,
				123,
				124,
				125,
				126,
				127,
				128,
				129,
				130,
				131,
				132,
				133,
				134,
				135,
				136,
				137,
				138,
				139,
				140,
				141
			]
		}
	]
}