{"__comment":"designed by hypixel minecraft server with bdcraft cubik pro 0.92 beta - http://bdcraft.net","ambientocclusion":false,"textures":{"texture":"blocks/carpet_blue"},"elements":[{"from":[2,0,10],"to":[6,1,13],"faces":{"down":{"uv":[1.5,9,3.5,9.5],"texture":"#texture"},"up":{"uv":[1.5,9,3.5,9.5],"texture":"#texture"},"north":{"uv":[3.5,9,1.5,9.5],"texture":"#texture"},"south":{"uv":[1.5,9,3.5,9.5],"texture":"#texture"},"west":{"uv":[12,15.5,14,16],"texture":"#texture"},"east":{"uv":[12,15.5,14,16],"texture":"#texture"}}},{"from":[0,2,10],"to":[1,3,14],"faces":{"down":{"uv":[12,14.5,14,15],"texture":"#texture"},"north":{"uv":[0.5,8,1,8.5],"texture":"#texture"},"south":{"uv":[0.5,8,1,8.5],"texture":"#texture"},"west":{"uv":[12,14.5,14,15],"texture":"#texture"}}},{"from":[1,2,9],"to":[2,3,15],"faces":{"down":{"uv":[11.5,14.5,14.5,15],"rotation":270,"texture":"#texture"},"up":{"uv":[11.5,14.5,14.5,15],"rotation":90,"texture":"#texture"},"north":{"uv":[1,8,1.5,8.5],"texture":"#texture"},"south":{"uv":[1,8,1.5,8.5],"texture":"#texture"},"west":{"uv":[11.5,14.5,14.5,15],"texture":"#texture"}}},{"from":[2,2,8],"to":[3,3,16],"faces":{"down":{"uv":[1.5,8,2,8.5],"texture":"#texture"},"up":{"uv":[1.5,8,2,8.5],"texture":"#texture"},"north":{"uv":[1.5,8,2,8.5],"texture":"#texture"},"south":{"uv":[1.5,8,2,8.5],"texture":"#texture"},"west":{"uv":[11,14.5,15,15],"texture":"#texture"}}},{"from":[5,2,8],"to":[6,3,17],"faces":{"down":{"uv":[3,8,3.5,8.5],"texture":"#texture"},"up":{"uv":[3,8,3.5,8.5],"texture":"#texture"},"north":{"uv":[3,8,3.5,8.5],"texture":"#texture"},"south":{"uv":[3,8,3.5,8.5],"texture":"#texture"},"east":{"uv":[3,8,3.5,8.5],"texture":"#texture"}}},{"from":[4,3,0],"to":[6,7,2],"faces":{"down":{"uv":[7,14,8,14.5],"texture":"#texture"},"north":{"uv":[8,12.5,7,14.5],"texture":"#texture"},"south":{"uv":[8,12.5,7,14.5],"texture":"#texture"},"west":{"uv":[7,12.5,7.5,14.5],"texture":"#texture"},"east":{"uv":[7,12.5,7.5,14.5],"texture":"#texture"}}},{"from":[1,3,1],"to":[4,8,3],"faces":{"down":{"uv":[7,11,8,11.5],"texture":"#texture"},"up":{"uv":[7,11,8,11.5],"texture":"#texture"},"north":{"uv":[7,12,8,14.5],"texture":"#texture"},"south":{"uv":[7,12,8,14.5],"texture":"#texture"},"west":{"uv":[7,12,8,14.5],"texture":"#texture"},"east":{"uv":[7,12,8,14.5],"texture":"#texture"}}},{"from":[0,3,2],"to":[1,7,15],"faces":{"down":{"uv":[15,8,8.5,8.5],"rotation":90,"texture":"#texture"},"up":{"uv":[8.5,8,15,8.5],"rotation":90,"texture":"#texture"},"north":{"uv":[7,12.5,7.5,14.5],"texture":"#texture"},"south":{"uv":[0.5,6,1,8],"texture":"#texture"},"west":{"uv":[8,12.5,14.5,14.5],"texture":"#texture"},"east":{"uv":[14.5,12.5,8,14.5],"texture":"#texture"}}},{"from":[7,5,16.5],"to":[9,6,17.5],"faces":{"down":{"uv":[4,6.5,5,7],"texture":"#texture"},"up":{"uv":[4,6.5,5,7],"texture":"#texture"},"north":{"uv":[4,6.5,5,7],"texture":"#texture"},"south":{"uv":[4,6.5,5,7],"texture":"#texture"},"west":{"uv":[4,6.5,4.5,7],"texture":"#texture"},"east":{"uv":[4,6.5,4.5,7],"texture":"#texture"}}},{"from":[0,1,11],"to":[1,2,13],"faces":{"down":{"uv":[13.5,15,12.5,15.5],"rotation":90,"texture":"#texture"},"north":{"uv":[0.5,8.5,1,9],"texture":"#texture"},"south":{"uv":[0.5,8.5,1,9],"texture":"#texture"},"west":{"uv":[12.5,15,13.5,15.5],"texture":"#texture"}}},{"from":[3,2,8],"to":[4,3,17],"faces":{"down":{"uv":[2,8,2.5,8.5],"texture":"#texture"},"up":{"uv":[2,8,2.5,8.5],"texture":"#texture"},"north":{"uv":[1.5,8,2,8.5],"texture":"#texture"},"south":{"uv":[2,8,2.5,8.5],"texture":"#texture"},"west":{"uv":[11,14.5,15.5,15],"texture":"#texture"}}},{"from":[4,2,8],"to":[5,3,17],"faces":{"down":{"uv":[15.5,14.5,11,15],"rotation":90,"texture":"#texture"},"up":{"uv":[11,14.5,15.5,15],"rotation":180,"texture":"#texture"},"north":{"uv":[1.5,8,2,8.5],"texture":"#texture"},"south":{"uv":[2.5,8,3,8.5],"texture":"#texture"}}},{"from":[1,1,10],"to":[2,2,14],"faces":{"down":{"uv":[12,15,14,15.5],"rotation":90,"texture":"#texture"},"north":{"uv":[1,8.5,1.5,9],"texture":"#texture"},"south":{"uv":[1,8.5,1.5,9],"texture":"#texture"},"west":{"uv":[12,15,14,15.5],"texture":"#texture"}}},{"from":[1,0,11],"to":[2,1,13],"faces":{"down":{"uv":[12.5,15.5,13.5,16],"texture":"#texture"},"north":{"uv":[12.5,15.5,13.5,16],"texture":"#texture"},"south":{"uv":[12.5,15.5,13.5,16],"texture":"#texture"},"west":{"uv":[12,15.5,13.5,16],"texture":"#texture"}}},{"from":[2,1,9],"to":[3,2,15],"faces":{"down":{"uv":[1.5,8.5,2,9],"texture":"#texture"},"north":{"uv":[1.5,8.5,2,9],"texture":"#texture"},"south":{"uv":[1.5,8.5,2,9],"texture":"#texture"},"west":{"uv":[11.5,15,14.5,15.5],"texture":"#texture"}}},{"from":[3,1,9],"to":[4,2,16],"faces":{"down":{"uv":[2,8.5,2.5,9],"texture":"#texture"},"north":{"uv":[1.5,8.5,2,9],"texture":"#texture"},"south":{"uv":[2,8.5,2.5,9],"texture":"#texture"},"west":{"uv":[11.5,15,15,15.5],"texture":"#texture"}}},{"from":[4,1,9],"to":[5,2,16],"faces":{"down":{"uv":[15,15,11.5,15.5],"rotation":90,"texture":"#texture"},"north":{"uv":[1.5,8.5,2,9],"texture":"#texture"},"south":{"uv":[2.5,8.5,3,9],"texture":"#texture"}}},{"from":[5,1,9],"to":[6,2,16],"faces":{"down":{"uv":[3,8.5,3.5,9],"texture":"#texture"},"north":{"uv":[3,8.5,3.5,9],"texture":"#texture"},"south":{"uv":[3,8.5,3.5,9],"texture":"#texture"},"east":{"uv":[3,8.5,3.5,9],"texture":"#texture"}}},{"from":[3,0,13],"to":[6,1,14],"faces":{"down":{"uv":[12.5,15.5,14,16],"texture":"#texture"},"up":{"uv":[12.5,15.5,14,16],"texture":"#texture"},"south":{"uv":[2,9,3.5,9.5],"texture":"#texture"},"west":{"uv":[13,15.5,13.5,16],"texture":"#texture"},"east":{"uv":[13,15.5,13.5,16],"texture":"#texture"}}},{"from":[6,2,15],"to":[10,4,17],"faces":{"down":{"uv":[3.5,8,5.5,8.5],"texture":"#texture"},"up":{"uv":[3.5,7.5,5.5,8],"texture":"#texture"},"north":{"uv":[5.5,7.5,3.5,8.5],"texture":"#texture"},"south":{"uv":[3.5,7.5,5.5,8.5],"texture":"#texture"},"west":{"uv":[3.5,7.5,4,8.5],"texture":"#texture"},"east":{"uv":[3.5,7.5,4,8.5],"texture":"#texture"}}},{"from":[7,1,14],"to":[9,2,15],"faces":{"down":{"uv":[4,8.5,5,9],"texture":"#texture"},"up":{"uv":[4,8.5,5,9],"texture":"#texture"},"north":{"uv":[5,8.5,4,9],"texture":"#texture"},"south":{"uv":[4,8.5,5,9],"texture":"#texture"},"west":{"uv":[4,8.5,4.5,9],"texture":"#texture"},"east":{"uv":[4.5,8.5,5,9],"texture":"#texture"}}},{"from":[6,1,15],"to":[7,2,16],"faces":{"down":{"uv":[3.5,8.5,4,9],"texture":"#texture"},"north":{"uv":[3.5,8.5,4,9],"texture":"#texture"},"south":{"uv":[3.5,8.5,4,9],"texture":"#texture"},"east":{"uv":[3.5,8.5,4,9],"texture":"#texture"}}},{"from":[-1,4,5],"to":[0,6,13],"faces":{"down":{"uv":[13.5,13.5,9.5,14],"rotation":90,"texture":"#texture"},"up":{"uv":[9.5,13,13.5,13.5],"rotation":90,"texture":"#texture"},"north":{"uv":[0,6.5,0.5,7.5],"texture":"#texture"},"south":{"uv":[0,6.5,0.5,7.5],"texture":"#texture"},"west":{"uv":[9.5,13,13.5,14],"texture":"#texture"}}},{"from":[4,3,16],"to":[6,7,18],"faces":{"down":{"uv":[2.5,6,3.5,6.5],"texture":"#texture"},"up":{"uv":[2.5,6,3.5,6.5],"texture":"#texture"},"north":{"uv":[2.5,6,3.5,8],"texture":"#texture"},"south":{"uv":[2.5,6,3.5,8],"texture":"#texture"},"west":{"uv":[2.5,6,3,8],"texture":"#texture"},"east":{"uv":[3,6,3.5,8],"texture":"#texture"}}},{"from":[1,3,14],"to":[4,7,17],"faces":{"down":{"uv":[0.5,7.5,2,8],"texture":"#texture"},"up":{"uv":[0.5,6,2,6.5],"texture":"#texture"},"north":{"uv":[2.5,6,1,8],"texture":"#texture"},"south":{"uv":[1,6,2.5,8],"texture":"#texture"},"west":{"uv":[0.5,6,1,8],"texture":"#texture"},"east":{"uv":[1.5,6,2,8],"texture":"#texture"}}},{"from":[7,4,15],"to":[9,5,17],"faces":{"up":{"uv":[4,7,5,7.5],"texture":"#texture"},"north":{"uv":[4,7,5,7.5],"texture":"#texture"},"south":{"uv":[4,7,5,7.5],"texture":"#texture"},"west":{"uv":[4,7,5,8],"texture":"#texture"},"east":{"uv":[4,7,5,8],"texture":"#texture"}}},{"from":[6,4,16.5],"to":[7,5,17.5],"faces":{"down":{"uv":[4,6.5,5,7],"texture":"#texture"},"up":{"uv":[4,6.5,5,7],"texture":"#texture"},"north":{"uv":[4,6.5,5,7],"texture":"#texture"},"south":{"uv":[4,6.5,5,7],"texture":"#texture"},"east":{"uv":[4,6.5,4.5,7],"texture":"#texture"}}},{"from":[6,5,17],"to":[7,7,18],"faces":{"down":{"uv":[3,6,4,6.5],"texture":"#texture"},"up":{"uv":[3,6,4,6.5],"texture":"#texture"},"north":{"uv":[3.5,6,4,7],"texture":"#texture"},"south":{"uv":[3.5,6,4,7],"texture":"#texture"},"east":{"uv":[3.5,6,4,7],"texture":"#texture"}}},{"from":[7,7,16.5],"to":[9,8,17.5],"faces":{"down":{"uv":[3.5,6,5.5,6.5],"texture":"#texture"},"up":{"uv":[3.5,6,5.5,6.5],"texture":"#texture"},"north":{"uv":[4,5.5,5,6],"texture":"#texture"},"south":{"uv":[4,5.5,5,6],"texture":"#texture"},"west":{"uv":[4,5.5,4.5,6.5],"texture":"#texture"},"east":{"uv":[4,5.5,4.5,6.5],"texture":"#texture"}}},{"from":[6,6,-1],"to":[10,7,0],"faces":{"down":{"uv":[6.5,12.5,7,13],"texture":"#texture"},"up":{"uv":[6.5,12.5,7,13],"texture":"#texture"},"north":{"uv":[6.5,12.5,7,13],"texture":"#texture"},"south":{"uv":[6.5,12.5,7,13],"texture":"#texture"},"west":{"uv":[6.5,12.5,7,13],"texture":"#texture"},"east":{"uv":[6.5,12.5,7,13],"texture":"#texture"}}},{"from":[5,7,16],"to":[7,8,17],"faces":{"down":{"uv":[3,5.5,4,6],"texture":"#texture"},"up":{"uv":[3,5.5,4,6],"texture":"#texture"},"north":{"uv":[4,5.5,3,6],"texture":"#texture"},"south":{"uv":[3,5.5,4,6],"texture":"#texture"},"east":{"uv":[3.5,5.5,4,6],"texture":"#texture"}}},{"from":[6,8,15.5],"to":[10,9,16.5],"faces":{"down":{"uv":[3.5,5,5.5,5.5],"texture":"#texture"},"up":{"uv":[3.5,5,5.5,5.5],"texture":"#texture"},"north":{"uv":[5.5,5,3.5,5.5],"texture":"#texture"},"south":{"uv":[3.5,5,5.5,5.5],"texture":"#texture"}}},{"from":[7,9,15.5],"to":[9,10,16.5],"faces":{"north":{"uv":[4,4.5,5,5],"texture":"#texture"},"south":{"uv":[4,4.5,5,5],"texture":"#texture"}}},{"from":[3,10,0],"to":[8,12,1],"faces":{"up":{"uv":[7,10,7.5,10.5],"texture":"#texture"},"north":{"uv":[7,10,7.5,11],"texture":"#texture"},"south":{"uv":[7,10.5,7.5,11.5],"texture":"#texture"},"west":{"uv":[7,10,7.5,11],"texture":"#texture"}}},{"from":[6,10,15],"to":[7,11,16],"faces":{"up":{"uv":[3.5,4,4,4.5],"texture":"#texture"},"north":{"uv":[3.5,4,4,4.5],"texture":"#texture"},"south":{"uv":[3.5,4,4,4.5],"texture":"#texture"},"west":{"uv":[3.5,4,4,4.5],"texture":"#texture"}}},{"from":[0,8,3],"to":[1,9,14],"faces":{"north":{"uv":[0.5,5,1,5.5],"texture":"#texture"},"south":{"uv":[0.5,5,1,5.5],"texture":"#texture"},"west":{"uv":[8.5,11.5,14,12],"texture":"#texture"}}},{"from":[0,7,3],"to":[1,8,14],"faces":{"north":{"uv":[0.5,6,1,6.5],"texture":"#texture"},"south":{"uv":[0.5,5,1,5.5],"texture":"#texture"},"west":{"uv":[8.5,12,14,12.5],"texture":"#texture"}}},{"from":[1,8,2],"to":[2,9,16],"faces":{"up":{"uv":[8,11.5,15,12],"rotation":90,"texture":"#texture"},"north":{"uv":[0.5,5,1,5.5],"texture":"#texture"},"south":{"uv":[1,5,1.5,5.5],"texture":"#texture"},"west":{"uv":[8,11.5,15,12],"texture":"#texture"},"east":{"uv":[15,11.5,8,12],"texture":"#texture"}}},{"from":[1,7,2],"to":[2,8,16],"faces":{"down":{"uv":[15,12,8,12.5],"rotation":90,"texture":"#texture"},"north":{"uv":[1,5.5,1.5,6],"texture":"#texture"},"south":{"uv":[1,5.5,1.5,6],"texture":"#texture"},"west":{"uv":[8,12,15,12.5],"texture":"#texture"},"east":{"uv":[15,12,8,12.5],"texture":"#texture"}}},{"from":[4,7,0],"to":[7,8,3],"faces":{"down":{"uv":[6.5,12,8,12.5],"texture":"#texture"},"up":{"uv":[6.5,12,8,12.5],"texture":"#texture"},"north":{"uv":[6.5,12,8,12.5],"texture":"#texture"},"south":{"uv":[6.5,12,8,12.5],"texture":"#texture"},"west":{"uv":[6.5,12,8,12.5],"texture":"#texture"},"east":{"uv":[6.5,12,8,12.5],"texture":"#texture"}}},{"from":[0,9,3],"to":[1,10,14],"faces":{"up":{"uv":[8.5,11,14,11.5],"rotation":270,"texture":"#texture"},"north":{"uv":[1,4.5,1.5,5],"texture":"#texture"},"south":{"uv":[1,4.5,1.5,5],"texture":"#texture"},"west":{"uv":[8.5,11,14,11.5],"texture":"#texture"}}},{"from":[1,9,2],"to":[2,10,15],"faces":{"up":{"uv":[14.5,11,8,11.5],"rotation":90,"texture":"#texture"},"north":{"uv":[1,4.5,1.5,5],"texture":"#texture"},"south":{"uv":[1,4.5,1.5,5],"texture":"#texture"},"west":{"uv":[8,11,14.5,11.5],"texture":"#texture"},"east":{"uv":[14.5,11,8,11.5],"texture":"#texture"}}},{"from":[2,8,1],"to":[5,11,3],"faces":{"down":{"uv":[7.5,10.5,8,11],"texture":"#texture"},"north":{"uv":[7.5,11,8,11.5],"texture":"#texture"},"south":{"uv":[7.5,11,8,11.5],"texture":"#texture"},"west":{"uv":[7.5,11,8,11.5],"texture":"#texture"},"east":{"uv":[7.5,11,8,11.5],"texture":"#texture"}}},{"from":[0,10,3],"to":[1,11,13],"faces":{"up":{"uv":[8.5,10.5,13.5,11],"rotation":90,"texture":"#texture"},"north":{"uv":[1,4,1.5,4.5],"texture":"#texture"},"south":{"uv":[0.5,4,1,4.5],"texture":"#texture"},"west":{"uv":[8.5,10.5,13.5,11],"texture":"#texture"}}},{"from":[1,12,2],"to":[2,14,4],"faces":{"up":{"uv":[8.5,9.5,9,10.5],"texture":"#texture"},"north":{"uv":[8,9.5,8.5,10.5],"texture":"#texture"},"south":{"uv":[8,9.5,8.5,10.5],"texture":"#texture"},"west":{"uv":[8,9.5,9,10.5],"texture":"#texture"},"east":{"uv":[8,9.5,9,10.5],"texture":"#texture"}}},{"from":[-1,3,6],"to":[0,4,12],"faces":{"down":{"uv":[13,14,10,14.5],"rotation":90,"texture":"#texture"},"north":{"uv":[0,7.5,0.5,8],"texture":"#texture"},"south":{"uv":[0,7.5,0.5,8],"texture":"#texture"},"west":{"uv":[10,14,13,14.5],"texture":"#texture"}}},{"from":[7,6,17],"to":[9,7,18],"faces":{"down":{"uv":[3.5,6,5.5,6.5],"texture":"#texture"},"up":{"uv":[3.5,6,5.5,6.5],"texture":"#texture"},"north":{"uv":[4,6,5,6.5],"texture":"#texture"},"south":{"uv":[4,6,5,6.5],"texture":"#texture"}}},{"from":[7,10,15],"to":[9,12,16],"faces":{"down":{"uv":[4,4,5,4.5],"texture":"#texture"},"up":{"uv":[4,3.5,5,4],"texture":"#texture"},"north":{"uv":[4,3.5,5,4.5],"texture":"#texture"},"south":{"uv":[4,3.5,5,4.5],"texture":"#texture"},"west":{"uv":[4,3.5,4.5,4.5],"texture":"#texture"},"east":{"uv":[4,3.5,4.5,4.5],"texture":"#texture"}}},{"from":[5,9,15],"to":[7,10,17],"faces":{"down":{"uv":[3,4.5,4,5],"texture":"#texture"},"up":{"uv":[3,4.5,4,5],"texture":"#texture"},"north":{"uv":[3,4.5,4,5],"texture":"#texture"},"south":{"uv":[3,4.5,4,5],"texture":"#texture"},"west":{"uv":[3,4.5,4,5],"texture":"#texture"},"east":{"uv":[3,4.5,4,5],"texture":"#texture"}}},{"from":[4,8,15],"to":[6,9,17],"faces":{"down":{"uv":[2.5,5,3.5,5.5],"texture":"#texture"},"up":{"uv":[2.5,5,3.5,5.5],"texture":"#texture"},"north":{"uv":[2.5,5,3.5,5.5],"texture":"#texture"},"south":{"uv":[2.5,5,3.5,5.5],"texture":"#texture"},"west":{"uv":[2.5,5,3.5,5.5],"texture":"#texture"},"east":{"uv":[2.5,5,3.5,5.5],"texture":"#texture"}}},{"from":[4,7,15],"to":[5,8,18],"faces":{"down":{"uv":[2,5.5,3,6],"texture":"#texture"},"up":{"uv":[2,5.5,3,6],"texture":"#texture"},"north":{"uv":[2.5,5.5,3,6],"texture":"#texture"},"south":{"uv":[2.5,5.5,3,6],"texture":"#texture"},"west":{"uv":[2,5.5,3,6],"texture":"#texture"},"east":{"uv":[2,5.5,3,6],"texture":"#texture"}}},{"from":[2,8,14.5],"to":[4,9,16.5],"faces":{"up":{"uv":[1.5,5,2.5,5.5],"texture":"#texture"},"north":{"uv":[2.5,5,1.5,5.5],"texture":"#texture"},"south":{"uv":[1.5,5,2.5,5.5],"texture":"#texture"},"west":{"uv":[1.5,5,2,5.5],"texture":"#texture"},"east":{"uv":[2,5,2.5,5.5],"texture":"#texture"}}},{"from":[2,7,14],"to":[4,8,17],"faces":{"up":{"uv":[1.5,5.5,2.5,6],"texture":"#texture"},"north":{"uv":[2.5,5.5,1.5,6],"texture":"#texture"},"south":{"uv":[1.5,5.5,2.5,6],"texture":"#texture"},"west":{"uv":[1.5,5.5,2.5,6],"texture":"#texture"},"east":{"uv":[1.5,5.5,2.5,6],"texture":"#texture"}}},{"from":[3,8,0],"to":[8,10,2],"faces":{"down":{"uv":[7,11.5,7.5,12],"texture":"#texture"},"up":{"uv":[7,11.5,7.5,12],"texture":"#texture"},"north":{"uv":[7,10.5,7.5,11],"texture":"#texture"},"south":{"uv":[7,10.5,7.5,11],"texture":"#texture"},"west":{"uv":[7,11,7.5,11.5],"texture":"#texture"}}},{"from":[0,12,4],"to":[1,14,8],"faces":{"up":{"uv":[9,9,11,9.5],"texture":"#texture"},"north":{"uv":[9,9,9.5,10],"texture":"#texture"},"south":{"uv":[10.5,9,11,10],"texture":"#texture"},"west":{"uv":[9,9,11,10],"texture":"#texture"},"east":{"uv":[11,9,9,10],"texture":"#texture"}}},{"from":[1,11,2],"to":[2,12,12],"faces":{"up":{"uv":[8,10,13,10.5],"rotation":90,"texture":"#texture"},"north":{"uv":[0.5,3.5,1,4],"texture":"#texture"},"west":{"uv":[8,10,13,10.5],"texture":"#texture"},"east":{"uv":[13,10,8,10.5],"texture":"#texture"}}},{"from":[0,15,6],"to":[1,16,11],"faces":{"up":{"uv":[10.5,8,13,8.5],"rotation":90,"texture":"#texture"},"north":{"uv":[10.5,8,11,8.5],"texture":"#texture"},"south":{"uv":[12.5,8,13,8.5],"texture":"#texture"},"west":{"uv":[10.5,8,13,8.5],"texture":"#texture"}}},{"from":[0,11,4],"to":[1,12,12],"faces":{"up":{"uv":[9,10,13,10.5],"rotation":90,"texture":"#texture"},"north":{"uv":[7.5,10,8,10.5],"texture":"#texture"},"south":{"uv":[12.5,10,13,10.5],"texture":"#texture"},"west":{"uv":[9,10,13,10.5],"texture":"#texture"}}},{"from":[0,14,5],"to":[1,15,12],"faces":{"down":{"uv":[13,8.5,9.5,9],"rotation":90,"texture":"#texture"},"up":{"uv":[9.5,8.5,13,9],"rotation":90,"texture":"#texture"},"north":{"uv":[9,8.5,9.5,9],"texture":"#texture"},"south":{"uv":[0.5,2.5,1,3],"texture":"#texture"},"west":{"uv":[9.5,8.5,13,9],"texture":"#texture"}}},{"from":[1,14,3],"to":[2,15,13],"faces":{"down":{"uv":[13.5,8.5,9,9],"rotation":90,"texture":"#texture"},"up":{"uv":[9,8.5,13.5,9],"rotation":90,"texture":"#texture"},"north":{"uv":[8.5,8,9,8.5],"texture":"#texture"},"south":{"uv":[0.5,2,1,2.5],"texture":"#texture"},"west":{"uv":[9,8.5,13.5,9],"texture":"#texture"},"east":{"uv":[13.5,8.5,9,9],"texture":"#texture"}}},{"from":[1,15,5],"to":[2,16,12],"faces":{"up":{"uv":[2.5,0,3,0.5],"texture":"#texture"},"north":{"uv":[2.5,0,3,0.5],"texture":"#texture"},"south":{"uv":[2.5,0,3,0.5],"texture":"#texture"},"west":{"uv":[1.5,0.5,5,1],"texture":"#texture"}}},{"from":[1,16,6],"to":[2,17,11],"faces":{"up":{"uv":[9.5,6.5,10,7],"texture":"#texture"},"north":{"uv":[9,7,10,7.5],"texture":"#texture"},"south":{"uv":[9,7,10,7.5],"texture":"#texture"},"west":{"uv":[9,7,11.5,7.5],"texture":"#texture"}}},{"from":[5,14,15],"to":[11,15,16],"faces":{"down":{"uv":[1.5,2,2,2.5],"texture":"#texture"},"north":{"uv":[3,2,6,2.5],"texture":"#texture"},"south":{"uv":[3,2,6,2.5],"texture":"#texture"},"west":{"uv":[2.5,2,3,2.5],"texture":"#texture"},"east":{"uv":[2.5,2,3,2.5],"texture":"#texture"}}},{"from":[2,14,12],"to":[5,15,15],"faces":{"down":{"uv":[0.5,2,1,2.5],"texture":"#texture"},"up":{"uv":[0.5,2,1,2.5],"texture":"#texture"},"north":{"uv":[0.5,2,2,2.5],"texture":"#texture"},"south":{"uv":[0.5,2,2,2.5],"texture":"#texture"},"west":{"uv":[0.5,2,2,2.5],"texture":"#texture"},"east":{"uv":[0.5,2,2,2.5],"texture":"#texture"}}},{"from":[1,10,2],"to":[2,11,13],"faces":{"up":{"uv":[7.5,10.5,14,11],"rotation":90,"texture":"#texture"},"north":{"uv":[1,4,1.5,4.5],"texture":"#texture"},"south":{"uv":[0.5,4,1,4.5],"texture":"#texture"},"west":{"uv":[7.5,10.5,14,11],"texture":"#texture"},"east":{"uv":[14,10.5,7.5,11],"texture":"#texture"}}},{"from":[2,10,13],"to":[3,11,15],"faces":{"down":{"uv":[1.5,4,2,4.5],"texture":"#texture"},"north":{"uv":[1.5,4,2,4.5],"texture":"#texture"},"south":{"uv":[1.5,4,2,4.5],"texture":"#texture"},"west":{"uv":[1.5,4,2,4.5],"texture":"#texture"},"east":{"uv":[1.5,4,2,4.5],"texture":"#texture"}}},{"from":[2,9,15],"to":[3,10,16],"faces":{"up":{"uv":[1.5,4.5,2,5],"texture":"#texture"},"north":{"uv":[1.5,4.5,2,5],"texture":"#texture"},"south":{"uv":[1.5,4.5,2,5],"texture":"#texture"},"west":{"uv":[1.5,4.5,2,5],"texture":"#texture"},"east":{"uv":[1.5,4.5,2,5],"texture":"#texture"}}},{"from":[3,16,3],"to":[4,17,14],"faces":{"up":{"uv":[9,6.5,9.5,7],"texture":"#texture"},"north":{"uv":[9,6.5,9.5,7],"texture":"#texture"},"south":{"uv":[9,6.5,9.5,7],"texture":"#texture"},"west":{"uv":[9,6.5,10,7],"texture":"#texture"}}},{"from":[7,18,3],"to":[9,19,13],"faces":{"up":{"uv":[5,0,5.5,0.5],"texture":"#texture"},"north":{"uv":[5,0.5,5.5,1],"texture":"#texture"},"south":{"uv":[5,0.5,5.5,1],"texture":"#texture"},"west":{"uv":[4,0.5,4.5,1],"texture":"#texture"},"east":{"uv":[4,0.5,4.5,1],"texture":"#texture"}}},{"from":[3,15,2],"to":[4,16,15],"faces":{"down":{"uv":[2.5,0,3,0.5],"texture":"#texture"},"up":{"uv":[2.5,0,3,0.5],"texture":"#texture"},"north":{"uv":[3,0,3.5,0.5],"texture":"#texture"},"south":{"uv":[3,0,3.5,0.5],"texture":"#texture"},"west":{"uv":[2.5,0,3,0.5],"texture":"#texture"}}},{"from":[3,17,4],"to":[5,18,13],"faces":{"down":{"uv":[10.5,7.5,11.5,8],"texture":"#texture"},"up":{"uv":[10.5,7.5,11.5,8],"texture":"#texture"},"north":{"uv":[10.5,7,11.5,7.5],"texture":"#texture"},"south":{"uv":[10.5,7,11.5,7.5],"texture":"#texture"},"west":{"uv":[10.5,7,11.5,7.5],"texture":"#texture"}}},{"from":[2,17,5],"to":[3,18,12],"faces":{"up":{"uv":[11,7,11.5,7.5],"texture":"#texture"},"north":{"uv":[9,6.5,10,7],"texture":"#texture"},"south":{"uv":[9,6.5,10,7],"texture":"#texture"},"west":{"uv":[9,6.5,10,7],"texture":"#texture"}}},{"from":[2,16,4],"to":[3,17,13],"faces":{"up":{"uv":[9,7,9.5,7.5],"texture":"#texture"},"north":{"uv":[9,7.5,9.5,8],"texture":"#texture"},"south":{"uv":[9,7.5,9.5,8],"texture":"#texture"},"west":{"uv":[9.5,7,12,7.5],"texture":"#texture"}}},{"from":[2,15,3],"to":[3,16,14],"faces":{"down":{"uv":[2.5,0,3,0.5],"texture":"#texture"},"up":{"uv":[2.5,0,3,0.5],"texture":"#texture"},"north":{"uv":[2.5,0,3,0.5],"texture":"#texture"},"south":{"uv":[2.5,0,3,0.5],"texture":"#texture"},"west":{"uv":[1,1,4.5,1.5],"texture":"#texture"}}},{"from":[4,15,1],"to":[5,16,16],"faces":{"down":{"uv":[3,1,3.5,1.5],"texture":"#texture"},"up":{"uv":[3,1,3.5,1.5],"texture":"#texture"},"north":{"uv":[3.5,1,4.5,1.5],"texture":"#texture"},"south":{"uv":[3.5,1,4.5,1.5],"texture":"#texture"},"west":{"uv":[2.5,1.5,3,2],"texture":"#texture"}}},{"from":[4,16,2],"to":[6,17,15],"faces":{"down":{"uv":[9,6.5,10,8.5],"texture":"#texture"},"up":{"uv":[9,6.5,10,8.5],"texture":"#texture"},"north":{"uv":[9.5,6.5,11.5,7],"texture":"#texture"},"south":{"uv":[9.5,6.5,11.5,7],"texture":"#texture"},"west":{"uv":[9.5,6.5,11,7],"texture":"#texture"}}},{"from":[5,17,3],"to":[7,18,14],"faces":{"down":{"uv":[9,6.5,9.5,7],"texture":"#texture"},"up":{"uv":[9,6.5,9.5,7],"texture":"#texture"},"north":{"uv":[9,6.5,10,7],"texture":"#texture"},"south":{"uv":[9,6.5,10,7],"texture":"#texture"},"west":{"uv":[10.5,6.5,11,7],"texture":"#texture"}}},{"from":[5,15,0],"to":[11,16,16],"faces":{"down":{"uv":[2.5,1.5,3,2],"texture":"#texture"},"up":{"uv":[2.5,1.5,3,2],"texture":"#texture"},"north":{"uv":[3.5,1.5,5,2],"texture":"#texture"},"south":{"uv":[3.5,1.5,5,2],"texture":"#texture"},"west":{"uv":[2.5,1.5,4,2],"texture":"#texture"},"east":{"uv":[2.5,1.5,4,2],"texture":"#texture"}}},{"from":[6,16,1],"to":[10,17,15],"faces":{"up":{"uv":[4,0.5,5,1],"texture":"#texture"},"north":{"uv":[3.5,0.5,4.5,1],"texture":"#texture"},"south":{"uv":[3.5,0.5,4.5,1],"texture":"#texture"},"west":{"uv":[3.5,0.5,4.5,1],"texture":"#texture"},"east":{"uv":[3.5,0.5,4.5,1],"texture":"#texture"}}},{"from":[7,17,2],"to":[9,18,14],"faces":{"up":{"uv":[10,7,10.5,7.5],"texture":"#texture"},"north":{"uv":[9.5,6.5,10,7],"texture":"#texture"},"south":{"uv":[9.5,6.5,10,7],"texture":"#texture"},"west":{"uv":[2,1,2.5,1.5],"texture":"#texture"},"east":{"uv":[2,1,2.5,1.5],"texture":"#texture"}}},{"from":[5,18,4],"to":[7,19,12],"faces":{"up":{"uv":[3.5,0,4.5,0.5],"texture":"#texture"},"north":{"uv":[3,0,4,0.5],"texture":"#texture"},"south":{"uv":[3,0,4,0.5],"texture":"#texture"},"west":{"uv":[3.5,0,4.5,0.5],"texture":"#texture"}}},{"from":[4,18,6],"to":[5,19,10],"faces":{"up":{"uv":[2.5,0,3.5,0.5],"texture":"#texture"},"north":{"uv":[3,0,3.5,0.5],"texture":"#texture"},"south":{"uv":[3,0,3.5,0.5],"texture":"#texture"},"west":{"uv":[2.5,0,4,0.5],"texture":"#texture"}}},{"from":[4,12,0],"to":[8,15,1],"faces":{"up":{"uv":[7.5,9.5,8,10],"texture":"#texture"},"north":{"uv":[7.5,10,8,10.5],"texture":"#texture"},"west":{"uv":[8,10,8.5,10.5],"texture":"#texture"}}},{"from":[5,10,1],"to":[6,11,2],"faces":{"south":{"uv":[9,6.5,10,7.5],"texture":"#texture"},"east":{"uv":[9,6.5,10,7.5],"texture":"#texture"}}},{"from":[2,11,1],"to":[8,15,3],"faces":{"down":{"uv":[7,9.5,7.5,10],"texture":"#texture"},"up":{"uv":[7,9.5,7.5,10],"texture":"#texture"},"north":{"uv":[7,9.5,7.5,10],"texture":"#texture"},"south":{"uv":[7,9.5,7.5,10],"texture":"#texture"},"west":{"uv":[7,9.5,7.5,10],"texture":"#texture"}}},{"from":[6,5,-1],"to":[8,6,0],"faces":{"down":{"uv":[6.5,13,7,13.5],"texture":"#texture"},"north":{"uv":[6.5,13,7,13.5],"texture":"#texture"},"south":{"uv":[6.5,13,7,13.5],"texture":"#texture"},"west":{"uv":[6.5,13,7,13.5],"texture":"#texture"}}},{"from":[6,4,-1],"to":[7,5,0],"faces":{"down":{"uv":[6.5,13.5,7,14],"texture":"#texture"},"north":{"uv":[6.5,13.5,7,14],"texture":"#texture"},"south":{"uv":[6.5,13.5,7,14],"texture":"#texture"},"west":{"uv":[6.5,13.5,7,14],"texture":"#texture"},"east":{"uv":[6.5,13.5,7,14],"texture":"#texture"}}},{"from":[7,7,-1],"to":[9,8,0],"faces":{"up":{"uv":[6.5,12,7,12.5],"texture":"#texture"},"north":{"uv":[6.5,12,7,12.5],"texture":"#texture"},"south":{"uv":[6.5,12,7,12.5],"texture":"#texture"},"west":{"uv":[6.5,12,7,12.5],"texture":"#texture"},"east":{"uv":[6.5,12,7,12.5],"texture":"#texture"}}},{"from":[-1,6,6],"to":[0,7,12],"faces":{"up":{"uv":[10,12.5,13,13],"rotation":90,"texture":"#texture"},"north":{"uv":[0,6,0.5,6.5],"texture":"#texture"},"south":{"uv":[0,6,0.5,6.5],"texture":"#texture"},"west":{"uv":[10,12.5,13,13],"texture":"#texture"}}},{"from":[9,4,16.5],"to":[10,5,17.5],"faces":{"down":{"uv":[4,6.5,5,7],"texture":"#texture"},"up":{"uv":[4,6.5,5,7],"texture":"#texture"},"north":{"uv":[4,6.5,5,7],"texture":"#texture"},"south":{"uv":[4,6.5,5,7],"texture":"#texture"},"west":{"uv":[4,6.5,4.5,7],"texture":"#texture"}}},{"from":[9,10,15],"to":[10,11,16],"faces":{"up":{"uv":[3.5,4,4,4.5],"texture":"#texture"},"north":{"uv":[3.5,4,4,4.5],"texture":"#texture"},"south":{"uv":[3.5,4,4,4.5],"texture":"#texture"},"east":{"uv":[3.5,4,4,4.5],"texture":"#texture"}}},{"from":[10,8,15],"to":[12,9,17],"faces":{"down":{"uv":[2.5,5,3.5,5.5],"texture":"#texture"},"up":{"uv":[2.5,5,3.5,5.5],"texture":"#texture"},"north":{"uv":[2.5,5,3.5,5.5],"texture":"#texture"},"south":{"uv":[2.5,5,3.5,5.5],"texture":"#texture"},"west":{"uv":[2.5,5,3.5,5.5],"texture":"#texture"},"east":{"uv":[2.5,5,3.5,5.5],"texture":"#texture"}}},{"from":[9,7,16],"to":[11,8,17],"faces":{"down":{"uv":[3,5.5,4,6],"texture":"#texture"},"up":{"uv":[3,5.5,4,6],"texture":"#texture"},"north":{"uv":[3,5.5,4,6],"texture":"#texture"},"south":{"uv":[4,5.5,3,6],"texture":"#texture"},"west":{"uv":[3,5.5,3.5,6],"texture":"#texture"}}},{"from":[11,7,15],"to":[12,8,18],"faces":{"down":{"uv":[2,5.5,3,6],"texture":"#texture"},"up":{"uv":[2,5.5,3,6],"texture":"#texture"},"north":{"uv":[2.5,5.5,3,6],"texture":"#texture"},"south":{"uv":[2.5,5.5,3,6],"texture":"#texture"},"west":{"uv":[2,5.5,3,6],"texture":"#texture"},"east":{"uv":[2,5.5,3,6],"texture":"#texture"}}},{"from":[12,7,14],"to":[14,8,17],"faces":{"up":{"uv":[1.5,5.5,2.5,6],"texture":"#texture"},"north":{"uv":[2.5,5.5,1.5,6],"texture":"#texture"},"south":{"uv":[1.5,5.5,2.5,6],"texture":"#texture"},"west":{"uv":[1.5,5.5,2.5,6],"texture":"#texture"},"east":{"uv":[1.5,5.5,2.5,6],"texture":"#texture"}}},{"from":[12,8,14.5],"to":[14,9,16.5],"faces":{"up":{"uv":[1.5,5,2.5,5.5],"texture":"#texture"},"north":{"uv":[1.5,5,2.5,5.5],"texture":"#texture"},"south":{"uv":[2.5,5,1.5,5.5],"texture":"#texture"},"west":{"uv":[1.5,5,2,5.5],"texture":"#texture"},"east":{"uv":[2,5,2.5,5.5],"texture":"#texture"}}},{"from":[9,5,17],"to":[10,7,18],"faces":{"down":{"uv":[3,6,4,6.5],"texture":"#texture"},"up":{"uv":[3,6,4,6.5],"texture":"#texture"},"north":{"uv":[3.5,6,4,7],"texture":"#texture"},"south":{"uv":[3.5,6,4,7],"texture":"#texture"},"west":{"uv":[3.5,6,4,7],"texture":"#texture"}}},{"from":[10,3,16],"to":[12,7,18],"faces":{"down":{"uv":[2.5,6,3.5,6.5],"texture":"#texture"},"up":{"uv":[2.5,6,3.5,6.5],"texture":"#texture"},"north":{"uv":[2.5,6,3.5,8],"texture":"#texture"},"south":{"uv":[2.5,6,3.5,8],"texture":"#texture"},"west":{"uv":[2.5,6,3,8],"texture":"#texture"},"east":{"uv":[3,6,3.5,8],"texture":"#texture"}}},{"from":[9,1,15],"to":[10,2,16],"faces":{"down":{"uv":[3.5,8.5,4,9],"texture":"#texture"},"north":{"uv":[3.5,8.5,4,9],"texture":"#texture"},"south":{"uv":[3.5,8.5,4,9],"texture":"#texture"},"west":{"uv":[3.5,8.5,4,9],"texture":"#texture"}}},{"from":[10,2,8],"to":[11,3,17],"faces":{"down":{"uv":[3,8,3.5,8.5],"texture":"#texture"},"up":{"uv":[3,8,3.5,8.5],"texture":"#texture"},"north":{"uv":[3,8,3.5,8.5],"texture":"#texture"},"south":{"uv":[3,8,3.5,8.5],"texture":"#texture"},"west":{"uv":[3,8,3.5,8.5],"texture":"#texture"}}},{"from":[10,1,9],"to":[11,2,16],"faces":{"down":{"uv":[3,8.5,3.5,9],"texture":"#texture"},"north":{"uv":[3,8.5,3.5,9],"texture":"#texture"},"south":{"uv":[3,8.5,3.5,9],"texture":"#texture"},"west":{"uv":[3,8.5,3.5,9],"texture":"#texture"}}},{"from":[11,2,8],"to":[12,3,17],"faces":{"down":{"uv":[15.5,14.5,11,15],"rotation":90,"texture":"#texture"},"up":{"uv":[11,14.5,15.5,15],"rotation":180,"texture":"#texture"},"north":{"uv":[1.5,8,2,8.5],"texture":"#texture"},"south":{"uv":[2.5,8,3,8.5],"texture":"#texture"}}},{"from":[11,1,9],"to":[12,2,16],"faces":{"down":{"uv":[15,15,11.5,15.5],"rotation":90,"texture":"#texture"},"north":{"uv":[1.5,8.5,2,9],"texture":"#texture"},"south":{"uv":[2.5,8.5,3,9],"texture":"#texture"}}},{"from":[12,2,8],"to":[13,3,17],"faces":{"down":{"uv":[2,8,2.5,8.5],"texture":"#texture"},"up":{"uv":[2,8,2.5,8.5],"texture":"#texture"},"north":{"uv":[1.5,8,2,8.5],"texture":"#texture"},"south":{"uv":[2,8,2.5,8.5],"texture":"#texture"},"east":{"uv":[15.5,14.5,11,15],"texture":"#texture"}}},{"from":[13,2,8],"to":[14,3,16],"faces":{"down":{"uv":[1.5,8,2,8.5],"texture":"#texture"},"up":{"uv":[1.5,8,2,8.5],"texture":"#texture"},"north":{"uv":[1.5,8,2,8.5],"texture":"#texture"},"south":{"uv":[1.5,8,2,8.5],"texture":"#texture"},"east":{"uv":[15,14.5,11,15],"texture":"#texture"}}},{"from":[14,2,9],"to":[15,3,15],"faces":{"down":{"uv":[11.5,14.5,14.5,15],"rotation":270,"texture":"#texture"},"up":{"uv":[11.5,14.5,14.5,15],"rotation":90,"texture":"#texture"},"north":{"uv":[1,8,1.5,8.5],"texture":"#texture"},"south":{"uv":[1,8,1.5,8.5],"texture":"#texture"},"east":{"uv":[14.5,14.5,11.5,15],"texture":"#texture"}}},{"from":[15,2,10],"to":[16,3,14],"faces":{"down":{"uv":[12,14.5,14,15],"texture":"#texture"},"north":{"uv":[0.5,8,1,8.5],"texture":"#texture"},"south":{"uv":[0.5,8,1,8.5],"texture":"#texture"},"east":{"uv":[14,14.5,12,15],"texture":"#texture"}}},{"from":[13,1,9],"to":[14,2,15],"faces":{"down":{"uv":[1.5,8.5,2,9],"texture":"#texture"},"north":{"uv":[1.5,8.5,2,9],"texture":"#texture"},"south":{"uv":[1.5,8.5,2,9],"texture":"#texture"},"east":{"uv":[14.5,15,11.5,15.5],"texture":"#texture"}}},{"from":[12,1,9],"to":[13,2,16],"faces":{"down":{"uv":[2,8.5,2.5,9],"texture":"#texture"},"north":{"uv":[1.5,8.5,2,9],"texture":"#texture"},"south":{"uv":[2,8.5,2.5,9],"texture":"#texture"},"east":{"uv":[15,15,11.5,15.5],"texture":"#texture"}}},{"from":[14,1,10],"to":[15,2,14],"faces":{"down":{"uv":[12,15,14,15.5],"rotation":90,"texture":"#texture"},"north":{"uv":[1,8.5,1.5,9],"texture":"#texture"},"south":{"uv":[1,8.5,1.5,9],"texture":"#texture"},"east":{"uv":[14,15,12,15.5],"texture":"#texture"}}},{"from":[15,1,11],"to":[16,2,13],"faces":{"down":{"uv":[13.5,15,12.5,15.5],"rotation":90,"texture":"#texture"},"north":{"uv":[0.5,8.5,1,9],"texture":"#texture"},"south":{"uv":[0.5,8.5,1,9],"texture":"#texture"},"east":{"uv":[13.5,15,12.5,15.5],"texture":"#texture"}}},{"from":[10,0,13],"to":[13,1,14],"faces":{"down":{"uv":[12.5,15.5,14,16],"texture":"#texture"},"up":{"uv":[12.5,15.5,14,16],"texture":"#texture"},"south":{"uv":[3.5,9,2,9.5],"texture":"#texture"},"west":{"uv":[13,15.5,13.5,16],"texture":"#texture"},"east":{"uv":[13,15.5,13.5,16],"texture":"#texture"}}},{"from":[10,0,10],"to":[14,1,13],"faces":{"down":{"uv":[1.5,9,3.5,9.5],"texture":"#texture"},"up":{"uv":[1.5,9,3.5,9.5],"texture":"#texture"},"north":{"uv":[1.5,9,3.5,9.5],"texture":"#texture"},"south":{"uv":[3.5,9,1.5,9.5],"texture":"#texture"},"west":{"uv":[12,15.5,14,16],"texture":"#texture"},"east":{"uv":[12,15.5,14,16],"texture":"#texture"}}},{"from":[14,0,11],"to":[15,1,13],"faces":{"down":{"uv":[12.5,15.5,13.5,16],"texture":"#texture"},"north":{"uv":[12.5,15.5,13.5,16],"texture":"#texture"},"south":{"uv":[12.5,15.5,13.5,16],"texture":"#texture"},"east":{"uv":[12,15.5,13.5,16],"texture":"#texture"}}},{"from":[12,3,14],"to":[15,7,17],"faces":{"down":{"uv":[0.5,7.5,2,8],"texture":"#texture"},"up":{"uv":[0.5,6,2,6.5],"texture":"#texture"},"north":{"uv":[1,6,2.5,8],"texture":"#texture"},"south":{"uv":[2.5,6,1,8],"texture":"#texture"},"west":{"uv":[0.5,6,1,8],"texture":"#texture"},"east":{"uv":[0.5,6,1,8],"texture":"#texture"}}},{"from":[15,3,2],"to":[16,7,15],"faces":{"down":{"uv":[15,8,8.5,8.5],"rotation":90,"texture":"#texture"},"up":{"uv":[8.5,8,15,8.5],"rotation":90,"texture":"#texture"},"north":{"uv":[7,12.5,7.5,14.5],"texture":"#texture"},"south":{"uv":[0.5,6,1,8],"texture":"#texture"},"west":{"uv":[8,12.5,14.5,14.5],"texture":"#texture"},"east":{"uv":[14.5,12.5,8,14.5],"texture":"#texture"}}},{"from":[16,4,5],"to":[17,6,13],"faces":{"down":{"uv":[13.5,13.5,9.5,14],"rotation":90,"texture":"#texture"},"up":{"uv":[9.5,13,13.5,13.5],"rotation":90,"texture":"#texture"},"north":{"uv":[0,6.5,0.5,7.5],"texture":"#texture"},"south":{"uv":[0,6.5,0.5,7.5],"texture":"#texture"},"east":{"uv":[13.5,13,9.5,14],"texture":"#texture"}}},{"from":[16,3,6],"to":[17,4,12],"faces":{"down":{"uv":[13,14,10,14.5],"rotation":90,"texture":"#texture"},"north":{"uv":[0,7.5,0.5,8],"texture":"#texture"},"south":{"uv":[0,7.5,0.5,8],"texture":"#texture"},"east":{"uv":[13,14,10,14.5],"texture":"#texture"}}},{"from":[16,6,6],"to":[17,7,12],"faces":{"up":{"uv":[10,12.5,13,13],"rotation":90,"texture":"#texture"},"north":{"uv":[0,6,0.5,6.5],"texture":"#texture"},"south":{"uv":[0,6,0.5,6.5],"texture":"#texture"},"east":{"uv":[13,12.5,10,13],"texture":"#texture"}}},{"from":[12,3,1],"to":[15,8,3],"faces":{"down":{"uv":[7,11,8,11.5],"texture":"#texture"},"up":{"uv":[7,11,8,11.5],"texture":"#texture"},"north":{"uv":[7,12,8,14.5],"texture":"#texture"},"south":{"uv":[7,12,8,14.5],"texture":"#texture"},"west":{"uv":[7,12,8,14.5],"texture":"#texture"},"east":{"uv":[7,12,8,14.5],"texture":"#texture"}}},{"from":[15,7,3],"to":[16,8,14],"faces":{"north":{"uv":[0.5,6,1,6.5],"texture":"#texture"},"south":{"uv":[0.5,5,1,5.5],"texture":"#texture"},"east":{"uv":[14,12,8.5,12.5],"texture":"#texture"}}},{"from":[14,7,2],"to":[15,8,16],"faces":{"down":{"uv":[15,12,8,12.5],"rotation":90,"texture":"#texture"},"north":{"uv":[1,5.5,1.5,6],"texture":"#texture"},"south":{"uv":[1,5.5,1.5,6],"texture":"#texture"},"west":{"uv":[8,12,15,12.5],"texture":"#texture"},"east":{"uv":[15,12,8,12.5],"texture":"#texture"}}},{"from":[8,5,-1],"to":[10,6,0],"faces":{"down":{"uv":[6.5,13,7,13.5],"texture":"#texture"},"north":{"uv":[6.5,13,7,13.5],"texture":"#texture"},"south":{"uv":[6.5,13,7,13.5],"texture":"#texture"},"east":{"uv":[6.5,13,7,13.5],"texture":"#texture"}}},{"from":[9,4,-1],"to":[10,5,0],"faces":{"down":{"uv":[6.5,13.5,7,14],"texture":"#texture"},"north":{"uv":[6.5,13.5,7,14],"texture":"#texture"},"south":{"uv":[6.5,13.5,7,14],"texture":"#texture"},"west":{"uv":[6.5,13.5,7,14],"texture":"#texture"},"east":{"uv":[6.5,13.5,7,14],"texture":"#texture"}}},{"from":[14,8,2],"to":[15,9,16],"faces":{"up":{"uv":[8,11.5,15,12],"rotation":90,"texture":"#texture"},"north":{"uv":[0.5,5,1,5.5],"texture":"#texture"},"south":{"uv":[1,5,1.5,5.5],"texture":"#texture"},"west":{"uv":[8,11.5,15,12],"texture":"#texture"},"east":{"uv":[15,11.5,8,12],"texture":"#texture"}}},{"from":[13,9,15],"to":[14,10,16],"faces":{"up":{"uv":[1.5,4.5,2,5],"texture":"#texture"},"north":{"uv":[1.5,4.5,2,5],"texture":"#texture"},"south":{"uv":[1.5,4.5,2,5],"texture":"#texture"},"west":{"uv":[1.5,4.5,2,5],"texture":"#texture"},"east":{"uv":[1.5,4.5,2,5],"texture":"#texture"}}},{"from":[14,9,2],"to":[15,10,15],"faces":{"up":{"uv":[8,11,14.5,11.5],"rotation":90,"texture":"#texture"},"north":{"uv":[1,4.5,1.5,5],"texture":"#texture"},"south":{"uv":[1,4.5,1.5,5],"texture":"#texture"},"west":{"uv":[8,11,14.5,11.5],"texture":"#texture"},"east":{"uv":[14.5,11,8,11.5],"texture":"#texture"}}},{"from":[15,9,3],"to":[16,10,14],"faces":{"up":{"uv":[14,11,8.5,11.5],"rotation":270,"texture":"#texture"},"north":{"uv":[1,4.5,1.5,5],"texture":"#texture"},"south":{"uv":[1,4.5,1.5,5],"texture":"#texture"},"east":{"uv":[14,11,8.5,11.5],"texture":"#texture"}}},{"from":[15,8,3],"to":[16,9,14],"faces":{"north":{"uv":[0.5,5,1,5.5],"texture":"#texture"},"south":{"uv":[0.5,5,1,5.5],"texture":"#texture"},"east":{"uv":[14,11.5,8.5,12],"texture":"#texture"}}},{"from":[15,10,3],"to":[16,11,13],"faces":{"up":{"uv":[8.5,10.5,13.5,11],"rotation":90,"texture":"#texture"},"north":{"uv":[1,4,1.5,4.5],"texture":"#texture"},"south":{"uv":[0.5,4,1,4.5],"texture":"#texture"},"east":{"uv":[13.5,10.5,8.5,11],"texture":"#texture"}}},{"from":[14,10,2],"to":[15,11,13],"faces":{"up":{"uv":[7.5,10.5,14,11],"rotation":90,"texture":"#texture"},"north":{"uv":[1,4,1.5,4.5],"texture":"#texture"},"south":{"uv":[0.5,4,1,4.5],"texture":"#texture"},"west":{"uv":[7.5,10.5,14,11],"texture":"#texture"},"east":{"uv":[14,10.5,7.5,11],"texture":"#texture"}}},{"from":[13,10,13],"to":[14,11,15],"faces":{"down":{"uv":[1.5,4,2,4.5],"texture":"#texture"},"north":{"uv":[1.5,4,2,4.5],"texture":"#texture"},"south":{"uv":[1.5,4,2,4.5],"texture":"#texture"},"west":{"uv":[1.5,4,2,4.5],"texture":"#texture"},"east":{"uv":[1.5,4,2,4.5],"texture":"#texture"}}},{"from":[14,11,2],"to":[15,12,12],"faces":{"up":{"uv":[8,10,13,10.5],"rotation":90,"texture":"#texture"},"north":{"uv":[0.5,3.5,1,4],"texture":"#texture"},"west":{"uv":[8,10,13,10.5],"texture":"#texture"},"east":{"uv":[13,10,8,10.5],"texture":"#texture"}}},{"from":[15,11,4],"to":[16,12,12],"faces":{"up":{"uv":[9,10,13,10.5],"rotation":90,"texture":"#texture"},"north":{"uv":[7.5,10,8,10.5],"texture":"#texture"},"south":{"uv":[12.5,10,13,10.5],"texture":"#texture"},"east":{"uv":[13,10,9,10.5],"texture":"#texture"}}},{"from":[14,12,2],"to":[15,14,4],"faces":{"up":{"uv":[8.5,9.5,9,10.5],"texture":"#texture"},"north":{"uv":[8,9.5,8.5,10.5],"texture":"#texture"},"south":{"uv":[8,9.5,8.5,10.5],"texture":"#texture"},"west":{"uv":[8,9.5,9,10.5],"texture":"#texture"},"east":{"uv":[8,9.5,9,10.5],"texture":"#texture"}}},{"from":[15,12,4],"to":[16,14,8],"faces":{"up":{"uv":[9,9,11,9.5],"texture":"#texture"},"north":{"uv":[9,9,9.5,10],"texture":"#texture"},"south":{"uv":[10.5,9,11,10],"texture":"#texture"},"west":{"uv":[9,9,11,10],"texture":"#texture"},"east":{"uv":[11,9,9,10],"texture":"#texture"}}},{"from":[11,14,12],"to":[14,15,15],"faces":{"down":{"uv":[0.5,2,1,2.5],"texture":"#texture"},"up":{"uv":[0.5,2,1,2.5],"texture":"#texture"},"north":{"uv":[0.5,2,2,2.5],"texture":"#texture"},"south":{"uv":[0.5,2,2,2.5],"texture":"#texture"},"west":{"uv":[0.5,2,2,2.5],"texture":"#texture"},"east":{"uv":[0.5,2,2,2.5],"texture":"#texture"}}},{"from":[14,14,3],"to":[15,15,13],"faces":{"down":{"uv":[13.5,8.5,9,9],"rotation":90,"texture":"#texture"},"up":{"uv":[9,8.5,13.5,9],"rotation":90,"texture":"#texture"},"north":{"uv":[8.5,8,9,8.5],"texture":"#texture"},"south":{"uv":[0.5,2,1,2.5],"texture":"#texture"},"west":{"uv":[9,8.5,13.5,9],"texture":"#texture"},"east":{"uv":[13.5,8.5,9,9],"texture":"#texture"}}},{"from":[15,14,5],"to":[16,15,12],"faces":{"down":{"uv":[13,8.5,9.5,9],"rotation":90,"texture":"#texture"},"up":{"uv":[9.5,8.5,13,9],"rotation":90,"texture":"#texture"},"north":{"uv":[9,8.5,9.5,9],"texture":"#texture"},"south":{"uv":[0.5,2.5,1,3],"texture":"#texture"},"east":{"uv":[13,8.5,9.5,9],"texture":"#texture"}}},{"from":[11,15,1],"to":[12,16,16],"faces":{"down":{"uv":[3,1,3.5,1.5],"texture":"#texture"},"up":{"uv":[3,1,3.5,1.5],"texture":"#texture"},"north":{"uv":[3.5,1,4.5,1.5],"texture":"#texture"},"south":{"uv":[3.5,1,4.5,1.5],"texture":"#texture"},"east":{"uv":[2.5,1.5,3,2],"texture":"#texture"}}},{"from":[12,15,2],"to":[13,16,15],"faces":{"down":{"uv":[2.5,0,3,0.5],"texture":"#texture"},"up":{"uv":[2.5,0,3,0.5],"texture":"#texture"},"north":{"uv":[3,0,3.5,0.5],"texture":"#texture"},"south":{"uv":[3,0,3.5,0.5],"texture":"#texture"},"east":{"uv":[2.5,0,3,0.5],"texture":"#texture"}}},{"from":[13,15,3],"to":[14,16,14],"faces":{"down":{"uv":[2.5,0,3,0.5],"texture":"#texture"},"up":{"uv":[2.5,0,3,0.5],"texture":"#texture"},"north":{"uv":[2.5,0,3,0.5],"texture":"#texture"},"south":{"uv":[2.5,0,3,0.5],"texture":"#texture"},"east":{"uv":[1,1,4.5,1.5],"texture":"#texture"}}},{"from":[14,15,5],"to":[15,16,12],"faces":{"up":{"uv":[2.5,0,3,0.5],"texture":"#texture"},"north":{"uv":[2.5,0,3,0.5],"texture":"#texture"},"south":{"uv":[2.5,0,3,0.5],"texture":"#texture"},"east":{"uv":[1.5,0.5,5,1],"texture":"#texture"}}},{"from":[15,15,6],"to":[16,16,11],"faces":{"up":{"uv":[10.5,8,13,8.5],"rotation":90,"texture":"#texture"},"north":{"uv":[10.5,8,11,8.5],"texture":"#texture"},"south":{"uv":[12.5,8,13,8.5],"texture":"#texture"},"east":{"uv":[13,8,10.5,8.5],"texture":"#texture"}}},{"from":[10,16,2],"to":[12,17,15],"faces":{"down":{"uv":[9,6.5,10,8.5],"texture":"#texture"},"up":{"uv":[9,6.5,10,8.5],"texture":"#texture"},"north":{"uv":[9.5,6.5,11.5,7],"texture":"#texture"},"south":{"uv":[9.5,6.5,11.5,7],"texture":"#texture"},"east":{"uv":[9.5,6.5,11,7],"texture":"#texture"}}},{"from":[12,16,3],"to":[13,17,14],"faces":{"up":{"uv":[9,6.5,9.5,7],"texture":"#texture"},"north":{"uv":[9,6.5,9.5,7],"texture":"#texture"},"south":{"uv":[9,6.5,9.5,7],"texture":"#texture"},"east":{"uv":[9,6.5,10,7],"texture":"#texture"}}},{"from":[13,16,4],"to":[14,17,13],"faces":{"up":{"uv":[9,7,9.5,7.5],"texture":"#texture"},"north":{"uv":[9,7.5,9.5,8],"texture":"#texture"},"south":{"uv":[9,7.5,9.5,8],"texture":"#texture"},"east":{"uv":[9.5,7,12,7.5],"texture":"#texture"}}},{"from":[14,16,6],"to":[15,17,11],"faces":{"up":{"uv":[9.5,6.5,10,7],"texture":"#texture"},"north":{"uv":[9,7,10,7.5],"texture":"#texture"},"south":{"uv":[9,7,10,7.5],"texture":"#texture"},"east":{"uv":[9,7,11.5,7.5],"texture":"#texture"}}},{"from":[9,17,3],"to":[11,18,14],"faces":{"down":{"uv":[9,6.5,9.5,7],"texture":"#texture"},"up":{"uv":[9,6.5,9.5,7],"texture":"#texture"},"north":{"uv":[9,6.5,10,7],"texture":"#texture"},"south":{"uv":[9,6.5,10,7],"texture":"#texture"},"east":{"uv":[10.5,6.5,11,7],"texture":"#texture"}}},{"from":[11,17,4],"to":[13,18,13],"faces":{"down":{"uv":[10.5,7.5,11.5,8],"texture":"#texture"},"up":{"uv":[10.5,7.5,11.5,8],"texture":"#texture"},"north":{"uv":[10.5,7,11.5,7.5],"texture":"#texture"},"south":{"uv":[10.5,7,11.5,7.5],"texture":"#texture"},"east":{"uv":[10.5,7,11.5,7.5],"texture":"#texture"}}},{"from":[13,17,5],"to":[14,18,12],"faces":{"up":{"uv":[11,7,11.5,7.5],"texture":"#texture"},"north":{"uv":[9,6.5,10,7],"texture":"#texture"},"south":{"uv":[9,6.5,10,7],"texture":"#texture"},"east":{"uv":[9,6.5,10,7],"texture":"#texture"}}},{"from":[9,18,4],"to":[11,19,12],"faces":{"up":{"uv":[3.5,0,4.5,0.5],"texture":"#texture"},"north":{"uv":[3,0,4,0.5],"texture":"#texture"},"south":{"uv":[3,0,4,0.5],"texture":"#texture"},"east":{"uv":[3.5,0,4.5,0.5],"texture":"#texture"}}},{"from":[11,18,6],"to":[12,19,10],"faces":{"up":{"uv":[2.5,0,3.5,0.5],"texture":"#texture"},"north":{"uv":[3,0,3.5,0.5],"texture":"#texture"},"south":{"uv":[3,0,3.5,0.5],"texture":"#texture"},"east":{"uv":[2.5,0,4,0.5],"texture":"#texture"}}},{"from":[10,3,0],"to":[12,7,2],"faces":{"down":{"uv":[7,14,8,14.5],"texture":"#texture"},"north":{"uv":[8,12.5,7,14.5],"texture":"#texture"},"south":{"uv":[8,12.5,7,14.5],"texture":"#texture"},"west":{"uv":[7,12.5,7.5,14.5],"texture":"#texture"},"east":{"uv":[7,12.5,7.5,14.5],"texture":"#texture"}}},{"from":[8,10,0],"to":[13,12,1],"faces":{"up":{"uv":[7,10,7.5,10.5],"texture":"#texture"},"north":{"uv":[7,10,7.5,11],"texture":"#texture"},"south":{"uv":[7,10.5,7.5,11.5],"texture":"#texture"},"east":{"uv":[7,10.5,7.5,11.5],"texture":"#texture"}}},{"from":[8,11,1],"to":[14,15,3],"faces":{"down":{"uv":[7,9.5,7.5,10],"texture":"#texture"},"up":{"uv":[7,9.5,7.5,10],"texture":"#texture"},"north":{"uv":[7,9.5,7.5,10],"texture":"#texture"},"south":{"uv":[7,9.5,7.5,10],"texture":"#texture"},"east":{"uv":[7,9.5,7.5,10],"texture":"#texture"}}},{"from":[8,12,0],"to":[12,15,1],"faces":{"up":{"uv":[7.5,9.5,8,10],"texture":"#texture"},"north":{"uv":[7.5,10,8,10.5],"texture":"#texture"},"east":{"uv":[8,10,8.5,10.5],"texture":"#texture"}}},{"from":[8,8,0],"to":[13,10,2],"faces":{"down":{"uv":[7,11.5,7.5,12],"texture":"#texture"},"up":{"uv":[7,11.5,7.5,12],"texture":"#texture"},"north":{"uv":[7,10.5,7.5,11],"texture":"#texture"},"south":{"uv":[7,10.5,7.5,11],"texture":"#texture"},"east":{"uv":[7,11,7.5,11.5],"texture":"#texture"}}},{"from":[9,7,0],"to":[12,8,3],"faces":{"down":{"uv":[6.5,12,8,12.5],"texture":"#texture"},"up":{"uv":[6.5,12,8,12.5],"texture":"#texture"},"north":{"uv":[6.5,12,8,12.5],"texture":"#texture"},"south":{"uv":[6.5,12,8,12.5],"texture":"#texture"},"west":{"uv":[6.5,12,8,12.5],"texture":"#texture"},"east":{"uv":[6.5,12,8,12.5],"texture":"#texture"}}},{"from":[11,8,1],"to":[14,11,3],"faces":{"down":{"uv":[7.5,10.5,8,11],"texture":"#texture"},"north":{"uv":[7.5,11,8,11.5],"texture":"#texture"},"south":{"uv":[7.5,11,8,11.5],"texture":"#texture"},"west":{"uv":[7.5,11,8,11.5],"texture":"#texture"},"east":{"uv":[7.5,11,8,11.5],"texture":"#texture"}}},{"from":[2,11,13],"to":[3,14,15],"faces":{"north":{"uv":[13.5,9,14,10.5],"texture":"#texture"},"south":{"uv":[14,9,14.5,10.5],"texture":"#texture"},"west":{"uv":[13.5,9,14.5,10.5],"texture":"#texture"},"east":{"uv":[14.5,9,13.5,10.5],"texture":"#texture"}}},{"from":[1,11,12],"to":[2,14,13],"faces":{"north":{"uv":[13.5,9,14,10.5],"texture":"#texture"},"south":{"uv":[13.5,9,14,10.5],"texture":"#texture"},"west":{"uv":[13.5,9,14,10.5],"texture":"#texture"},"east":{"uv":[13.5,9,14,10.5],"texture":"#texture"}}},{"from":[0.5,12,8],"to":[1.5,14,12],"faces":{"down":{"uv":[13.5,9,14,10],"texture":"#texture"},"up":{"uv":[13.5,9,14,10],"texture":"#texture"},"north":{"uv":[13,9,13.5,10],"texture":"#texture"},"south":{"uv":[13,9,13.5,10],"texture":"#texture"},"west":{"uv":[11.5,9,13.5,10],"texture":"#texture"},"east":{"uv":[11.5,9,13.5,10],"texture":"#texture"}}},{"from":[14,11,12],"to":[15,14,13],"faces":{"north":{"uv":[13.5,9,14,10.5],"texture":"#texture"},"south":{"uv":[13.5,9,14,10.5],"texture":"#texture"},"west":{"uv":[13.5,9,14,10.5],"texture":"#texture"},"east":{"uv":[13.5,9,14,10.5],"texture":"#texture"}}},{"from":[14.5,12,8],"to":[15.5,14,12],"faces":{"down":{"uv":[13.5,9,14,10],"texture":"#texture"},"up":{"uv":[13.5,9,14,10],"texture":"#texture"},"north":{"uv":[13,9,13.5,10],"texture":"#texture"},"south":{"uv":[13,9,13.5,10],"texture":"#texture"},"west":{"uv":[13.5,9,11.5,10],"texture":"#texture"},"east":{"uv":[13.5,9,11.5,10],"texture":"#texture"}}},{"from":[13,11,13],"to":[14,14,15],"faces":{"north":{"uv":[13.5,9,14,10.5],"texture":"#texture"},"south":{"uv":[14,9,14.5,10.5],"texture":"#texture"},"west":{"uv":[13.5,9,14.5,10.5],"texture":"#texture"},"east":{"uv":[14.5,9,13.5,10.5],"texture":"#texture"}}},{"from":[3,9,14.5],"to":[5,14,15.5],"faces":{"down":{"uv":[2,4.5,3,5],"texture":"#texture"},"up":{"uv":[2,2.5,3,3],"texture":"#texture"},"north":{"uv":[2,2.5,3,5],"texture":"#texture"},"south":{"uv":[2,2.5,3,5],"texture":"#texture"},"west":{"uv":[2,2.5,2.5,5],"texture":"#texture"},"east":{"uv":[2.5,2.5,3,5],"texture":"#texture"}}},{"from":[11,9,14.5],"to":[13,14,15.5],"faces":{"down":{"uv":[6,4.5,7,5],"texture":"#texture"},"up":{"uv":[6,2.5,7,3],"texture":"#texture"},"north":{"uv":[6,2.5,7,5],"texture":"#texture"},"south":{"uv":[6,2.5,7,5],"texture":"#texture"},"west":{"uv":[6,2.5,6.5,5],"texture":"#texture"},"east":{"uv":[6.5,2.5,7,5],"texture":"#texture"}}},{"from":[5,10,14.5],"to":[11,14,15.5],"faces":{"down":{"uv":[3,4,6,4.5],"texture":"#texture"},"up":{"uv":[3,2.5,6,3],"texture":"#texture"},"north":{"uv":[3,2.5,6,4.5],"texture":"#texture"},"south":{"uv":[3,2.5,6,4.5],"texture":"#texture"}}},{"from":[9,9,15],"to":[11,10,17],"faces":{"down":{"uv":[3,4.5,4,5],"texture":"#texture"},"up":{"uv":[3,4.5,4,5],"texture":"#texture"},"north":{"uv":[3,4.5,4,5],"texture":"#texture"},"south":{"uv":[3,4.5,4,5],"texture":"#texture"},"west":{"uv":[3,4.5,4,5],"texture":"#texture"},"east":{"uv":[3,4.5,4,5],"texture":"#texture"}}},{"from":[7,10,14.75],"to":[9,11,16.75],"faces":{"down":{"uv":[3,4.5,4,5],"texture":"#texture"},"up":{"uv":[3,4.5,4,5],"texture":"#texture"},"north":{"uv":[3,4.5,4,5],"texture":"#texture"},"south":{"uv":[3,4.5,4,5],"texture":"#texture"},"west":{"uv":[3,4.5,4,5],"texture":"#texture"},"east":{"uv":[3,4.5,4,5],"texture":"#texture"}}},{"from":[14,9.5,13],"to":[15,10.5,14.5],"faces":{"down":{"uv":[1.5,4.5,2,5],"texture":"#texture"},"up":{"uv":[1.5,4.5,2,5],"texture":"#texture"},"north":{"uv":[1.5,4.5,2,5],"texture":"#texture"},"south":{"uv":[1.5,4.5,2,5],"texture":"#texture"},"west":{"uv":[1.5,4.5,2,5],"texture":"#texture"},"east":{"uv":[1.5,4.5,2,5],"texture":"#texture"}}},{"from":[1,9.5,13],"to":[2,10.5,14.5],"faces":{"down":{"uv":[1.5,4.5,2,5],"texture":"#texture"},"up":{"uv":[1.5,4.5,2,5],"texture":"#texture"},"north":{"uv":[1.5,4.5,2,5],"texture":"#texture"},"south":{"uv":[1.5,4.5,2,5],"texture":"#texture"},"west":{"uv":[1.5,4.5,2,5],"texture":"#texture"},"east":{"uv":[1.5,4.5,2,5],"texture":"#texture"}}}],"display":{"head":{"rotation":[0,180,0],"translation":[0,0,0],"scale":[1.21,1.21,1.21]},"fixed":{"rotation":[0,180,0],"translation":[0,-1.89,0],"scale":[0.7,0.7,0.7]},"gui":{"rotation":[0,0,0],"translation":[0,-1.13,0],"scale":[0.6,0.6,0.6]}}}
