{
	"credit": "designed by hypixel minecraft server with bdcraft cubik pro 0.90 beta - http://bdcraft.net",
	"textures": {
		"texture": "blocks/carpet_grey"
	},
	"elements": [
		{
			"from": [5, -1, 15],
			"to": [6, 10, 16],
			"faces": {
				"north": {"uv": [3, 10.5, 3.5, 16], "texture": "#texture"},
				"east": {"uv": [3, 10.5, 3.5, 16], "texture": "#texture"},
				"south": {"uv": [3, 10.5, 3.5, 16], "texture": "#texture"},
				"west": {"uv": [3, 10.5, 3.5, 16], "texture": "#texture"},
				"up": {"uv": [3, 10.5, 3.5, 11], "texture": "#texture"},
				"down": {"uv": [3, 15.5, 3.5, 16], "texture": "#texture"}
			}
		},
		{
			"from": [10, -1, 15],
			"to": [11, 10, 16],
			"faces": {
				"north": {"uv": [5.5, 10.5, 6, 16], "texture": "#texture"},
				"east": {"uv": [5.5, 10.5, 6, 16], "texture": "#texture"},
				"south": {"uv": [5.5, 10.5, 6, 16], "texture": "#texture"},
				"west": {"uv": [5.5, 10.5, 6, 16], "texture": "#texture"},
				"up": {"uv": [5.5, 10.5, 6, 11], "texture": "#texture"},
				"down": {"uv": [5.5, 10.5, 6, 11], "texture": "#texture"}
			}
		},
		{
			"from": [11, 7, 15],
			"to": [12, 10, 16],
			"faces": {
				"north": {"uv": [6, 10.5, 6.5, 12], "texture": "#texture"},
				"east": {"uv": [6, 10.5, 6.5, 12], "texture": "#texture"},
				"south": {"uv": [6, 10.5, 6.5, 12], "texture": "#texture"},
				"up": {"uv": [6, 10.5, 6.5, 11], "texture": "#texture"},
				"down": {"uv": [6, 11.5, 6.5, 12], "texture": "#texture"}
			}
		},
		{
			"from": [4, 7, 15],
			"to": [5, 10, 16],
			"faces": {
				"north": {"uv": [2.5, 10.5, 3, 12], "texture": "#texture"},
				"south": {"uv": [2.5, 10.5, 3, 12], "texture": "#texture"},
				"west": {"uv": [2.5, 10.5, 3, 12], "texture": "#texture"},
				"up": {"uv": [2.5, 10.5, 3, 11], "texture": "#texture"},
				"down": {"uv": [2.5, 11.5, 3, 12], "texture": "#texture"}
			}
		},
		{
			"from": [3, 9, 14],
			"to": [4, 10, 15],
			"faces": {
				"east": {"uv": [2, 10.5, 2.5, 11], "texture": "#texture"},
				"south": {"uv": [2, 10.5, 2.5, 11], "texture": "#texture"},
				"west": {"uv": [2, 10.5, 2.5, 11], "texture": "#texture"},
				"up": {"uv": [2, 10.5, 2.5, 11], "texture": "#texture"},
				"down": {"uv": [2, 10.5, 2.5, 11], "texture": "#texture"}
			}
		},
		{
			"from": [12, 9, 14],
			"to": [13, 10, 15],
			"faces": {
				"east": {"uv": [6.5, 10.5, 7, 11], "texture": "#texture"},
				"south": {"uv": [6.5, 10.5, 7, 11], "texture": "#texture"},
				"west": {"uv": [6.5, 10.5, 7, 11], "texture": "#texture"},
				"up": {"uv": [6.5, 10.5, 7, 11], "texture": "#texture"},
				"down": {"uv": [6.5, 10.5, 7, 11], "texture": "#texture"}
			}
		},
		{
			"from": [13, 10, 13],
			"to": [14, 11, 14],
			"faces": {
				"north": {"uv": [7, 10, 7.5, 10.5], "texture": "#texture"},
				"east": {"uv": [7, 10, 7.5, 10.5], "texture": "#texture"},
				"south": {"uv": [7, 10, 7.5, 10.5], "texture": "#texture"},
				"up": {"uv": [7, 10, 7.5, 10.5], "texture": "#texture"},
				"down": {"uv": [7, 10, 7.5, 10.5], "texture": "#texture"}
			}
		},
		{
			"from": [14, 10, 11],
			"to": [15, 11, 13],
			"faces": {
				"east": {"uv": [7, 10, 8, 10.5], "texture": "#texture"},
				"south": {"uv": [7.5, 10, 8, 10.5], "texture": "#texture"},
				"west": {"uv": [7, 10, 8, 10.5], "texture": "#texture"},
				"up": {"uv": [7.5, 10, 8, 10.5], "texture": "#texture"},
				"down": {"uv": [7.5, 10, 8, 10.5], "texture": "#texture"}
			}
		},
		{
			"from": [2, 10, 13],
			"to": [3, 11, 14],
			"faces": {
				"north": {"uv": [1.5, 10, 2, 10.5], "texture": "#texture"},
				"south": {"uv": [1.5, 10, 2, 10.5], "texture": "#texture"},
				"west": {"uv": [1.5, 10, 2, 10.5], "texture": "#texture"},
				"up": {"uv": [1.5, 10, 2, 10.5], "texture": "#texture"},
				"down": {"uv": [1.5, 10, 2, 10.5], "texture": "#texture"}
			}
		},
		{
			"from": [1, 10, 11],
			"to": [2, 11, 13],
			"faces": {
				"east": {"uv": [1, 10, 2, 10.5], "texture": "#texture"},
				"south": {"uv": [1, 10, 1.5, 10.5], "texture": "#texture"},
				"west": {"uv": [1, 10, 2, 10.5], "texture": "#texture"},
				"up": {"uv": [1, 8.5, 1.5, 9.5], "texture": "#texture"},
				"down": {"uv": [1, 8.5, 1.5, 9.5], "texture": "#texture"}
			}
		},
		{
			"from": [1, 12, 11],
			"to": [2, 14, 13],
			"faces": {
				"north": {"uv": [1, 8.5, 1.5, 9.5], "texture": "#texture"},
				"east": {"uv": [0.5, 8.5, 1.5, 9.5], "texture": "#texture"},
				"south": {"uv": [1, 8.5, 1.5, 9.5], "texture": "#texture"},
				"west": {"uv": [0.5, 8.5, 1.5, 9.5], "texture": "#texture"},
				"up": {"uv": [1.5, 8.5, 0.5, 9], "rotation": 270, "texture": "#texture"},
				"down": {"uv": [1.5, 8.5, 0.5, 9], "rotation": 90, "texture": "#texture"}
			}
		},
		{
			"from": [2, 12, 13],
			"to": [3, 14, 14],
			"faces": {
				"north": {"uv": [1.5, 8.5, 2, 9.5], "texture": "#texture"},
				"east": {"uv": [1.5, 8.5, 2, 9.5], "texture": "#texture"},
				"south": {"uv": [1.5, 8.5, 2, 9.5], "texture": "#texture"},
				"west": {"uv": [1.5, 8.5, 2, 9.5], "texture": "#texture"},
				"up": {"uv": [1.5, 8.5, 2, 9], "texture": "#texture"},
				"down": {"uv": [1.5, 9, 2, 9.5], "texture": "#texture"}
			}
		},
		{
			"from": [3, 12, 14],
			"to": [5, 14, 15],
			"faces": {
				"north": {"uv": [2, 8.5, 3, 9.5], "texture": "#texture"},
				"east": {"uv": [2.5, 8.5, 3, 9.5], "texture": "#texture"},
				"south": {"uv": [2, 8.5, 3, 9.5], "texture": "#texture"},
				"west": {"uv": [2, 8.5, 2.5, 9.5], "texture": "#texture"},
				"up": {"uv": [2, 8.5, 3, 9], "texture": "#texture"},
				"down": {"uv": [2, 9, 3, 9.5], "texture": "#texture"}
			}
		},
		{
			"from": [11, 12, 14],
			"to": [13, 14, 15],
			"faces": {
				"north": {"uv": [6, 8.5, 7, 9.5], "texture": "#texture"},
				"east": {"uv": [6.5, 8.5, 7, 9.5], "texture": "#texture"},
				"south": {"uv": [6, 8.5, 7, 9.5], "texture": "#texture"},
				"west": {"uv": [6, 8.5, 6.5, 9.5], "texture": "#texture"},
				"up": {"uv": [6, 8.5, 7, 9], "texture": "#texture"},
				"down": {"uv": [6, 9, 7, 9.5], "texture": "#texture"}
			}
		},
		{
			"from": [13, 12, 13],
			"to": [14, 14, 14],
			"faces": {
				"north": {"uv": [7, 8.5, 7.5, 9.5], "texture": "#texture"},
				"east": {"uv": [7, 8.5, 7.5, 9.5], "texture": "#texture"},
				"south": {"uv": [7, 8.5, 7.5, 9.5], "texture": "#texture"},
				"west": {"uv": [7, 8.5, 7.5, 9.5], "texture": "#texture"},
				"up": {"uv": [7, 8.5, 7.5, 9], "texture": "#texture"},
				"down": {"uv": [7, 8.5, 7.5, 9], "texture": "#texture"}
			}
		},
		{
			"from": [14, 12, 11],
			"to": [15, 14, 13],
			"faces": {
				"north": {"uv": [7.5, 8.5, 8, 9.5], "texture": "#texture"},
				"east": {"uv": [7.5, 8.5, 8.5, 9.5], "texture": "#texture"},
				"south": {"uv": [7.5, 8.5, 8, 9.5], "texture": "#texture"},
				"west": {"uv": [7, 8.5, 8, 9.5], "texture": "#texture"},
				"up": {"uv": [8.5, 8.5, 7.5, 9], "rotation": 90, "texture": "#texture"},
				"down": {"uv": [7.5, 9, 8.5, 9.5], "rotation": 90, "texture": "#texture"}
			}
		},
		{
			"from": [4, 14, 14],
			"to": [12, 16, 15],
			"faces": {
				"north": {"uv": [2.5, 7.5, 6.5, 8.5], "texture": "#texture"},
				"east": {"uv": [6, 7.5, 6.5, 8.5], "texture": "#texture"},
				"south": {"uv": [2.5, 7.5, 6.5, 8.5], "texture": "#texture"},
				"west": {"uv": [3, 7.5, 3.5, 8.5], "texture": "#texture"},
				"up": {"uv": [2.5, 7.5, 6.5, 8], "texture": "#texture"},
				"down": {"uv": [2.5, 8, 6.5, 8.5], "texture": "#texture"}
			}
		},
		{
			"from": [5, 12, 15],
			"to": [11, 14, 16],
			"faces": {
				"north": {"uv": [3, 8.5, 6, 9.5], "texture": "#texture"},
				"east": {"uv": [5.5, 8.5, 6, 9.5], "texture": "#texture"},
				"south": {"uv": [3, 8.5, 6, 9.5], "texture": "#texture"},
				"west": {"uv": [3, 8.5, 3.5, 9.5], "texture": "#texture"},
				"up": {"uv": [3, 8.5, 6, 9], "texture": "#texture"},
				"down": {"uv": [3, 9, 6, 9.5], "texture": "#texture"}
			}
		},
		{
			"from": [5, 16, 13],
			"to": [11, 17, 14],
			"faces": {
				"north": {"uv": [3, 7, 6, 7.5], "texture": "#texture"},
				"east": {"uv": [5.5, 7, 6, 7.5], "texture": "#texture"},
				"south": {"uv": [3, 7, 6, 7.5], "texture": "#texture"},
				"west": {"uv": [3, 7, 3.5, 7.5], "texture": "#texture"},
				"up": {"uv": [3, 7, 6, 7.5], "texture": "#texture"},
				"down": {"uv": [3, 7, 6, 7.5], "texture": "#texture"}
			}
		},
		{
			"from": [3, 14, 13],
			"to": [5, 16, 14],
			"faces": {
				"north": {"uv": [2, 7.5, 3, 8.5], "texture": "#texture"},
				"east": {"uv": [2, 7.5, 2.5, 8.5], "texture": "#texture"},
				"south": {"uv": [2, 7.5, 3, 8.5], "texture": "#texture"},
				"west": {"uv": [2, 7.5, 2.5, 8.5], "texture": "#texture"},
				"up": {"uv": [2, 7.5, 3, 8], "texture": "#texture"},
				"down": {"uv": [2, 8, 3, 8.5], "texture": "#texture"}
			}
		},
		{
			"from": [11, 14, 13],
			"to": [13, 16, 14],
			"faces": {
				"north": {"uv": [6, 7.5, 7, 8.5], "texture": "#texture"},
				"east": {"uv": [6.5, 7.5, 7, 8.5], "texture": "#texture"},
				"south": {"uv": [6, 7.5, 7, 8.5], "texture": "#texture"},
				"west": {"uv": [6, 7.5, 6.5, 8.5], "texture": "#texture"},
				"up": {"uv": [6, 7.5, 7, 8], "texture": "#texture"},
				"down": {"uv": [6, 8, 7, 8.5], "texture": "#texture"}
			}
		},
		{
			"from": [11, 16, 11],
			"to": [13, 17, 13],
			"faces": {
				"north": {"uv": [6, 7, 7, 7.5], "texture": "#texture"},
				"east": {"uv": [6, 7, 7, 7.5], "texture": "#texture"},
				"south": {"uv": [6, 7, 7, 7.5], "texture": "#texture"},
				"west": {"uv": [6, 7, 7, 7.5], "texture": "#texture"},
				"up": {"uv": [5.5, 6.5, 6.5, 7.5], "texture": "#texture"},
				"down": {"uv": [5.5, 6.5, 6.5, 7.5], "texture": "#texture"}
			}
		},
		{
			"from": [3, 16, 11],
			"to": [5, 17, 13],
			"faces": {
				"north": {"uv": [2, 7, 3, 7.5], "texture": "#texture"},
				"east": {"uv": [2, 7, 3, 7.5], "texture": "#texture"},
				"south": {"uv": [2, 7, 3, 7.5], "texture": "#texture"},
				"west": {"uv": [2, 7, 3, 7.5], "texture": "#texture"},
				"up": {"uv": [3.5, 6.5, 4.5, 7.5], "texture": "#texture"},
				"down": {"uv": [3.5, 6.5, 4.5, 7.5], "texture": "#texture"}
			}
		},
		{
			"from": [2, 14, 11],
			"to": [3, 16, 13],
			"faces": {
				"north": {"uv": [1.5, 7.5, 2, 8.5], "texture": "#texture"},
				"east": {"uv": [1, 7.5, 2, 8.5], "texture": "#texture"},
				"south": {"uv": [1.5, 7.5, 2, 8.5], "texture": "#texture"},
				"west": {"uv": [1, 7.5, 2, 8.5], "texture": "#texture"},
				"up": {"uv": [1, 7.5, 1.5, 8.5], "texture": "#texture"},
				"down": {"uv": [1, 7.5, 1.5, 8.5], "texture": "#texture"}
			}
		},
		{
			"from": [13, 14, 11],
			"to": [14, 16, 13],
			"faces": {
				"north": {"uv": [14.5, 1.5, 15, 2.5], "texture": "#texture"},
				"east": {"uv": [14.5, 1.5, 15.5, 2.5], "texture": "#texture"},
				"south": {"uv": [15, 1.5, 15.5, 2.5], "texture": "#texture"},
				"west": {"uv": [14.5, 1.5, 15.5, 2.5], "texture": "#texture"},
				"up": {"uv": [14.5, 1.5, 15, 2.5], "texture": "#texture"},
				"down": {"uv": [15, 1.5, 15.5, 2.5], "texture": "#texture"}
			}
		},
		{
			"from": [13, 16, 10],
			"to": [14, 17, 11],
			"faces": {
				"north": {"uv": [1.5, 7, 2, 7.5], "texture": "#texture"},
				"east": {"uv": [1.5, 7, 2, 7.5], "texture": "#texture"},
				"south": {"uv": [1.5, 7, 2, 7.5], "texture": "#texture"},
				"west": {"uv": [1.5, 7, 2, 7.5], "texture": "#texture"},
				"up": {"uv": [1.5, 7, 2, 7.5], "texture": "#texture"},
				"down": {"uv": [1.5, 7, 2, 7.5], "texture": "#texture"}
			}
		},
		{
			"from": [2, 16, 10],
			"to": [3, 17, 11],
			"faces": {
				"north": {"uv": [1.5, 7, 2, 7.5], "texture": "#texture"},
				"east": {"uv": [1.5, 7, 2, 7.5], "texture": "#texture"},
				"south": {"uv": [1.5, 7, 2, 7.5], "texture": "#texture"},
				"west": {"uv": [1.5, 7, 2, 7.5], "texture": "#texture"},
				"up": {"uv": [1.5, 7, 2, 7.5], "texture": "#texture"},
				"down": {"uv": [1.5, 7, 2, 7.5], "texture": "#texture"}
			}
		},
		{
			"from": [4, 17, 12],
			"to": [12, 18, 13],
			"faces": {
				"east": {"uv": [3.5, 6.5, 4, 7], "texture": "#texture"},
				"south": {"uv": [2.5, 6.5, 6.5, 7], "texture": "#texture"},
				"west": {"uv": [3.5, 6.5, 4, 7], "texture": "#texture"},
				"up": {"uv": [2.5, 6.5, 6.5, 7], "texture": "#texture"},
				"down": {"uv": [2.5, 6.5, 6.5, 7], "texture": "#texture"}
			}
		},
		{
			"from": [3, 17, 1],
			"to": [13, 18, 12],
			"faces": {
				"north": {"uv": [2, 6.5, 7, 7], "texture": "#texture"},
				"east": {"uv": [2, 6.5, 7, 7], "texture": "#texture"},
				"south": {"uv": [2, 6.5, 7, 7], "texture": "#texture"},
				"west": {"uv": [2, 6.5, 7, 7], "texture": "#texture"},
				"up": {"uv": [2, 0.5, 7, 6], "texture": "#texture"},
				"down": {"uv": [2, 0.5, 7, 6], "texture": "#texture"}
			}
		},
		{
			"from": [6, 18, 10],
			"to": [10, 19, 11],
			"faces": {
				"east": {"uv": [5, 6, 5.5, 6.5], "texture": "#texture"},
				"south": {"uv": [3.5, 6, 5.5, 6.5], "texture": "#texture"},
				"west": {"uv": [3, 6, 3.5, 6.5], "texture": "#texture"},
				"up": {"uv": [3.5, 6, 5.5, 6.5], "texture": "#texture"}
			}
		},
		{
			"from": [4, 18, 4],
			"to": [12, 19, 9],
			"faces": {
				"north": {"uv": [2.5, 6, 6.5, 6.5], "texture": "#texture"},
				"east": {"uv": [2.5, 6, 6.5, 6.5], "texture": "#texture"},
				"south": {"uv": [2.5, 6, 6.5, 6.5], "texture": "#texture"},
				"west": {"uv": [2.5, 6, 6.5, 6.5], "texture": "#texture"},
				"up": {"uv": [2.5, 2, 6.5, 4.5], "texture": "#texture"}
			}
		},
		{
			"from": [5, 18, 3],
			"to": [11, 19, 4],
			"faces": {
				"north": {"uv": [3, 6, 6, 6.5], "texture": "#texture"},
				"east": {"uv": [5.5, 6, 6, 6.5], "texture": "#texture"},
				"west": {"uv": [3, 6, 3.5, 6.5], "texture": "#texture"},
				"up": {"uv": [6, 6, 3, 6.5], "texture": "#texture"}
			}
		},
		{
			"from": [5, 18, 9],
			"to": [11, 19, 10],
			"faces": {
				"east": {"uv": [5.5, 6, 6, 6.5], "texture": "#texture"},
				"south": {"uv": [3, 6, 6, 6.5], "texture": "#texture"},
				"west": {"uv": [3, 6, 3.5, 6.5], "texture": "#texture"},
				"up": {"uv": [3, 6, 6, 6.5], "texture": "#texture"}
			}
		},
		{
			"from": [6, 18, 2],
			"to": [10, 19, 3],
			"faces": {
				"north": {"uv": [3.5, 6, 5.5, 6.5], "texture": "#texture"},
				"east": {"uv": [5, 6, 5.5, 6.5], "texture": "#texture"},
				"west": {"uv": [3, 6, 3.5, 6.5], "texture": "#texture"},
				"up": {"uv": [5.5, 6, 3.5, 6.5], "texture": "#texture"}
			}
		},
		{
			"from": [2, 17, 2],
			"to": [3, 18, 10],
			"faces": {
				"north": {"uv": [2.5, 6.5, 3, 7], "texture": "#texture"},
				"south": {"uv": [2.5, 6.5, 3, 7], "texture": "#texture"},
				"west": {"uv": [2.5, 6.5, 6.5, 7], "texture": "#texture"},
				"up": {"uv": [2.5, 6.5, 6.5, 7], "rotation": 90, "texture": "#texture"},
				"down": {"uv": [2.5, 6.5, 6.5, 7], "rotation": 90, "texture": "#texture"}
			}
		},
		{
			"from": [13, 17, 2],
			"to": [14, 18, 10],
			"faces": {
				"north": {"uv": [7, 4, 7.5, 4.5], "texture": "#texture"},
				"east": {"uv": [6.5, 6.5, 2.5, 7], "texture": "#texture"},
				"south": {"uv": [7, 4, 7.5, 4.5], "texture": "#texture"},
				"up": {"uv": [2.5, 6.5, 6.5, 7], "rotation": 270, "texture": "#texture"},
				"down": {"uv": [2.5, 6.5, 6.5, 7], "rotation": 270, "texture": "#texture"}
			}
		},
		{
			"from": [14, 14, 2],
			"to": [15, 17, 10],
			"faces": {
				"north": {"uv": [2, 7.5, 2.5, 9], "texture": "#texture"},
				"east": {"uv": [2, 7.5, 6, 9], "texture": "#texture"},
				"south": {"uv": [2, 7.5, 2.5, 9], "texture": "#texture"},
				"west": {"uv": [2, 7.5, 6, 9], "texture": "#texture"},
				"up": {"uv": [6, 7.5, 2, 8], "rotation": 90, "texture": "#texture"},
				"down": {"uv": [2, 8, 6, 8.5], "rotation": 90, "texture": "#texture"}
			}
		},
		{
			"from": [14, 14, 10],
			"to": [15, 16, 11],
			"faces": {
				"east": {"uv": [15, 1.5, 15.5, 2.5], "texture": "#texture"},
				"south": {"uv": [15, 1.5, 15.5, 2.5], "texture": "#texture"},
				"west": {"uv": [15, 1.5, 15.5, 2.5], "texture": "#texture"},
				"up": {"uv": [14.5, 1.5, 15, 2], "texture": "#texture"},
				"down": {"uv": [14.5, 2, 15, 2.5], "texture": "#texture"}
			}
		},
		{
			"from": [1, 14, 10],
			"to": [2, 16, 11],
			"faces": {
				"east": {"uv": [1, 7.5, 1.5, 8.5], "texture": "#texture"},
				"south": {"uv": [1, 7.5, 1.5, 8.5], "texture": "#texture"},
				"west": {"uv": [1, 7.5, 1.5, 8.5], "texture": "#texture"},
				"up": {"uv": [1, 7.5, 1.5, 8], "texture": "#texture"},
				"down": {"uv": [1, 8, 1.5, 8.5], "texture": "#texture"}
			}
		},
		{
			"from": [1, 14, 2],
			"to": [2, 17, 10],
			"faces": {
				"north": {"uv": [2, 7.5, 2.5, 9], "texture": "#texture"},
				"east": {"uv": [6, 7.5, 2, 9], "texture": "#texture"},
				"south": {"uv": [2.5, 7.5, 3, 9], "texture": "#texture"},
				"west": {"uv": [6, 7.5, 2, 9], "texture": "#texture"},
				"up": {"uv": [6, 7.5, 2, 8], "rotation": 90, "texture": "#texture"},
				"down": {"uv": [2, 8, 6, 8.5], "rotation": 90, "texture": "#texture"}
			}
		},
		{
			"from": [0, 2, 3],
			"to": [1, 16, 9],
			"faces": {
				"north": {"uv": [9.5, 1.5, 10, 8.5], "texture": "#texture"},
				"east": {"uv": [9.5, 1.5, 12.5, 8.5], "texture": "#texture"},
				"south": {"uv": [1, 7, 1.5, 14], "texture": "#texture"},
				"west": {"uv": [9.5, 1.5, 12.5, 8.5], "texture": "#texture"},
				"up": {"uv": [3, 7.5, 6, 8], "rotation": 90, "texture": "#texture"},
				"down": {"uv": [8, 8, 11, 8.5], "rotation": 90, "texture": "#texture"}
			}
		},
		{
			"from": [0, 9, 9],
			"to": [1, 15, 10],
			"faces": {
				"east": {"uv": [13, 2, 13.5, 5], "texture": "#texture"},
				"south": {"uv": [13, 2, 13.5, 5], "texture": "#texture"},
				"west": {"uv": [13, 2, 13.5, 5], "texture": "#texture"},
				"up": {"uv": [13, 2, 13.5, 2.5], "texture": "#texture"},
				"down": {"uv": [13, 4.5, 13.5, 5], "texture": "#texture"}
			}
		},
		{
			"from": [0, 11, 10],
			"to": [1, 14, 11],
			"faces": {
				"east": {"uv": [0.5, 8.5, 1, 10], "texture": "#texture"},
				"south": {"uv": [0.5, 8.5, 1, 10], "texture": "#texture"},
				"west": {"uv": [0.5, 8.5, 1, 10], "texture": "#texture"},
				"up": {"uv": [0.5, 8.5, 1, 9], "texture": "#texture"},
				"down": {"uv": [0.5, 9.5, 1, 10], "texture": "#texture"}
			}
		},
		{
			"from": [15, 11, 10],
			"to": [16, 14, 11],
			"faces": {
				"east": {"uv": [8, 8.5, 8.5, 10], "texture": "#texture"},
				"south": {"uv": [8, 8.5, 8.5, 10], "texture": "#texture"},
				"west": {"uv": [8, 8.5, 8.5, 10], "texture": "#texture"},
				"up": {"uv": [8, 8.5, 8.5, 9], "texture": "#texture"},
				"down": {"uv": [8, 9.5, 8.5, 10], "texture": "#texture"}
			}
		},
		{
			"from": [15, 2, 3],
			"to": [16, 16, 9],
			"faces": {
				"north": {"uv": [9.5, 1.5, 10, 8.5], "texture": "#texture"},
				"east": {"uv": [12.5, 1.5, 9.5, 8.5], "texture": "#texture"},
				"south": {"uv": [1, 7, 1.5, 14], "texture": "#texture"},
				"west": {"uv": [9.5, 1.5, 12.5, 8.5], "texture": "#texture"},
				"up": {"uv": [2.5, 8, 5.5, 8.5], "rotation": 90, "texture": "#texture"},
				"down": {"uv": [8, 8, 11, 8.5], "rotation": 90, "texture": "#texture"}
			}
		},
		{
			"from": [15, 9, 9],
			"to": [16, 15, 10],
			"faces": {
				"east": {"uv": [13, 2, 13.5, 5], "texture": "#texture"},
				"south": {"uv": [13, 2, 13.5, 5], "texture": "#texture"},
				"west": {"uv": [13, 2, 13.5, 5], "texture": "#texture"},
				"up": {"uv": [13, 2, 13.5, 2.5], "texture": "#texture"},
				"down": {"uv": [13, 4.5, 13.5, 5], "texture": "#texture"}
			}
		},
		{
			"from": [1, 1, 9],
			"to": [2, 11, 11],
			"faces": {
				"north": {"uv": [0.5, 10, 1, 15], "texture": "#texture"},
				"east": {"uv": [7.5, 10, 8.5, 15], "texture": "#texture"},
				"south": {"uv": [1, 10.5, 1.5, 15.5], "texture": "#texture"},
				"west": {"uv": [8.5, 10, 7.5, 15], "texture": "#texture"},
				"up": {"uv": [0.5, 9.5, 1, 10.5], "texture": "#texture"},
				"down": {"uv": [1, 14.5, 1.5, 15.5], "texture": "#texture"}
			}
		},
		{
			"from": [14, 1, 9],
			"to": [15, 11, 11],
			"faces": {
				"north": {"uv": [7.5, 10, 8, 15], "texture": "#texture"},
				"east": {"uv": [7.5, 10, 8.5, 15], "texture": "#texture"},
				"south": {"uv": [1, 10.5, 1.5, 15.5], "texture": "#texture"},
				"west": {"uv": [7.5, 10, 8.5, 15], "texture": "#texture"},
				"up": {"uv": [7.5, 10, 8, 11], "texture": "#texture"},
				"down": {"uv": [8, 14, 8.5, 15], "texture": "#texture"}
			}
		},
		{
			"from": [2, 0, 11],
			"to": [3, 10, 12],
			"faces": {
				"north": {"uv": [1.5, 11, 2, 16], "texture": "#texture"},
				"east": {"uv": [1.5, 11, 2, 16], "texture": "#texture"},
				"south": {"uv": [1.5, 11, 2, 16], "texture": "#texture"},
				"west": {"uv": [1.5, 11, 2, 16], "texture": "#texture"},
				"up": {"uv": [1.5, 11, 2, 11.5], "texture": "#texture"},
				"down": {"uv": [1.5, 15.5, 2, 16], "texture": "#texture"}
			}
		},
		{
			"from": [13, 0, 11],
			"to": [14, 10, 12],
			"faces": {
				"north": {"uv": [7, 11, 7.5, 16], "texture": "#texture"},
				"east": {"uv": [7, 11, 7.5, 16], "texture": "#texture"},
				"south": {"uv": [7, 11, 7.5, 16], "texture": "#texture"},
				"west": {"uv": [7, 11, 7.5, 16], "texture": "#texture"},
				"up": {"uv": [7.5, 10.5, 8, 11], "texture": "#texture"},
				"down": {"uv": [7, 15.5, 7.5, 16], "texture": "#texture"}
			}
		},
		{
			"from": [2, 5, 12],
			"to": [3, 10, 13],
			"faces": {
				"south": {"uv": [1.5, 11, 2, 13.5], "texture": "#texture"},
				"west": {"uv": [1.5, 11, 2, 13.5], "texture": "#texture"},
				"up": {"uv": [1.5, 11, 2, 11.5], "texture": "#texture"},
				"down": {"uv": [1.5, 13, 2, 13.5], "texture": "#texture"}
			}
		},
		{
			"from": [13, 5, 12],
			"to": [14, 10, 13],
			"faces": {
				"east": {"uv": [7, 11, 7.5, 13.5], "texture": "#texture"},
				"south": {"uv": [7, 11, 7.5, 13.5], "texture": "#texture"},
				"up": {"uv": [7, 11, 7.5, 11.5], "texture": "#texture"},
				"down": {"uv": [7, 13, 7.5, 13.5], "texture": "#texture"}
			}
		},
		{
			"from": [3, 3, 12],
			"to": [4, 10, 14],
			"faces": {
				"north": {"uv": [2, 10.5, 2.5, 14], "texture": "#texture"},
				"east": {"uv": [1.5, 11, 2.5, 14.5], "texture": "#texture"},
				"south": {"uv": [2, 10.5, 2.5, 14], "texture": "#texture"},
				"west": {"uv": [1.5, 11, 2.5, 14.5], "texture": "#texture"},
				"up": {"uv": [1, 10.5, 1.5, 11.5], "texture": "#texture"},
				"down": {"uv": [2, 13.5, 2.5, 14.5], "texture": "#texture"}
			}
		},
		{
			"from": [12, 3, 12],
			"to": [13, 10, 14],
			"faces": {
				"north": {"uv": [6.5, 10.5, 7, 14], "texture": "#texture"},
				"east": {"uv": [6.5, 11, 7.5, 14.5], "texture": "#texture"},
				"south": {"uv": [6.5, 10.5, 7, 14], "texture": "#texture"},
				"west": {"uv": [6.5, 11, 7.5, 14.5], "texture": "#texture"},
				"up": {"uv": [12, 12, 13, 14], "texture": "#texture"},
				"down": {"uv": [4, 14, 3, 12], "texture": "#texture"}
			}
		},
		{
			"from": [12, 0, 12],
			"to": [13, 3, 13],
			"faces": {
				"north": {"uv": [7, 14.5, 7.5, 16], "texture": "#texture"},
				"east": {"uv": [7, 14.5, 7.5, 16], "texture": "#texture"},
				"south": {"uv": [7, 14.5, 7.5, 16], "texture": "#texture"},
				"west": {"uv": [7, 14.5, 7.5, 16], "texture": "#texture"},
				"down": {"uv": [7, 15.5, 7.5, 16], "texture": "#texture"}
			}
		},
		{
			"from": [3, 0, 12],
			"to": [4, 3, 13],
			"faces": {
				"north": {"uv": [1.5, 14.5, 2, 16], "texture": "#texture"},
				"east": {"uv": [1.5, 14.5, 2, 16], "texture": "#texture"},
				"south": {"uv": [1.5, 14.5, 2, 16], "texture": "#texture"},
				"west": {"uv": [1.5, 14.5, 2, 16], "texture": "#texture"},
				"down": {"uv": [1.5, 15.5, 2, 16], "texture": "#texture"}
			}
		},
		{
			"from": [4, -1, 13],
			"to": [5, 7, 15],
			"faces": {
				"north": {"uv": [2.5, 12, 3, 16], "texture": "#texture"},
				"east": {"uv": [2, 12, 3, 16], "texture": "#texture"},
				"south": {"uv": [2.5, 12, 3, 16], "texture": "#texture"},
				"west": {"uv": [2, 12, 3, 16], "texture": "#texture"},
				"down": {"uv": [2, 15.5, 3, 16], "rotation": 270, "texture": "#texture"}
			}
		},
		{
			"from": [11, -1, 13],
			"to": [12, 7, 15],
			"faces": {
				"north": {"uv": [6, 12, 6.5, 16], "texture": "#texture"},
				"east": {"uv": [6, 12, 7, 16], "texture": "#texture"},
				"south": {"uv": [6, 12, 6.5, 16], "texture": "#texture"},
				"west": {"uv": [6, 12, 7, 16], "texture": "#texture"},
				"down": {"uv": [7, 15.5, 6, 16], "rotation": 270, "texture": "#texture"}
			}
		},
		{
			"from": [0, 6, 2],
			"to": [1, 15, 3],
			"faces": {
				"north": {"uv": [9, 2, 9.5, 6.5], "texture": "#texture"},
				"west": {"uv": [9, 2, 9.5, 6.5], "texture": "#texture"},
				"up": {"uv": [9, 2, 9.5, 2.5], "texture": "#texture"},
				"down": {"uv": [9, 6, 9.5, 6.5], "texture": "#texture"}
			}
		},
		{
			"from": [15, 6, 2],
			"to": [16, 15, 3],
			"faces": {
				"north": {"uv": [9, 2, 9.5, 6.5], "texture": "#texture"},
				"east": {"uv": [9, 2, 9.5, 6.5], "texture": "#texture"},
				"up": {"uv": [8.5, 1.5, 9, 2], "texture": "#texture"},
				"down": {"uv": [9, 6, 9.5, 6.5], "texture": "#texture"}
			}
		},
		{
			"from": [1, 3, 1],
			"to": [2, 16, 3],
			"faces": {
				"north": {"uv": [8.5, 1.5, 9, 8], "texture": "#texture"},
				"east": {"uv": [8.5, 1.5, 9.5, 8], "texture": "#texture"},
				"south": {"uv": [9, 1.5, 9.5, 8], "texture": "#texture"},
				"west": {"uv": [8.5, 1.5, 9.5, 8], "texture": "#texture"},
				"up": {"uv": [8.5, 1.5, 9, 2.5], "texture": "#texture"},
				"down": {"uv": [8.5, 7, 9, 8], "texture": "#texture"}
			}
		},
		{
			"from": [14, 3, 1],
			"to": [15, 16, 3],
			"faces": {
				"north": {"uv": [8.5, 1.5, 9, 8], "texture": "#texture"},
				"east": {"uv": [9.5, 1.5, 8.5, 8], "texture": "#texture"},
				"south": {"uv": [8, 1.5, 8.5, 8], "texture": "#texture"},
				"west": {"uv": [9.5, 1.5, 8.5, 8], "texture": "#texture"},
				"up": {"uv": [8.5, 1.5, 9, 2.5], "texture": "#texture"},
				"down": {"uv": [8.5, 7, 9, 8], "texture": "#texture"}
			}
		},
		{
			"from": [2, 2, 0],
			"to": [3, 15, 2],
			"faces": {
				"north": {"uv": [8, 2, 8.5, 8.5], "texture": "#texture"},
				"east": {"uv": [8, 2, 9, 8.5], "texture": "#texture"},
				"south": {"uv": [8.5, 2, 9, 8.5], "texture": "#texture"},
				"west": {"uv": [8, 2, 9, 8.5], "texture": "#texture"},
				"up": {"uv": [8, 2.5, 8.5, 1.5], "texture": "#texture"},
				"down": {"uv": [9, 4.5, 9.5, 5.5], "texture": "#texture"}
			}
		},
		{
			"from": [4, 2, -1],
			"to": [12, 4, 0],
			"faces": {
				"north": {"uv": [10, 15, 14, 16], "texture": "#texture"},
				"east": {"uv": [13.5, 15, 14, 16], "texture": "#texture"},
				"west": {"uv": [10, 15, 10.5, 16], "texture": "#texture"},
				"down": {"uv": [10, 15.5, 14, 16], "texture": "#texture"}
			}
		},
		{
			"from": [13, 2, 0],
			"to": [14, 15, 2],
			"faces": {
				"north": {"uv": [8, 2, 8.5, 8.5], "texture": "#texture"},
				"east": {"uv": [9, 2, 8, 8.5], "texture": "#texture"},
				"south": {"uv": [8.5, 2, 9, 8.5], "texture": "#texture"},
				"west": {"uv": [9, 2, 8, 8.5], "texture": "#texture"},
				"up": {"uv": [8, 2.5, 8.5, 1.5], "texture": "#texture"},
				"down": {"uv": [10, 7.5, 10.5, 8.5], "texture": "#texture"}
			}
		},
		{
			"from": [3, 4, -1],
			"to": [13, 14, 0],
			"faces": {
				"north": {"uv": [9.5, 10, 14.5, 15], "texture": "#texture"},
				"east": {"uv": [14, 10, 14.5, 15], "texture": "#texture"},
				"south": {"uv": [9.5, 10, 14.5, 15], "texture": "#texture"},
				"west": {"uv": [9.5, 10, 10, 15], "texture": "#texture"},
				"up": {"uv": [9.5, 10, 14.5, 10.5], "texture": "#texture"},
				"down": {"uv": [9.5, 14.5, 14.5, 15], "texture": "#texture"}
			}
		},
		{
			"from": [4, 14, -1],
			"to": [12, 16, 0],
			"faces": {
				"north": {"uv": [2.5, 7.5, 6.5, 8.5], "texture": "#texture"},
				"east": {"uv": [2.5, 7.5, 3, 8.5], "texture": "#texture"},
				"west": {"uv": [6, 7.5, 6.5, 8.5], "texture": "#texture"},
				"up": {"uv": [2.5, 7.5, 6.5, 8], "texture": "#texture"}
			}
		},
		{
			"from": [3, 14, 0],
			"to": [13, 16, 1],
			"faces": {
				"north": {"uv": [2, 7.5, 7, 8.5], "texture": "#texture"},
				"east": {"uv": [2, 7.5, 2.5, 8.5], "texture": "#texture"},
				"south": {"uv": [2, 7.5, 7, 8.5], "texture": "#texture"},
				"west": {"uv": [2, 7.5, 2.5, 8.5], "texture": "#texture"},
				"up": {"uv": [2, 7.5, 7, 8], "texture": "#texture"},
				"down": {"uv": [2, 8, 7, 8.5], "texture": "#texture"}
			}
		},
		{
			"from": [4, 16, 0],
			"to": [12, 17, 1],
			"faces": {
				"north": {"uv": [2.5, 7, 6.5, 7.5], "texture": "#texture"},
				"east": {"uv": [2.5, 7, 3, 7.5], "texture": "#texture"},
				"west": {"uv": [2.5, 7, 3, 7.5], "texture": "#texture"},
				"up": {"uv": [6.5, 7, 2.5, 7.5], "texture": "#texture"}
			}
		},
		{
			"from": [2, 15, 1],
			"to": [14, 17, 2],
			"faces": {
				"north": {"uv": [1.5, 7, 7.5, 8], "texture": "#texture"},
				"east": {"uv": [7, 7, 7.5, 8], "texture": "#texture"},
				"south": {"uv": [1.5, 7, 7.5, 8], "texture": "#texture"},
				"west": {"uv": [1.5, 7, 2, 8], "texture": "#texture"},
				"up": {"uv": [1.5, 7, 7.5, 7.5], "texture": "#texture"},
				"down": {"uv": [1.5, 7.5, 7.5, 8], "texture": "#texture"}
			}
		},
		{
			"from": [3, 2, 0],
			"to": [13, 4, 1],
			"faces": {
				"north": {"uv": [9.5, 15, 14.5, 16], "texture": "#texture"},
				"south": {"uv": [9.5, 15, 14.5, 16], "texture": "#texture"},
				"up": {"uv": [9.5, 15, 14.5, 15.5], "texture": "#texture"},
				"down": {"uv": [9.5, 15.5, 14.5, 16], "texture": "#texture"}
			}
		},
		{
			"from": [1, 2, 2],
			"to": [2, 3, 3],
			"faces": {
				"north": {"uv": [9, 8, 9.5, 8.5], "texture": "#texture"},
				"east": {"uv": [8.5, 8, 9, 8.5], "texture": "#texture"},
				"south": {"uv": [9, 8, 9.5, 8.5], "texture": "#texture"},
				"west": {"uv": [8.5, 8, 9, 8.5], "texture": "#texture"},
				"down": {"uv": [8.5, 8, 9, 8.5], "texture": "#texture"}
			}
		},
		{
			"from": [14, 2, 2],
			"to": [15, 3, 3],
			"faces": {
				"north": {"uv": [8, 8, 8.5, 8.5], "texture": "#texture"},
				"east": {"uv": [8, 8, 8.5, 8.5], "texture": "#texture"},
				"south": {"uv": [8, 8, 8.5, 8.5], "texture": "#texture"},
				"west": {"uv": [8, 8, 8.5, 8.5], "texture": "#texture"},
				"down": {"uv": [8, 8, 8.5, 8.5], "texture": "#texture"}
			}
		},
		{
			"from": [11, 7, 13],
			"to": [12, 9, 15],
			"faces": {
				"north": {"uv": [7, 10.5, 7.5, 11.5], "texture": "#texture"},
				"east": {"uv": [7, 10.5, 8, 11.5], "texture": "#texture"},
				"west": {"uv": [7, 10.5, 8, 11.5], "texture": "#texture"},
				"up": {"uv": [7, 10.5, 7.5, 11.5], "texture": "#texture"}
			}
		},
		{
			"from": [4, 7, 13],
			"to": [5, 9, 15],
			"faces": {
				"north": {"uv": [2.5, 11, 3, 12], "texture": "#texture"},
				"east": {"uv": [1, 10.5, 2, 11.5], "texture": "#texture"},
				"west": {"uv": [1, 10.5, 2, 11.5], "texture": "#texture"},
				"up": {"uv": [1, 10.5, 1.5, 11.5], "texture": "#texture"}
			}
		},
		{
			"from": [-1, 3, 5],
			"to": [0, 9, 9],
			"faces": {
				"north": {"uv": [10.5, 5, 11, 8], "texture": "#texture"},
				"south": {"uv": [12, 5, 12.5, 8], "texture": "#texture"},
				"west": {"uv": [10.5, 5, 12.5, 8], "texture": "#texture"},
				"up": {"uv": [12.5, 5, 10.5, 5.5], "rotation": 270, "texture": "#texture"},
				"down": {"uv": [10.5, 7.5, 12.5, 8], "rotation": 90, "texture": "#texture"}
			}
		},
		{
			"from": [-1, 9, 6],
			"to": [0, 12, 9],
			"faces": {
				"north": {"uv": [11, 3.5, 11.5, 5], "texture": "#texture"},
				"south": {"uv": [12, 3.5, 12.5, 5], "texture": "#texture"},
				"west": {"uv": [11, 3.5, 12.5, 5], "texture": "#texture"},
				"up": {"uv": [11, 3.5, 12.5, 4], "rotation": 90, "texture": "#texture"}
			}
		},
		{
			"from": [-1, 4, 4],
			"to": [0, 9, 5],
			"faces": {
				"north": {"uv": [10, 5, 10.5, 7.5], "texture": "#texture"},
				"west": {"uv": [10, 5, 10.5, 7.5], "texture": "#texture"},
				"up": {"uv": [10, 5, 10.5, 5.5], "texture": "#texture"},
				"down": {"uv": [10, 5.5, 10.5, 6], "texture": "#texture"}
			}
		},
		{
			"from": [-2, 4, 5],
			"to": [-1, 9, 8],
			"faces": {
				"north": {"uv": [10.5, 5, 11, 7.5], "texture": "#texture"},
				"south": {"uv": [11.5, 5, 12, 7.5], "texture": "#texture"},
				"west": {"uv": [10.5, 5, 12, 7.5], "texture": "#texture"},
				"up": {"uv": [10.5, 5, 12, 5.5], "rotation": 90, "texture": "#texture"},
				"down": {"uv": [10.5, 7, 12, 7.5], "rotation": 90, "texture": "#texture"}
			}
		},
		{
			"from": [16, 9, 6],
			"to": [17, 12, 9],
			"faces": {
				"north": {"uv": [11, 3.5, 11.5, 5], "texture": "#texture"},
				"east": {"uv": [12.5, 3.5, 11, 5], "texture": "#texture"},
				"south": {"uv": [12, 3.5, 12.5, 5], "texture": "#texture"},
				"up": {"uv": [11, 3.5, 12.5, 4], "rotation": 90, "texture": "#texture"}
			}
		},
		{
			"from": [16, 3, 5],
			"to": [17, 9, 9],
			"faces": {
				"north": {"uv": [10.5, 5, 11, 8], "texture": "#texture"},
				"east": {"uv": [12.5, 5, 10.5, 8], "texture": "#texture"},
				"south": {"uv": [12, 5, 12.5, 8], "texture": "#texture"},
				"up": {"uv": [12.5, 5, 10.5, 5.5], "rotation": 270, "texture": "#texture"},
				"down": {"uv": [10.5, 7.5, 12.5, 8], "rotation": 90, "texture": "#texture"}
			}
		},
		{
			"from": [17, 4, 5],
			"to": [18, 9, 8],
			"faces": {
				"north": {"uv": [10.5, 5, 11, 7.5], "texture": "#texture"},
				"east": {"uv": [12, 5, 10.5, 7.5], "texture": "#texture"},
				"south": {"uv": [11.5, 5, 12, 7.5], "texture": "#texture"},
				"up": {"uv": [10.5, 5, 12, 5.5], "rotation": 90, "texture": "#texture"},
				"down": {"uv": [10.5, 7, 12, 7.5], "rotation": 90, "texture": "#texture"}
			}
		},
		{
			"from": [16, 4, 4],
			"to": [17, 9, 5],
			"faces": {
				"north": {"uv": [10, 5, 10.5, 7.5], "texture": "#texture"},
				"east": {"uv": [10, 5, 10.5, 7.5], "texture": "#texture"},
				"up": {"uv": [10, 5, 10.5, 5.5], "texture": "#texture"},
				"down": {"uv": [10, 5.5, 10.5, 6], "texture": "#texture"}
			}
		},
		{
			"from": [1, 11, 11],
			"to": [2, 12, 12],
			"faces": {
				"north": {"uv": [1, 9.5, 1.5, 10], "texture": "#texture"},
				"east": {"uv": [1, 9.5, 1.5, 10], "texture": "#texture"},
				"south": {"uv": [1, 9.5, 1.5, 10], "texture": "#texture"},
				"west": {"uv": [1, 9.5, 1.5, 10], "texture": "#texture"}
			}
		},
		{
			"from": [14, 11, 11],
			"to": [15, 12, 12],
			"faces": {
				"north": {"uv": [7.5, 9.5, 8, 10], "texture": "#texture"},
				"east": {"uv": [7.5, 9.5, 8, 10], "texture": "#texture"},
				"south": {"uv": [7.5, 9.5, 8, 10], "texture": "#texture"},
				"west": {"uv": [7.5, 9.5, 8, 10], "texture": "#texture"}
			}
		},
		{
			"from": [1.5, 11, 12],
			"to": [2.5, 12, 13],
			"faces": {
				"north": {"uv": [2, 9.5, 2.5, 10], "texture": "#texture"},
				"east": {"uv": [2, 9.5, 2.5, 10], "texture": "#texture"},
				"south": {"uv": [2, 9.5, 2.5, 10], "texture": "#texture"},
				"west": {"uv": [2, 9.5, 2.5, 10], "texture": "#texture"},
				"up": {"uv": [2, 9.5, 2.5, 10], "texture": "#texture"},
				"down": {"uv": [2, 9.5, 2.5, 10], "texture": "#texture"}
			}
		},
		{
			"from": [13.5, 11, 12],
			"to": [14.5, 12, 13],
			"faces": {
				"north": {"uv": [7, 9.5, 7.5, 10], "texture": "#texture"},
				"east": {"uv": [7, 9.5, 7.5, 10], "texture": "#texture"},
				"south": {"uv": [7, 9.5, 7.5, 10], "texture": "#texture"},
				"west": {"uv": [7, 9.5, 7.5, 10], "texture": "#texture"},
				"up": {"uv": [7, 9.5, 7.5, 10], "texture": "#texture"},
				"down": {"uv": [7, 9.5, 7.5, 10], "texture": "#texture"}
			}
		},
		{
			"from": [2.5, 11, 13],
			"to": [3.5, 12, 14],
			"faces": {
				"north": {"uv": [1, 9.5, 1.5, 10], "texture": "#texture"},
				"east": {"uv": [1.5, 9.5, 2, 10], "texture": "#texture"},
				"south": {"uv": [1, 9.5, 1.5, 10], "texture": "#texture"},
				"west": {"uv": [1.5, 9.5, 2, 10], "texture": "#texture"},
				"up": {"uv": [1.5, 9.5, 2, 10], "texture": "#texture"},
				"down": {"uv": [1.5, 9.5, 2, 10], "texture": "#texture"}
			}
		},
		{
			"from": [12.5, 11, 13],
			"to": [13.5, 12, 14],
			"faces": {
				"north": {"uv": [6.5, 9.5, 7, 10], "texture": "#texture"},
				"east": {"uv": [6.5, 9.5, 7, 10], "texture": "#texture"},
				"south": {"uv": [6.5, 9.5, 7, 10], "texture": "#texture"},
				"west": {"uv": [6.5, 9.5, 7, 10], "texture": "#texture"},
				"up": {"uv": [6.5, 9.5, 7, 10], "texture": "#texture"},
				"down": {"uv": [6.5, 9.5, 7, 10], "texture": "#texture"}
			}
		},
		{
			"from": [11, 10, 13],
			"to": [13, 12, 14],
			"faces": {
				"north": {"uv": [6, 9.5, 7, 10.5], "texture": "#texture"},
				"east": {"uv": [6.5, 9.5, 7, 10.5], "texture": "#texture"},
				"south": {"uv": [6, 9.5, 7, 10.5], "texture": "#texture"},
				"west": {"uv": [6, 9.5, 6.5, 10.5], "texture": "#texture"},
				"up": {"uv": [6, 9.5, 7, 10], "texture": "#texture"},
				"down": {"uv": [6, 10, 7, 10.5], "texture": "#texture"}
			}
		},
		{
			"from": [3, 10, 13],
			"to": [5, 12, 14],
			"faces": {
				"north": {"uv": [2, 9.5, 3, 10.5], "texture": "#texture"},
				"east": {"uv": [2.5, 9.5, 3, 10.5], "texture": "#texture"},
				"south": {"uv": [2, 9.5, 3, 10.5], "texture": "#texture"},
				"west": {"uv": [2, 9.5, 2.5, 10.5], "texture": "#texture"},
				"up": {"uv": [2.5, 9.5, 3.5, 10], "texture": "#texture"},
				"down": {"uv": [2.5, 9.5, 3.5, 10], "texture": "#texture"}
			}
		},
		{
			"from": [4, 10, 14],
			"to": [6, 12, 15],
			"faces": {
				"north": {"uv": [2.5, 9.5, 3.5, 10.5], "texture": "#texture"},
				"east": {"uv": [3, 9.5, 3.5, 10.5], "texture": "#texture"},
				"south": {"uv": [2.5, 9.5, 3.5, 10.5], "texture": "#texture"},
				"west": {"uv": [2.5, 9.5, 3, 10.5], "texture": "#texture"},
				"up": {"uv": [2.5, 9.5, 3.5, 10], "texture": "#texture"},
				"down": {"uv": [2.5, 10, 3.5, 10.5], "texture": "#texture"}
			}
		},
		{
			"from": [10, 10, 14],
			"to": [12, 12, 15],
			"faces": {
				"north": {"uv": [5.5, 9.5, 6.5, 10.5], "texture": "#texture"},
				"east": {"uv": [6, 9.5, 6.5, 10.5], "texture": "#texture"},
				"south": {"uv": [5.5, 9.5, 6.5, 10.5], "texture": "#texture"},
				"west": {"uv": [5.5, 9.5, 6, 10.5], "texture": "#texture"},
				"up": {"uv": [5.5, 9.5, 6.5, 10], "texture": "#texture"},
				"down": {"uv": [5.5, 10, 6.5, 10.5], "texture": "#texture"}
			}
		},
		{
			"from": [6, 0, 14.5],
			"to": [10, 12, 15.5],
			"faces": {
				"north": {"uv": [5.5, 9.5, 3.5, 15.5], "texture": "#texture"},
				"east": {"uv": [5, 9.5, 5.5, 15.5], "texture": "#texture"},
				"south": {"uv": [3.5, 9.5, 5.5, 15.5], "texture": "#texture"},
				"west": {"uv": [3.5, 9.5, 4, 15.5], "texture": "#texture"},
				"up": {"uv": [3.5, 9.5, 5.5, 10], "texture": "#texture"},
				"down": {"uv": [3.5, 15, 5.5, 15.5], "texture": "#texture"}
			}
		},
		{
			"from": [-2, 9, 5],
			"to": [-1, 21, 6],
			"faces": {
				"north": {"uv": [0, 5, 0.5, 11], "texture": "#texture"},
				"east": {"uv": [0, 5, 0.5, 11], "texture": "#texture"},
				"south": {"uv": [0, 5, 0.5, 11], "texture": "#texture"},
				"west": {"uv": [0, 5, 0.5, 11], "texture": "#texture"}
			}
		},
		{
			"from": [-2, 21, 4.5],
			"to": [0, 23, 6.5],
			"faces": {
				"north": {"uv": [1, 4, 0, 5], "texture": "#texture"},
				"east": {"uv": [0, 4, 1, 5], "texture": "#texture"},
				"south": {"uv": [1, 4, 0, 5], "texture": "#texture"},
				"west": {"uv": [0, 4, 1, 5], "texture": "#texture"},
				"up": {"uv": [0, 4, 1, 5], "texture": "#texture"},
				"down": {"uv": [0, 4, 1, 5], "texture": "#texture"}
			}
		},
		{
			"from": [0, 21.5, 4.5],
			"to": [1, 23, 6.5],
			"faces": {
				"north": {"uv": [0, 3.5, 0.5, 4], "texture": "#texture"},
				"east": {"uv": [0, 3.5, 0.5, 4], "texture": "#texture"},
				"south": {"uv": [0, 3.5, 0.5, 4], "texture": "#texture"},
				"up": {"uv": [0, 3.5, 0.5, 4], "texture": "#texture"},
				"down": {"uv": [0, 3.5, 0.5, 4], "texture": "#texture"}
			}
		},
		{
			"from": [1, 22, 4.5],
			"to": [2, 23, 6.5],
			"faces": {
				"north": {"uv": [0, 3.5, 0.5, 4], "texture": "#texture"},
				"east": {"uv": [0, 3.5, 0.5, 4], "texture": "#texture"},
				"south": {"uv": [0, 3.5, 0.5, 4], "texture": "#texture"},
				"up": {"uv": [0, 3.5, 0.5, 4], "texture": "#texture"},
				"down": {"uv": [0, 3.5, 0.5, 4], "texture": "#texture"}
			}
		}
	],
	"display": {
		"gui": {
			"translation": [0, -1.13, 0],
			"scale": [0.6, 0.6, 0.6]
		},
		"head": {
			"rotation": [0, 180, 0],
			"translation": [0, 0, -2.27],
			"scale": [1.21, 1, 1.24]
		},
		"fixed": {
			"rotation": [0, 180, 0],
			"translation": [0, -1.89, -2.08],
			"scale": [0.7, 0.7, 0.7]
		}
	}
}