{"__comment":"designed by hypixel minecraft server with bdcraft cubik pro 0.92 beta - http://bdcraft.net","textures":{"texture":"blocks/sith_front","jedi_side":"blocks/sith_side"},"elements":[{"from":[0,-1,-3],"to":[2,0,16],"faces":{"down":{"uv":[6,13,6.5,13.5],"texture":"#texture"},"north":{"uv":[4,14,5,14.5],"texture":"#jedi_side"},"south":{"uv":[4,14,5,14.5],"texture":"#texture"},"west":{"uv":[2.5,14,12,14.5],"texture":"#jedi_side"},"east":{"uv":[2.5,14,12,14.5],"texture":"#jedi_side"}}},{"from":[13,-1,-3],"to":[16,0,16],"faces":{"down":{"uv":[6,13,6.5,13.5],"texture":"#texture"},"north":{"uv":[12,14,10.5,14.5],"texture":"#jedi_side"},"south":{"uv":[10.5,14,12,14.5],"texture":"#texture"},"west":{"uv":[2.5,14,12,14.5],"texture":"#jedi_side"},"east":{"uv":[2.5,14,12,14.5],"texture":"#jedi_side"}}},{"from":[-1,0,-3],"to":[4,1,18],"faces":{"down":{"uv":[6,13,6.5,13.5],"texture":"#texture"},"north":{"uv":[6,13.5,3.5,14],"texture":"#jedi_side"},"south":{"uv":[3.5,13.5,6,14],"texture":"#texture"},"west":{"uv":[2.5,13.5,13,14],"texture":"#jedi_side"},"east":{"uv":[13,13.5,2.5,14],"texture":"#jedi_side"}}},{"from":[12,0,-3],"to":[17,1,18],"faces":{"down":{"uv":[7.5,13,8,13.5],"texture":"#texture"},"north":{"uv":[12.5,13.5,10,14],"texture":"#jedi_side"},"south":{"uv":[10,13.5,12.5,14],"texture":"#texture"},"west":{"uv":[2.5,13.5,13,14],"texture":"#jedi_side"},"east":{"uv":[13,13.5,2.5,14],"texture":"#jedi_side"}}},{"from":[-2,1,-4],"to":[8,2,18],"faces":{"down":{"uv":[3,13,8,13.5],"texture":"#texture"},"north":{"uv":[8,13,3,13.5],"texture":"#jedi_side"},"south":{"uv":[3,13,8,13.5],"texture":"#texture"},"west":{"uv":[2,13,13,13.5],"texture":"#jedi_side"}}},{"from":[8,1,-4],"to":[18,2,18],"faces":{"down":{"uv":[13,13,8,13.5],"rotation":180,"texture":"#texture"},"north":{"uv":[13,13,8,13.5],"texture":"#jedi_side"},"south":{"uv":[8,13,13,13.5],"texture":"#texture"},"east":{"uv":[13,13,2,13.5],"texture":"#jedi_side"}}},{"from":[-2,2,-4],"to":[8,3,18],"faces":{"north":{"uv":[8,12.5,3,13],"texture":"#jedi_side"},"south":{"uv":[3,12.5,8,13],"texture":"#texture"},"west":{"uv":[2,12.5,13,13],"texture":"#jedi_side"}}},{"from":[8,2,-4],"to":[18,3,18],"faces":{"north":{"uv":[13,12.5,8,13],"texture":"#jedi_side"},"south":{"uv":[8,12.5,13,13],"texture":"#texture"},"east":{"uv":[13,12.5,2,13],"texture":"#jedi_side"}}},{"from":[-2,3,-4],"to":[8,4,18],"faces":{"up":{"uv":[4,14,12,13],"rotation":90,"texture":"#jedi_side"},"north":{"uv":[8,12,3,12.5],"texture":"#jedi_side"},"south":{"uv":[3,12,8,12.5],"texture":"#texture"},"west":{"uv":[2,12,13,12.5],"texture":"#jedi_side"}}},{"from":[8,3,-4],"to":[18,4,18],"faces":{"up":{"uv":[4,12.5,12.5,14],"rotation":90,"texture":"#jedi_side"},"north":{"uv":[13,12,8,12.5],"texture":"#jedi_side"},"south":{"uv":[8,12,13,12.5],"texture":"#texture"},"east":{"uv":[13,12,2,12.5],"texture":"#jedi_side"}}},{"from":[13,11,-1],"to":[16,12,17],"faces":{"down":{"uv":[5.5,5.5,6,4.5],"texture":"#texture"},"north":{"uv":[6,7,7.5,7.5],"texture":"#jedi_side"},"south":{"uv":[9,7.5,10.5,8],"texture":"#texture"},"west":{"uv":[3.5,8,12.5,8.5],"texture":"#jedi_side"},"east":{"uv":[12.5,8,3.5,8.5],"texture":"#jedi_side"}}},{"from":[12,12,-1],"to":[16,13,17],"faces":{"down":{"uv":[5,5.5,5.5,6.5],"texture":"#texture"},"up":{"uv":[6.5,8,7,9],"texture":"#jedi_side"},"north":{"uv":[4.5,6.5,6.5,7],"texture":"#jedi_side"},"south":{"uv":[8.5,6.5,10.5,7],"texture":"#texture"},"west":{"uv":[3.5,7.5,12.5,8],"texture":"#jedi_side"},"east":{"uv":[12.5,7.5,3.5,8],"texture":"#jedi_side"}}},{"from":[10,15,-1],"to":[12,16,20],"faces":{"down":{"uv":[3,12,13,12.5],"rotation":90,"texture":"#texture"},"up":{"uv":[3.5,6,14,6.5],"rotation":90,"texture":"#jedi_side"},"north":{"uv":[3.5,6,4.5,6.5],"texture":"#jedi_side"},"south":{"uv":[8.5,6,9.5,6.5],"texture":"#texture"},"west":{"uv":[3.5,6,14,6.5],"texture":"#jedi_side"},"east":{"uv":[14,6.5,3.5,6],"texture":"#jedi_side"}}},{"from":[16,14,1],"to":[17,15,18],"faces":{"down":{"uv":[12.5,6,4,6.5],"rotation":90,"texture":"#texture"},"up":{"uv":[4.5,6.5,13,7],"rotation":90,"texture":"#jedi_side"},"north":{"uv":[4.5,6.5,5,7],"texture":"#jedi_side"},"south":{"uv":[4,7,4.5,7.5],"texture":"#texture"},"east":{"uv":[13,6.5,4.5,7],"texture":"#jedi_side"}}},{"from":[11,13,-1],"to":[15,14,18],"faces":{"down":{"uv":[7,4.5,7.5,5.5],"texture":"#texture"},"up":{"uv":[11.5,5,12,6],"texture":"#jedi_side"},"north":{"uv":[6,6,8,6.5],"texture":"#jedi_side"},"south":{"uv":[8.5,6.5,10.5,7],"texture":"#texture"},"west":{"uv":[3.5,7,12.5,7.5],"texture":"#jedi_side"},"east":{"uv":[12.5,7,3.5,7.5],"texture":"#jedi_side"}}},{"from":[12,21,5],"to":[13,22,13],"faces":{"up":{"uv":[7,2.5,11,3],"rotation":90,"texture":"#jedi_side"},"north":{"uv":[6.5,2.5,7,3],"texture":"#jedi_side"},"south":{"uv":[7,2.5,7.5,3],"texture":"#texture"},"east":{"uv":[11,2.5,7,3],"texture":"#jedi_side"}}},{"from":[11,19,1],"to":[12,20,17],"faces":{"up":{"uv":[5,3.5,12,4],"rotation":90,"texture":"#jedi_side"},"north":{"uv":[4.5,4,5,4.5],"texture":"#jedi_side"},"south":{"uv":[9,4,9.5,4.5],"texture":"#texture"},"east":{"uv":[12,3.5,5,4],"texture":"#jedi_side"}}},{"from":[11,18,0],"to":[12,19,18],"faces":{"up":{"uv":[4,4.5,13,5],"rotation":90,"texture":"#jedi_side"},"north":{"uv":[4,4.5,4.5,5],"texture":"#jedi_side"},"south":{"uv":[9,4.5,9.5,5],"texture":"#texture"},"east":{"uv":[13,4.5,4,5],"texture":"#jedi_side"}}},{"from":[12,18,1],"to":[13,19,18],"faces":{"up":{"uv":[10.5,10.5,12.5,11],"rotation":90,"texture":"#jedi_side"},"north":{"uv":[4.5,4.5,5,5],"texture":"#jedi_side"},"south":{"uv":[10,4.5,10.5,5],"texture":"#texture"},"east":{"uv":[12.5,10.5,7.5,11],"texture":"#jedi_side"}}},{"from":[12,15,0],"to":[14,16,20],"faces":{"down":{"uv":[3,12,13,12.5],"rotation":90,"texture":"#texture"},"up":{"uv":[4,6,14,6.5],"rotation":90,"texture":"#jedi_side"},"north":{"uv":[4.5,6,5.5,6.5],"texture":"#jedi_side"},"south":{"uv":[5.5,6,6.5,6.5],"texture":"#texture"}}},{"from":[9,14,-1],"to":[11,15,18],"faces":{"down":{"uv":[9,13,9.5,13.5],"texture":"#texture"},"up":{"uv":[9.5,13.5,10,14],"texture":"#jedi_side"},"north":{"uv":[3.5,8.5,4.5,9],"texture":"#jedi_side"},"south":{"uv":[8.5,12.5,9.5,13],"texture":"#texture"},"west":{"uv":[2.5,12,3,12.5],"texture":"#jedi_side"}}},{"from":[11,14,-1],"to":[14,15,19],"faces":{"down":{"uv":[4.5,7.5,5,8],"texture":"#texture"},"up":{"uv":[5,8.5,5.5,9],"texture":"#jedi_side"},"north":{"uv":[4.5,6.5,6,7],"texture":"#jedi_side"},"south":{"uv":[8.5,7,10,7.5],"texture":"#texture"},"west":{"uv":[3.5,6.5,13.5,7],"texture":"#jedi_side"},"east":{"uv":[13.5,6.5,3.5,7],"texture":"#jedi_side"}}},{"from":[14,14,0],"to":[16,15,19],"faces":{"down":{"uv":[5.5,6,6,6.5],"texture":"#texture"},"up":{"uv":[6,5.5,6.5,6],"texture":"#jedi_side"},"north":{"uv":[6.5,7,7.5,7.5],"texture":"#jedi_side"},"south":{"uv":[4.5,6,5.5,6.5],"texture":"#texture"},"east":{"uv":[5.5,6,6,6.5],"texture":"#jedi_side"}}},{"from":[16,13,1],"to":[17,14,17],"faces":{"down":{"uv":[4,7,12,7.5],"rotation":90,"texture":"#texture"},"north":{"uv":[4,7,4.5,7.5],"texture":"#jedi_side"},"south":{"uv":[5.5,7,6,7.5],"texture":"#texture"},"east":{"uv":[12.5,7,4.5,7.5],"texture":"#jedi_side"}}},{"from":[9,13,0],"to":[11,14,17],"faces":{"down":{"uv":[8,13,8.5,13.5],"texture":"#texture"},"north":{"uv":[6,12.5,7,13],"texture":"#jedi_side"},"south":{"uv":[9.5,13,10.5,13.5],"texture":"#texture"},"west":{"uv":[3,12.5,3.5,13],"texture":"#jedi_side"}}},{"from":[10,12,0],"to":[12,13,16],"faces":{"down":{"uv":[7,12,7.5,12.5],"texture":"#texture"},"up":{"uv":[2.5,11,3,11.5],"texture":"#jedi_side"},"north":{"uv":[6,12.5,7,13],"texture":"#jedi_side"},"south":{"uv":[9.5,13,10.5,13.5],"texture":"#texture"},"west":{"uv":[3,12,3.5,12.5],"texture":"#jedi_side"}}},{"from":[15,13,0],"to":[16,14,17],"faces":{"north":{"uv":[5.5,7.5,6,8],"texture":"#jedi_side"},"south":{"uv":[4.5,7,5,7.5],"texture":"#texture"},"east":{"uv":[5.5,5.5,6,6],"texture":"#jedi_side"}}},{"from":[16,12,0],"to":[17,13,16],"faces":{"down":{"uv":[12,6,4,6.5],"rotation":90,"texture":"#texture"},"up":{"uv":[4,7.5,12,8],"rotation":90,"texture":"#jedi_side"},"north":{"uv":[4,7.5,4.5,8],"texture":"#jedi_side"},"south":{"uv":[3.5,7.5,4,8],"texture":"#texture"},"east":{"uv":[12,7.5,4,8],"texture":"#jedi_side"}}},{"from":[12,11,0],"to":[13,12,16],"faces":{"down":{"uv":[4.5,12,5,12.5],"texture":"#texture"},"north":{"uv":[3,11.5,3.5,12],"texture":"#jedi_side"},"south":{"uv":[4.5,12,5,12.5],"texture":"#texture"},"west":{"uv":[2.5,12,3,12.5],"texture":"#jedi_side"}}},{"from":[16,11,0],"to":[17,12,15],"faces":{"down":{"uv":[4,8,11.5,8.5],"rotation":90,"texture":"#texture"},"north":{"uv":[4,8,4.5,8.5],"texture":"#jedi_side"},"south":{"uv":[12,10.5,12.5,11],"texture":"#texture"},"east":{"uv":[11.5,8,4,8.5],"texture":"#jedi_side"}}},{"from":[12,10,0],"to":[14,11,15],"faces":{"down":{"uv":[4.5,8,5,8.5],"texture":"#texture"},"up":{"uv":[4.5,8,5,8.5],"texture":"#jedi_side"},"north":{"uv":[6.5,10,7.5,10.5],"texture":"#jedi_side"},"south":{"uv":[9.5,13,10.5,13.5],"texture":"#texture"},"west":{"uv":[3.5,8.5,4,9],"texture":"#jedi_side"}}},{"from":[13,9,0],"to":[14,10,15],"faces":{"down":{"uv":[4.5,7.5,5,8],"texture":"#texture"},"north":{"uv":[6.5,10.5,7,11],"texture":"#jedi_side"},"south":{"uv":[11,10.5,11.5,11],"texture":"#texture"},"west":{"uv":[4,14,11.5,14.5],"texture":"#jedi_side"}}},{"from":[1,4,-3],"to":[2,5,17],"faces":{"up":{"uv":[2.5,11.5,12.5,12],"rotation":90,"texture":"#jedi_side"},"north":{"uv":[4.5,12,5,12.5],"texture":"#jedi_side"},"south":{"uv":[4.5,12,5,12.5],"texture":"#texture"},"east":{"uv":[12.5,13.5,2.5,14],"texture":"#jedi_side"}}},{"from":[-1,4,-4],"to":[0,5,18],"faces":{"up":{"uv":[2,11.5,13,12],"rotation":90,"texture":"#jedi_side"},"north":{"uv":[3.5,12,4,12.5],"texture":"#jedi_side"},"south":{"uv":[3.5,11.5,4,12],"texture":"#texture"},"west":{"uv":[2,11.5,12,12],"texture":"#jedi_side"}}},{"from":[-2,4,-2],"to":[-1,5,17],"faces":{"up":{"uv":[3,11.5,12.5,12],"rotation":90,"texture":"#jedi_side"},"north":{"uv":[3,12,3.5,12.5],"texture":"#jedi_side"},"south":{"uv":[3,11,3.5,11.5],"texture":"#texture"},"west":{"uv":[3,11.5,12.5,12],"texture":"#jedi_side"}}},{"from":[-2,5,-1],"to":[-1,7,16],"faces":{"up":{"uv":[3.5,10.5,12,11],"rotation":90,"texture":"#jedi_side"},"north":{"uv":[3.5,10.5,4,11.5],"texture":"#jedi_side"},"south":{"uv":[3,10.5,3.5,11.5],"texture":"#texture"},"west":{"uv":[3.5,10.5,12,11.5],"texture":"#jedi_side"},"east":{"uv":[12,10.5,3.5,11.5],"texture":"#jedi_side"}}},{"from":[-1,5,-3],"to":[1,6,18],"faces":{"down":{"uv":[3,12.5,13,13],"rotation":90,"texture":"#texture"},"up":{"uv":[2.5,11.5,13,11],"rotation":90,"texture":"#jedi_side"},"north":{"uv":[2.5,11,3.5,11.5],"texture":"#jedi_side"},"south":{"uv":[4,9.5,5,10],"texture":"#texture"},"west":{"uv":[2.5,11,13,11.5],"texture":"#jedi_side"},"east":{"uv":[13,11,2.5,11.5],"texture":"#jedi_side"}}},{"from":[-1,6,-2],"to":[1,7,17],"faces":{"north":{"uv":[2.5,11.5,3.5,12],"texture":"#jedi_side"},"south":{"uv":[9,2.5,10,3],"texture":"#texture"},"west":{"uv":[3,10.5,12.5,11],"texture":"#jedi_side"},"east":{"uv":[2.5,14,12,14.5],"texture":"#jedi_side"}}},{"from":[1,5,-2],"to":[2,6,17],"faces":{"up":{"uv":[3.5,7.5,4,8],"texture":"#jedi_side"},"north":{"uv":[12,12.5,12.5,13],"texture":"#jedi_side"},"south":{"uv":[11.5,12.5,12,13],"texture":"#texture"},"east":{"uv":[2.5,11.5,3,12],"texture":"#jedi_side"}}},{"from":[1,6,-1],"to":[2,8,16],"faces":{"north":{"uv":[12,12,12.5,13],"texture":"#jedi_side"},"south":{"uv":[4.5,12,5,13],"texture":"#texture"},"west":{"uv":[3.5,10,12,11],"texture":"#jedi_side"},"east":{"uv":[2.5,13.5,11,14.5],"texture":"#jedi_side"}}},{"from":[-1,8,0],"to":[0,9,15],"faces":{"up":{"uv":[4,9.5,11.5,10],"rotation":90,"texture":"#jedi_side"},"north":{"uv":[3,10.5,3.5,11],"texture":"#jedi_side"},"south":{"uv":[4,10,4.5,10.5],"texture":"#texture"},"west":{"uv":[4,9.5,11.5,10],"texture":"#jedi_side"}}},{"from":[0,8,-1],"to":[2,9,16],"faces":{"down":{"uv":[4.5,12,13,12.5],"rotation":90,"texture":"#texture"},"north":{"uv":[3.5,10.5,4.5,11],"texture":"#jedi_side"},"south":{"uv":[4.5,9.5,5.5,10],"texture":"#texture"},"west":{"uv":[3.5,9.5,12,10],"texture":"#jedi_side"},"east":{"uv":[12,9.5,3.5,10],"texture":"#jedi_side"}}},{"from":[2,8,0],"to":[3,9,15],"faces":{"down":{"uv":[4.5,12,12,12.5],"texture":"#texture"},"north":{"uv":[3.5,9.5,4,10],"texture":"#jedi_side"},"south":{"uv":[11,13,11.5,13.5],"texture":"#texture"},"east":{"uv":[11.5,14,3,14.5],"texture":"#jedi_side"}}},{"from":[2,9,0],"to":[3,11,15],"faces":{"north":{"uv":[4,8.5,4.5,9.5],"texture":"#jedi_side"},"south":{"uv":[3.5,11,4,12],"texture":"#texture"},"east":{"uv":[4,13,11.5,14],"texture":"#jedi_side"}}},{"from":[0,9,-1],"to":[2,11,16],"faces":{"north":{"uv":[4,10.5,5,11.5],"texture":"#jedi_side"},"south":{"uv":[7,5,8,6],"texture":"#texture"},"west":{"uv":[3.5,8.5,12,9.5],"texture":"#jedi_side"},"east":{"uv":[12,8.5,3.5,9.5],"texture":"#jedi_side"}}},{"from":[-1,9,1],"to":[0,11,14],"faces":{"north":{"uv":[4.5,8.5,5,9.5],"texture":"#jedi_side"},"south":{"uv":[4,7.5,4.5,8.5],"texture":"#texture"},"west":{"uv":[4.5,8.5,11,9.5],"texture":"#jedi_side"}}},{"from":[3,11,0],"to":[4,13,16],"faces":{"down":{"uv":[6,13,6.5,13.5],"texture":"#texture"},"north":{"uv":[4,8.5,4.5,9.5],"texture":"#jedi_side"},"south":{"uv":[4.5,12,5,13],"texture":"#texture"},"east":{"uv":[5,13.5,5.5,14],"texture":"#jedi_side"}}},{"from":[0,11,-1],"to":[3,14,17],"faces":{"down":{"uv":[5.5,10,4,8],"texture":"#texture"},"north":{"uv":[3.5,10,5,11.5],"texture":"#jedi_side"},"south":{"uv":[6.5,3.5,8,5],"texture":"#texture"},"west":{"uv":[3.5,7,12.5,8.5],"texture":"#jedi_side"},"east":{"uv":[12.5,7,3.5,8.5],"texture":"#jedi_side"}}},{"from":[-1,11,0],"to":[0,13,15],"faces":{"down":{"uv":[12.5,12,5,12.5],"rotation":90,"texture":"#texture"},"up":{"uv":[4,7.5,11.5,8],"rotation":90,"texture":"#jedi_side"},"north":{"uv":[4,7.5,4.5,8.5],"texture":"#jedi_side"},"south":{"uv":[4.5,7.5,5,8.5],"texture":"#texture"},"west":{"uv":[4,7.5,11.5,8.5],"texture":"#jedi_side"}}},{"from":[3,13,0],"to":[5,14,16],"faces":{"down":{"uv":[4,8,4.5,8.5],"texture":"#texture"},"up":{"uv":[4,8,4.5,8.5],"texture":"#jedi_side"},"north":{"uv":[4,8,5,8.5],"texture":"#jedi_side"},"south":{"uv":[9.5,12.5,10.5,13],"texture":"#texture"},"east":{"uv":[3,11.5,3.5,12],"texture":"#jedi_side"}}},{"from":[-1,7,-2],"to":[1,8,17],"faces":{"up":{"uv":[3,10,12.5,10.5],"rotation":90,"texture":"#jedi_side"},"north":{"uv":[3,10,4,10.5],"texture":"#jedi_side"},"south":{"uv":[7.5,4,8.5,4.5],"texture":"#texture"},"west":{"uv":[3,10,12.5,10.5],"texture":"#jedi_side"},"east":{"uv":[2.5,14,12,14.5],"texture":"#jedi_side"}}},{"from":[-2,7,1],"to":[-1,8,14],"faces":{"up":{"uv":[4.5,10,11,10.5],"rotation":90,"texture":"#jedi_side"},"north":{"uv":[8,10,8.5,10.5],"texture":"#jedi_side"},"south":{"uv":[4.5,8,5,8.5],"texture":"#texture"},"west":{"uv":[4.5,10,11,10.5],"texture":"#jedi_side"}}},{"from":[0,14,-1],"to":[4,15,17],"faces":{"down":{"uv":[11,10,11.5,11],"texture":"#texture"},"up":{"uv":[5,10,6,10.5],"texture":"#jedi_side"},"north":{"uv":[2.5,10.5,4.5,11],"texture":"#jedi_side"},"south":{"uv":[5,6.5,7,7],"texture":"#texture"},"west":{"uv":[3.5,6.5,12,7],"texture":"#jedi_side"},"east":{"uv":[12,6.5,3.5,7],"texture":"#jedi_side"}}},{"from":[-1,13,1],"to":[0,15,16],"faces":{"down":{"uv":[13,12,5.5,12.5],"rotation":90,"texture":"#texture"},"up":{"uv":[4.5,6.5,12,7],"rotation":90,"texture":"#jedi_side"},"north":{"uv":[4.5,6.5,5,7.5],"texture":"#jedi_side"},"south":{"uv":[4.5,7,5,8],"texture":"#texture"},"west":{"uv":[4.5,6.5,12,7.5],"texture":"#jedi_side"},"east":{"uv":[12,6.5,4.5,7.5],"texture":"#jedi_side"}}},{"from":[6,15,-1],"to":[10,16,19],"faces":{"down":{"uv":[4.5,12,5,12.5],"texture":"#texture"},"up":{"uv":[4,8,4.5,8.5],"texture":"#jedi_side"},"north":{"uv":[3.5,7.5,5.5,8],"texture":"#jedi_side"},"south":{"uv":[4,6,6,6.5],"texture":"#texture"}}},{"from":[1,15,0],"to":[2,16,20],"faces":{"down":{"uv":[6,6,4,6.5],"rotation":90,"texture":"#texture"},"up":{"uv":[4,6,11.5,6.5],"rotation":90,"texture":"#jedi_side"},"north":{"uv":[4,6,4.5,6.5],"texture":"#jedi_side"},"south":{"uv":[5,6,5.5,6.5],"texture":"#texture"},"west":{"uv":[4,6,11.5,6.5],"texture":"#jedi_side"}}},{"from":[0,15,0],"to":[1,16,19],"faces":{"down":{"uv":[4.5,6,5,8.5],"texture":"#texture"},"up":{"uv":[6.5,6,7,8.5],"texture":"#jedi_side"},"north":{"uv":[10,5.5,10.5,6],"texture":"#jedi_side"},"south":{"uv":[4,6,4.5,6.5],"texture":"#texture"},"west":{"uv":[4,6,11.5,6.5],"texture":"#jedi_side"}}},{"from":[-1,15,2],"to":[0,16,17],"faces":{"down":{"uv":[12.5,12,5,12.5],"rotation":90,"texture":"#texture"},"up":{"uv":[5,6,12.5,6.5],"rotation":90,"texture":"#jedi_side"},"north":{"uv":[10.5,12,11,12.5],"texture":"#jedi_side"},"south":{"uv":[4.5,7,5,7.5],"texture":"#texture"},"west":{"uv":[5,6,12.5,6.5],"texture":"#jedi_side"}}},{"from":[3,16,0],"to":[13,17,20],"faces":{"down":{"uv":[5.5,3.5,10.5,10.5],"texture":"#texture"},"up":{"uv":[5.5,12.5,10.5,3],"texture":"#jedi_side"},"north":{"uv":[6.5,5,11.5,5.5],"texture":"#jedi_side"},"south":{"uv":[4,5,9,5.5],"texture":"#texture"},"west":{"uv":[4,5.5,14,6],"texture":"#jedi_side"},"east":{"uv":[14,5.5,4,6],"texture":"#jedi_side"}}},{"from":[1,16,0],"to":[3,17,19],"faces":{"down":{"uv":[3.5,12.5,13,13],"texture":"#texture"},"up":{"uv":[4,5.5,13.5,6],"rotation":90,"texture":"#jedi_side"},"north":{"uv":[4,5.5,5,6],"texture":"#jedi_side"},"south":{"uv":[4.5,5.5,5.5,6],"texture":"#texture"},"west":{"uv":[4,5.5,13.5,6],"texture":"#jedi_side"}}},{"from":[0,16,1],"to":[1,17,18],"faces":{"up":{"uv":[4.5,5.5,13,6],"rotation":90,"texture":"#jedi_side"},"north":{"uv":[4.5,5.5,5,6],"texture":"#jedi_side"},"south":{"uv":[4,5.5,4.5,6],"texture":"#texture"},"west":{"uv":[4.5,5.5,13,6],"texture":"#jedi_side"}}},{"from":[-1,16,2],"to":[0,17,16],"faces":{"up":{"uv":[5,5.5,12,6],"rotation":90,"texture":"#jedi_side"},"north":{"uv":[5,5.5,5.5,6],"texture":"#jedi_side"},"south":{"uv":[6.5,4.5,7,5],"texture":"#texture"},"west":{"uv":[5,5.5,12,6],"texture":"#jedi_side"}}},{"from":[5,17,0],"to":[11,18,20],"faces":{"up":{"uv":[11.5,5,12,6],"texture":"#jedi_side"},"north":{"uv":[6,8,9,8.5],"texture":"#jedi_side"},"south":{"uv":[6,4.5,9,5],"texture":"#texture"},"west":{"uv":[4,5,13.5,5.5],"texture":"#jedi_side"},"east":{"uv":[14,5,4,5.5],"texture":"#jedi_side"}}},{"from":[3,17,0],"to":[5,18,19],"faces":{"up":{"uv":[4,5,13.5,5.5],"rotation":90,"texture":"#jedi_side"},"north":{"uv":[5,5,6,5.5],"texture":"#jedi_side"},"south":{"uv":[5.5,5,6.5,5.5],"texture":"#texture"},"west":{"uv":[4,5,13.5,5.5],"texture":"#jedi_side"}}},{"from":[2,17,0],"to":[3,18,18],"faces":{"up":{"uv":[4,5,13,5.5],"rotation":90,"texture":"#jedi_side"},"north":{"uv":[4,5,4.5,5.5],"texture":"#jedi_side"},"south":{"uv":[5,5,5.5,5.5],"texture":"#texture"},"west":{"uv":[4,5,13,5.5],"texture":"#jedi_side"}}},{"from":[1,17,1],"to":[2,18,18],"faces":{"up":{"uv":[4.5,5,13,5.5],"rotation":90,"texture":"#jedi_side"},"north":{"uv":[4.5,5,5,5.5],"texture":"#jedi_side"},"south":{"uv":[10,5,10.5,5.5],"texture":"#texture"},"west":{"uv":[4.5,5,13,5.5],"texture":"#jedi_side"}}},{"from":[0,17,1],"to":[1,18,17],"faces":{"up":{"uv":[4.5,5,12.5,5.5],"rotation":90,"texture":"#jedi_side"},"north":{"uv":[4.5,5,5,5.5],"texture":"#jedi_side"},"south":{"uv":[6.5,4.5,7,5],"texture":"#texture"},"west":{"uv":[4.5,5,12.5,5.5],"texture":"#jedi_side"}}},{"from":[-1,17,4],"to":[0,18,14],"faces":{"up":{"uv":[6,5,11,5.5],"rotation":90,"texture":"#jedi_side"},"north":{"uv":[5.5,5,6,5.5],"texture":"#jedi_side"},"south":{"uv":[5.5,6,6,6.5],"texture":"#texture"},"west":{"uv":[6,5,11,5.5],"texture":"#jedi_side"}}},{"from":[5,18,0],"to":[11,19,19],"faces":{"up":{"uv":[6.5,4,9.5,3],"texture":"#jedi_side"},"north":{"uv":[4.5,4,7.5,4.5],"texture":"#jedi_side"},"south":{"uv":[7,4,10,4.5],"texture":"#texture"},"west":{"uv":[4,4.5,13.5,5],"texture":"#jedi_side"},"east":{"uv":[13.5,4.5,4,5],"texture":"#jedi_side"}}},{"from":[1,18,1],"to":[3,19,17],"faces":{"down":{"uv":[4,4.5,12,5],"texture":"#texture"},"up":{"uv":[4.5,4.5,12.5,5],"rotation":90,"texture":"#jedi_side"},"north":{"uv":[4.5,4.5,5.5,5],"texture":"#jedi_side"},"south":{"uv":[4.5,4.5,5.5,5],"texture":"#texture"},"west":{"uv":[4.5,4.5,12.5,5],"texture":"#jedi_side"}}},{"from":[0,18,2],"to":[1,19,16],"faces":{"up":{"uv":[5,4.5,12,5],"rotation":90,"texture":"#jedi_side"},"north":{"uv":[11,4.5,11.5,5],"texture":"#jedi_side"},"south":{"uv":[4.5,5,5,5.5],"texture":"#texture"},"west":{"uv":[5,4.5,12,5],"texture":"#jedi_side"}}},{"from":[5,19,1],"to":[11,20,18],"faces":{"up":{"uv":[6.5,4,10,4.5],"rotation":90,"texture":"#jedi_side"},"north":{"uv":[6,4,9,4.5],"texture":"#jedi_side"},"south":{"uv":[6,3,9,3.5],"texture":"#texture"},"west":{"uv":[4.5,4,13,4.5],"texture":"#jedi_side"},"east":{"uv":[13,4,4.5,4.5],"texture":"#jedi_side"}}},{"from":[1,19,2],"to":[4,20,16],"faces":{"down":{"uv":[5,4,11.5,4.5],"texture":"#texture"},"up":{"uv":[5,4,12,4.5],"rotation":90,"texture":"#jedi_side"},"north":{"uv":[5,4,6.5,4.5],"texture":"#jedi_side"},"south":{"uv":[4.5,4.5,6,5],"texture":"#texture"},"west":{"uv":[5,4,12,4.5],"texture":"#jedi_side"}}},{"from":[0,19,4],"to":[1,20,14],"faces":{"up":{"uv":[6,4,11,4.5],"rotation":90,"texture":"#jedi_side"},"north":{"uv":[6,4,6.5,4.5],"texture":"#jedi_side"},"south":{"uv":[7,4.5,7.5,5],"texture":"#texture"},"west":{"uv":[6,4,11,4.5],"texture":"#jedi_side"}}},{"from":[5,20,2],"to":[11,21,17],"faces":{"up":{"uv":[5,3,12,3.5],"rotation":90,"texture":"#jedi_side"},"north":{"uv":[5.5,3,8.5,3.5],"texture":"#jedi_side"},"south":{"uv":[7,2.5,10,3],"texture":"#texture"},"west":{"uv":[5,3,12,3.5],"texture":"#jedi_side"},"east":{"uv":[12,3,5,3.5],"texture":"#jedi_side"}}},{"from":[3,20,2],"to":[5,21,16],"faces":{"down":{"uv":[13,16,11,2],"texture":"#texture"},"up":{"uv":[5,3,12,3.5],"rotation":90,"texture":"#jedi_side"},"north":{"uv":[6,3,7,3.5],"texture":"#jedi_side"},"south":{"uv":[7,2.5,8,3],"texture":"#texture"},"west":{"uv":[5,3,12,3.5],"texture":"#jedi_side"}}},{"from":[1,20,3],"to":[3,21,15],"faces":{"up":{"uv":[5.5,3,11.5,3.5],"rotation":90,"texture":"#jedi_side"},"north":{"uv":[6.5,2.5,7.5,3],"texture":"#jedi_side"},"south":{"uv":[6,3,7,3.5],"texture":"#texture"},"west":{"uv":[5,3,11,3.5],"texture":"#jedi_side"}}},{"from":[6,21,3],"to":[10,22,15],"faces":{"up":{"uv":[6,3,12,3.5],"rotation":90,"texture":"#jedi_side"},"north":{"uv":[6.5,2.5,8.5,3],"texture":"#jedi_side"},"south":{"uv":[7,2.5,9,3],"texture":"#texture"},"west":{"uv":[6,3,12,3.5],"texture":"#jedi_side"},"east":{"uv":[12,3,6,3.5],"texture":"#jedi_side"}}},{"from":[4,21,4],"to":[6,22,14],"faces":{"down":{"uv":[12,14,10,4],"texture":"#texture"},"up":{"uv":[6,2.5,11,3],"rotation":90,"texture":"#jedi_side"},"north":{"uv":[6.5,2.5,7.5,3],"texture":"#jedi_side"},"south":{"uv":[7,2.5,8,3],"texture":"#texture"},"west":{"uv":[6,2.5,10.5,3],"texture":"#jedi_side"}}},{"from":[2,8,0.5],"to":[14,15,1.5],"faces":{"down":{"uv":[5.5,12,6,12.5],"texture":"#texture"},"up":{"uv":[4,7.5,4.5,8],"texture":"#jedi_side"},"north":{"uv":[4,7.5,4.5,8],"texture":"#jedi_side"},"south":{"uv":[5,12,5.5,12.5],"texture":"#texture"},"west":{"uv":[4,7.5,4.5,8],"texture":"#jedi_side"},"east":{"uv":[4,7.5,4.5,8],"texture":"#jedi_side"}}},{"from":[2,6,-0.5],"to":[14,8,0.5],"faces":{"down":{"uv":[5,12,11,12.5],"texture":"#texture"},"up":{"uv":[5,13.5,11,14],"texture":"#jedi_side"},"north":{"uv":[5,13.5,11,14.5],"texture":"#jedi_side"},"south":{"uv":[5,12,11,12.5],"texture":"#texture"}}},{"from":[2,4,-2],"to":[14,6,0],"faces":{"down":{"uv":[5,12,11,12.5],"texture":"#texture"},"up":{"uv":[5,13,11,13.5],"texture":"#jedi_side"},"north":{"uv":[5,12.5,11,13.5],"texture":"#jedi_side"},"south":{"uv":[5,12,11,12.5],"texture":"#texture"},"west":{"uv":[3,11,4,12],"texture":"#jedi_side"},"east":{"uv":[4,11,3,12],"texture":"#jedi_side"}}},{"from":[3,6,-2],"to":[13,7,-0.5],"faces":{"up":{"uv":[4.5,14,9.5,14.5],"texture":"#jedi_side"},"north":{"uv":[4.5,14,9.5,14.5],"texture":"#jedi_side"},"west":{"uv":[2.5,12,3,12.5],"texture":"#jedi_side"},"east":{"uv":[2.5,12,3,12.5],"texture":"#jedi_side"}}},{"from":[3,4,-3],"to":[13,5,-2],"faces":{"down":{"uv":[6,12,11,12.5],"texture":"#texture"},"up":{"uv":[5.5,11.5,10.5,12],"texture":"#jedi_side"},"north":{"uv":[10.5,11.5,5.5,12],"texture":"#jedi_side"},"west":{"uv":[9.5,12,10,12.5],"texture":"#jedi_side"},"east":{"uv":[9.5,12,10,12.5],"texture":"#jedi_side"}}},{"from":[-1,1,18],"to":[3,4,19],"faces":{"down":{"uv":[3.5,13,5.5,13.5],"texture":"#texture"},"up":{"uv":[8.5,5.5,10.5,6],"texture":"#jedi_side"},"north":{"uv":[5.5,12,3.5,13.5],"texture":"#jedi_side"},"south":{"uv":[3.5,12,5.5,13.5],"texture":"#texture"},"west":{"uv":[11,11,11.5,12.5],"texture":"#jedi_side"},"east":{"uv":[3.5,12,4,13.5],"texture":"#jedi_side"}}},{"from":[3,2,18],"to":[6,3,19],"faces":{"down":{"uv":[5.5,12.5,7,13],"texture":"#texture"},"up":{"uv":[3,13.5,4.5,14],"texture":"#jedi_side"},"south":{"uv":[5.5,12.5,7,13],"texture":"#texture"},"east":{"uv":[7.5,12.5,8,13],"texture":"#jedi_side"}}},{"from":[10,2,18],"to":[13,3,19],"faces":{"down":{"uv":[9,12.5,10.5,13],"texture":"#texture"},"up":{"uv":[9,12.5,10.5,13],"texture":"#jedi_side"},"south":{"uv":[9,12.5,10.5,13],"texture":"#texture"},"west":{"uv":[9,12.5,9.5,13],"texture":"#jedi_side"}}},{"from":[13,1,18],"to":[17,4,19],"faces":{"down":{"uv":[10.5,13,12.5,13.5],"texture":"#texture"},"up":{"uv":[6.5,5,8.5,5.5],"texture":"#jedi_side"},"north":{"uv":[12.5,12,10.5,13.5],"texture":"#jedi_side"},"south":{"uv":[10.5,12,12.5,13.5],"texture":"#texture"},"west":{"uv":[10,11.5,10.5,13],"texture":"#jedi_side"},"east":{"uv":[10.5,11.5,11,13],"texture":"#jedi_side"}}},{"from":[11,1,18],"to":[13,2,19],"faces":{"down":{"uv":[9,13,10,13.5],"texture":"#texture"},"south":{"uv":[9,13,10,13.5],"texture":"#texture"},"west":{"uv":[9,13,9.5,13.5],"texture":"#jedi_side"}}},{"from":[3,1,18],"to":[5,2,19],"faces":{"down":{"uv":[5.5,13,6.5,13.5],"texture":"#texture"},"south":{"uv":[5.5,13,6.5,13.5],"texture":"#texture"},"east":{"uv":[5.5,13,6.5,13.5],"texture":"#jedi_side"}}},{"from":[0,4,-4],"to":[1,5,18],"faces":{"up":{"uv":[2,11.5,13,12],"rotation":90,"texture":"#jedi_side"},"north":{"uv":[4.5,12,5,12.5],"texture":"#jedi_side"},"south":{"uv":[3.5,11.5,4,12],"texture":"#texture"},"east":{"uv":[2,11.5,12,12],"texture":"#jedi_side"}}},{"from":[17,4,-2],"to":[18,5,17],"faces":{"up":{"uv":[3,11.5,12.5,12],"rotation":90,"texture":"#jedi_side"},"north":{"uv":[3,12,3.5,12.5],"texture":"#jedi_side"},"south":{"uv":[3,11,3.5,11.5],"texture":"#texture"},"east":{"uv":[12.5,11.5,3,12],"texture":"#jedi_side"}}},{"from":[16,4,-4],"to":[17,5,18],"faces":{"up":{"uv":[2,11.5,13,12],"rotation":90,"texture":"#jedi_side"},"north":{"uv":[3.5,12,4,12.5],"texture":"#jedi_side"},"south":{"uv":[3.5,11.5,4,12],"texture":"#texture"},"east":{"uv":[12,11.5,2,12],"texture":"#jedi_side"}}},{"from":[15,4,-4],"to":[16,5,18],"faces":{"up":{"uv":[2,11.5,13,12],"rotation":90,"texture":"#jedi_side"},"north":{"uv":[4.5,12,5,12.5],"texture":"#jedi_side"},"south":{"uv":[3.5,11.5,4,12],"texture":"#texture"},"west":{"uv":[12,11.5,2,12],"texture":"#jedi_side"}}},{"from":[14,4,-3],"to":[15,5,17],"faces":{"up":{"uv":[2.5,11.5,12.5,12],"rotation":90,"texture":"#jedi_side"},"north":{"uv":[4.5,12,5,12.5],"texture":"#jedi_side"},"south":{"uv":[4.5,12,5,12.5],"texture":"#texture"},"west":{"uv":[2.5,13.5,12.5,14],"texture":"#jedi_side"}}},{"from":[17,5,-1],"to":[18,7,16],"faces":{"up":{"uv":[3.5,10.5,12,11],"rotation":90,"texture":"#jedi_side"},"north":{"uv":[3.5,10.5,4,11.5],"texture":"#jedi_side"},"south":{"uv":[3,10.5,3.5,11.5],"texture":"#texture"},"west":{"uv":[3.5,10.5,12,11.5],"texture":"#jedi_side"},"east":{"uv":[12,10.5,3.5,11.5],"texture":"#jedi_side"}}},{"from":[15,5,-3],"to":[17,6,18],"faces":{"down":{"uv":[3,12.5,13,13],"rotation":90,"texture":"#texture"},"up":{"uv":[2.5,11,13,11.5],"rotation":90,"texture":"#jedi_side"},"north":{"uv":[2.5,11,3.5,11.5],"texture":"#jedi_side"},"south":{"uv":[9.5,6,10.5,6.5],"texture":"#texture"},"west":{"uv":[2.5,11,13,11.5],"texture":"#jedi_side"},"east":{"uv":[13,11,2.5,11.5],"texture":"#jedi_side"}}},{"from":[14,5,-2],"to":[15,6,17],"faces":{"up":{"uv":[3.5,7.5,4,8],"texture":"#jedi_side"},"north":{"uv":[12,12.5,12.5,13],"texture":"#jedi_side"},"south":{"uv":[11.5,12.5,12,13],"texture":"#texture"},"west":{"uv":[2.5,11.5,3,12],"texture":"#jedi_side"}}},{"from":[15,6,-2],"to":[17,7,17],"faces":{"north":{"uv":[2.5,11.5,3.5,12],"texture":"#jedi_side"},"south":{"uv":[9,2.5,10,3],"texture":"#texture"},"west":{"uv":[2.5,14,12,14.5],"texture":"#jedi_side"},"east":{"uv":[12.5,10.5,3,11],"texture":"#jedi_side"}}},{"from":[17,7,1],"to":[18,8,14],"faces":{"up":{"uv":[4.5,10,11,10.5],"rotation":90,"texture":"#jedi_side"},"north":{"uv":[8,10,8.5,10.5],"texture":"#jedi_side"},"south":{"uv":[4.5,8,5,8.5],"texture":"#texture"},"east":{"uv":[11,10,4.5,10.5],"texture":"#jedi_side"}}},{"from":[15,7,-2],"to":[17,8,17],"faces":{"up":{"uv":[3,10,12.5,10.5],"rotation":90,"texture":"#jedi_side"},"north":{"uv":[3,10,4,10.5],"texture":"#jedi_side"},"south":{"uv":[10.5,4,11.5,4.5],"texture":"#texture"},"west":{"uv":[2.5,14,12,14.5],"texture":"#jedi_side"},"east":{"uv":[12.5,10,3,10.5],"texture":"#jedi_side"}}},{"from":[14,6,-1],"to":[15,8,16],"faces":{"up":{"uv":[3.5,14,12,14.5],"rotation":90,"texture":"#jedi_side"},"north":{"uv":[12,12,12.5,13],"texture":"#jedi_side"},"south":{"uv":[4.5,12,5,13],"texture":"#texture"},"west":{"uv":[11,13.5,2.5,14.5],"texture":"#jedi_side"},"east":{"uv":[12,10,3.5,11],"texture":"#jedi_side"}}},{"from":[16,8,0],"to":[17,9,15],"faces":{"up":{"uv":[4,9.5,11.5,10],"rotation":90,"texture":"#jedi_side"},"north":{"uv":[3,10.5,3.5,11],"texture":"#jedi_side"},"south":{"uv":[4,10,4.5,10.5],"texture":"#texture"},"east":{"uv":[11.5,9.5,4,10],"texture":"#jedi_side"}}},{"from":[14,8,0],"to":[15,9,15],"faces":{"north":{"uv":[3.5,9.5,4,10],"texture":"#jedi_side"},"south":{"uv":[11,13,11.5,13.5],"texture":"#texture"},"west":{"uv":[3,14,11.5,14.5],"texture":"#jedi_side"}}},{"from":[15,8,-1],"to":[16,9,16],"faces":{"north":{"uv":[3.5,10.5,4,11],"texture":"#jedi_side"},"south":{"uv":[4.5,9.5,5,10],"texture":"#texture"},"west":{"uv":[3.5,9.5,12,10],"texture":"#jedi_side"},"east":{"uv":[12,9.5,3.5,10],"texture":"#jedi_side"}}},{"from":[16,9,1],"to":[17,11,14],"faces":{"north":{"uv":[4.5,8.5,5,9.5],"texture":"#jedi_side"},"south":{"uv":[4,7.5,4.5,8.5],"texture":"#texture"},"east":{"uv":[11,8.5,4.5,9.5],"texture":"#jedi_side"}}},{"from":[4,14,0],"to":[6,15,16],"faces":{"down":{"uv":[4,8,4.5,8.5],"texture":"#texture"},"north":{"uv":[4,8,5,8.5],"texture":"#jedi_side"},"south":{"uv":[9.5,12.5,10.5,13],"texture":"#texture"},"east":{"uv":[3,11.5,3.5,12],"texture":"#jedi_side"}}},{"from":[15,15,0],"to":[16,16,19],"faces":{"up":{"uv":[6.5,6,7,8.5],"texture":"#jedi_side"},"north":{"uv":[10,5.5,10.5,6],"texture":"#jedi_side"},"south":{"uv":[4.5,5.5,5,6],"texture":"#texture"},"east":{"uv":[13.5,6,4,6.5],"texture":"#jedi_side"}}},{"from":[14,15,0],"to":[15,16,20],"faces":{"down":{"uv":[7.5,4,5.5,4.5],"rotation":90,"texture":"#texture"},"up":{"uv":[4,6,14,6.5],"rotation":90,"texture":"#jedi_side"},"north":{"uv":[4,6,4.5,6.5],"texture":"#jedi_side"},"south":{"uv":[6,7,6.5,7.5],"texture":"#texture"},"east":{"uv":[14,6,4,6.5],"texture":"#jedi_side"}}},{"from":[1,13,17],"to":[3,14,18],"faces":{"down":{"uv":[12,6.5,12.5,7],"rotation":90,"texture":"#texture"},"up":{"uv":[12,6.5,12.5,7],"rotation":90,"texture":"#jedi_side"},"south":{"uv":[12,6.5,12.5,7],"texture":"#texture"},"west":{"uv":[12,6.5,12.5,7],"texture":"#jedi_side"},"east":{"uv":[12,6.5,12.5,7],"texture":"#jedi_side"}}},{"from":[2,12,17],"to":[3,13,18],"faces":{"down":{"uv":[12,6.5,12.5,7],"rotation":90,"texture":"#texture"},"south":{"uv":[12,6.5,12.5,7],"texture":"#texture"},"west":{"uv":[12,6.5,12.5,7],"texture":"#jedi_side"},"east":{"uv":[12,6.5,12.5,7],"texture":"#jedi_side"}}},{"from":[2,14,17],"to":[4,15,18.5],"faces":{"down":{"uv":[12,6.5,12.5,7],"rotation":90,"texture":"#texture"},"south":{"uv":[12,6.5,12.5,7],"texture":"#texture"},"west":{"uv":[12,6.5,12.5,7],"texture":"#jedi_side"},"east":{"uv":[12,6.5,12.5,7],"texture":"#jedi_side"}}},{"from":[3,14,18],"to":[4,15,19],"faces":{"down":{"uv":[12,6.5,12.5,7],"rotation":90,"texture":"#texture"},"north":{"uv":[12,6.5,12.5,7],"texture":"#jedi_side"},"south":{"uv":[12,6.5,12.5,7],"texture":"#texture"},"west":{"uv":[12,6.5,12.5,7],"texture":"#jedi_side"},"east":{"uv":[12,6.5,12.5,7],"texture":"#jedi_side"}}},{"from":[14,9,-1],"to":[16,11,16],"faces":{"down":{"uv":[4.5,12,13,12.5],"rotation":90,"texture":"#texture"},"north":{"uv":[5,10.5,4,11.5],"texture":"#jedi_side"},"south":{"uv":[8,5,7,6],"texture":"#texture"},"west":{"uv":[3.5,8.5,12,9.5],"texture":"#jedi_side"},"east":{"uv":[12,8.5,3.5,9.5],"texture":"#jedi_side"}}},{"from":[2,15,0],"to":[4,16,20],"faces":{"down":{"uv":[3,12,13,12.5],"rotation":90,"texture":"#texture"},"up":{"uv":[4,6,14,6.5],"rotation":90,"texture":"#jedi_side"},"north":{"uv":[4,6,5,6.5],"texture":"#jedi_side"},"south":{"uv":[5.5,6,6.5,6.5],"texture":"#texture"}}},{"from":[4,15,-1],"to":[6,16,20],"faces":{"down":{"uv":[3,12,13,12.5],"rotation":90,"texture":"#texture"},"up":{"uv":[3.5,6,14,6.5],"rotation":90,"texture":"#jedi_side"},"north":{"uv":[3.5,6,4.5,6.5],"texture":"#jedi_side"},"south":{"uv":[8.5,6,9.5,6.5],"texture":"#texture"},"west":{"uv":[3.5,6,14,6.5],"texture":"#jedi_side"},"east":{"uv":[14,6.5,3.5,6],"texture":"#jedi_side"}}},{"from":[16,15,2],"to":[17,16,17],"faces":{"up":{"uv":[5,6,12.5,6.5],"rotation":90,"texture":"#jedi_side"},"north":{"uv":[11,12.5,11.5,13],"texture":"#jedi_side"},"south":{"uv":[4.5,7,5,7.5],"texture":"#texture"},"east":{"uv":[12.5,6,5,6.5],"texture":"#jedi_side"}}},{"from":[16,16,2],"to":[17,17,16],"faces":{"up":{"uv":[5,5.5,12,6],"rotation":90,"texture":"#jedi_side"},"north":{"uv":[5,5.5,5.5,6],"texture":"#jedi_side"},"south":{"uv":[6.5,4.5,7,5],"texture":"#texture"},"east":{"uv":[12,5.5,5,6],"texture":"#jedi_side"}}},{"from":[15,16,1],"to":[16,17,18],"faces":{"up":{"uv":[4.5,5.5,13,6],"rotation":90,"texture":"#jedi_side"},"north":{"uv":[4.5,5.5,5,6],"texture":"#jedi_side"},"south":{"uv":[4,5.5,4.5,6],"texture":"#texture"},"east":{"uv":[13,5.5,4.5,6],"texture":"#jedi_side"}}},{"from":[13,16,0],"to":[15,17,19],"faces":{"down":{"uv":[3.5,12.5,13,13],"texture":"#texture"},"up":{"uv":[4,5.5,13.5,6],"rotation":90,"texture":"#jedi_side"},"north":{"uv":[4,5.5,5,6],"texture":"#jedi_side"},"south":{"uv":[4.5,5.5,5.5,6],"texture":"#texture"},"east":{"uv":[13.5,5.5,4,6],"texture":"#jedi_side"}}},{"from":[16,17,4],"to":[17,18,14],"faces":{"up":{"uv":[6,5,11,5.5],"rotation":90,"texture":"#jedi_side"},"north":{"uv":[5.5,5,6,5.5],"texture":"#jedi_side"},"south":{"uv":[5.5,6,6,6.5],"texture":"#texture"},"east":{"uv":[11,5,6,5.5],"texture":"#jedi_side"}}},{"from":[15,17,1],"to":[16,18,17],"faces":{"up":{"uv":[4.5,5,12.5,5.5],"rotation":90,"texture":"#jedi_side"},"north":{"uv":[4.5,5,5,5.5],"texture":"#jedi_side"},"south":{"uv":[6.5,4.5,7,5],"texture":"#texture"},"east":{"uv":[12.5,5,4.5,5.5],"texture":"#jedi_side"}}},{"from":[14,17,1],"to":[15,18,18],"faces":{"up":{"uv":[4.5,5,13,5.5],"rotation":90,"texture":"#jedi_side"},"north":{"uv":[4.5,5,5,5.5],"texture":"#jedi_side"},"south":{"uv":[10,5,10.5,5.5],"texture":"#texture"},"east":{"uv":[13,5,4.5,5.5],"texture":"#jedi_side"}}},{"from":[13,17,0],"to":[14,18,18],"faces":{"up":{"uv":[4,5,13,5.5],"rotation":90,"texture":"#jedi_side"},"north":{"uv":[4,5,4.5,5.5],"texture":"#jedi_side"},"south":{"uv":[5,5,5.5,5.5],"texture":"#texture"},"east":{"uv":[13,5,4,5.5],"texture":"#jedi_side"}}},{"from":[11,17,0],"to":[13,18,19],"faces":{"up":{"uv":[4,5,13.5,5.5],"rotation":90,"texture":"#jedi_side"},"north":{"uv":[5,5,6,5.5],"texture":"#jedi_side"},"south":{"uv":[5.5,5,6.5,5.5],"texture":"#texture"},"east":{"uv":[13.5,5,4,5.5],"texture":"#jedi_side"}}},{"from":[15,18,2],"to":[16,19,16],"faces":{"up":{"uv":[5,4.5,12,5],"rotation":90,"texture":"#jedi_side"},"north":{"uv":[11,4.5,11.5,5],"texture":"#jedi_side"},"south":{"uv":[11.5,5.5,12,6],"texture":"#texture"},"east":{"uv":[12,4.5,5,5],"texture":"#jedi_side"}}},{"from":[13,18,1],"to":[15,19,17],"faces":{"down":{"uv":[4,4.5,12,5],"texture":"#texture"},"up":{"uv":[10.5,11,13,11.5],"rotation":90,"texture":"#jedi_side"},"north":{"uv":[4.5,4.5,5.5,5],"texture":"#jedi_side"},"south":{"uv":[10,4,11,4.5],"texture":"#texture"},"east":{"uv":[4.5,4,12.5,4.5],"texture":"#jedi_side"}}},{"from":[3,18,1],"to":[4,19,18],"faces":{"up":{"uv":[4.5,4.5,13,5],"rotation":90,"texture":"#jedi_side"},"north":{"uv":[4.5,4.5,5,5],"texture":"#jedi_side"},"south":{"uv":[6,4.5,6.5,5],"texture":"#texture"},"west":{"uv":[3.5,7.5,12,8],"texture":"#jedi_side"}}},{"from":[4,18,0],"to":[5,19,18],"faces":{"up":{"uv":[4,4.5,13,5],"rotation":90,"texture":"#jedi_side"},"north":{"uv":[4,4.5,4.5,5],"texture":"#jedi_side"},"south":{"uv":[9,4.5,9.5,5],"texture":"#texture"},"west":{"uv":[4,4.5,13,5],"texture":"#jedi_side"}}},{"from":[15,19,4],"to":[16,20,14],"faces":{"up":{"uv":[6,4,11,4.5],"rotation":90,"texture":"#jedi_side"},"north":{"uv":[6,4,6.5,4.5],"texture":"#jedi_side"},"south":{"uv":[7,4.5,7.5,5],"texture":"#texture"},"east":{"uv":[11,4,6,4.5],"texture":"#jedi_side"}}},{"from":[12,19,2],"to":[15,20,16],"faces":{"down":{"uv":[5,4,11.5,4.5],"texture":"#texture"},"up":{"uv":[5,3.5,12,4],"rotation":90,"texture":"#jedi_side"},"north":{"uv":[5,4,6.5,4.5],"texture":"#jedi_side"},"south":{"uv":[9.5,4,11,4.5],"texture":"#texture"},"east":{"uv":[12,3.5,5,4],"texture":"#jedi_side"}}},{"from":[4,19,1],"to":[5,20,17],"faces":{"up":{"uv":[4.5,4,12.5,4.5],"rotation":90,"texture":"#jedi_side"},"north":{"uv":[4.5,4,5,4.5],"texture":"#jedi_side"},"south":{"uv":[5.5,4,6,4.5],"texture":"#texture"},"west":{"uv":[4.5,4,12.5,4.5],"texture":"#jedi_side"}}},{"from":[13,20,3],"to":[15,21,15],"faces":{"up":{"uv":[5.5,3,11.5,3.5],"rotation":90,"texture":"#jedi_side"},"north":{"uv":[6.5,2.5,7.5,3],"texture":"#jedi_side"},"south":{"uv":[6,3,7,3.5],"texture":"#texture"},"east":{"uv":[11,3,5,3.5],"texture":"#jedi_side"}}},{"from":[11,20,2],"to":[13,21,16],"faces":{"down":{"uv":[13,16,11,2],"texture":"#texture"},"up":{"uv":[5,3,12,3.5],"rotation":90,"texture":"#jedi_side"},"north":{"uv":[6,3,7,3.5],"texture":"#jedi_side"},"south":{"uv":[7,2.5,8,3],"texture":"#texture"},"east":{"uv":[12,3,5,3.5],"texture":"#jedi_side"}}},{"from":[3,21,5],"to":[4,22,13],"faces":{"up":{"uv":[7,2.5,11,3],"rotation":90,"texture":"#jedi_side"},"north":{"uv":[6.5,2.5,7,3],"texture":"#jedi_side"},"south":{"uv":[7,2.5,7.5,3],"texture":"#texture"},"west":{"uv":[7,2.5,11,3],"texture":"#jedi_side"}}},{"from":[10,21,4],"to":[12,22,14],"faces":{"down":{"uv":[12,14,10,4],"texture":"#texture"},"up":{"uv":[6,2.5,11,3],"rotation":90,"texture":"#jedi_side"},"north":{"uv":[6.5,2.5,7.5,3],"texture":"#jedi_side"},"south":{"uv":[7,2.5,8,3],"texture":"#texture"},"east":{"uv":[10.5,2.5,6,3],"texture":"#jedi_side"}}}],"display":{"head":{"rotation":[0,180,0],"translation":[0,0,-1.13],"scale":[1.1,1.1,1.1]},"fixed":{"rotation":[0,180,0],"translation":[0,-1.89,0],"scale":[0.7,0.7,0.7]},"gui":{"rotation":[0,0,0],"translation":[0,-1.13,0],"scale":[0.6,0.6,0.6]}}}
