{
	"credit": "By GriddenFox",
	"texture_size": [128, 128],
	"textures": {
		"0": "item/texture_helmet",
		"particle": "item/texture_helmet"
	},
	"elements": [
		{
			"from": [4.41696, 4.974, -1.43934],
			"to": [11.58196, 7.251, -0.93934],
			"rotation": {"angle": 0, "axis": "y", "origin": [5.81696, 0.75, 15.16066]},
			"faces": {
				"north": {"uv": [4.5, 2.375, 5.40625, 2.65625], "texture": "#0"},
				"east": {"uv": [2.375, 8.125, 2.4375, 8.40625], "texture": "#0"},
				"south": {"uv": [4.375, 4.5, 5.28125, 4.78125], "texture": "#0"},
				"west": {"uv": [8.125, 2.75, 8.1875, 3.03125], "texture": "#0"},
				"up": {"uv": [8.28125, 5.9375, 7.375, 5.875], "texture": "#0"},
				"down": {"uv": [8.28125, 6, 7.375, 6.0625], "texture": "#0"}
			}
		},
		{
			"from": [4.41696, -1.501, -1.43934],
			"to": [11.58196, 1.276, -0.93934],
			"rotation": {"angle": 0, "axis": "y", "origin": [5.81696, 0.75, 15.16066]},
			"faces": {
				"north": {"uv": [4.125, 1.25, 5.03125, 1.59375], "texture": "#0"},
				"east": {"uv": [7.625, 8, 7.6875, 8.34375], "texture": "#0"},
				"south": {"uv": [4.125, 1.625, 5.03125, 1.96875], "texture": "#0"},
				"west": {"uv": [7.75, 8, 7.8125, 8.34375], "texture": "#0"},
				"up": {"uv": [8.28125, 6.1875, 7.375, 6.125], "texture": "#0"},
				"down": {"uv": [8.28125, 6.25, 7.375, 6.3125], "texture": "#0"}
			}
		},
		{
			"from": [4.08294, 4.999, -3.58314],
			"to": [11.91794, 5.751, -1.43314],
			"rotation": {"angle": 0, "axis": "y", "origin": [5.48294, 0.75, 15.01686]},
			"faces": {
				"north": {"uv": [6.875, 1.25, 7.84375, 1.34375], "texture": "#0"},
				"east": {"uv": [7.875, 2.25, 8.15625, 2.34375], "texture": "#0"},
				"south": {"uv": [6.875, 1.375, 7.84375, 1.46875], "texture": "#0"},
				"west": {"uv": [7.875, 2.375, 8.15625, 2.46875], "texture": "#0"},
				"up": {"uv": [5.09375, 2.28125, 4.125, 2], "texture": "#0"},
				"down": {"uv": [5.46875, 0, 4.5, 0.28125], "texture": "#0"}
			}
		},
		{
			"from": [4.08294, 0.499, -3.58314],
			"to": [11.91794, 1.251, -1.43314],
			"rotation": {"angle": 0, "axis": "y", "origin": [5.48294, 0.75, 15.01686]},
			"faces": {
				"north": {"uv": [6.875, 2, 7.84375, 2.09375], "texture": "#0"},
				"east": {"uv": [7.875, 2.5, 8.15625, 2.59375], "texture": "#0"},
				"south": {"uv": [7, 1, 7.96875, 1.09375], "texture": "#0"},
				"west": {"uv": [7.875, 2.625, 8.15625, 2.71875], "texture": "#0"},
				"up": {"uv": [5.46875, 0.65625, 4.5, 0.375], "texture": "#0"},
				"down": {"uv": [5.46875, 0.75, 4.5, 1.03125], "texture": "#0"}
			}
		},
		{
			"from": [4.15877, 1.249, -3.40006],
			"to": [11.84377, 4.997, -1.65006],
			"rotation": {"angle": 0, "axis": "y", "origin": [5.55877, 0.75, 14.99994]},
			"faces": {
				"north": {"uv": [0.375, 3.5, 1.34375, 3.96875], "texture": "#0"},
				"east": {"uv": [3.125, 6.875, 3.34375, 7.34375], "texture": "#0"},
				"south": {"uv": [3.5, 2.5, 4.46875, 2.96875], "texture": "#0"},
				"west": {"uv": [3.375, 6.875, 3.59375, 7.34375], "texture": "#0"},
				"up": {"uv": [6.09375, 1.34375, 5.125, 1.125], "texture": "#0"},
				"down": {"uv": [6.09375, 1.375, 5.125, 1.59375], "texture": "#0"}
			}
		},
		{
			"from": [5.14295, 4.975, -2.26285],
			"to": [7.29295, 7.25, -1.76285],
			"rotation": {"angle": -22.5, "axis": "y", "origin": [6.29295, 0.75, 14.33715]},
			"faces": {
				"north": {"uv": [7.125, 6.375, 7.40625, 6.65625], "texture": "#0"},
				"east": {"uv": [3, 8.125, 3.0625, 8.40625], "texture": "#0"},
				"south": {"uv": [7.125, 6.75, 7.40625, 7.03125], "texture": "#0"},
				"west": {"uv": [3.125, 8.125, 3.1875, 8.40625], "texture": "#0"},
				"up": {"uv": [8.40625, 3.1875, 8.125, 3.125], "texture": "#0"},
				"down": {"uv": [8.40625, 3.25, 8.125, 3.3125], "texture": "#0"}
			}
		},
		{
			"from": [4.63528, 5, -4.37517],
			"to": [7.43528, 5.75, -2.25017],
			"rotation": {"angle": -22.5, "axis": "y", "origin": [6.28528, 0.75, 14.32483]},
			"faces": {
				"north": {"uv": [7.75, 7.375, 8.09375, 7.46875], "texture": "#0"},
				"east": {"uv": [7.875, 2.75, 8.125, 2.84375], "texture": "#0"},
				"south": {"uv": [0, 7.875, 0.34375, 7.96875], "texture": "#0"},
				"west": {"uv": [7.875, 2.875, 8.125, 2.96875], "texture": "#0"},
				"up": {"uv": [3.96875, 2.5, 3.625, 2.25], "texture": "#0"},
				"down": {"uv": [4.84375, 2.75, 4.5, 3], "texture": "#0"}
			}
		},
		{
			"from": [16.1, 5.75, 4.2],
			"to": [16.6, 7.251, 7.275],
			"rotation": {"angle": 0, "axis": "y", "origin": [0, 0.75, 0]},
			"faces": {
				"north": {"uv": [8.25, 3.375, 8.3125, 3.5625], "texture": "#0"},
				"east": {"uv": [7.25, 5, 7.625, 5.1875], "texture": "#0"},
				"south": {"uv": [3.5, 8.25, 3.5625, 8.4375], "texture": "#0"},
				"west": {"uv": [6.375, 7.25, 6.75, 7.4375], "texture": "#0"},
				"up": {"uv": [3.4375, 4.125, 3.375, 3.75], "texture": "#0"},
				"down": {"uv": [0.5625, 6, 0.5, 6.375], "texture": "#0"}
			}
		},
		{
			"from": [15.925, 2.45, 6.25],
			"to": [16.175, 3.551, 6.825],
			"rotation": {"angle": 0, "axis": "y", "origin": [0, 0.75, 0]},
			"faces": {
				"north": {"uv": [6.75, 8.375, 6.78125, 8.5], "texture": "#0"},
				"east": {"uv": [4.875, 8.375, 4.9375, 8.5], "texture": "#0"},
				"south": {"uv": [6.875, 8.375, 6.90625, 8.5], "texture": "#0"},
				"west": {"uv": [5, 8.375, 5.0625, 8.5], "texture": "#0"},
				"up": {"uv": [8.53125, 0.4375, 8.5, 0.375], "texture": "#0"},
				"down": {"uv": [0.53125, 8.5, 0.5, 8.5625], "texture": "#0"}
			}
		},
		{
			"from": [16.6, 2.45, 5.425],
			"to": [16.85, 3.551, 6],
			"rotation": {"angle": 0, "axis": "y", "origin": [0, 0.75, -0.025]},
			"faces": {
				"north": {"uv": [7, 8.375, 7.03125, 8.5], "texture": "#0"},
				"east": {"uv": [5.125, 8.375, 5.1875, 8.5], "texture": "#0"},
				"south": {"uv": [8.375, 7, 8.40625, 7.125], "texture": "#0"},
				"west": {"uv": [8.375, 5.125, 8.4375, 5.25], "texture": "#0"},
				"up": {"uv": [8.53125, 0.5625, 8.5, 0.5], "texture": "#0"},
				"down": {"uv": [0.65625, 8.5, 0.625, 8.5625], "texture": "#0"}
			}
		},
		{
			"from": [15.925, 2.45, 6],
			"to": [16.85, 3.551, 6.25],
			"rotation": {"angle": 0, "axis": "y", "origin": [0, 0.75, 0.225]},
			"faces": {
				"north": {"uv": [4, 2.25, 4.125, 2.375], "texture": "#0"},
				"east": {"uv": [7.125, 8.375, 7.15625, 8.5], "texture": "#0"},
				"south": {"uv": [3.875, 4.125, 4, 4.25], "texture": "#0"},
				"west": {"uv": [8.375, 7.125, 8.40625, 7.25], "texture": "#0"},
				"up": {"uv": [7.375, 8.40625, 7.25, 8.375], "texture": "#0"},
				"down": {"uv": [7.5, 8.375, 7.375, 8.40625], "texture": "#0"}
			}
		},
		{
			"from": [16.101, 12.61877, 4.75232],
			"to": [16.599, 13.67877, 5.81232],
			"rotation": {"angle": 45, "axis": "x", "origin": [0, 7.41877, -1.74768]},
			"faces": {
				"north": {"uv": [5.25, 8.375, 5.3125, 8.5], "texture": "#0"},
				"east": {"uv": [4.375, 2.375, 4.5, 2.5], "texture": "#0"},
				"south": {"uv": [8.375, 5.25, 8.4375, 5.375], "texture": "#0"},
				"west": {"uv": [5.75, 3.375, 5.875, 3.5], "texture": "#0"},
				"up": {"uv": [8.4375, 5.625, 8.375, 5.5], "texture": "#0"},
				"down": {"uv": [5.6875, 8.375, 5.625, 8.5], "texture": "#0"}
			}
		},
		{
			"from": [15.925, 12.91877, 5.05232],
			"to": [16.625, 13.17877, 5.31232],
			"rotation": {"angle": 45, "axis": "x", "origin": [0, 7.41877, -1.74768]},
			"faces": {
				"north": {"uv": [8.125, 8.375, 8.21875, 8.40625], "texture": "#0"},
				"east": {"uv": [1.375, 8.5, 1.40625, 8.53125], "texture": "#0"},
				"south": {"uv": [8.375, 8.125, 8.46875, 8.15625], "texture": "#0"},
				"west": {"uv": [8.5, 1.375, 8.53125, 1.40625], "texture": "#0"},
				"up": {"uv": [8.34375, 8.40625, 8.25, 8.375], "texture": "#0"},
				"down": {"uv": [8.46875, 8.25, 8.375, 8.28125], "texture": "#0"}
			}
		},
		{
			"from": [16.1, -1.501, 4.2],
			"to": [16.6, 5.75, 6],
			"rotation": {"angle": 0, "axis": "y", "origin": [0, 0.75, 0]},
			"faces": {
				"north": {"uv": [4.125, 7.375, 4.1875, 8.28125], "texture": "#0"},
				"east": {"uv": [1.125, 5.25, 1.34375, 6.15625], "texture": "#0"},
				"south": {"uv": [2.625, 7.5, 2.6875, 8.40625], "texture": "#0"},
				"west": {"uv": [5.75, 2.125, 5.96875, 3.03125], "texture": "#0"},
				"up": {"uv": [2.0625, 8.46875, 2, 8.25], "texture": "#0"},
				"down": {"uv": [2.1875, 8.25, 2.125, 8.46875], "texture": "#0"}
			}
		},
		{
			"from": [15.83287, -1.5, 7.55703],
			"to": [16.33287, 7.25, 10.85703],
			"rotation": {"angle": 22.5, "axis": "y", "origin": [-0.26713, 0.75, 6.85703]},
			"faces": {
				"north": {"uv": [3.625, 7.375, 3.6875, 8.46875], "texture": "#0"},
				"east": {"uv": [1.375, 3.5, 1.78125, 4.59375], "texture": "#0"},
				"south": {"uv": [3.75, 7.375, 3.8125, 8.46875], "texture": "#0"},
				"west": {"uv": [3.5, 3, 3.90625, 4.09375], "texture": "#0"},
				"up": {"uv": [0.3125, 5.15625, 0.25, 4.75], "texture": "#0"},
				"down": {"uv": [5.8125, 4.5, 5.75, 4.90625], "texture": "#0"}
			}
		},
		{
			"from": [16.33287, 0.5, 7.15703],
			"to": [18.33287, 5.75, 10.85703],
			"rotation": {"angle": 22.5, "axis": "y", "origin": [-0.26713, 0.75, 6.85703]},
			"faces": {
				"north": {"uv": [2.625, 6.125, 2.875, 6.78125], "texture": "#0"},
				"east": {"uv": [3.375, 4.125, 3.84375, 4.78125], "texture": "#0"},
				"south": {"uv": [2.875, 6.125, 3.125, 6.78125], "texture": "#0"},
				"west": {"uv": [3.875, 4.25, 4.34375, 4.90625], "texture": "#0"},
				"up": {"uv": [5.75, 2.59375, 5.5, 2.125], "texture": "#0"},
				"down": {"uv": [6.75, 5.875, 6.5, 6.34375], "texture": "#0"}
			}
		},
		{
			"from": [16.87075, 4.974, 11.56074],
			"to": [17.37075, 7.251, 14.06074],
			"rotation": {"angle": 45, "axis": "y", "origin": [0.77075, 0.75, 10.06074]},
			"faces": {
				"north": {"uv": [3.25, 8.125, 3.3125, 8.40625], "texture": "#0"},
				"east": {"uv": [1.375, 7, 1.6875, 7.28125], "texture": "#0"},
				"south": {"uv": [3.375, 8.125, 3.4375, 8.40625], "texture": "#0"},
				"west": {"uv": [1.75, 7, 2.0625, 7.28125], "texture": "#0"},
				"up": {"uv": [1.0625, 8.4375, 1, 8.125], "texture": "#0"},
				"down": {"uv": [1.1875, 8.125, 1.125, 8.4375], "texture": "#0"}
			}
		},
		{
			"from": [16.87075, -1.501, 11.56074],
			"to": [17.37075, 1.276, 14.06074],
			"rotation": {"angle": 45, "axis": "y", "origin": [0.77075, -5.725, 10.06074]},
			"faces": {
				"north": {"uv": [7.875, 8, 7.9375, 8.34375], "texture": "#0"},
				"east": {"uv": [6.75, 5.875, 7.0625, 6.21875], "texture": "#0"},
				"south": {"uv": [8, 8, 8.0625, 8.34375], "texture": "#0"},
				"west": {"uv": [6.75, 6.25, 7.0625, 6.59375], "texture": "#0"},
				"up": {"uv": [1.3125, 8.4375, 1.25, 8.125], "texture": "#0"},
				"down": {"uv": [1.4375, 8.125, 1.375, 8.4375], "texture": "#0"}
			}
		},
		{
			"from": [5.14295, -1.5, -2.26285],
			"to": [7.29295, 1.275, -1.76285],
			"rotation": {"angle": -22.5, "axis": "y", "origin": [6.29295, -5.725, 14.33715]},
			"faces": {
				"north": {"uv": [6.375, 6.875, 6.65625, 7.21875], "texture": "#0"},
				"east": {"uv": [0, 8.125, 0.0625, 8.46875], "texture": "#0"},
				"south": {"uv": [0, 7, 0.28125, 7.34375], "texture": "#0"},
				"west": {"uv": [0.125, 8.125, 0.1875, 8.46875], "texture": "#0"},
				"up": {"uv": [8.40625, 3.6875, 8.125, 3.625], "texture": "#0"},
				"down": {"uv": [8.40625, 3.75, 8.125, 3.8125], "texture": "#0"}
			}
		},
		{
			"from": [17.36837, 4.999, 10.8822],
			"to": [19.36837, 5.751, 14.4572],
			"rotation": {"angle": 45, "axis": "y", "origin": [0.76837, 0.75, 10.0572]},
			"faces": {
				"north": {"uv": [3, 7.875, 3.25, 7.96875], "texture": "#0"},
				"east": {"uv": [5.875, 7.625, 6.3125, 7.71875], "texture": "#0"},
				"south": {"uv": [7.875, 3, 8.125, 3.09375], "texture": "#0"},
				"west": {"uv": [7.75, 0.125, 8.1875, 0.21875], "texture": "#0"},
				"up": {"uv": [6.125, 7.0625, 5.875, 6.625], "texture": "#0"},
				"down": {"uv": [6.375, 6.625, 6.125, 7.0625], "texture": "#0"}
			}
		},
		{
			"from": [17.36837, 0.499, 10.8822],
			"to": [19.36837, 1.251, 14.4572],
			"rotation": {"angle": 45, "axis": "y", "origin": [0.76837, -3.75, 10.0572]},
			"faces": {
				"north": {"uv": [7.875, 3.125, 8.125, 3.21875], "texture": "#0"},
				"east": {"uv": [7.75, 0.25, 8.1875, 0.34375], "texture": "#0"},
				"south": {"uv": [3.25, 7.875, 3.5, 7.96875], "texture": "#0"},
				"west": {"uv": [7.75, 0.625, 8.1875, 0.71875], "texture": "#0"},
				"up": {"uv": [7, 2.5625, 6.75, 2.125], "texture": "#0"},
				"down": {"uv": [7, 4.375, 6.75, 4.8125], "texture": "#0"}
			}
		},
		{
			"from": [4.63528, 0.5, -4.37517],
			"to": [7.43528, 1.25, -2.25017],
			"rotation": {"angle": -22.5, "axis": "y", "origin": [6.28528, -3.75, 14.32483]},
			"faces": {
				"north": {"uv": [0.375, 7.875, 0.71875, 7.96875], "texture": "#0"},
				"east": {"uv": [7.875, 3.25, 8.125, 3.34375], "texture": "#0"},
				"south": {"uv": [1.25, 7.875, 1.59375, 7.96875], "texture": "#0"},
				"west": {"uv": [7.875, 4.75, 8.125, 4.84375], "texture": "#0"},
				"up": {"uv": [7.34375, 5.5, 7, 5.25], "texture": "#0"},
				"down": {"uv": [7.34375, 5.5, 7, 5.75], "texture": "#0"}
			}
		},
		{
			"from": [17.56837, 1.249, 10.9072],
			"to": [19.16837, 4.997, 14.4572],
			"rotation": {"angle": 45, "axis": "y", "origin": [0.76837, 0.75, 10.0572]},
			"faces": {
				"north": {"uv": [4.875, 6.875, 5.0625, 7.34375], "texture": "#0"},
				"east": {"uv": [5.375, 3.5, 5.8125, 3.96875], "texture": "#0"},
				"south": {"uv": [7, 2.125, 7.1875, 2.59375], "texture": "#0"},
				"west": {"uv": [5.375, 5.25, 5.8125, 5.71875], "texture": "#0"},
				"up": {"uv": [0.9375, 7.5625, 0.75, 7.125], "texture": "#0"},
				"down": {"uv": [6.0625, 7.125, 5.875, 7.5625], "texture": "#0"}
			}
		},
		{
			"from": [4.63528, 1.249, -4.177],
			"to": [7.38528, 4.997, -2.472],
			"rotation": {"angle": -22.5, "axis": "y", "origin": [6.28528, 0.75, 14.32483]},
			"faces": {
				"north": {"uv": [6.125, 4.625, 6.46875, 5.09375], "texture": "#0"},
				"east": {"uv": [6.875, 3.375, 7.09375, 3.84375], "texture": "#0"},
				"south": {"uv": [6.125, 5.125, 6.46875, 5.59375], "texture": "#0"},
				"west": {"uv": [3.625, 6.875, 3.84375, 7.34375], "texture": "#0"},
				"up": {"uv": [7.46875, 4.34375, 7.125, 4.125], "texture": "#0"},
				"down": {"uv": [7.59375, 2.125, 7.25, 2.34375], "texture": "#0"}
			}
		},
		{
			"from": [8.70705, 4.975, -2.26285],
			"to": [10.85705, 7.25, -1.76285],
			"rotation": {"angle": 22.5, "axis": "y", "origin": [9.70705, 0.75, 14.33715]},
			"faces": {
				"north": {"uv": [7.125, 7.125, 7.40625, 7.40625], "texture": "#0"},
				"east": {"uv": [4.375, 8.125, 4.4375, 8.40625], "texture": "#0"},
				"south": {"uv": [7.25, 1.5, 7.53125, 1.78125], "texture": "#0"},
				"west": {"uv": [4.5, 8.125, 4.5625, 8.40625], "texture": "#0"},
				"up": {"uv": [8.40625, 3.9375, 8.125, 3.875], "texture": "#0"},
				"down": {"uv": [8.40625, 4, 8.125, 4.0625], "texture": "#0"}
			}
		},
		{
			"from": [-0.6, 5.75, 4.2],
			"to": [-0.1, 7.251, 7.275],
			"rotation": {"angle": 0, "axis": "y", "origin": [16, 0.75, 0]},
			"faces": {
				"north": {"uv": [8.25, 4.125, 8.3125, 4.3125], "texture": "#0"},
				"east": {"uv": [6.75, 7.25, 7.125, 7.4375], "texture": "#0"},
				"south": {"uv": [4.25, 8.25, 4.3125, 8.4375], "texture": "#0"},
				"west": {"uv": [0, 7.375, 0.375, 7.5625], "texture": "#0"},
				"up": {"uv": [7.9375, 5.25, 7.875, 4.875], "texture": "#0"},
				"down": {"uv": [5.1875, 7.875, 5.125, 8.25], "texture": "#0"}
			}
		},
		{
			"from": [-0.6, -1.501, 4.2],
			"to": [-0.1, 5.75, 6],
			"rotation": {"angle": 0, "axis": "y", "origin": [16, 0.75, 0]},
			"faces": {
				"north": {"uv": [2.75, 7.5, 2.8125, 8.40625], "texture": "#0"},
				"east": {"uv": [5.375, 5.75, 5.59375, 6.65625], "texture": "#0"},
				"south": {"uv": [2.875, 7.5, 2.9375, 8.40625], "texture": "#0"},
				"west": {"uv": [5.625, 5.75, 5.84375, 6.65625], "texture": "#0"},
				"up": {"uv": [2.3125, 8.46875, 2.25, 8.25], "texture": "#0"},
				"down": {"uv": [8.3125, 2.25, 8.25, 2.46875], "texture": "#0"}
			}
		},
		{
			"from": [-0.33287, -1.5, 7.55703],
			"to": [0.16713, 7.25, 10.85703],
			"rotation": {"angle": -22.5, "axis": "y", "origin": [16.26713, 0.75, 6.85703]},
			"faces": {
				"north": {"uv": [3.875, 7.375, 3.9375, 8.46875], "texture": "#0"},
				"east": {"uv": [3.625, 0, 4.03125, 1.09375], "texture": "#0"},
				"south": {"uv": [4, 7.375, 4.0625, 8.46875], "texture": "#0"},
				"west": {"uv": [3.625, 1.125, 4.03125, 2.21875], "texture": "#0"},
				"up": {"uv": [1.0625, 6.78125, 1, 6.375], "texture": "#0"},
				"down": {"uv": [3.5625, 7.75, 3.5, 8.15625], "texture": "#0"}
			}
		},
		{
			"from": [-1.37075, 4.974, 11.56074],
			"to": [-0.87075, 7.251, 14.06074],
			"rotation": {"angle": -45, "axis": "y", "origin": [15.22925, 0.75, 10.06074]},
			"faces": {
				"north": {"uv": [4.625, 8.125, 4.6875, 8.40625], "texture": "#0"},
				"east": {"uv": [3.875, 7, 4.1875, 7.28125], "texture": "#0"},
				"south": {"uv": [4.75, 8.125, 4.8125, 8.40625], "texture": "#0"},
				"west": {"uv": [7, 4.375, 7.3125, 4.65625], "texture": "#0"},
				"up": {"uv": [1.5625, 8.4375, 1.5, 8.125], "texture": "#0"},
				"down": {"uv": [1.6875, 8.125, 1.625, 8.4375], "texture": "#0"}
			}
		},
		{
			"from": [-0.599, 12.61877, 4.75232],
			"to": [-0.101, 13.67877, 5.81232],
			"rotation": {"angle": 45, "axis": "x", "origin": [16, 7.41877, -1.74768]},
			"faces": {
				"north": {"uv": [8.375, 5.625, 8.4375, 5.75], "texture": "#0"},
				"east": {"uv": [1, 6.875, 1.125, 7], "texture": "#0"},
				"south": {"uv": [5.75, 8.375, 5.8125, 8.5], "texture": "#0"},
				"west": {"uv": [0.375, 7, 0.5, 7.125], "texture": "#0"},
				"up": {"uv": [8.4375, 5.875, 8.375, 5.75], "texture": "#0"},
				"down": {"uv": [5.9375, 8.375, 5.875, 8.5], "texture": "#0"}
			}
		},
		{
			"from": [-0.625, 12.91877, 5.05232],
			"to": [0.075, 13.17877, 5.31232],
			"rotation": {"angle": 45, "axis": "x", "origin": [16, 7.41877, -1.74768]},
			"faces": {
				"north": {"uv": [8.375, 8.375, 8.46875, 8.40625], "texture": "#0"},
				"east": {"uv": [1.5, 8.5, 1.53125, 8.53125], "texture": "#0"},
				"south": {"uv": [0, 8.5, 0.09375, 8.53125], "texture": "#0"},
				"west": {"uv": [8.5, 1.5, 8.53125, 1.53125], "texture": "#0"},
				"up": {"uv": [8.59375, 0.03125, 8.5, 0], "texture": "#0"},
				"down": {"uv": [0.21875, 8.5, 0.125, 8.53125], "texture": "#0"}
			}
		},
		{
			"from": [-0.85, 2.45, 5.425],
			"to": [-0.6, 3.551, 6],
			"rotation": {"angle": 0, "axis": "y", "origin": [16, 0.75, -0.025]},
			"faces": {
				"north": {"uv": [8.375, 7.375, 8.40625, 7.5], "texture": "#0"},
				"east": {"uv": [8.375, 5.875, 8.4375, 6], "texture": "#0"},
				"south": {"uv": [7.5, 8.375, 7.53125, 8.5], "texture": "#0"},
				"west": {"uv": [6, 8.375, 6.0625, 8.5], "texture": "#0"},
				"up": {"uv": [8.53125, 0.6875, 8.5, 0.625], "texture": "#0"},
				"down": {"uv": [0.78125, 8.5, 0.75, 8.5625], "texture": "#0"}
			}
		},
		{
			"from": [-0.85, 2.45, 6],
			"to": [0.075, 3.551, 6.25],
			"rotation": {"angle": 0, "axis": "y", "origin": [16, 0.75, 0.225]},
			"faces": {
				"north": {"uv": [7.25, 3, 7.375, 3.125], "texture": "#0"},
				"east": {"uv": [8.375, 7.5, 8.40625, 7.625], "texture": "#0"},
				"south": {"uv": [5.25, 8.125, 5.375, 8.25], "texture": "#0"},
				"west": {"uv": [7.625, 8.375, 7.65625, 8.5], "texture": "#0"},
				"up": {"uv": [8.5, 7.65625, 8.375, 7.625], "texture": "#0"},
				"down": {"uv": [7.875, 8.375, 7.75, 8.40625], "texture": "#0"}
			}
		},
		{
			"from": [-0.175, 2.45, 6.25],
			"to": [0.075, 3.551, 6.825],
			"rotation": {"angle": 0, "axis": "y", "origin": [16, 0.75, 0]},
			"faces": {
				"north": {"uv": [7.875, 8.375, 7.90625, 8.5], "texture": "#0"},
				"east": {"uv": [8.375, 6, 8.4375, 6.125], "texture": "#0"},
				"south": {"uv": [8.375, 7.875, 8.40625, 8], "texture": "#0"},
				"west": {"uv": [6.125, 8.375, 6.1875, 8.5], "texture": "#0"},
				"up": {"uv": [8.53125, 0.8125, 8.5, 0.75], "texture": "#0"},
				"down": {"uv": [0.90625, 8.5, 0.875, 8.5625], "texture": "#0"}
			}
		},
		{
			"from": [8.70705, -1.5, -2.26285],
			"to": [10.85705, 1.275, -1.76285],
			"rotation": {"angle": 22.5, "axis": "y", "origin": [9.70705, -5.725, 14.33715]},
			"faces": {
				"north": {"uv": [7, 0.625, 7.28125, 0.96875], "texture": "#0"},
				"east": {"uv": [0.25, 8.125, 0.3125, 8.46875], "texture": "#0"},
				"south": {"uv": [1, 7, 1.28125, 7.34375], "texture": "#0"},
				"west": {"uv": [0.375, 8.125, 0.4375, 8.46875], "texture": "#0"},
				"up": {"uv": [8.40625, 4.8125, 8.125, 4.75], "texture": "#0"},
				"down": {"uv": [8.40625, 5.375, 8.125, 5.4375], "texture": "#0"}
			}
		},
		{
			"from": [-1.37075, -1.501, 11.56074],
			"to": [-0.87075, 1.276, 14.06074],
			"rotation": {"angle": -45, "axis": "y", "origin": [15.22925, -5.725, 10.06074]},
			"faces": {
				"north": {"uv": [0.5, 8.125, 0.5625, 8.46875], "texture": "#0"},
				"east": {"uv": [6.75, 6.625, 7.0625, 6.96875], "texture": "#0"},
				"south": {"uv": [0.625, 8.125, 0.6875, 8.46875], "texture": "#0"},
				"west": {"uv": [6.875, 1.625, 7.1875, 1.96875], "texture": "#0"},
				"up": {"uv": [1.8125, 8.4375, 1.75, 8.125], "texture": "#0"},
				"down": {"uv": [1.9375, 8.125, 1.875, 8.4375], "texture": "#0"}
			}
		},
		{
			"from": [8.61472, 1.249, -4.177],
			"to": [11.36472, 4.997, -2.472],
			"rotation": {"angle": 22.5, "axis": "y", "origin": [9.71472, 0.75, 14.32483]},
			"faces": {
				"north": {"uv": [6.125, 5.625, 6.46875, 6.09375], "texture": "#0"},
				"east": {"uv": [4.375, 6.875, 4.59375, 7.34375], "texture": "#0"},
				"south": {"uv": [6.125, 6.125, 6.46875, 6.59375], "texture": "#0"},
				"west": {"uv": [4.625, 6.875, 4.84375, 7.34375], "texture": "#0"},
				"up": {"uv": [7.59375, 2.59375, 7.25, 2.375], "texture": "#0"},
				"down": {"uv": [7.59375, 4.75, 7.25, 4.96875], "texture": "#0"}
			}
		},
		{
			"from": [-3.16837, 1.249, 10.9072],
			"to": [-1.56837, 4.997, 14.4572],
			"rotation": {"angle": -45, "axis": "y", "origin": [15.23163, 0.75, 10.0572]},
			"faces": {
				"north": {"uv": [7, 4.75, 7.1875, 5.21875], "texture": "#0"},
				"east": {"uv": [5.5, 0, 5.9375, 0.46875], "texture": "#0"},
				"south": {"uv": [5.125, 7, 5.3125, 7.46875], "texture": "#0"},
				"west": {"uv": [5.5, 0.5, 5.9375, 0.96875], "texture": "#0"},
				"up": {"uv": [7.3125, 6.3125, 7.125, 5.875], "texture": "#0"},
				"down": {"uv": [6.3125, 7.125, 6.125, 7.5625], "texture": "#0"}
			}
		},
		{
			"from": [-2.33287, 0.5, 7.15703],
			"to": [-0.33287, 5.75, 10.85703],
			"rotation": {"angle": -22.5, "axis": "y", "origin": [16.26713, 0.75, 6.85703]},
			"faces": {
				"north": {"uv": [3.125, 6.125, 3.375, 6.78125], "texture": "#0"},
				"east": {"uv": [4.375, 3, 4.84375, 3.65625], "texture": "#0"},
				"south": {"uv": [3.375, 6.125, 3.625, 6.78125], "texture": "#0"},
				"west": {"uv": [4.375, 3.75, 4.84375, 4.40625], "texture": "#0"},
				"up": {"uv": [6.75, 6.84375, 6.5, 6.375], "texture": "#0"},
				"down": {"uv": [6.875, 1.625, 6.625, 2.09375], "texture": "#0"}
			}
		},
		{
			"from": [8.56472, 5, -4.37517],
			"to": [11.36472, 5.75, -2.25017],
			"rotation": {"angle": 22.5, "axis": "y", "origin": [9.71472, 0.75, 14.32483]},
			"faces": {
				"north": {"uv": [7.875, 1.25, 8.21875, 1.34375], "texture": "#0"},
				"east": {"uv": [7.875, 5.375, 8.125, 5.46875], "texture": "#0"},
				"south": {"uv": [7.875, 1.375, 8.21875, 1.46875], "texture": "#0"},
				"west": {"uv": [7.875, 5.5, 8.125, 5.59375], "texture": "#0"},
				"up": {"uv": [7.09375, 7.25, 6.75, 7], "texture": "#0"},
				"down": {"uv": [0.71875, 7.125, 0.375, 7.375], "texture": "#0"}
			}
		},
		{
			"from": [-3.36837, 4.999, 10.8822],
			"to": [-1.36837, 5.751, 14.4572],
			"rotation": {"angle": -45, "axis": "y", "origin": [15.23163, 0.75, 10.0572]},
			"faces": {
				"north": {"uv": [5.625, 7.875, 5.875, 7.96875], "texture": "#0"},
				"east": {"uv": [7.75, 0.75, 8.1875, 0.84375], "texture": "#0"},
				"south": {"uv": [6.375, 7.875, 6.625, 7.96875], "texture": "#0"},
				"west": {"uv": [7.75, 1.125, 8.1875, 1.21875], "texture": "#0"},
				"up": {"uv": [7, 5.3125, 6.75, 4.875], "texture": "#0"},
				"down": {"uv": [5.625, 6.75, 5.375, 7.1875], "texture": "#0"}
			}
		},
		{
			"from": [8.56472, 0.5, -4.37517],
			"to": [11.36472, 1.25, -2.25017],
			"rotation": {"angle": 22.5, "axis": "y", "origin": [9.71472, -3.75, 14.32483]},
			"faces": {
				"north": {"uv": [7.875, 1.5, 8.21875, 1.59375], "texture": "#0"},
				"east": {"uv": [6.625, 7.875, 6.875, 7.96875], "texture": "#0"},
				"south": {"uv": [1.625, 7.875, 1.96875, 7.96875], "texture": "#0"},
				"west": {"uv": [6.875, 7.875, 7.125, 7.96875], "texture": "#0"},
				"up": {"uv": [2.46875, 7.375, 2.125, 7.125], "texture": "#0"},
				"down": {"uv": [7.46875, 3.375, 7.125, 3.625], "texture": "#0"}
			}
		},
		{
			"from": [-3.36837, 0.499, 10.8822],
			"to": [-1.36837, 1.251, 14.4572],
			"rotation": {"angle": -45, "axis": "y", "origin": [15.23163, -3.75, 10.0572]},
			"faces": {
				"north": {"uv": [7.125, 7.875, 7.375, 7.96875], "texture": "#0"},
				"east": {"uv": [2, 7.75, 2.4375, 7.84375], "texture": "#0"},
				"south": {"uv": [7.375, 7.875, 7.625, 7.96875], "texture": "#0"},
				"west": {"uv": [3, 7.75, 3.4375, 7.84375], "texture": "#0"},
				"up": {"uv": [7, 5.8125, 6.75, 5.375], "texture": "#0"},
				"down": {"uv": [5.875, 6.75, 5.625, 7.1875], "texture": "#0"}
			}
		},
		{
			"from": [4.52441, 5.5, -0.79955],
			"to": [11.47441, 10.002, 0.70345],
			"rotation": {"angle": 0, "axis": "y", "origin": [18.27441, 0, 17.20345]},
			"faces": {
				"north": {"uv": [2.25, 2.5, 3.125, 3.0625], "texture": "#0"},
				"east": {"uv": [2.625, 6.875, 2.8125, 7.4375], "texture": "#0"},
				"south": {"uv": [2.25, 3.125, 3.125, 3.6875], "texture": "#0"},
				"west": {"uv": [2.875, 6.875, 3.0625, 7.4375], "texture": "#0"},
				"up": {"uv": [6.75, 3.8125, 5.875, 3.625], "texture": "#0"},
				"down": {"uv": [7, 1, 6.125, 1.1875], "texture": "#0"}
			}
		},
		{
			"from": [4.11403, 0, 14.43332],
			"to": [11.88403, 10.001, 15.93632],
			"rotation": {"angle": 0, "axis": "y", "origin": [17.86403, 0, 17.43632]},
			"faces": {
				"north": {"uv": [2.25, 0, 3.21875, 1.25], "texture": "#0"},
				"east": {"uv": [1.125, 4, 1.3125, 5.25], "texture": "#0"},
				"south": {"uv": [2.25, 1.25, 3.21875, 2.5], "texture": "#0"},
				"west": {"uv": [1.375, 4.625, 1.5625, 5.875], "texture": "#0"},
				"up": {"uv": [6.71875, 3.3125, 5.75, 3.125], "texture": "#0"},
				"down": {"uv": [6.84375, 3.375, 5.875, 3.5625], "texture": "#0"}
			}
		},
		{
			"from": [4.98798, 0.001, 17.75776],
			"to": [8.08798, 10, 19.25776],
			"rotation": {"angle": 22.5, "axis": "y", "origin": [0.08798, 0, 0.25776]},
			"faces": {
				"north": {"uv": [3.125, 2.5, 3.5, 3.75], "texture": "#0"},
				"east": {"uv": [1.625, 4.625, 1.8125, 5.875], "texture": "#0"},
				"south": {"uv": [3.25, 0, 3.625, 1.25], "texture": "#0"},
				"west": {"uv": [1.875, 4.625, 2.0625, 5.875], "texture": "#0"},
				"up": {"uv": [0.75, 7.5625, 0.375, 7.375], "texture": "#0"},
				"down": {"uv": [7.75, 0.625, 7.375, 0.8125], "texture": "#0"}
			}
		},
		{
			"from": [17.10786, -0.001, 0.93629],
			"to": [18.60786, 10.001, 1.43629],
			"rotation": {"angle": -45, "axis": "y", "origin": [0.60786, 0, 3.43629]},
			"faces": {
				"north": {"uv": [0, 4.75, 0.1875, 6], "texture": "#0"},
				"east": {"uv": [4.25, 7, 4.3125, 8.25], "texture": "#0"},
				"south": {"uv": [2.125, 4.875, 2.3125, 6.125], "texture": "#0"},
				"west": {"uv": [2.5, 7.125, 2.5625, 8.375], "texture": "#0"},
				"up": {"uv": [8.4375, 3.0625, 8.25, 3], "texture": "#0"},
				"down": {"uv": [5.0625, 8.25, 4.875, 8.3125], "texture": "#0"}
			}
		},
		{
			"from": [15.43253, 0.001, 5.02658],
			"to": [16.93253, 10, 7.20158],
			"rotation": {"angle": -22.5, "axis": "y", "origin": [-2.06747, 0, 6.20158]},
			"faces": {
				"north": {"uv": [2.375, 4.875, 2.5625, 6.125], "texture": "#0"},
				"east": {"uv": [0.375, 4, 0.65625, 5.25], "texture": "#0"},
				"south": {"uv": [2.625, 4.875, 2.8125, 6.125], "texture": "#0"},
				"west": {"uv": [0.75, 4, 1.03125, 5.25], "texture": "#0"},
				"up": {"uv": [5.3125, 7.78125, 5.125, 7.5], "texture": "#0"},
				"down": {"uv": [6.5625, 7.5, 6.375, 7.78125], "texture": "#0"}
			}
		},
		{
			"from": [14.43253, 0, 4.20158],
			"to": [15.93553, 10.001, 12.38858],
			"rotation": {"angle": 0, "axis": "y", "origin": [-2.06747, 0, 6.20158]},
			"faces": {
				"north": {"uv": [4.875, 2.75, 5.0625, 4], "texture": "#0"},
				"east": {"uv": [0, 0, 1.03125, 1.25], "texture": "#0"},
				"south": {"uv": [2.875, 4.875, 3.0625, 6.125], "texture": "#0"},
				"west": {"uv": [1.125, 0, 2.15625, 1.25], "texture": "#0"},
				"up": {"uv": [1.5625, 6.90625, 1.375, 5.875], "texture": "#0"},
				"down": {"uv": [1.8125, 5.875, 1.625, 6.90625], "texture": "#0"}
			}
		},
		{
			"from": [16.87941, 1, 7.9399],
			"to": [18.38241, 10, 10.8769],
			"rotation": {"angle": 22.5, "axis": "y", "origin": [0.37941, 0, 13.6899]},
			"faces": {
				"north": {"uv": [5.125, 2.75, 5.3125, 3.875], "texture": "#0"},
				"east": {"uv": [1.875, 3.5, 2.25, 4.625], "texture": "#0"},
				"south": {"uv": [5.125, 4.875, 5.3125, 6], "texture": "#0"},
				"west": {"uv": [2.25, 3.75, 2.625, 4.875], "texture": "#0"},
				"up": {"uv": [5.8125, 7.625, 5.625, 7.25], "texture": "#0"},
				"down": {"uv": [1.1875, 7.375, 1, 7.75], "texture": "#0"}
			}
		},
		{
			"from": [23.39906, 4, 10.03571],
			"to": [24.90206, 10.001, 12.22271],
			"rotation": {"angle": 45, "axis": "y", "origin": [6.89906, 0, 19.03571]},
			"faces": {
				"north": {"uv": [4.875, 6.125, 5.0625, 6.875], "texture": "#0"},
				"east": {"uv": [5.125, 1.625, 5.40625, 2.375], "texture": "#0"},
				"south": {"uv": [6.25, 0, 6.4375, 0.75], "texture": "#0"},
				"west": {"uv": [0.25, 5.25, 0.53125, 6], "texture": "#0"},
				"up": {"uv": [7.6875, 6.65625, 7.5, 6.375], "texture": "#0"},
				"down": {"uv": [6.8125, 7.5, 6.625, 7.78125], "texture": "#0"}
			}
		},
		{
			"from": [3.92008, 4.75, 1.17853],
			"to": [5.85708, 10, 2.68153],
			"rotation": {"angle": -22.5, "axis": "y", "origin": [12.67008, 0, 19.18153]},
			"faces": {
				"north": {"uv": [3.625, 6.125, 3.875, 6.78125], "texture": "#0"},
				"east": {"uv": [6.5, 0, 6.6875, 0.65625], "texture": "#0"},
				"south": {"uv": [6.125, 3.875, 6.375, 4.53125], "texture": "#0"},
				"west": {"uv": [6.5, 2.125, 6.6875, 2.78125], "texture": "#0"},
				"up": {"uv": [7.75, 3.5625, 7.5, 3.375], "texture": "#0"},
				"down": {"uv": [7.75, 4.125, 7.5, 4.3125], "texture": "#0"}
			}
		},
		{
			"from": [7.91202, 0.001, 17.75776],
			"to": [11.01202, 10, 19.25776],
			"rotation": {"angle": -22.5, "axis": "y", "origin": [15.91202, 0, 0.25776]},
			"faces": {
				"north": {"uv": [3.25, 1.25, 3.625, 2.5], "texture": "#0"},
				"east": {"uv": [3.125, 4.875, 3.3125, 6.125], "texture": "#0"},
				"south": {"uv": [0, 3.5, 0.375, 4.75], "texture": "#0"},
				"west": {"uv": [3.375, 4.875, 3.5625, 6.125], "texture": "#0"},
				"up": {"uv": [1.625, 7.5625, 1.25, 7.375], "texture": "#0"},
				"down": {"uv": [2, 7.375, 1.625, 7.5625], "texture": "#0"}
			}
		},
		{
			"from": [-2.60786, -0.001, 0.93629],
			"to": [-1.10786, 10.001, 1.43629],
			"rotation": {"angle": 45, "axis": "y", "origin": [15.39214, 0, 3.43629]},
			"faces": {
				"north": {"uv": [3.625, 4.875, 3.8125, 6.125], "texture": "#0"},
				"east": {"uv": [5.375, 7.25, 5.4375, 8.5], "texture": "#0"},
				"south": {"uv": [4.375, 4.875, 4.5625, 6.125], "texture": "#0"},
				"west": {"uv": [5.5, 7.25, 5.5625, 8.5], "texture": "#0"},
				"up": {"uv": [8.4375, 4.9375, 8.25, 4.875], "texture": "#0"},
				"down": {"uv": [8.4375, 5, 8.25, 5.0625], "texture": "#0"}
			}
		},
		{
			"from": [-0.93253, 0.001, 5.02658],
			"to": [0.56747, 10, 7.20158],
			"rotation": {"angle": 22.5, "axis": "y", "origin": [18.06747, 0, 6.20158]},
			"faces": {
				"north": {"uv": [4.625, 4.875, 4.8125, 6.125], "texture": "#0"},
				"east": {"uv": [4, 3, 4.28125, 4.25], "texture": "#0"},
				"south": {"uv": [4.875, 4.875, 5.0625, 6.125], "texture": "#0"},
				"west": {"uv": [4.125, 0, 4.40625, 1.25], "texture": "#0"},
				"up": {"uv": [7.6875, 7.03125, 7.5, 6.75], "texture": "#0"},
				"down": {"uv": [7.0625, 7.5, 6.875, 7.78125], "texture": "#0"}
			}
		},
		{
			"from": [0.06447, 0, 4.20158],
			"to": [1.56747, 10.001, 12.38858],
			"rotation": {"angle": 0, "axis": "y", "origin": [18.06747, 0, 6.20158]},
			"faces": {
				"north": {"uv": [3.875, 5, 4.0625, 6.25], "texture": "#0"},
				"east": {"uv": [0, 1.25, 1.03125, 2.5], "texture": "#0"},
				"south": {"uv": [4.125, 5, 4.3125, 6.25], "texture": "#0"},
				"west": {"uv": [1.125, 1.25, 2.15625, 2.5], "texture": "#0"},
				"up": {"uv": [2.0625, 6.90625, 1.875, 5.875], "texture": "#0"},
				"down": {"uv": [6.0625, 4.5, 5.875, 5.53125], "texture": "#0"}
			}
		},
		{
			"from": [-2.38241, 1, 7.9399],
			"to": [-0.87941, 10, 10.8769],
			"rotation": {"angle": -22.5, "axis": "y", "origin": [15.62059, 0, 13.6899]},
			"faces": {
				"north": {"uv": [0.625, 5.25, 0.8125, 6.375], "texture": "#0"},
				"east": {"uv": [2.625, 3.75, 3, 4.875], "texture": "#0"},
				"south": {"uv": [0.875, 5.25, 1.0625, 6.375], "texture": "#0"},
				"west": {"uv": [3, 3.75, 3.375, 4.875], "texture": "#0"},
				"up": {"uv": [2.1875, 7.75, 2, 7.375], "texture": "#0"},
				"down": {"uv": [2.4375, 7.375, 2.25, 7.75], "texture": "#0"}
			}
		},
		{
			"from": [-8.90206, 4, 10.03571],
			"to": [-7.39906, 10.001, 12.22271],
			"rotation": {"angle": -45, "axis": "y", "origin": [9.10094, 0, 19.03571]},
			"faces": {
				"north": {"uv": [1.125, 6.25, 1.3125, 7], "texture": "#0"},
				"east": {"uv": [5.375, 2.75, 5.65625, 3.5], "texture": "#0"},
				"south": {"uv": [6.25, 2.125, 6.4375, 2.875], "texture": "#0"},
				"west": {"uv": [5.375, 4.5, 5.65625, 5.25], "texture": "#0"},
				"up": {"uv": [7.3125, 7.78125, 7.125, 7.5], "texture": "#0"},
				"down": {"uv": [7.6875, 7.125, 7.5, 7.40625], "texture": "#0"}
			}
		},
		{
			"from": [10.14292, 4.75, 1.17853],
			"to": [12.07992, 10, 2.68153],
			"rotation": {"angle": 22.5, "axis": "y", "origin": [3.32992, 0, 19.18153]},
			"faces": {
				"north": {"uv": [4.375, 6.125, 4.625, 6.78125], "texture": "#0"},
				"east": {"uv": [6.5, 4.375, 6.6875, 5.03125], "texture": "#0"},
				"south": {"uv": [4.625, 6.125, 4.875, 6.78125], "texture": "#0"},
				"west": {"uv": [6.5, 5.125, 6.6875, 5.78125], "texture": "#0"},
				"up": {"uv": [7.625, 7.6875, 7.375, 7.5], "texture": "#0"},
				"down": {"uv": [0.25, 7.625, 0, 7.8125], "texture": "#0"}
			}
		},
		{
			"from": [5.98798, 9.999, 16.75776],
			"to": [8.08798, 11.001, 18.25776],
			"rotation": {"angle": 22.5, "axis": "y", "origin": [1.08798, 0, 0.75776]},
			"faces": {
				"north": {"uv": [4.875, 1.125, 5.125, 1.25], "texture": "#0"},
				"east": {"uv": [7.625, 7.875, 7.8125, 8], "texture": "#0"},
				"south": {"uv": [5.125, 3.875, 5.375, 4], "texture": "#0"},
				"west": {"uv": [7.875, 7.875, 8.0625, 8], "texture": "#0"},
				"up": {"uv": [0.5, 7.8125, 0.25, 7.625], "texture": "#0"},
				"down": {"uv": [0.75, 7.625, 0.5, 7.8125], "texture": "#0"}
			}
		},
		{
			"from": [16.80126, 10, 5.99036],
			"to": [18.30126, 11, 8.09036],
			"rotation": {"angle": -22.5, "axis": "y", "origin": [0.80126, 0, 0.99036]},
			"faces": {
				"north": {"uv": [0, 8, 0.1875, 8.125], "texture": "#0"},
				"east": {"uv": [5.5, 2.625, 5.75, 2.75], "texture": "#0"},
				"south": {"uv": [0.25, 8, 0.4375, 8.125], "texture": "#0"},
				"west": {"uv": [5.875, 1, 6.125, 1.125], "texture": "#0"},
				"up": {"uv": [0.9375, 7.875, 0.75, 7.625], "texture": "#0"},
				"down": {"uv": [1.4375, 7.625, 1.25, 7.875], "texture": "#0"}
			}
		},
		{
			"from": [4.24556, 10, -1.91496],
			"to": [6.34556, 11, -0.41496],
			"rotation": {"angle": -22.5, "axis": "y", "origin": [2.34556, 0, 15.58504]},
			"faces": {
				"north": {"uv": [5.875, 3.875, 6.125, 4], "texture": "#0"},
				"east": {"uv": [8, 0.375, 8.1875, 0.5], "texture": "#0"},
				"south": {"uv": [6.75, 0.625, 7, 0.75], "texture": "#0"},
				"west": {"uv": [0.5, 8, 0.6875, 8.125], "texture": "#0"},
				"up": {"uv": [1.75, 7.8125, 1.5, 7.625], "texture": "#0"},
				"down": {"uv": [7.875, 1.5, 7.625, 1.6875], "texture": "#0"}
			}
		},
		{
			"from": [-1.56942, 9.999, 0.48916],
			"to": [0.03058, 11.001, 1.98916],
			"rotation": {"angle": -45, "axis": "y", "origin": [5.03058, 0, 17.98916]},
			"faces": {
				"north": {"uv": [8, 0.5, 8.1875, 0.625], "texture": "#0"},
				"east": {"uv": [0.75, 8, 0.9375, 8.125], "texture": "#0"},
				"south": {"uv": [1, 8, 1.1875, 8.125], "texture": "#0"},
				"west": {"uv": [8, 1, 8.1875, 1.125], "texture": "#0"},
				"up": {"uv": [7.9375, 6.5625, 7.75, 6.375], "texture": "#0"},
				"down": {"uv": [7.9375, 6.625, 7.75, 6.8125], "texture": "#0"}
			}
		},
		{
			"from": [16.80126, 10, 8.15964],
			"to": [18.30126, 11, 11.25964],
			"rotation": {"angle": 22.5, "axis": "y", "origin": [0.80126, 0, 16.25964]},
			"faces": {
				"north": {"uv": [1.25, 8, 1.4375, 8.125], "texture": "#0"},
				"east": {"uv": [4, 2.375, 4.375, 2.5], "texture": "#0"},
				"south": {"uv": [1.5, 8, 1.6875, 8.125], "texture": "#0"},
				"west": {"uv": [4.5, 1.125, 4.875, 1.25], "texture": "#0"},
				"up": {"uv": [7.5625, 3, 7.375, 2.625], "texture": "#0"},
				"down": {"uv": [7.5625, 3, 7.375, 3.375], "texture": "#0"}
			}
		},
		{
			"from": [13.55573, 9.999, 4.94328],
			"to": [15.05573, 11.002, 12.30828],
			"rotation": {"angle": 0, "axis": "y", "origin": [-2.44427, 0, 13.04328]},
			"faces": {
				"north": {"uv": [1.75, 8, 1.9375, 8.125], "texture": "#0"},
				"east": {"uv": [6.25, 3, 7.15625, 3.125], "texture": "#0"},
				"south": {"uv": [8, 1.75, 8.1875, 1.875], "texture": "#0"},
				"west": {"uv": [6.75, 0, 7.65625, 0.125], "texture": "#0"},
				"up": {"uv": [6.0625, 6.53125, 5.875, 5.625], "texture": "#0"},
				"down": {"uv": [0.1875, 6, 0, 6.90625], "texture": "#0"}
			}
		},
		{
			"from": [7.91202, 9.999, 16.75776],
			"to": [10.01202, 11.001, 18.25776],
			"rotation": {"angle": -22.5, "axis": "y", "origin": [14.91202, 0, 0.75776]},
			"faces": {
				"north": {"uv": [0.75, 7.875, 1, 8], "texture": "#0"},
				"east": {"uv": [8, 1.875, 8.1875, 2], "texture": "#0"},
				"south": {"uv": [7.875, 1.625, 8.125, 1.75], "texture": "#0"},
				"west": {"uv": [2, 8, 2.1875, 8.125], "texture": "#0"},
				"up": {"uv": [2, 7.8125, 1.75, 7.625], "texture": "#0"},
				"down": {"uv": [7.875, 2.125, 7.625, 2.3125], "texture": "#0"}
			}
		},
		{
			"from": [-2.30126, 10, 5.99036],
			"to": [-0.80126, 11, 8.09036],
			"rotation": {"angle": 22.5, "axis": "y", "origin": [15.19874, 0, 0.99036]},
			"faces": {
				"north": {"uv": [2.25, 8, 2.4375, 8.125], "texture": "#0"},
				"east": {"uv": [2, 7.875, 2.25, 8], "texture": "#0"},
				"south": {"uv": [3, 8, 3.1875, 8.125], "texture": "#0"},
				"west": {"uv": [7.875, 2, 8.125, 2.125], "texture": "#0"},
				"up": {"uv": [7.8125, 2.625, 7.625, 2.375], "texture": "#0"},
				"down": {"uv": [7.8125, 2.625, 7.625, 2.875], "texture": "#0"}
			}
		},
		{
			"from": [9.65444, 10, -1.91496],
			"to": [11.75444, 11, -0.41496],
			"rotation": {"angle": 22.5, "axis": "y", "origin": [13.65444, 0, 15.58504]},
			"faces": {
				"north": {"uv": [7.875, 2.125, 8.125, 2.25], "texture": "#0"},
				"east": {"uv": [3.25, 8, 3.4375, 8.125], "texture": "#0"},
				"south": {"uv": [2.25, 7.875, 2.5, 8], "texture": "#0"},
				"west": {"uv": [8, 3.375, 8.1875, 3.5], "texture": "#0"},
				"up": {"uv": [7.875, 3.0625, 7.625, 2.875], "texture": "#0"},
				"down": {"uv": [7.875, 3.125, 7.625, 3.3125], "texture": "#0"}
			}
		},
		{
			"from": [15.96942, 9.999, 0.48916],
			"to": [17.56942, 11.001, 1.98916],
			"rotation": {"angle": 45, "axis": "y", "origin": [10.96942, 0, 17.98916]},
			"faces": {
				"north": {"uv": [8, 3.5, 8.1875, 3.625], "texture": "#0"},
				"east": {"uv": [8, 4.125, 8.1875, 4.25], "texture": "#0"},
				"south": {"uv": [8, 4.25, 8.1875, 4.375], "texture": "#0"},
				"west": {"uv": [4.375, 8, 4.5625, 8.125], "texture": "#0"},
				"up": {"uv": [7.9375, 7.0625, 7.75, 6.875], "texture": "#0"},
				"down": {"uv": [7.9375, 7.125, 7.75, 7.3125], "texture": "#0"}
			}
		},
		{
			"from": [-2.30126, 10, 8.15964],
			"to": [-0.80126, 11, 11.25964],
			"rotation": {"angle": -22.5, "axis": "y", "origin": [15.19874, 0, 16.25964]},
			"faces": {
				"north": {"uv": [4.625, 8, 4.8125, 8.125], "texture": "#0"},
				"east": {"uv": [5.5, 1, 5.875, 1.125], "texture": "#0"},
				"south": {"uv": [4.875, 8, 5.0625, 8.125], "texture": "#0"},
				"west": {"uv": [7.625, 1.75, 8, 1.875], "texture": "#0"},
				"up": {"uv": [3.3125, 7.75, 3.125, 7.375], "texture": "#0"},
				"down": {"uv": [3.5625, 7.375, 3.375, 7.75], "texture": "#0"}
			}
		},
		{
			"from": [0.94427, 9.999, 4.94328],
			"to": [2.44427, 11.002, 12.30828],
			"rotation": {"angle": 0, "axis": "y", "origin": [18.44427, 0, 13.04328]},
			"faces": {
				"north": {"uv": [8, 4.875, 8.1875, 5], "texture": "#0"},
				"east": {"uv": [6.75, 0.125, 7.65625, 0.25], "texture": "#0"},
				"south": {"uv": [8, 5, 8.1875, 5.125], "texture": "#0"},
				"west": {"uv": [6.75, 0.25, 7.65625, 0.375], "texture": "#0"},
				"up": {"uv": [6.1875, 0.90625, 6, 0], "texture": "#0"},
				"down": {"uv": [0.4375, 6, 0.25, 6.90625], "texture": "#0"}
			}
		},
		{
			"from": [3.68805, 10, 13.5505],
			"to": [12.31305, 11.002, 15.0505],
			"rotation": {"angle": 0, "axis": "y", "origin": [17.78805, 0, 12.5505]},
			"faces": {
				"north": {"uv": [6.125, 1.5, 7.21875, 1.625], "texture": "#0"},
				"east": {"uv": [8, 5.125, 8.1875, 5.25], "texture": "#0"},
				"south": {"uv": [6.25, 2.875, 7.34375, 3], "texture": "#0"},
				"west": {"uv": [5.625, 8, 5.8125, 8.125], "texture": "#0"},
				"up": {"uv": [6.59375, 1.8125, 5.5, 1.625], "texture": "#0"},
				"down": {"uv": [6.59375, 1.875, 5.5, 2.0625], "texture": "#0"}
			}
		},
		{
			"from": [5.20211, 9.999, 0.14425],
			"to": [10.79911, 11.002, 1.64425],
			"rotation": {"angle": 0, "axis": "y", "origin": [16.30211, 0, 12.14425]},
			"faces": {
				"north": {"uv": [7, 1.125, 7.6875, 1.25], "texture": "#0"},
				"east": {"uv": [5.875, 8, 6.0625, 8.125], "texture": "#0"},
				"south": {"uv": [7, 5.75, 7.6875, 5.875], "texture": "#0"},
				"west": {"uv": [6.125, 8, 6.3125, 8.125], "texture": "#0"},
				"up": {"uv": [7.0625, 4.0625, 6.375, 3.875], "texture": "#0"},
				"down": {"uv": [7.0625, 4.125, 6.375, 4.3125], "texture": "#0"}
			}
		},
		{
			"from": [6.31357, 10.998, 15.54843],
			"to": [7.41357, 11.751, 17.04843],
			"rotation": {"angle": 22.5, "axis": "y", "origin": [1.16357, 1, -0.45157]},
			"faces": {
				"north": {"uv": [5.125, 8.25, 5.25, 8.34375], "texture": "#0"},
				"east": {"uv": [4.875, 8.125, 5.0625, 8.21875], "texture": "#0"},
				"south": {"uv": [8.25, 5.125, 8.375, 5.21875], "texture": "#0"},
				"west": {"uv": [8.125, 5.5, 8.3125, 5.59375], "texture": "#0"},
				"up": {"uv": [2.25, 4.8125, 2.125, 4.625], "texture": "#0"},
				"down": {"uv": [5.875, 5, 5.75, 5.1875], "texture": "#0"}
			}
		},
		{
			"from": [15.80126, 11, 5.99193],
			"to": [17.30126, 11.75, 7.09193],
			"rotation": {"angle": -22.5, "axis": "y", "origin": [-0.19874, 1, 0.99193]},
			"faces": {
				"north": {"uv": [5.625, 8.125, 5.8125, 8.21875], "texture": "#0"},
				"east": {"uv": [5.25, 8.25, 5.375, 8.34375], "texture": "#0"},
				"south": {"uv": [5.875, 8.125, 6.0625, 8.21875], "texture": "#0"},
				"west": {"uv": [5.625, 8.25, 5.75, 8.34375], "texture": "#0"},
				"up": {"uv": [6.5625, 8.125, 6.375, 8], "texture": "#0"},
				"down": {"uv": [8.1875, 6.375, 8, 6.5], "texture": "#0"}
			}
		},
		{
			"from": [4.4818, 11, -0.63752],
			"to": [6.0818, 11.75, 0.98748],
			"rotation": {"angle": -22.5, "axis": "y", "origin": [2.0818, 1, 16.86248]},
			"faces": {
				"north": {"uv": [6.125, 8.125, 6.3125, 8.21875], "texture": "#0"},
				"east": {"uv": [8, 7.25, 8.21875, 7.34375], "texture": "#0"},
				"south": {"uv": [6.375, 8.125, 6.5625, 8.21875], "texture": "#0"},
				"west": {"uv": [8, 7.75, 8.21875, 7.84375], "texture": "#0"},
				"up": {"uv": [1.1875, 7.96875, 1, 7.75], "texture": "#0"},
				"down": {"uv": [7.9375, 3.375, 7.75, 3.59375], "texture": "#0"}
			}
		},
		{
			"from": [-1.97963, 10.999, 2.12014],
			"to": [-0.87963, 11.751, 3.62014],
			"rotation": {"angle": -45, "axis": "y", "origin": [5.12037, 1, 19.62014]},
			"faces": {
				"north": {"uv": [5.75, 8.25, 5.875, 8.34375], "texture": "#0"},
				"east": {"uv": [6.625, 8.125, 6.8125, 8.21875], "texture": "#0"},
				"south": {"uv": [5.875, 8.25, 6, 8.34375], "texture": "#0"},
				"west": {"uv": [7, 8.125, 7.1875, 8.21875], "texture": "#0"},
				"up": {"uv": [6.5, 4.5625, 6.375, 4.375], "texture": "#0"},
				"down": {"uv": [6.5, 6.625, 6.375, 6.8125], "texture": "#0"}
			}
		},
		{
			"from": [16.18394, 11, 9.08352],
			"to": [17.68394, 11.75, 11.18352],
			"rotation": {"angle": 22.5, "axis": "y", "origin": [0.18394, 1, 17.18352]},
			"faces": {
				"north": {"uv": [8.125, 7, 8.3125, 7.09375], "texture": "#0"},
				"east": {"uv": [8, 6.5, 8.25, 6.59375], "texture": "#0"},
				"south": {"uv": [8.125, 7.125, 8.3125, 7.21875], "texture": "#0"},
				"west": {"uv": [6.625, 8, 6.875, 8.09375], "texture": "#0"},
				"up": {"uv": [7.8125, 5, 7.625, 4.75], "texture": "#0"},
				"down": {"uv": [7.8125, 5, 7.625, 5.25], "texture": "#0"}
			}
		},
		{
			"from": [12.55573, 10.999, 4.94328],
			"to": [14.05573, 11.752, 12.30828],
			"rotation": {"angle": 0, "axis": "y", "origin": [-2.44427, 1, 13.04328]},
			"faces": {
				"north": {"uv": [8.125, 7.375, 8.3125, 7.46875], "texture": "#0"},
				"east": {"uv": [7.125, 3.625, 8.03125, 3.71875], "texture": "#0"},
				"south": {"uv": [8.125, 7.875, 8.3125, 7.96875], "texture": "#0"},
				"west": {"uv": [7.125, 3.75, 8.03125, 3.84375], "texture": "#0"},
				"up": {"uv": [6.1875, 3.03125, 6, 2.125], "texture": "#0"},
				"down": {"uv": [5.3125, 6, 5.125, 6.90625], "texture": "#0"}
			}
		},
		{
			"from": [8.58643, 10.998, 15.54843],
			"to": [9.68643, 11.751, 17.04843],
			"rotation": {"angle": -22.5, "axis": "y", "origin": [14.83643, 1, -0.45157]},
			"faces": {
				"north": {"uv": [6, 8.25, 6.125, 8.34375], "texture": "#0"},
				"east": {"uv": [8.125, 8, 8.3125, 8.09375], "texture": "#0"},
				"south": {"uv": [6.125, 8.25, 6.25, 8.34375], "texture": "#0"},
				"west": {"uv": [8.125, 8.125, 8.3125, 8.21875], "texture": "#0"},
				"up": {"uv": [6.875, 3.8125, 6.75, 3.625], "texture": "#0"},
				"down": {"uv": [3.125, 7.5, 3, 7.6875], "texture": "#0"}
			}
		},
		{
			"from": [-1.30126, 11, 5.99193],
			"to": [0.19874, 11.75, 7.09193],
			"rotation": {"angle": 22.5, "axis": "y", "origin": [16.19874, 1, 0.99193]},
			"faces": {
				"north": {"uv": [8.25, 0.125, 8.4375, 0.21875], "texture": "#0"},
				"east": {"uv": [6.25, 8.25, 6.375, 8.34375], "texture": "#0"},
				"south": {"uv": [8.25, 0.25, 8.4375, 0.34375], "texture": "#0"},
				"west": {"uv": [6.375, 8.25, 6.5, 8.34375], "texture": "#0"},
				"up": {"uv": [8.1875, 6.75, 8, 6.625], "texture": "#0"},
				"down": {"uv": [8.1875, 6.75, 8, 6.875], "texture": "#0"}
			}
		},
		{
			"from": [9.9182, 11, -0.63752],
			"to": [11.5182, 11.75, 0.98748],
			"rotation": {"angle": 22.5, "axis": "y", "origin": [13.9182, 1, 16.86248]},
			"faces": {
				"north": {"uv": [8.25, 0.375, 8.4375, 0.46875], "texture": "#0"},
				"east": {"uv": [0.75, 8.125, 0.96875, 8.21875], "texture": "#0"},
				"south": {"uv": [8.25, 0.5, 8.4375, 0.59375], "texture": "#0"},
				"west": {"uv": [8.125, 0.875, 8.34375, 0.96875], "texture": "#0"},
				"up": {"uv": [7.9375, 4.34375, 7.75, 4.125], "texture": "#0"},
				"down": {"uv": [4.5625, 7.75, 4.375, 7.96875], "texture": "#0"}
			}
		},
		{
			"from": [16.87963, 10.999, 2.12014],
			"to": [17.97963, 11.751, 3.62014],
			"rotation": {"angle": 45, "axis": "y", "origin": [10.87963, 1, 19.62014]},
			"faces": {
				"north": {"uv": [8.25, 6.375, 8.375, 6.46875], "texture": "#0"},
				"east": {"uv": [8.25, 0.625, 8.4375, 0.71875], "texture": "#0"},
				"south": {"uv": [6.5, 8.25, 6.625, 8.34375], "texture": "#0"},
				"west": {"uv": [0.75, 8.25, 0.9375, 8.34375], "texture": "#0"},
				"up": {"uv": [5.375, 8.0625, 5.25, 7.875], "texture": "#0"},
				"down": {"uv": [7, 8, 6.875, 8.1875], "texture": "#0"}
			}
		},
		{
			"from": [-1.68394, 11, 9.08352],
			"to": [-0.18394, 11.75, 11.18352],
			"rotation": {"angle": -22.5, "axis": "y", "origin": [15.81606, 1, 17.18352]},
			"faces": {
				"north": {"uv": [8.25, 0.75, 8.4375, 0.84375], "texture": "#0"},
				"east": {"uv": [8, 6.875, 8.25, 6.96875], "texture": "#0"},
				"south": {"uv": [8.25, 1, 8.4375, 1.09375], "texture": "#0"},
				"west": {"uv": [7, 8, 7.25, 8.09375], "texture": "#0"},
				"up": {"uv": [7.8125, 5.625, 7.625, 5.375], "texture": "#0"},
				"down": {"uv": [5.8125, 7.625, 5.625, 7.875], "texture": "#0"}
			}
		},
		{
			"from": [1.94427, 10.999, 4.94328],
			"to": [3.44427, 11.752, 12.30828],
			"rotation": {"angle": 0, "axis": "y", "origin": [18.44427, 1, 13.04328]},
			"faces": {
				"north": {"uv": [8.25, 1.125, 8.4375, 1.21875], "texture": "#0"},
				"east": {"uv": [7.125, 3.875, 8.03125, 3.96875], "texture": "#0"},
				"south": {"uv": [8.25, 1.25, 8.4375, 1.34375], "texture": "#0"},
				"west": {"uv": [7.125, 4, 8.03125, 4.09375], "texture": "#0"},
				"up": {"uv": [2.3125, 7.03125, 2.125, 6.125], "texture": "#0"},
				"down": {"uv": [2.5625, 6.125, 2.375, 7.03125], "texture": "#0"}
			}
		},
		{
			"from": [3.38149, 11, 12.2455],
			"to": [12.61849, 11.752, 13.7455],
			"rotation": {"angle": 0, "axis": "y", "origin": [17.48149, 1, 11.2455]},
			"faces": {
				"north": {"uv": [6.75, 0.375, 7.90625, 0.46875], "texture": "#0"},
				"east": {"uv": [8.25, 1.375, 8.4375, 1.46875], "texture": "#0"},
				"south": {"uv": [6.75, 0.5, 7.90625, 0.59375], "texture": "#0"},
				"west": {"uv": [8.25, 1.5, 8.4375, 1.59375], "texture": "#0"},
				"up": {"uv": [6.03125, 4.1875, 4.875, 4], "texture": "#0"},
				"down": {"uv": [6.03125, 4.25, 4.875, 4.4375], "texture": "#0"}
			}
		},
		{
			"from": [5.00393, 10.999, 1.61302],
			"to": [10.99593, 11.752, 3.11302],
			"rotation": {"angle": 0, "axis": "y", "origin": [16.10393, 1, 13.61302]},
			"faces": {
				"north": {"uv": [7.25, 1.875, 8, 1.96875], "texture": "#0"},
				"east": {"uv": [8.25, 1.75, 8.4375, 1.84375], "texture": "#0"},
				"south": {"uv": [7.375, 0.875, 8.125, 0.96875], "texture": "#0"},
				"west": {"uv": [8.25, 1.875, 8.4375, 1.96875], "texture": "#0"},
				"up": {"uv": [6.875, 1.4375, 6.125, 1.25], "texture": "#0"},
				"down": {"uv": [7, 0.75, 6.25, 0.9375], "texture": "#0"}
			}
		},
		{
			"from": [0.41194, 11.752, 19.60333],
			"to": [1.51194, 12.15, 21.10333],
			"rotation": {"angle": 45, "axis": "y", "origin": [-3.98806, 1.75, 2.60333]},
			"faces": {
				"north": {"uv": [8.375, 6.125, 8.5, 6.1875], "texture": "#0"},
				"east": {"uv": [8.25, 6.5, 8.4375, 6.5625], "texture": "#0"},
				"south": {"uv": [6.25, 8.375, 6.375, 8.4375], "texture": "#0"},
				"west": {"uv": [6.625, 8.25, 6.8125, 8.3125], "texture": "#0"},
				"up": {"uv": [8.125, 7.1875, 8, 7], "texture": "#0"},
				"down": {"uv": [7.375, 8, 7.25, 8.1875], "texture": "#0"}
			}
		},
		{
			"from": [3.74505, 11.751, 0.91579],
			"to": [5.59505, 12.151, 2.41579],
			"rotation": {"angle": -22.5, "axis": "y", "origin": [1.59505, 1.75, 18.41579]},
			"faces": {
				"north": {"uv": [8.25, 2.5, 8.46875, 2.5625], "texture": "#0"},
				"east": {"uv": [8.25, 6.625, 8.4375, 6.6875], "texture": "#0"},
				"south": {"uv": [8.25, 2.625, 8.46875, 2.6875], "texture": "#0"},
				"west": {"uv": [8.25, 6.75, 8.4375, 6.8125], "texture": "#0"},
				"up": {"uv": [4.84375, 7.9375, 4.625, 7.75], "texture": "#0"},
				"down": {"uv": [5.09375, 7.75, 4.875, 7.9375], "texture": "#0"}
			}
		},
		{
			"from": [15.11072, 11.752, 9.82096],
			"to": [16.61072, 12.15, 12.42096],
			"rotation": {"angle": 22.5, "axis": "y", "origin": [-0.88928, 1.75, 18.42096]},
			"faces": {
				"north": {"uv": [6.875, 8.25, 7.0625, 8.3125], "texture": "#0"},
				"east": {"uv": [8.125, 1.625, 8.4375, 1.6875], "texture": "#0"},
				"south": {"uv": [8.25, 6.875, 8.4375, 6.9375], "texture": "#0"},
				"west": {"uv": [2, 8.125, 2.3125, 8.1875], "texture": "#0"},
				"up": {"uv": [4.5625, 7.6875, 4.375, 7.375], "texture": "#0"},
				"down": {"uv": [4.8125, 7.375, 4.625, 7.6875], "texture": "#0"}
			}
		},
		{
			"from": [11.48251, 11.75, 6.18072],
			"to": [12.98251, 12.151, 11.79572],
			"rotation": {"angle": 0, "axis": "y", "origin": [-2.26749, 1.75, 14.28072]},
			"faces": {
				"north": {"uv": [7.125, 8.25, 7.3125, 8.3125], "texture": "#0"},
				"east": {"uv": [7.625, 5.625, 8.3125, 5.6875], "texture": "#0"},
				"south": {"uv": [8.25, 7.25, 8.4375, 7.3125], "texture": "#0"},
				"west": {"uv": [7.625, 7.5, 8.3125, 7.5625], "texture": "#0"},
				"up": {"uv": [4.0625, 6.9375, 3.875, 6.25], "texture": "#0"},
				"down": {"uv": [4.3125, 6.25, 4.125, 6.9375], "texture": "#0"}
			}
		},
		{
			"from": [14.48806, 11.752, 19.60333],
			"to": [15.58806, 12.15, 21.10333],
			"rotation": {"angle": -45, "axis": "y", "origin": [19.98806, 1.75, 2.60333]},
			"faces": {
				"north": {"uv": [8.375, 6.25, 8.5, 6.3125], "texture": "#0"},
				"east": {"uv": [7.375, 8.25, 7.5625, 8.3125], "texture": "#0"},
				"south": {"uv": [6.375, 8.375, 6.5, 8.4375], "texture": "#0"},
				"west": {"uv": [8.25, 7.75, 8.4375, 7.8125], "texture": "#0"},
				"up": {"uv": [7.5, 8.1875, 7.375, 8], "texture": "#0"},
				"down": {"uv": [7.625, 8, 7.5, 8.1875], "texture": "#0"}
			}
		},
		{
			"from": [10.40495, 11.751, 0.91579],
			"to": [12.25495, 12.151, 2.41579],
			"rotation": {"angle": 22.5, "axis": "y", "origin": [14.40495, 1.75, 18.41579]},
			"faces": {
				"north": {"uv": [8.25, 2.75, 8.46875, 2.8125], "texture": "#0"},
				"east": {"uv": [8.125, 8.25, 8.3125, 8.3125], "texture": "#0"},
				"south": {"uv": [8.25, 2.875, 8.46875, 2.9375], "texture": "#0"},
				"west": {"uv": [0.75, 8.375, 0.9375, 8.4375], "texture": "#0"},
				"up": {"uv": [6.09375, 7.9375, 5.875, 7.75], "texture": "#0"},
				"down": {"uv": [6.34375, 7.75, 6.125, 7.9375], "texture": "#0"}
			}
		},
		{
			"from": [-0.61072, 11.752, 9.82096],
			"to": [0.88928, 12.15, 12.42096],
			"rotation": {"angle": -22.5, "axis": "y", "origin": [16.88928, 1.75, 18.42096]},
			"faces": {
				"north": {"uv": [8.375, 0.875, 8.5625, 0.9375], "texture": "#0"},
				"east": {"uv": [8.125, 2, 8.4375, 2.0625], "texture": "#0"},
				"south": {"uv": [8.375, 2.25, 8.5625, 2.3125], "texture": "#0"},
				"west": {"uv": [8.125, 2.125, 8.4375, 2.1875], "texture": "#0"},
				"up": {"uv": [5.0625, 7.6875, 4.875, 7.375], "texture": "#0"},
				"down": {"uv": [7.5625, 5.375, 7.375, 5.6875], "texture": "#0"}
			}
		},
		{
			"from": [3.01749, 11.75, 6.18072],
			"to": [4.51749, 12.151, 11.79572],
			"rotation": {"angle": 0, "axis": "y", "origin": [18.26749, 1.75, 14.28072]},
			"faces": {
				"north": {"uv": [8.375, 2.375, 8.5625, 2.4375], "texture": "#0"},
				"east": {"uv": [7.625, 7.625, 8.3125, 7.6875], "texture": "#0"},
				"south": {"uv": [8.375, 3.375, 8.5625, 3.4375], "texture": "#0"},
				"west": {"uv": [7.75, 0, 8.4375, 0.0625], "texture": "#0"},
				"up": {"uv": [0.6875, 7.0625, 0.5, 6.375], "texture": "#0"},
				"down": {"uv": [0.9375, 6.375, 0.75, 7.0625], "texture": "#0"}
			}
		},
		{
			"from": [3.79531, 11.749, 4.57354],
			"to": [12.20531, 12.152, 12.57354],
			"rotation": {"angle": 0, "axis": "y", "origin": [17.89531, 1.75, 11.57354]},
			"faces": {
				"north": {"uv": [7.375, 4.375, 8.4375, 4.4375], "texture": "#0"},
				"east": {"uv": [7.375, 4.625, 8.375, 4.6875], "texture": "#0"},
				"south": {"uv": [7.375, 4.5, 8.4375, 4.5625], "texture": "#0"},
				"west": {"uv": [7.375, 5.25, 8.375, 5.3125], "texture": "#0"},
				"up": {"uv": [1.0625, 3.5, 0, 2.5], "texture": "#0"},
				"down": {"uv": [2.1875, 2.5, 1.125, 3.5], "texture": "#0"}
			}
		},
		{
			"from": [5.72165, 11.75, 3.07067],
			"to": [10.27865, 12.152, 4.57067],
			"rotation": {"angle": 0, "axis": "y", "origin": [16.82165, 1.75, 15.07067]},
			"faces": {
				"north": {"uv": [7.75, 5.75, 8.3125, 5.8125], "texture": "#0"},
				"east": {"uv": [8.375, 3.5, 8.5625, 3.5625], "texture": "#0"},
				"south": {"uv": [7.375, 7.75, 7.9375, 7.8125], "texture": "#0"},
				"west": {"uv": [8.375, 4.125, 8.5625, 4.1875], "texture": "#0"},
				"up": {"uv": [7.3125, 2.8125, 6.75, 2.625], "texture": "#0"},
				"down": {"uv": [7.3125, 3.125, 6.75, 3.3125], "texture": "#0"}
			}
		},
		{
			"from": [7.42165, 12.15, 7.269],
			"to": [8.57865, 12.552, 7.571],
			"rotation": {"angle": 0, "axis": "y", "origin": [16.82165, 1.75, 15.07067]},
			"faces": {
				"north": {"uv": [8.375, 4.25, 8.53125, 4.3125], "texture": "#0"},
				"east": {"uv": [1, 8.5, 1.03125, 8.5625], "texture": "#0"},
				"south": {"uv": [8.375, 4.625, 8.53125, 4.6875], "texture": "#0"},
				"west": {"uv": [8.5, 1, 8.53125, 1.0625], "texture": "#0"},
				"up": {"uv": [8.53125, 6.40625, 8.375, 6.375], "texture": "#0"},
				"down": {"uv": [6.65625, 8.375, 6.5, 8.40625], "texture": "#0"}
			}
		},
		{
			"from": [22.45532, 14.97751, 7.27067],
			"to": [23.27332, 15.79751, 7.57067],
			"rotation": {"angle": 45, "axis": "z", "origin": [18.85616, -3.97249, 15.07067]},
			"faces": {
				"north": {"uv": [2.5, 8.375, 2.59375, 8.46875], "texture": "#0"},
				"east": {"uv": [8.5, 0.125, 8.53125, 0.21875], "texture": "#0"},
				"south": {"uv": [4.125, 8.375, 4.21875, 8.46875], "texture": "#0"},
				"west": {"uv": [0.25, 8.5, 0.28125, 8.59375], "texture": "#0"},
				"up": {"uv": [8.59375, 0.28125, 8.5, 0.25], "texture": "#0"},
				"down": {"uv": [0.46875, 8.5, 0.375, 8.53125], "texture": "#0"}
			}
		},
		{
			"from": [7.74665, 12.15, 6.27067],
			"to": [8.25365, 12.302, 6.77067],
			"rotation": {"angle": 0, "axis": "y", "origin": [16.82165, 1.75, 15.07067]},
			"faces": {
				"north": {"uv": [1.125, 8.5, 1.1875, 8.53125], "texture": "#0"},
				"east": {"uv": [8.5, 1.125, 8.5625, 1.15625], "texture": "#0"},
				"south": {"uv": [1.25, 8.5, 1.3125, 8.53125], "texture": "#0"},
				"west": {"uv": [8.5, 1.25, 8.5625, 1.28125], "texture": "#0"},
				"up": {"uv": [8.0625, 8.4375, 8, 8.375], "texture": "#0"},
				"down": {"uv": [8.4375, 8, 8.375, 8.0625], "texture": "#0"}
			}
		}
	],
	"display": {
		"thirdperson_righthand": {
			"rotation": [-25, -36, 0],
			"translation": [-0.75, 0.75, -4.5],
			"scale": [0.55, 0.55, 0.55]
		},
		"thirdperson_lefthand": {
			"rotation": [-25, -36, 0],
			"translation": [-0.75, 0.75, -4.5],
			"scale": [0.55, 0.55, 0.55]
		},
		"firstperson_righthand": {
			"translation": [-0.5, 4, 2.25],
			"scale": [0.55, 0.55, 0.55]
		},
		"firstperson_lefthand": {
			"rotation": [19, 63, 0],
			"translation": [2.75, 4.5, -1],
			"scale": [0.55, 0.55, 0.55]
		},
		"ground": {
			"translation": [0, 1.25, 0],
			"scale": [0.55, 0.55, 0.55]
		},
		"gui": {
			"rotation": [10, -133, 0],
			"translation": [0, 1.25, 0],
			"scale": [0.53, 0.53, 0.53]
		},
		"head": {
			"translation": [0, 4.75, 0],
			"scale": [1, 1, 1.2]
		},
		"fixed": {
			"translation": [0, 2, -6.75]
		}
	},
	"groups": [
		{
			"name": "all",
			"origin": [8, 8, 8],
			"color": 0,
			"children": [
				{
					"name": "zabralo",
					"origin": [8, 8, 8],
					"color": 0,
					"children": [
						0,
						1,
						2,
						3,
						4,
						{
							"name": "pravo",
							"origin": [8, 8, 8],
							"color": 0,
							"children": [5, 6, 7, 8, 9, 10, 11, 12, 13, 14, 15, 16, 17, 18, 19, 20, 21, 22, 23]
						},
						{
							"name": "levo",
							"origin": [8, 8, 8],
							"color": 0,
							"children": [24, 25, 26, 27, 28, 29, 30, 31, 32, 33, 34, 35, 36, 37, 38, 39, 40, 41, 42]
						}
					]
				},
				{
					"name": "base",
					"origin": [8, 8, 8],
					"color": 0,
					"children": [
						43,
						44,
						{
							"name": "pravo",
							"origin": [8, 8, 8],
							"color": 0,
							"children": [45, 46, 47, 48, 49, 50, 51]
						},
						{
							"name": "levo",
							"origin": [8, 8, 8],
							"color": 0,
							"children": [52, 53, 54, 55, 56, 57, 58]
						}
					]
				},
				{
					"name": "verx",
					"origin": [8, 8, 8],
					"color": 0,
					"children": [
						{
							"name": "pravo",
							"origin": [8, 8, 8],
							"color": 0,
							"children": [59, 60, 61, 62, 63, 64]
						},
						{
							"name": "levo",
							"origin": [8, 8, 8],
							"color": 0,
							"children": [65, 66, 67, 68, 69, 70]
						},
						71,
						72
					]
				},
				{
					"name": "verx2",
					"origin": [8, 8, 8],
					"color": 0,
					"children": [
						{
							"name": "pravo",
							"origin": [8, 8, 8],
							"color": 0,
							"children": [73, 74, 75, 76, 77, 78]
						},
						{
							"name": "levo",
							"origin": [8, 8, 8],
							"color": 0,
							"children": [79, 80, 81, 82, 83, 84]
						},
						85,
						86
					]
				},
				{
					"name": "verx3",
					"origin": [8, 8, 8],
					"color": 0,
					"children": [
						{
							"name": "pravo",
							"origin": [8, 8, 8],
							"color": 0,
							"children": [87, 88, 89, 90]
						},
						{
							"name": "levo",
							"origin": [8, 8, 8],
							"color": 0,
							"children": [91, 92, 93, 94]
						},
						95,
						96,
						97,
						98,
						99
					]
				}
			]
		}
	]
}