{"__comment":"designed by hypixel minecraft server with bdcraft cubik pro 0.91 beta - http://bdcraft.net","textures":{"particle":"items/stone_hoe","texture":"items/stone_hoe"},"elements":[{"from":[7.5,4.5,7],"to":[8.5,5,9],"faces":{"down":{"uv":[11.5,10,10.5,9.5],"texture":"#texture"},"north":{"uv":[10.5,9.5,11.5,10],"texture":"#texture"},"south":{"uv":[11.5,9.5,12.5,10],"texture":"#texture"},"west":{"uv":[10.5,9.5,12.5,10],"texture":"#texture"},"east":{"uv":[10.5,9.5,12.5,10],"texture":"#texture"}}},{"from":[7,4.5,7.5],"to":[9,5,8.5],"faces":{"down":{"uv":[12.5,10,10.5,9.5],"texture":"#texture"},"north":{"uv":[10.5,9.5,12.5,10],"texture":"#texture"},"south":{"uv":[10.5,9.5,12.5,10],"texture":"#texture"},"west":{"uv":[11,9.5,12,10],"texture":"#texture"},"east":{"uv":[11,9.5,12,10],"texture":"#texture"}}},{"from":[6.5,5,7.5],"to":[9.5,5.5,8.5],"faces":{"down":{"uv":[13,9.5,10,9],"texture":"#texture"},"north":{"uv":[10,9,13,9.5],"texture":"#texture"},"south":{"uv":[10,9,13,9.5],"texture":"#texture"},"west":{"uv":[12.5,9,13,9.5],"texture":"#texture"},"east":{"uv":[10,9,10.5,9.5],"texture":"#texture"}}},{"from":[7.5,5,6.5],"to":[8.5,5.5,9.5],"faces":{"down":{"uv":[12.5,9.5,10.5,9],"rotation":90,"texture":"#texture"},"north":{"uv":[10.5,9,11,9.5],"texture":"#texture"},"south":{"uv":[10.5,9,11,9.5],"texture":"#texture"},"west":{"uv":[10.5,9,12.5,9.5],"texture":"#texture"},"east":{"uv":[10.5,9,12.5,9.5],"texture":"#texture"}}},{"from":[6,5.5,7.5],"to":[10,6,8.5],"faces":{"down":{"uv":[13.5,9,9.5,8.5],"texture":"#texture"},"north":{"uv":[9.5,8.5,13.5,9],"texture":"#texture"},"south":{"uv":[9.5,8.5,13.5,9],"texture":"#texture"},"west":{"uv":[12.5,8.5,13,9],"texture":"#texture"},"east":{"uv":[10,9,10.5,9.5],"texture":"#texture"}}},{"from":[7.5,5.5,6],"to":[8.5,6,10],"faces":{"down":{"uv":[12,9,11,8.5],"texture":"#texture"},"north":{"uv":[11,8.5,12,9],"texture":"#texture"},"south":{"uv":[11,8.5,12,9],"texture":"#texture"},"west":{"uv":[10.5,8,12.5,8.5],"texture":"#texture"},"east":{"uv":[10.5,8,12.5,8.5],"texture":"#texture"}}},{"from":[6,6,7],"to":[10,6.5,9],"faces":{"down":{"uv":[12.5,10,10.5,9.5],"texture":"#texture"},"north":{"uv":[10.5,9.5,12.5,10],"texture":"#texture"},"south":{"uv":[10.5,9.5,12.5,10],"texture":"#texture"},"west":{"uv":[10.5,9.5,12.5,10],"texture":"#texture"},"east":{"uv":[10.5,9.5,12.5,10],"texture":"#texture"}}},{"from":[7,6,6],"to":[9,6.5,10],"faces":{"down":{"uv":[12.5,8.5,10.5,8],"texture":"#texture"},"north":{"uv":[10.5,8,12.5,8.5],"texture":"#texture"},"south":{"uv":[10.5,8,12.5,8.5],"texture":"#texture"},"west":{"uv":[10.5,8,12.5,8.5],"texture":"#texture"},"east":{"uv":[10.5,8,12.5,8.5],"texture":"#texture"}}},{"from":[7,5,7],"to":[9,5.5,9],"faces":{"down":{"uv":[12.5,9.5,10.5,9],"texture":"#texture"},"north":{"uv":[10.5,9,12.5,9.5],"texture":"#texture"},"south":{"uv":[10.5,9,12.5,9.5],"texture":"#texture"},"west":{"uv":[10.5,9,12.5,9.5],"texture":"#texture"},"east":{"uv":[10.5,9,12.5,9.5],"texture":"#texture"}}},{"from":[6.5,5.5,7],"to":[9.5,6,9],"faces":{"down":{"uv":[13,9,10,8.5],"texture":"#texture"},"north":{"uv":[13,8.5,10,9],"texture":"#texture"},"south":{"uv":[10,8.5,13,9],"texture":"#texture"},"west":{"uv":[10,8.5,11,9],"texture":"#texture"},"east":{"uv":[12.5,8.5,13.5,9],"texture":"#texture"}}},{"from":[7,5.5,6.5],"to":[9,6,9.5],"faces":{"down":{"uv":[12.5,9.5,10.5,9],"texture":"#texture"},"north":{"uv":[10.5,9,12.5,9.5],"texture":"#texture"},"south":{"uv":[10.5,9,12.5,9.5],"texture":"#texture"},"west":{"uv":[10.5,9,12.5,9.5],"texture":"#texture"},"east":{"uv":[10.5,9,12.5,9.5],"texture":"#texture"}}},{"from":[6.5,6,6.5],"to":[9.5,6.5,9.5],"faces":{"down":{"uv":[12.5,9.5,10.5,9],"texture":"#texture"},"north":{"uv":[10.5,9,12.5,9.5],"texture":"#texture"},"south":{"uv":[10.5,9,12.5,9.5],"texture":"#texture"},"west":{"uv":[10.5,9,12.5,9.5],"texture":"#texture"},"east":{"uv":[10.5,9,12.5,9.5],"texture":"#texture"}}},{"from":[5.5,6.5,7],"to":[10.5,7,9],"faces":{"down":{"uv":[9,8,14,7.5],"texture":"#texture"},"north":{"uv":[14,7.5,9,8],"texture":"#texture"},"south":{"uv":[9,7.5,14,8],"texture":"#texture"},"west":{"uv":[9.5,7.5,10,8],"texture":"#texture"},"east":{"uv":[13.5,7.5,14,8],"texture":"#texture"}}},{"from":[7,6.5,5.5],"to":[9,7,10.5],"faces":{"down":{"uv":[12.5,8,10.5,7.5],"texture":"#texture"},"north":{"uv":[10.5,7.5,12.5,8],"texture":"#texture"},"south":{"uv":[10.5,7.5,12.5,8],"texture":"#texture"},"west":{"uv":[10.5,7.5,12.5,8],"texture":"#texture"},"east":{"uv":[10.5,7.5,12.5,8],"texture":"#texture"}}},{"from":[6.5,6.5,6],"to":[9.5,7,10],"faces":{"down":{"uv":[13,8,10,7.5],"texture":"#texture"},"north":{"uv":[10,7.5,13,8],"texture":"#texture"},"south":{"uv":[10,7.5,13,8],"texture":"#texture"},"west":{"uv":[10,7.5,13,8],"texture":"#texture"},"east":{"uv":[10,7.5,13,8],"texture":"#texture"}}},{"from":[6,6.5,6.5],"to":[10,7,9.5],"faces":{"down":{"uv":[10,8,9,7.5],"texture":"#texture"},"north":{"uv":[9,7.5,10,8],"texture":"#texture"},"south":{"uv":[9,7.5,10,8],"texture":"#texture"},"west":{"uv":[9,7.5,10,8],"texture":"#texture"},"east":{"uv":[9,7.5,10,8],"texture":"#texture"}}},{"from":[5.5,7,6.5],"to":[10.5,8,9.5],"faces":{"down":{"uv":[9.5,7.5,9,7],"texture":"#texture"},"up":{"uv":[9,6.5,10.5,7],"texture":"#texture"},"north":{"uv":[9,6.5,9.5,7.5],"texture":"#texture"},"south":{"uv":[9,6.5,9.5,7.5],"texture":"#texture"},"west":{"uv":[9,6.5,9.5,7.5],"texture":"#texture"},"east":{"uv":[9,6.5,9.5,7.5],"texture":"#texture"}}},{"from":[6.5,7,5.5],"to":[9.5,8,10.5],"faces":{"down":{"uv":[13,7.5,10,7],"rotation":90,"texture":"#texture"},"up":{"uv":[10,6.5,13,7],"texture":"#texture"},"north":{"uv":[13,6.5,10,7.5],"texture":"#texture"},"south":{"uv":[10,6.5,13,7.5],"texture":"#texture"},"west":{"uv":[9.5,6.5,14,7.5],"texture":"#texture"},"east":{"uv":[14,6.5,9.5,7.5],"texture":"#texture"}}},{"from":[6,7.5,6],"to":[10,8,10],"faces":{"down":{"uv":[10.5,7,9,6.5],"texture":"#texture"},"up":{"uv":[9,6.5,10.5,7],"texture":"#texture"},"north":{"uv":[9,6.5,10.5,7],"texture":"#texture"},"south":{"uv":[9,6.5,10.5,7],"texture":"#texture"},"west":{"uv":[9,6.5,10.5,7],"texture":"#texture"},"east":{"uv":[9,6.5,10.5,7],"texture":"#texture"}}},{"from":[6,8,7],"to":[10,9,9],"faces":{"north":{"uv":[13.5,5.5,9.5,6.5],"texture":"#texture"},"south":{"uv":[9.5,5.5,13.5,6.5],"texture":"#texture"},"west":{"uv":[9.5,5.5,10,6.5],"texture":"#texture"},"east":{"uv":[13,5.5,13.5,6.5],"texture":"#texture"}}},{"from":[7,8,6],"to":[9,9,10],"faces":{"north":{"uv":[12.5,5.5,10.5,6.5],"texture":"#texture"},"south":{"uv":[10.5,5.5,12.5,6.5],"texture":"#texture"},"west":{"uv":[10.5,5.5,11,6.5],"texture":"#texture"},"east":{"uv":[11.5,5.5,12.5,6.5],"texture":"#texture"}}},{"from":[6.5,8,6.5],"to":[9.5,9,9.5],"faces":{"north":{"uv":[13,5.5,10,6.5],"texture":"#texture"},"south":{"uv":[10,5.5,13,6.5],"texture":"#texture"},"west":{"uv":[10,5.5,10.5,6.5],"texture":"#texture"},"east":{"uv":[12.5,5.5,13,6.5],"texture":"#texture"}}},{"from":[6.5,9,5.5],"to":[9.5,10,10.5],"faces":{"down":{"uv":[13,5.5,10,5],"texture":"#texture"},"up":{"uv":[10,4.5,13,5],"texture":"#texture"},"north":{"uv":[13,4.5,10,5.5],"texture":"#texture"},"south":{"uv":[10,4.5,13,5.5],"texture":"#texture"},"west":{"uv":[10,4.5,10.5,5.5],"texture":"#texture"},"east":{"uv":[12.5,4.5,13,5.5],"texture":"#texture"}}},{"from":[5.5,9,6.5],"to":[10.5,10,9.5],"faces":{"down":{"uv":[14,5.5,9,5],"texture":"#texture"},"up":{"uv":[9,4.5,14,5],"texture":"#texture"},"north":{"uv":[14,4.5,9,5.5],"texture":"#texture"},"south":{"uv":[9,4.5,14,5.5],"texture":"#texture"},"west":{"uv":[9,4.5,9.5,5.5],"texture":"#texture"},"east":{"uv":[13.5,4.5,14,5.5],"texture":"#texture"}}},{"from":[6,9,6],"to":[10,9.5,10],"faces":{"down":{"uv":[13.5,5.5,9.5,5],"texture":"#texture"},"up":{"uv":[9.5,5,13.5,5.5],"texture":"#texture"},"north":{"uv":[13.5,5,9.5,5.5],"texture":"#texture"},"south":{"uv":[9.5,5,13.5,5.5],"texture":"#texture"},"west":{"uv":[9.5,5,10,5.5],"texture":"#texture"},"east":{"uv":[12.5,5,13,5.5],"texture":"#texture"}}},{"from":[7,10,5.5],"to":[9,10.5,10.5],"faces":{"up":{"uv":[10.5,4,12.5,4.5],"texture":"#texture"},"north":{"uv":[12.5,4,10.5,4.5],"texture":"#texture"},"south":{"uv":[10.5,4,12.5,4.5],"texture":"#texture"},"west":{"uv":[10.5,4,11,4.5],"texture":"#texture"},"east":{"uv":[12,4,12.5,4.5],"texture":"#texture"}}},{"from":[5.5,10,7],"to":[10.5,10.5,9],"faces":{"up":{"uv":[9,4,14,4.5],"texture":"#texture"},"north":{"uv":[14,4,9,4.5],"texture":"#texture"},"south":{"uv":[9,4,14,4.5],"texture":"#texture"},"west":{"uv":[9,4,9.5,4.5],"texture":"#texture"},"east":{"uv":[13.5,4,14,4.5],"texture":"#texture"}}},{"from":[6,10,6.5],"to":[10,10.5,9.5],"faces":{"up":{"uv":[9.5,4,13.5,4.5],"texture":"#texture"},"north":{"uv":[9.5,4,13.5,4.5],"texture":"#texture"},"south":{"uv":[9.5,4,13.5,4.5],"texture":"#texture"},"west":{"uv":[9.5,4,10,4.5],"texture":"#texture"},"east":{"uv":[13,4,13.5,4.5],"texture":"#texture"}}},{"from":[6.5,10,6],"to":[9.5,10.5,10],"faces":{"up":{"uv":[10,4,13,4.5],"texture":"#texture"},"north":{"uv":[13,4,10,4.5],"texture":"#texture"},"south":{"uv":[10,4,13,4.5],"texture":"#texture"},"west":{"uv":[10,4,10.5,4.5],"texture":"#texture"},"east":{"uv":[12.5,4,13,4.5],"texture":"#texture"}}},{"from":[7,10.5,6],"to":[9,11,10],"faces":{"up":{"uv":[10.5,3.5,12.5,4],"texture":"#texture"},"north":{"uv":[12.5,3.5,10.5,4],"texture":"#texture"},"south":{"uv":[10.5,3.5,12.5,4],"texture":"#texture"},"west":{"uv":[10.5,3.5,11,4],"texture":"#texture"},"east":{"uv":[12,3.5,12.5,4],"texture":"#texture"}}},{"from":[6,10.5,7],"to":[10,11,9],"faces":{"up":{"uv":[9.5,3.5,13.5,4],"texture":"#texture"},"north":{"uv":[13.5,3.5,9.5,4],"texture":"#texture"},"south":{"uv":[9.5,3.5,13.5,4],"texture":"#texture"},"west":{"uv":[9.5,3.5,10,4],"texture":"#texture"},"east":{"uv":[13,3.5,13.5,4],"texture":"#texture"}}},{"from":[6.5,10.5,6.5],"to":[9.5,11,9.5],"faces":{"up":{"uv":[10,3.5,13,4],"texture":"#texture"},"north":{"uv":[13,3.5,10,4],"texture":"#texture"},"south":{"uv":[10,3.5,13,4],"texture":"#texture"},"west":{"uv":[10,3.5,10.5,4],"texture":"#texture"},"east":{"uv":[12.5,3.5,13,4],"texture":"#texture"}}},{"from":[7,11,6.5],"to":[9,11.5,9.5],"faces":{"up":{"uv":[10.5,3,12.5,3.5],"texture":"#texture"},"north":{"uv":[12.5,3,10.5,3.5],"texture":"#texture"},"south":{"uv":[10.5,3,12.5,3.5],"texture":"#texture"},"west":{"uv":[10.5,3,11,3.5],"texture":"#texture"},"east":{"uv":[12,3,12.5,3.5],"texture":"#texture"}}},{"from":[6.5,11,7.5],"to":[9.5,11.5,8.5],"faces":{"up":{"uv":[10,3,13,3.5],"texture":"#texture"},"north":{"uv":[13,3,10,3.5],"texture":"#texture"},"south":{"uv":[10,3,13,3.5],"texture":"#texture"},"west":{"uv":[10,3,10.5,3.5],"texture":"#texture"},"east":{"uv":[12.5,3,13,3.5],"texture":"#texture"}}},{"from":[7,12,7.5],"to":[9,12.5,8.5],"faces":{"up":{"uv":[10.5,2,12.5,2.5],"texture":"#texture"},"north":{"uv":[10.5,2,12.5,2.5],"texture":"#texture"},"south":{"uv":[10.5,2,12.5,2.5],"texture":"#texture"},"west":{"uv":[10.5,2.5,11,3],"texture":"#texture"},"east":{"uv":[12,2.5,12.5,3],"texture":"#texture"}}},{"from":[7,11.5,7],"to":[9,12,9],"faces":{"up":{"uv":[10.5,2.5,12.5,3],"texture":"#texture"},"north":{"uv":[12.5,2.5,10.5,3],"texture":"#texture"},"south":{"uv":[10.5,2.5,12.5,3],"texture":"#texture"},"west":{"uv":[10.5,2.5,11,3],"texture":"#texture"},"east":{"uv":[12,2.5,12.5,3],"texture":"#texture"}}},{"from":[7.5,12,7],"to":[8.5,12.5,9],"faces":{"up":{"uv":[11,2,12,2.5],"texture":"#texture"},"north":{"uv":[11,2,12,2.5],"texture":"#texture"},"south":{"uv":[11,2,12,2.5],"texture":"#texture"},"west":{"uv":[11,2,11.5,2.5],"texture":"#texture"},"east":{"uv":[11.5,2,12,2.5],"texture":"#texture"}}},{"from":[7.5,12.5,7.5],"to":[8.5,13,8.5],"faces":{"up":{"uv":[11,1.5,12,2.5],"texture":"#texture"},"north":{"uv":[11,1.5,12,2],"texture":"#texture"},"south":{"uv":[11,1.5,12,2],"texture":"#texture"},"west":{"uv":[11,1.5,12,2],"texture":"#texture"},"east":{"uv":[11,1.5,12,2],"texture":"#texture"}}}],"display":{"thirdperson_righthand":{"rotation":[0,0,0],"translation":[0,0,0],"scale":[1,1,1]},"firstperson_righthand":{"rotation":[-57,115,28],"translation":[1.89,-1.32,-2.65],"scale":[1,1,1]},"gui":{"rotation":[0,0,0],"translation":[0,-1.13,0],"scale":[1.3,1.3,1.3]}}}
