{
	"credit": "Designed by Hypixel minecraft server with BDcraft Cubik PRO 0.90 Beta - http://bdcraft.net",
	"textures": {
		"texture": "blocks/green_concrete"
	},
	"elements": [
		{
			"from": [0, 0, 0],
			"to": [0.0625, 16, 22.8125],
			"shade": false,
			"rotation": {"angle": 45, "axis": "y", "origin": [0, 0, 0]},
			"faces": {
				"east": {"uv": [0, 0, 16, 16], "texture": "#texture"},
				"west": {"uv": [0, 0, 16, 16], "texture": "#texture"}
			}
		},
		{
			"from": [16, 0, 0],
			"to": [16.0625, 16, 22.8125],
			"shade": false,
			"rotation": {"angle": -45, "axis": "y", "origin": [16, 0, 0]},
			"faces": {
				"east": {"uv": [0, 0, 16, 16], "texture": "#texture"},
				"west": {"uv": [0, 0, 16, 16], "texture": "#texture"}
			}
		}
	],
	"display": {
		"head": {
			"rotation": [-90, 45, 0],
			"translation": [0, -2.25, -0.25],
			"scale": [1.75, 2, 1.75]
		}
	}
}