{
	"credit": "Designed by Sgeorge1970 with Cubik Studio - https://cubik.studio",
	"textures": {
		"texture": "guns/gray5",
		"texture1": "guns/scope2",
		"texture2": "guns/gray6",
		"texture3": "guns/red1",
		"particle": "blocks/e_particle"
	},
	"elements": [
		{
			"name": "Box27",
			"from": [10.6, 3.2, 2.75],
			"to": [12.2, 3.6, 3.95],
			"faces": {
				"north": {"uv": [15, 8, 16, 8.5], "texture": "#texture2"},
				"east": {"uv": [9.5, 8, 11, 8.5], "texture": "#texture2"},
				"south": {"uv": [0, 8, 1, 8.5], "texture": "#texture2"},
				"west": {"uv": [5, 8, 6.5, 8.5], "texture": "#texture2"},
				"up": {"uv": [0, 5, 1, 6.5], "texture": "#texture2"},
				"down": {"uv": [0, 9.5, 1, 11], "texture": "#texture2"}
			}
		},
		{
			"name": "Box28",
			"from": [10.6, 3.2, 2.75],
			"to": [12.2, 4, 3.55],
			"rotation": {"angle": -22.5, "axis": "x", "origin": [10.6, 3.2, 2.75]},
			"faces": {
				"north": {"uv": [15, 7.5, 16, 8.5], "texture": "#texture2"},
				"east": {"uv": [11, 7.5, 11.5, 8.5], "texture": "#texture2"},
				"south": {"uv": [0, 7.5, 1, 8.5], "texture": "#texture2"},
				"west": {"uv": [4.5, 7.5, 5, 8.5], "texture": "#texture2"},
				"up": {"uv": [0, 4.5, 1, 5], "texture": "#texture2"},
				"down": {"uv": [0, 11, 1, 11.5], "texture": "#texture2"}
			}
		},
		{
			"name": "Box28",
			"from": [10.6, 3.2, 3.15],
			"to": [12.2, 4, 3.95],
			"rotation": {"angle": 22.5, "axis": "x", "origin": [12.2, 3.2, 3.95]},
			"faces": {
				"north": {"uv": [0, 7.5, 1, 8.5], "texture": "#texture2"},
				"east": {"uv": [4.5, 7.5, 5, 8.5], "texture": "#texture2"},
				"south": {"uv": [15, 7.5, 16, 8.5], "texture": "#texture2"},
				"west": {"uv": [11, 7.5, 11.5, 8.5], "texture": "#texture2"},
				"up": {"uv": [0, 4.5, 1, 5], "rotation": 180, "texture": "#texture2"},
				"down": {"uv": [0, 11, 1, 11.5], "rotation": 180, "texture": "#texture2"}
			}
		},
		{
			"name": "Box30",
			"from": [10.6, 3.6, 2.35],
			"to": [12.1, 4.6, 4.35],
			"faces": {
				"north": {"uv": [15, 7.5, 16, 8], "texture": "#texture2"},
				"east": {"uv": [9, 7.5, 11.5, 8], "texture": "#texture2"},
				"south": {"uv": [0, 7.5, 1, 8], "texture": "#texture2"},
				"west": {"uv": [4.5, 7.5, 7, 8], "texture": "#texture2"},
				"up": {"uv": [0, 4.5, 1, 7], "texture": "#texture2"},
				"down": {"uv": [0, 9, 1, 11.5], "texture": "#texture2"}
			}
		},
		{
			"name": "Box31",
			"from": [10.6, -0.4, 2.75],
			"to": [12.2, 2, 3.95],
			"faces": {
				"north": {"uv": [15, 10, 16, 13], "texture": "#texture2"},
				"east": {"uv": [9.5, 10, 11, 13], "texture": "#texture2"},
				"south": {"uv": [0, 10, 1, 13], "texture": "#texture2"},
				"west": {"uv": [5, 10, 6.5, 13], "texture": "#texture2"},
				"up": {"uv": [0, 5, 1, 6.5], "texture": "#texture2"},
				"down": {"uv": [0, 9.5, 1, 11], "texture": "#texture2"}
			}
		},
		{
			"name": "Box32",
			"from": [11, 2, 2.95],
			"to": [11.8, 3.2, 3.75],
			"faces": {
				"north": {"uv": [15.5, 8.5, 16, 10], "texture": "#texture2"},
				"east": {"uv": [9.75, 8.5, 10.75, 10], "texture": "#texture2"},
				"south": {"uv": [0, 8.5, 0.5, 10], "texture": "#texture2"},
				"west": {"uv": [5.25, 8.5, 6.25, 10], "texture": "#texture2"},
				"up": {"uv": [0, 5.25, 0.5, 6.25], "texture": "#texture2"},
				"down": {"uv": [0, 9.75, 0.5, 10.75], "texture": "#texture2"}
			}
		},
		{
			"name": "Box33",
			"from": [10.6, 2, 2.75],
			"to": [11, 3.2, 3.95],
			"rotation": {"angle": -22.5, "axis": "z", "origin": [10.6, 2, 2.75]},
			"faces": {
				"north": {"uv": [0.5, 9, 1, 10], "texture": "#texture2"},
				"east": {"uv": [10, 9, 11, 10], "texture": "#texture2"},
				"south": {"uv": [15, 9, 15.5, 10], "texture": "#texture2"},
				"west": {"uv": [5, 9, 6, 10], "texture": "#texture2"},
				"up": {"uv": [15, 5, 15.5, 6], "texture": "#texture2"},
				"down": {"uv": [15, 10, 15.5, 11], "texture": "#texture2"}
			}
		},
		{
			"name": "Box33",
			"from": [11.8, 2, 2.75],
			"to": [12.2, 3.2, 3.95],
			"rotation": {"angle": 22.5, "axis": "z", "origin": [12.2, 2, 3.95]},
			"faces": {
				"north": {"uv": [15, 9, 15.5, 10], "texture": "#texture2"},
				"east": {"uv": [5, 9, 6, 10], "texture": "#texture2"},
				"south": {"uv": [0.5, 9, 1, 10], "texture": "#texture2"},
				"west": {"uv": [10, 9, 11, 10], "texture": "#texture2"},
				"up": {"uv": [15, 5, 15.5, 6], "rotation": 180, "texture": "#texture2"},
				"down": {"uv": [15, 10, 15.5, 11], "rotation": 180, "texture": "#texture2"}
			}
		},
		{
			"name": "Box37",
			"from": [11, 2, 2.75],
			"to": [11.8, 2.8, 3.15],
			"faces": {
				"north": {"uv": [15.5, 9, 16, 10], "texture": "#texture2"},
				"east": {"uv": [10.5, 9, 11, 10], "texture": "#texture2"},
				"south": {"uv": [0, 9, 0.5, 10], "texture": "#texture2"},
				"west": {"uv": [5, 9, 5.5, 10], "texture": "#texture2"},
				"up": {"uv": [0, 5, 0.5, 5.5], "texture": "#texture2"},
				"down": {"uv": [0, 10.5, 0.5, 11], "texture": "#texture2"}
			}
		},
		{
			"name": "Box37",
			"from": [11, 2, 3.55],
			"to": [11.8, 2.8, 3.95],
			"faces": {
				"north": {"uv": [15.5, 9, 16, 10], "texture": "#texture2"},
				"east": {"uv": [9.5, 9, 10, 10], "texture": "#texture2"},
				"south": {"uv": [0, 9, 0.5, 10], "texture": "#texture2"},
				"west": {"uv": [6, 9, 6.5, 10], "texture": "#texture2"},
				"up": {"uv": [0, 6, 0.5, 6.5], "texture": "#texture2"},
				"down": {"uv": [0, 9.5, 0.5, 10], "texture": "#texture2"}
			}
		},
		{
			"name": "Box39",
			"from": [10.84, -0.8, 2.99],
			"to": [12.04, -0.4, 3.79],
			"faces": {
				"north": {"uv": [15.2, 13, 16, 13.5], "texture": "#texture2"},
				"east": {"uv": [9.7, 13, 10.7, 13.5], "texture": "#texture2"},
				"south": {"uv": [0, 13, 0.8, 13.5], "texture": "#texture2"},
				"west": {"uv": [5.3, 13, 6.3, 13.5], "texture": "#texture2"},
				"up": {"uv": [0, 5.3, 0.8, 6.3], "texture": "#texture2"},
				"down": {"uv": [0, 9.7, 0.8, 10.7], "texture": "#texture2"}
			}
		},
		{
			"name": "Box38",
			"from": [11, 0, 2.55],
			"to": [11.8, 2.4, 2.95],
			"faces": {
				"north": {"uv": [15.5, 9.5, 16, 12.5], "texture": "#texture2"},
				"east": {"uv": [10.75, 9.5, 11.25, 12.5], "texture": "#texture2"},
				"south": {"uv": [0, 9.5, 0.5, 12.5], "texture": "#texture2"},
				"west": {"uv": [4.75, 9.5, 5.25, 12.5], "texture": "#texture2"},
				"up": {"uv": [0, 4.75, 0.5, 5.25], "texture": "#texture2"},
				"down": {"uv": [0, 10.75, 0.5, 11.25], "texture": "#texture2"}
			}
		},
		{
			"name": "Box38",
			"from": [11, 0, 3.75],
			"to": [11.8, 2.4, 4.15],
			"faces": {
				"north": {"uv": [15.5, 9.5, 16, 12.5], "texture": "#texture2"},
				"east": {"uv": [9.25, 9.5, 9.75, 12.5], "texture": "#texture2"},
				"south": {"uv": [0, 9.5, 0.5, 12.5], "texture": "#texture2"},
				"west": {"uv": [6.25, 9.5, 6.75, 12.5], "texture": "#texture2"},
				"up": {"uv": [0, 6.25, 0.5, 6.75], "texture": "#texture2"},
				"down": {"uv": [0, 9.25, 0.5, 9.75], "texture": "#texture2"}
			}
		},
		{
			"name": "Box1",
			"from": [1.5, 6, 2.5],
			"to": [3.5, 7.5, 4],
			"faces": {
				"north": {"uv": [12.5, 8.5, 14.5, 10], "texture": "#texture2"},
				"east": {"uv": [12, 8.5, 13.5, 10], "texture": "#texture2"},
				"south": {"uv": [1.5, 8.5, 3.5, 10], "texture": "#texture2"},
				"west": {"uv": [2.5, 8.5, 4, 10], "texture": "#texture2"},
				"up": {"uv": [1.5, 2.5, 3.5, 4], "texture": "#texture2"},
				"down": {"uv": [1.5, 12, 3.5, 13.5], "texture": "#texture2"}
			}
		},
		{
			"name": "Box2",
			"from": [3.5, 6.25, 2.75],
			"to": [7, 7.25, 3.75],
			"faces": {
				"north": {"uv": [9, 8.75, 12.5, 9.75], "texture": "#texture2"},
				"east": {"uv": [12.25, 8.75, 13.25, 9.75], "texture": "#texture2"},
				"south": {"uv": [3.5, 8.75, 7, 9.75], "texture": "#texture2"},
				"west": {"uv": [2.75, 8.75, 3.75, 9.75], "texture": "#texture2"},
				"up": {"uv": [3.5, 2.75, 7, 3.75], "texture": "#texture2"},
				"down": {"uv": [3.5, 12.25, 7, 13.25], "texture": "#texture2"}
			}
		},
		{
			"name": "Box3",
			"from": [1.499, 6.5, 3],
			"to": [1.5, 7, 3.5],
			"faces": {
				"north": {"uv": [1.5, 9, 1.501, 9.5], "texture": "#texture"},
				"east": {"uv": [3, 9, 3.5, 9.5], "texture": "#texture"},
				"south": {"uv": [14.499, 9, 14.5, 9.5], "texture": "#texture"},
				"west": {"uv": [12.5, 9, 13, 9.5], "texture": "#texture"},
				"up": {"uv": [1.5, 3, 1.501, 3.5], "rotation": 180, "texture": "#texture"},
				"down": {"uv": [1.5, 12.5, 1.501, 13], "rotation": 180, "texture": "#texture"}
			}
		},
		{
			"name": "Box4",
			"from": [4.5, 6, 2.5],
			"to": [5.5, 7.5, 4],
			"faces": {
				"north": {"uv": [10.5, 8.5, 11.5, 10], "texture": "#texture2"},
				"east": {"uv": [12, 8.5, 13.5, 10], "texture": "#texture2"},
				"south": {"uv": [4.5, 8.5, 5.5, 10], "texture": "#texture2"},
				"west": {"uv": [2.5, 8.5, 4, 10], "texture": "#texture2"},
				"up": {"uv": [4.5, 2.5, 5.5, 4], "texture": "#texture2"},
				"down": {"uv": [4.5, 12, 5.5, 13.5], "texture": "#texture2"}
			}
		},
		{
			"name": "Box5",
			"from": [5, 7.5, 3],
			"to": [5.5, 8, 3.5],
			"faces": {
				"north": {"uv": [10.5, 8, 11, 8.5], "texture": "#texture2"},
				"east": {"uv": [12.5, 8, 13, 8.5], "texture": "#texture2"},
				"south": {"uv": [5, 8, 5.5, 8.5], "texture": "#texture2"},
				"west": {"uv": [3, 8, 3.5, 8.5], "texture": "#texture2"},
				"up": {"uv": [5, 3, 5.5, 3.5], "texture": "#texture2"},
				"down": {"uv": [5, 12.5, 5.5, 13], "texture": "#texture2"}
			}
		},
		{
			"name": "Box6",
			"from": [5, 8, 3],
			"to": [5.5, 8.5, 3.5],
			"rotation": {"angle": -22.5, "axis": "z", "origin": [5, 8, 3]},
			"faces": {
				"north": {"uv": [10.5, 7, 11, 8], "texture": "#texture2"},
				"east": {"uv": [1, 7, 2, 8], "texture": "#texture2"},
				"south": {"uv": [5, 7, 5.5, 8], "texture": "#texture2"},
				"west": {"uv": [14, 7, 15, 8], "texture": "#texture2"},
				"up": {"uv": [5, 14, 5.5, 15], "texture": "#texture2"},
				"down": {"uv": [5, 1, 5.5, 2], "texture": "#texture2"}
			}
		},
		{
			"name": "Box7",
			"from": [5.25, 8, 3],
			"to": [7.05, 8.5, 3.5],
			"faces": {
				"north": {"uv": [8.95, 7.5, 10.75, 8], "texture": "#texture2"},
				"east": {"uv": [12.5, 7.5, 13, 8], "texture": "#texture2"},
				"south": {"uv": [5.25, 7.5, 7.05, 8], "texture": "#texture2"},
				"west": {"uv": [3, 7.5, 3.5, 8], "texture": "#texture2"},
				"up": {"uv": [5.25, 3, 7.05, 3.5], "texture": "#texture2"},
				"down": {"uv": [5.25, 12.5, 7.05, 13], "texture": "#texture2"}
			}
		},
		{
			"name": "Box8",
			"from": [7, 5, 2],
			"to": [18, 6.5, 4.5],
			"faces": {
				"north": {"uv": [0, 9.5, 9, 11], "texture": "#texture"},
				"east": {"uv": [11.5, 9.5, 14, 11], "texture": "#texture"},
				"south": {"uv": [7, 9.5, 16, 11], "texture": "#texture"},
				"west": {"uv": [2, 9.5, 4.5, 11], "texture": "#texture"},
				"up": {"uv": [7, 2, 16, 4.5], "texture": "#texture"},
				"down": {"uv": [7, 11.5, 16, 14], "texture": "#texture"}
			}
		},
		{
			"name": "Box9",
			"from": [7, 7.5, 2],
			"to": [8, 9.5, 3],
			"rotation": {"angle": 22.5, "axis": "x", "origin": [7, 7.5, 2]},
			"faces": {
				"north": {"uv": [8, 6.5, 9, 8.5], "texture": "#texture"},
				"east": {"uv": [13, 6.5, 14, 8.5], "texture": "#texture"},
				"south": {"uv": [7, 6.5, 8, 8.5], "texture": "#texture"},
				"west": {"uv": [2, 6.5, 3, 8.5], "texture": "#texture"},
				"up": {"uv": [7, 2, 8, 3], "texture": "#texture"},
				"down": {"uv": [7, 13, 8, 14], "texture": "#texture"}
			}
		},
		{
			"name": "Box10",
			"from": [7, 7.5, 3.5],
			"to": [8, 9.5, 4.5],
			"rotation": {"angle": -22.5, "axis": "x", "origin": [8, 7.5, 4.5]},
			"faces": {
				"north": {"uv": [7, 6.5, 8, 8.5], "texture": "#texture"},
				"east": {"uv": [3.5, 6.5, 4.5, 8.5], "texture": "#texture"},
				"south": {"uv": [8, 6.5, 9, 8.5], "texture": "#texture"},
				"west": {"uv": [11.5, 6.5, 12.5, 8.5], "texture": "#texture"},
				"up": {"uv": [7, 3.5, 8, 4.5], "rotation": 180, "texture": "#texture"},
				"down": {"uv": [7, 11.5, 8, 12.5], "rotation": 180, "texture": "#texture"}
			}
		},
		{
			"name": "Box11",
			"from": [7, 9, 2.75],
			"to": [18, 9.5, 3.75],
			"faces": {
				"north": {"uv": [0, 6.5, 9, 7], "texture": "#texture"},
				"east": {"uv": [12.25, 6.5, 13.25, 7], "texture": "#texture"},
				"south": {"uv": [7, 6.5, 16, 7], "texture": "#texture"},
				"west": {"uv": [2.75, 6.5, 3.75, 7], "texture": "#texture"},
				"up": {"uv": [7, 2.75, 16, 3.75], "texture": "#texture"},
				"down": {"uv": [7, 12.25, 16, 13.25], "texture": "#texture"}
			}
		},
		{
			"name": "Box12",
			"from": [7, 7.5, 3],
			"to": [8, 8.5, 3.5],
			"faces": {
				"north": {"uv": [8, 7.5, 9, 8.5], "texture": "#texture"},
				"east": {"uv": [12.5, 7.5, 13, 8.5], "texture": "#texture"},
				"south": {"uv": [7, 7.5, 8, 8.5], "texture": "#texture"},
				"west": {"uv": [3, 7.5, 3.5, 8.5], "texture": "#texture"},
				"up": {"uv": [7, 3, 8, 3.5], "texture": "#texture"},
				"down": {"uv": [7, 12.5, 8, 13], "texture": "#texture"}
			}
		},
		{
			"name": "Box13",
			"from": [8, 8.5, 2.45],
			"to": [17, 9.5, 3.45],
			"rotation": {"angle": 22.5, "axis": "x", "origin": [8, 8.5, 2.45]},
			"faces": {
				"north": {"uv": [3, 6.5, 8, 7.5], "texture": "#texture"},
				"east": {"uv": [13, 6.5, 14, 7.5], "texture": "#texture"},
				"south": {"uv": [8, 6.5, 13, 7.5], "texture": "#texture"},
				"west": {"uv": [2, 6.5, 3, 7.5], "texture": "#texture"},
				"up": {"uv": [8, 2, 13, 3], "texture": "#texture"},
				"down": {"uv": [8, 13, 13, 14], "texture": "#texture"}
			}
		},
		{
			"name": "Box13",
			"from": [8, 8.5, 3.05],
			"to": [17, 9.5, 4.05],
			"rotation": {"angle": -22.5, "axis": "x", "origin": [17, 8.5, 4.05]},
			"faces": {
				"north": {"uv": [8, 6.5, 13, 7.5], "texture": "#texture"},
				"east": {"uv": [2, 6.5, 3, 7.5], "texture": "#texture"},
				"south": {"uv": [3, 6.5, 8, 7.5], "texture": "#texture"},
				"west": {"uv": [13, 6.5, 14, 7.5], "texture": "#texture"},
				"up": {"uv": [8, 2, 13, 3], "rotation": 180, "texture": "#texture"},
				"down": {"uv": [8, 13, 13, 14], "rotation": 180, "texture": "#texture"}
			}
		},
		{
			"name": "Box15",
			"from": [8, 8, 2.5],
			"to": [17, 8.5, 4],
			"faces": {
				"north": {"uv": [0, 7.5, 8, 8], "texture": "#texture"},
				"east": {"uv": [12, 7.5, 13.5, 8], "texture": "#texture"},
				"south": {"uv": [8, 7.5, 16, 8], "texture": "#texture"},
				"west": {"uv": [2.5, 7.5, 4, 8], "texture": "#texture"},
				"up": {"uv": [8, 2.5, 16, 4], "texture": "#texture"},
				"down": {"uv": [8, 12, 16, 13.5], "texture": "#texture"}
			}
		},
		{
			"name": "Box16",
			"from": [7, 6.5, 2],
			"to": [8, 7.5, 4.5],
			"faces": {
				"north": {"uv": [8, 8.5, 9, 9.5], "texture": "#texture"},
				"east": {"uv": [11.5, 8.5, 14, 9.5], "texture": "#texture"},
				"south": {"uv": [7, 8.5, 8, 9.5], "texture": "#texture"},
				"west": {"uv": [2, 8.5, 4.5, 9.5], "texture": "#texture"},
				"up": {"uv": [7, 2, 8, 4.5], "texture": "#texture"},
				"down": {"uv": [7, 11.5, 8, 14], "texture": "#texture"}
			}
		},
		{
			"name": "Box17",
			"from": [8, 6.5, 2.5],
			"to": [11.5, 7.5, 3.5],
			"rotation": {"angle": 45, "axis": "x", "origin": [8, 6.5, 2.5]},
			"faces": {
				"north": {"uv": [3, 8, 8, 9.5], "texture": "#texture2"},
				"east": {"uv": [12, 8, 13.5, 9.5], "texture": "#texture2"},
				"south": {"uv": [8, 8, 13, 9.5], "texture": "#texture2"},
				"west": {"uv": [2.5, 8, 4, 9.5], "texture": "#texture2"},
				"up": {"uv": [8, 2.5, 13, 4], "texture": "#texture2"},
				"down": {"uv": [8, 12, 13, 13.5], "texture": "#texture2"}
			}
		},
		{
			"name": "Box18",
			"from": [8, 6.5, 2.5],
			"to": [10.5, 7.5, 4],
			"faces": {
				"north": {"uv": [5.5, 8.5, 8, 9.5], "texture": "#texture"},
				"east": {"uv": [12, 8.5, 13.5, 9.5], "texture": "#texture"},
				"south": {"uv": [8, 8.5, 10.5, 9.5], "texture": "#texture"},
				"west": {"uv": [2.5, 8.5, 4, 9.5], "texture": "#texture"},
				"up": {"uv": [8, 2.5, 10.5, 4], "texture": "#texture"},
				"down": {"uv": [8, 12, 10.5, 13.5], "texture": "#texture"}
			}
		},
		{
			"name": "Box20",
			"from": [8, 6.5, 2],
			"to": [10.5, 7.5, 2.5],
			"rotation": {"angle": 22.5, "axis": "x", "origin": [8, 6.5, 2]},
			"faces": {
				"north": {"uv": [5.5, 8.5, 8, 9.5], "texture": "#texture"},
				"east": {"uv": [13.5, 8.5, 14, 9.5], "texture": "#texture"},
				"south": {"uv": [8, 8.5, 10.5, 9.5], "texture": "#texture"},
				"west": {"uv": [2, 8.5, 2.5, 9.5], "texture": "#texture"},
				"up": {"uv": [8, 2, 10.5, 2.5], "texture": "#texture"},
				"down": {"uv": [8, 13.5, 10.5, 14], "texture": "#texture"}
			}
		},
		{
			"name": "Box20",
			"from": [8, 6.5, 4],
			"to": [10.5, 7.5, 4.5],
			"rotation": {"angle": -22.5, "axis": "x", "origin": [10.5, 6.5, 4.5]},
			"faces": {
				"north": {"uv": [8, 8.5, 10.5, 9.5], "texture": "#texture"},
				"east": {"uv": [2, 8.5, 2.5, 9.5], "texture": "#texture"},
				"south": {"uv": [5.5, 8.5, 8, 9.5], "texture": "#texture"},
				"west": {"uv": [13.5, 8.5, 14, 9.5], "texture": "#texture"},
				"up": {"uv": [8, 2, 10.5, 2.5], "rotation": 180, "texture": "#texture"},
				"down": {"uv": [8, 13.5, 10.5, 14], "rotation": 180, "texture": "#texture"}
			}
		},
		{
			"name": "Box16",
			"from": [17, 6.5, 2],
			"to": [18, 7.5, 4.5],
			"faces": {
				"north": {"uv": [14, 8.5, 15, 9.5], "texture": "#texture"},
				"east": {"uv": [11.5, 8.5, 14, 9.5], "texture": "#texture"},
				"south": {"uv": [1, 8.5, 2, 9.5], "texture": "#texture"},
				"west": {"uv": [2, 8.5, 4.5, 9.5], "texture": "#texture"},
				"up": {"uv": [1, 2, 2, 4.5], "texture": "#texture"},
				"down": {"uv": [1, 11.5, 2, 14], "texture": "#texture"}
			}
		},
		{
			"name": "Box10",
			"from": [17, 7.5, 3.5],
			"to": [18, 9.5, 4.5],
			"rotation": {"angle": -22.5, "axis": "x", "origin": [18, 7.5, 4.5]},
			"faces": {
				"north": {"uv": [7, 6.5, 8, 8.5], "texture": "#texture"},
				"east": {"uv": [3.5, 6.5, 4.5, 8.5], "texture": "#texture"},
				"south": {"uv": [8, 6.5, 9, 8.5], "texture": "#texture"},
				"west": {"uv": [11.5, 6.5, 12.5, 8.5], "texture": "#texture"},
				"up": {"uv": [7, 3.5, 8, 4.5], "rotation": 180, "texture": "#texture"},
				"down": {"uv": [7, 11.5, 8, 12.5], "rotation": 180, "texture": "#texture"}
			}
		},
		{
			"name": "Box9",
			"from": [17, 7.5, 2],
			"to": [18, 9.5, 3],
			"rotation": {"angle": 22.5, "axis": "x", "origin": [17, 7.5, 2]},
			"faces": {
				"north": {"uv": [8, 6.5, 9, 8.5], "texture": "#texture"},
				"east": {"uv": [13, 6.5, 14, 8.5], "texture": "#texture"},
				"south": {"uv": [7, 6.5, 8, 8.5], "texture": "#texture"},
				"west": {"uv": [2, 6.5, 3, 8.5], "texture": "#texture"},
				"up": {"uv": [7, 2, 8, 3], "texture": "#texture"},
				"down": {"uv": [7, 13, 8, 14], "texture": "#texture"}
			}
		},
		{
			"name": "Box12",
			"from": [17, 7.5, 3],
			"to": [18, 8.5, 3.5],
			"faces": {
				"north": {"uv": [14, 7.5, 15, 8.5], "texture": "#texture"},
				"east": {"uv": [12.5, 7.5, 13, 8.5], "texture": "#texture"},
				"south": {"uv": [1, 7.5, 2, 8.5], "texture": "#texture"},
				"west": {"uv": [3, 7.5, 3.5, 8.5], "texture": "#texture"},
				"up": {"uv": [1, 3, 2, 3.5], "texture": "#texture"},
				"down": {"uv": [1, 12.5, 2, 13], "texture": "#texture"}
			}
		},
		{
			"name": "Box25",
			"from": [7, 4.5, 2],
			"to": [18, 5, 3],
			"rotation": {"angle": -22.5, "axis": "x", "origin": [18, 5, 2]},
			"faces": {
				"north": {"uv": [9, 11.5, 0, 11], "texture": "#texture"},
				"east": {"uv": [2, 11, 3, 11.5], "rotation": 180, "texture": "#texture"},
				"south": {"uv": [16, 11.5, 7, 11], "texture": "#texture"},
				"west": {"uv": [13, 11, 14, 11.5], "rotation": 180, "texture": "#texture"},
				"up": {"uv": [7, 13, 16, 14], "rotation": 180, "texture": "#texture"},
				"down": {"uv": [7, 2, 16, 3], "rotation": 180, "texture": "#texture"}
			}
		},
		{
			"name": "Box25",
			"from": [7, 4.5, 3.5],
			"to": [18, 5, 4.5],
			"rotation": {"angle": 22.5, "axis": "x", "origin": [7, 5, 4.5]},
			"faces": {
				"north": {"uv": [16, 11.5, 7, 11], "texture": "#texture"},
				"east": {"uv": [13, 11, 14, 11.5], "rotation": 180, "texture": "#texture"},
				"south": {"uv": [9, 11.5, 0, 11], "texture": "#texture"},
				"west": {"uv": [2, 11, 3, 11.5], "rotation": 180, "texture": "#texture"},
				"up": {"uv": [7, 13, 16, 14], "texture": "#texture"},
				"down": {"uv": [7, 2, 16, 3], "texture": "#texture"}
			}
		},
		{
			"name": "Box27",
			"from": [7, 4.5, 2.25],
			"to": [18, 5, 4.25],
			"faces": {
				"north": {"uv": [0, 11, 9, 11.5], "texture": "#texture"},
				"east": {"uv": [11.75, 11, 13.75, 11.5], "texture": "#texture"},
				"south": {"uv": [7, 11, 16, 11.5], "texture": "#texture"},
				"west": {"uv": [2.25, 11, 4.25, 11.5], "texture": "#texture"},
				"up": {"uv": [7, 2.25, 16, 4.25], "texture": "#texture"},
				"down": {"uv": [7, 11.75, 16, 13.75], "texture": "#texture"}
			}
		},
		{
			"name": "Box28",
			"from": [18, 4, 2],
			"to": [23, 6, 4.5],
			"faces": {
				"north": {"uv": [9, 10, 14, 12], "texture": "#texture"},
				"east": {"uv": [11.5, 10, 14, 12], "texture": "#texture"},
				"south": {"uv": [2, 10, 7, 12], "texture": "#texture"},
				"west": {"uv": [2, 10, 4.5, 12], "texture": "#texture"},
				"up": {"uv": [2, 2, 7, 4.5], "texture": "#texture"},
				"down": {"uv": [2, 11.5, 7, 14], "texture": "#texture"}
			}
		},
		{
			"name": "Box29",
			"from": [21, 5, 2.75],
			"to": [23.5, 6, 3.75],
			"rotation": {"angle": 22.5, "axis": "z", "origin": [21, 5, 2.75]},
			"faces": {
				"north": {"uv": [8, 8, 11, 9], "texture": "#texture"},
				"east": {"uv": [1, 8, 2, 9], "texture": "#texture"},
				"south": {"uv": [5, 8, 8, 9], "texture": "#texture"},
				"west": {"uv": [14, 8, 15, 9], "texture": "#texture"},
				"up": {"uv": [5, 14, 8, 15], "texture": "#texture"},
				"down": {"uv": [5, 1, 8, 2], "texture": "#texture"}
			}
		},
		{
			"name": "Box30",
			"from": [23, 4, 2],
			"to": [27, 7, 4.5],
			"faces": {
				"north": {"uv": [5, 9, 9, 12], "texture": "#texture"},
				"east": {"uv": [11.5, 9, 14, 12], "texture": "#texture"},
				"south": {"uv": [7, 9, 11, 12], "texture": "#texture"},
				"west": {"uv": [2, 9, 4.5, 12], "texture": "#texture"},
				"up": {"uv": [7, 2, 11, 4.5], "texture": "#texture"},
				"down": {"uv": [7, 11.5, 11, 14], "texture": "#texture"}
			}
		},
		{
			"name": "Box31",
			"from": [27, 6, 2],
			"to": [28, 7.5, 4.5],
			"faces": {
				"north": {"uv": [4, 8.5, 5, 10], "texture": "#texture"},
				"east": {"uv": [11.5, 8.5, 14, 10], "texture": "#texture"},
				"south": {"uv": [11, 8.5, 12, 10], "texture": "#texture"},
				"west": {"uv": [2, 8.5, 4.5, 10], "texture": "#texture"},
				"up": {"uv": [11, 2, 12, 4.5], "texture": "#texture"},
				"down": {"uv": [11, 11.5, 12, 14], "texture": "#texture"}
			}
		},
		{
			"name": "Box31",
			"from": [27, 3, 2],
			"to": [28, 4.5, 4.5],
			"faces": {
				"north": {"uv": [4, 11.5, 5, 13], "texture": "#texture"},
				"east": {"uv": [11.5, 11.5, 14, 13], "texture": "#texture"},
				"south": {"uv": [11, 11.5, 12, 13], "texture": "#texture"},
				"west": {"uv": [2, 11.5, 4.5, 13], "texture": "#texture"},
				"up": {"uv": [11, 2, 12, 4.5], "texture": "#texture"},
				"down": {"uv": [11, 11.5, 12, 14], "texture": "#texture"}
			}
		},
		{
			"name": "Box33",
			"from": [27.5, 4.5, 2],
			"to": [28, 6, 4.5],
			"faces": {
				"north": {"uv": [4, 10, 4.5, 11.5], "texture": "#texture"},
				"east": {"uv": [11.5, 10, 14, 11.5], "texture": "#texture"},
				"south": {"uv": [11.5, 10, 12, 11.5], "texture": "#texture"},
				"west": {"uv": [2, 10, 4.5, 11.5], "texture": "#texture"},
				"up": {"uv": [11.5, 2, 12, 4.5], "texture": "#texture"},
				"down": {"uv": [11.5, 11.5, 12, 14], "texture": "#texture"}
			}
		},
		{
			"name": "Box34",
			"from": [25.5, 3, 2],
			"to": [27, 4, 4.5],
			"faces": {
				"north": {"uv": [5, 12, 6.5, 13], "texture": "#texture"},
				"east": {"uv": [11.5, 12, 14, 13], "texture": "#texture"},
				"south": {"uv": [9.5, 12, 11, 13], "texture": "#texture"},
				"west": {"uv": [2, 12, 4.5, 13], "texture": "#texture"},
				"up": {"uv": [9.5, 2, 11, 4.5], "texture": "#texture"},
				"down": {"uv": [9.5, 11.5, 11, 14], "texture": "#texture"}
			}
		},
		{
			"name": "Box35",
			"from": [26.5, 2.5, 2],
			"to": [28, 3, 4.5],
			"faces": {
				"north": {"uv": [4, 13, 5.5, 13.5], "texture": "#texture"},
				"east": {"uv": [11.5, 13, 14, 13.5], "texture": "#texture"},
				"south": {"uv": [10.5, 13, 12, 13.5], "texture": "#texture"},
				"west": {"uv": [2, 13, 4.5, 13.5], "texture": "#texture"},
				"up": {"uv": [10.5, 2, 12, 4.5], "texture": "#texture"},
				"down": {"uv": [10.5, 11.5, 12, 14], "texture": "#texture"}
			}
		},
		{
			"name": "Box36",
			"from": [27, 5.5, 2],
			"to": [27.5, 7, 4.5],
			"faces": {
				"north": {"uv": [4.5, 9, 5, 10.5], "texture": "#texture"},
				"east": {"uv": [11.5, 9, 14, 10.5], "texture": "#texture"},
				"south": {"uv": [11, 9, 11.5, 10.5], "texture": "#texture"},
				"west": {"uv": [2, 9, 4.5, 10.5], "texture": "#texture"},
				"up": {"uv": [11, 2, 11.5, 4.5], "texture": "#texture"},
				"down": {"uv": [11, 11.5, 11.5, 14], "texture": "#texture"}
			}
		},
		{
			"name": "Box37",
			"from": [9.5, 4, 2.5],
			"to": [18, 4.5, 4],
			"faces": {
				"north": {"uv": [0, 11.5, 6.5, 12], "texture": "#texture"},
				"east": {"uv": [12, 11.5, 13.5, 12], "texture": "#texture"},
				"south": {"uv": [9.5, 11.5, 16, 12], "texture": "#texture"},
				"west": {"uv": [2.5, 11.5, 4, 12], "texture": "#texture"},
				"up": {"uv": [9.5, 2.5, 16, 4], "texture": "#texture"},
				"down": {"uv": [9.5, 12, 16, 13.5], "texture": "#texture"}
			}
		},
		{
			"name": "Box38",
			"from": [17, 3, 2.8],
			"to": [19, 4, 3.7],
			"faces": {
				"north": {"uv": [13, 12, 15, 13], "texture": "#texture"},
				"east": {"uv": [12.3, 12, 13.2, 13], "texture": "#texture"},
				"south": {"uv": [1, 12, 3, 13], "texture": "#texture"},
				"west": {"uv": [2.8, 12, 3.7, 13], "texture": "#texture"},
				"up": {"uv": [1, 2.8, 3, 3.7], "texture": "#texture"},
				"down": {"uv": [1, 12.3, 3, 13.2], "texture": "#texture"}
			}
		},
		{
			"name": "Box39",
			"from": [17, 0.5, 2.75],
			"to": [19, 3, 3.75],
			"rotation": {"angle": 22.5, "axis": "z", "origin": [17, 3, 3.75]},
			"faces": {
				"north": {"uv": [3, 16, 1, 13], "texture": "#texture"},
				"east": {"uv": [1, 13, 2, 16], "rotation": 180, "texture": "#texture"},
				"south": {"uv": [15, 16, 13, 13], "texture": "#texture"},
				"west": {"uv": [14, 13, 15, 16], "rotation": 180, "texture": "#texture"},
				"up": {"uv": [1, 1, 3, 2], "texture": "#texture"},
				"down": {"uv": [1, 14, 3, 15], "texture": "#texture"}
			}
		},
		{
			"name": "Box40",
			"from": [18, 0.5, 2.5],
			"to": [20, 1.5, 4],
			"faces": {
				"north": {"uv": [12, 14.5, 14, 15.5], "texture": "#texture"},
				"east": {"uv": [12, 14.5, 13.5, 15.5], "texture": "#texture"},
				"south": {"uv": [2, 14.5, 4, 15.5], "texture": "#texture"},
				"west": {"uv": [2.5, 14.5, 4, 15.5], "texture": "#texture"},
				"up": {"uv": [2, 2.5, 4, 4], "texture": "#texture"},
				"down": {"uv": [2, 12, 4, 13.5], "texture": "#texture"}
			}
		},
		{
			"name": "Box41",
			"from": [19.5, 1.5, 2.5],
			"to": [20, 2.5, 4],
			"rotation": {"angle": 22.5, "axis": "z", "origin": [20, 1.5, 4]},
			"faces": {
				"north": {"uv": [3.5, 13.5, 4, 14.5], "texture": "#texture"},
				"east": {"uv": [14, 13.5, 15, 14.5], "texture": "#texture"},
				"south": {"uv": [12, 13.5, 12.5, 14.5], "texture": "#texture"},
				"west": {"uv": [1, 13.5, 2, 14.5], "texture": "#texture"},
				"up": {"uv": [3.5, 14, 4, 15], "rotation": 180, "texture": "#texture"},
				"down": {"uv": [3.5, 1, 4, 2], "rotation": 180, "texture": "#texture"}
			}
		},
		{
			"name": "Box42",
			"from": [18.5, 0, 2.75],
			"to": [20, 0.5, 3.75],
			"faces": {
				"north": {"uv": [12, 15.5, 13.5, 16], "texture": "#texture"},
				"east": {"uv": [12.25, 15.5, 13.25, 16], "texture": "#texture"},
				"south": {"uv": [2.5, 15.5, 4, 16], "texture": "#texture"},
				"west": {"uv": [2.75, 15.5, 3.75, 16], "texture": "#texture"},
				"up": {"uv": [2.5, 2.75, 4, 3.75], "texture": "#texture"},
				"down": {"uv": [2.5, 12.25, 4, 13.25], "texture": "#texture"}
			}
		},
		{
			"name": "Box43",
			"from": [20.5, 4, 2.5],
			"to": [22, 5, 4],
			"rotation": {"angle": -45, "axis": "z", "origin": [20.5, 4, 2.5]},
			"faces": {
				"north": {"uv": [10, 11.5, 11.5, 12.5], "texture": "#texture"},
				"east": {"uv": [1, 11.5, 2, 12.5], "texture": "#texture"},
				"south": {"uv": [4.5, 11.5, 6, 12.5], "texture": "#texture"},
				"west": {"uv": [14, 11.5, 15, 12.5], "texture": "#texture"},
				"up": {"uv": [4.5, 14, 6, 15], "texture": "#texture"},
				"down": {"uv": [4.5, 1, 6, 2], "texture": "#texture"}
			}
		},
		{
			"name": "Box44",
			"from": [21.5, 2.5, 2.25],
			"to": [24.5, 4, 4.25],
			"faces": {
				"north": {"uv": [7.5, 12, 10.5, 13.5], "texture": "#texture"},
				"east": {"uv": [11.75, 12, 13.75, 13.5], "texture": "#texture"},
				"south": {"uv": [5.5, 12, 8.5, 13.5], "texture": "#texture"},
				"west": {"uv": [2.25, 12, 4.25, 13.5], "texture": "#texture"},
				"up": {"uv": [5.5, 2.25, 8.5, 4.25], "texture": "#texture"},
				"down": {"uv": [5.5, 11.75, 8.5, 13.75], "texture": "#texture"}
			}
		},
		{
			"name": "Box45",
			"from": [23.5, 3.5, 2.5],
			"to": [24.5, 5, 4],
			"rotation": {"angle": -45, "axis": "z", "origin": [23.5, 3.5, 2.5]},
			"faces": {
				"north": {"uv": [6.5, 11.5, 7.5, 13], "texture": "#texture"},
				"east": {"uv": [1, 11.5, 2, 13], "texture": "#texture"},
				"south": {"uv": [8.5, 11.5, 9.5, 13], "texture": "#texture"},
				"west": {"uv": [14, 11.5, 15, 13], "texture": "#texture"},
				"up": {"uv": [8.5, 14, 9.5, 15], "texture": "#texture"},
				"down": {"uv": [8.5, 1, 9.5, 2], "texture": "#texture"}
			}
		},
		{
			"name": "Box46",
			"from": [22, 0.5, 3],
			"to": [24, 2.5, 3.5],
			"faces": {
				"north": {"uv": [8, 13.5, 10, 15.5], "texture": "#texture2"},
				"east": {"uv": [12.5, 13.5, 13, 15.5], "texture": "#texture2"},
				"south": {"uv": [6, 13.5, 8, 15.5], "texture": "#texture2"},
				"west": {"uv": [3, 13.5, 3.5, 15.5], "texture": "#texture2"},
				"up": {"uv": [6, 3, 8, 3.5], "texture": "#texture2"},
				"down": {"uv": [6, 12.5, 8, 13], "texture": "#texture2"}
			}
		},
		{
			"name": "Box47",
			"from": [21, 1, 1.75],
			"to": [25, 3, 3.75],
			"rotation": {"angle": 45, "axis": "x", "origin": [21, 1, 1.75]},
			"faces": {
				"north": {"uv": [7, 14, 11, 16], "texture": "#texture2"},
				"east": {"uv": [0, 14, 2, 16], "texture": "#texture2"},
				"south": {"uv": [5, 14, 9, 16], "texture": "#texture2"},
				"west": {"uv": [14, 14, 16, 16], "texture": "#texture2"},
				"up": {"uv": [5, 14, 9, 16], "texture": "#texture2"},
				"down": {"uv": [5, 0, 9, 2], "texture": "#texture2"}
			}
		},
		{
			"name": "Box48",
			"from": [15.5, 2.5, 3],
			"to": [17.5, 3, 3.5],
			"faces": {
				"north": {"uv": [0, 13, 0.5, 13.5], "texture": "#texture"},
				"east": {"uv": [12.5, 13, 13, 13.5], "texture": "#texture"},
				"south": {"uv": [15.5, 13, 16, 13.5], "texture": "#texture"},
				"west": {"uv": [3, 13, 3.5, 13.5], "texture": "#texture"},
				"up": {"uv": [15.5, 3, 16, 3.5], "texture": "#texture"},
				"down": {"uv": [15.5, 12.5, 16, 13], "texture": "#texture"}
			}
		},
		{
			"name": "Box49",
			"from": [15.5, 2.5, 3],
			"to": [16, 4.5, 3.5],
			"rotation": {"angle": 22.5, "axis": "z", "origin": [15.5, 2.5, 3]},
			"faces": {
				"north": {"uv": [0, 11.5, 0.5, 13.5], "texture": "#texture"},
				"east": {"uv": [1, 11.5, 2, 13.5], "texture": "#texture"},
				"south": {"uv": [15.5, 11.5, 16, 13.5], "texture": "#texture"},
				"west": {"uv": [14, 11.5, 15, 13.5], "texture": "#texture"},
				"up": {"uv": [15.5, 14, 16, 15], "texture": "#texture"},
				"down": {"uv": [15.5, 1, 16, 2], "texture": "#texture"}
			}
		},
		{
			"name": "Box50",
			"from": [16.5, 3, 3],
			"to": [17.5, 4, 3.5],
			"rotation": {"angle": 22.5, "axis": "z", "origin": [16.5, 3, 3]},
			"faces": {
				"north": {"uv": [14.5, 12, 15.5, 13], "texture": "#texture3"},
				"east": {"uv": [1, 12, 2, 13], "texture": "#texture3"},
				"south": {"uv": [0.5, 12, 1.5, 13], "texture": "#texture3"},
				"west": {"uv": [14, 12, 15, 13], "texture": "#texture3"},
				"up": {"uv": [0.5, 14, 1.5, 15], "texture": "#texture3"},
				"down": {"uv": [0.5, 1, 1.5, 2], "texture": "#texture3"}
			}
		},
		{
			"name": "Box51",
			"from": [9, 5.5, 4.5],
			"to": [10, 6, 5],
			"faces": {
				"north": {"uv": [6, 10, 7, 10.5], "texture": "#texture"},
				"east": {"uv": [11, 10, 11.5, 10.5], "texture": "#texture"},
				"south": {"uv": [9, 10, 10, 10.5], "texture": "#texture"},
				"west": {"uv": [4.5, 10, 5, 10.5], "texture": "#texture"},
				"up": {"uv": [9, 4.5, 10, 5], "texture": "#texture"},
				"down": {"uv": [9, 11, 10, 11.5], "texture": "#texture"}
			}
		},
		{
			"name": "Box52",
			"from": [8.5, 5, 5],
			"to": [10.5, 6.5, 6],
			"faces": {
				"north": {"uv": [5.5, 9.5, 7.5, 11], "texture": "#texture"},
				"east": {"uv": [10, 9.5, 11, 11], "texture": "#texture"},
				"south": {"uv": [8.5, 9.5, 10.5, 11], "texture": "#texture"},
				"west": {"uv": [5, 9.5, 6, 11], "texture": "#texture"},
				"up": {"uv": [8.5, 5, 10.5, 6], "texture": "#texture"},
				"down": {"uv": [8.5, 10, 10.5, 11], "texture": "#texture"}
			}
		},
		{
			"name": "Box53",
			"from": [10.5, 5, 5],
			"to": [11.5, 5.5, 6],
			"faces": {
				"north": {"uv": [4.5, 10.5, 5.5, 11], "texture": "#texture"},
				"east": {"uv": [10, 10.5, 11, 11], "texture": "#texture"},
				"south": {"uv": [10.5, 10.5, 11.5, 11], "texture": "#texture"},
				"west": {"uv": [5, 10.5, 6, 11], "texture": "#texture"},
				"up": {"uv": [10.5, 5, 11.5, 6], "texture": "#texture"},
				"down": {"uv": [10.5, 10, 11.5, 11], "texture": "#texture"}
			}
		},
		{
			"name": "Box54",
			"from": [10.5, 5.5, 5],
			"to": [11.5, 6.5, 6],
			"rotation": {"angle": 22.5, "axis": "z", "origin": [11.5, 5.5, 6]},
			"faces": {
				"north": {"uv": [10.5, 9.5, 11.5, 10.5], "texture": "#texture"},
				"east": {"uv": [5, 9.5, 6, 10.5], "texture": "#texture1"},
				"south": {"uv": [4.5, 9.5, 5.5, 10.5], "texture": "#texture"},
				"west": {"uv": [10, 9.5, 11, 10.5], "texture": "#texture"},
				"up": {"uv": [10.5, 5, 11.5, 6], "rotation": 180, "texture": "#texture"},
				"down": {"uv": [10.5, 10, 11.5, 11], "rotation": 180, "texture": "#texture"}
			}
		},
		{
			"name": "Box55",
			"from": [10.5, 6, 5],
			"to": [11, 6.5, 6],
			"faces": {
				"north": {"uv": [5, 9.5, 5.5, 10], "texture": "#texture"},
				"east": {"uv": [10, 9.5, 11, 10], "texture": "#texture"},
				"south": {"uv": [10.5, 9.5, 11, 10], "texture": "#texture"},
				"west": {"uv": [5, 9.5, 6, 10], "texture": "#texture"},
				"up": {"uv": [10.5, 5, 11, 6], "texture": "#texture"},
				"down": {"uv": [10.5, 10, 11, 11], "texture": "#texture"}
			}
		},
		{
			"name": "Box56",
			"from": [18, 6, 2.5],
			"to": [18.5, 8.5, 4],
			"faces": {
				"north": {"uv": [13.5, 7.5, 14, 10], "texture": "#texture"},
				"east": {"uv": [12, 7.5, 13.5, 10], "texture": "#texture"},
				"south": {"uv": [2, 7.5, 2.5, 10], "texture": "#texture"},
				"west": {"uv": [2.5, 7.5, 4, 10], "texture": "#texture"},
				"up": {"uv": [2, 2.5, 2.5, 4], "texture": "#texture"},
				"down": {"uv": [2, 12, 2.5, 13.5], "texture": "#texture"}
			}
		},
		{
			"name": "Box57",
			"from": [18, 8.5, 2.5],
			"to": [18.5, 9.5, 3],
			"rotation": {"angle": 22.5, "axis": "x", "origin": [18, 8.5, 2.5]},
			"faces": {
				"north": {"uv": [13.5, 6.5, 14, 7.5], "texture": "#texture"},
				"east": {"uv": [13, 6.5, 13.5, 7.5], "texture": "#texture"},
				"south": {"uv": [2, 6.5, 2.5, 7.5], "texture": "#texture"},
				"west": {"uv": [2.5, 6.5, 3, 7.5], "texture": "#texture"},
				"up": {"uv": [2, 2.5, 2.5, 3], "texture": "#texture"},
				"down": {"uv": [2, 13, 2.5, 13.5], "texture": "#texture"}
			}
		},
		{
			"name": "Box57",
			"from": [18, 8.5, 3.5],
			"to": [18.5, 9.5, 4],
			"rotation": {"angle": -22.5, "axis": "x", "origin": [18.5, 8.5, 4]},
			"faces": {
				"north": {"uv": [2, 6.5, 2.5, 7.5], "texture": "#texture"},
				"east": {"uv": [2.5, 6.5, 3, 7.5], "texture": "#texture"},
				"south": {"uv": [13.5, 6.5, 14, 7.5], "texture": "#texture"},
				"west": {"uv": [13, 6.5, 13.5, 7.5], "texture": "#texture"},
				"up": {"uv": [2, 2.5, 2.5, 3], "rotation": 180, "texture": "#texture"},
				"down": {"uv": [2, 13, 2.5, 13.5], "rotation": 180, "texture": "#texture"}
			}
		},
		{
			"name": "Box59",
			"from": [18, 8.5, 3],
			"to": [18.5, 9.5, 3.5],
			"faces": {
				"north": {"uv": [13.5, 6.5, 14, 7.5], "texture": "#texture"},
				"east": {"uv": [12.5, 6.5, 13, 7.5], "texture": "#texture"},
				"south": {"uv": [2, 6.5, 2.5, 7.5], "texture": "#texture"},
				"west": {"uv": [3, 6.5, 3.5, 7.5], "texture": "#texture"},
				"up": {"uv": [2, 3, 2.5, 3.5], "texture": "#texture"},
				"down": {"uv": [2, 12.5, 2.5, 13], "texture": "#texture"}
			}
		},
		{
			"name": "Box60",
			"from": [16.5, 6.5, 2.5],
			"to": [17, 8, 4],
			"faces": {
				"north": {"uv": [15, 8, 15.5, 9.5], "texture": "#texture"},
				"east": {"uv": [12, 8, 13.5, 9.5], "texture": "#texture"},
				"south": {"uv": [0.5, 8, 1, 9.5], "texture": "#texture"},
				"west": {"uv": [2.5, 8, 4, 9.5], "texture": "#texture"},
				"up": {"uv": [0.5, 2.5, 1, 4], "texture": "#texture"},
				"down": {"uv": [0.5, 12, 1, 13.5], "texture": "#texture"}
			}
		},
		{
			"name": "Box61",
			"from": [28, 3, 2.5],
			"to": [28.5, 7.5, 4],
			"faces": {
				"north": {"uv": [3.5, 8.5, 4, 13], "texture": "#texture"},
				"east": {"uv": [12, 8.5, 13.5, 13], "texture": "#texture"},
				"south": {"uv": [12, 8.5, 12.5, 13], "texture": "#texture"},
				"west": {"uv": [2.5, 8.5, 4, 13], "texture": "#texture"},
				"up": {"uv": [12, 2.5, 12.5, 4], "texture": "#texture"},
				"down": {"uv": [12, 12, 12.5, 13.5], "texture": "#texture"}
			}
		},
		{
			"name": "Box62",
			"from": [27, 4.5, 2],
			"to": [27.5, 5.5, 4.5],
			"faces": {
				"north": {"uv": [4.5, 10.5, 5, 11.5], "texture": "#texture"},
				"east": {"uv": [11.5, 10.5, 14, 11.5], "texture": "#texture"},
				"south": {"uv": [11, 10.5, 11.5, 11.5], "texture": "#texture"},
				"west": {"uv": [2, 10.5, 4.5, 11.5], "texture": "#texture"},
				"up": {"uv": [11, 2, 11.5, 4.5], "texture": "#texture"},
				"down": {"uv": [11, 11.5, 11.5, 14], "texture": "#texture"}
			}
		},
		{
			"name": "Box63",
			"from": [25, 7, 2.5],
			"to": [27, 7.5, 4],
			"faces": {
				"north": {"uv": [5, 8.5, 7, 9], "texture": "#texture"},
				"east": {"uv": [12, 8.5, 13.5, 9], "texture": "#texture"},
				"south": {"uv": [9, 8.5, 11, 9], "texture": "#texture"},
				"west": {"uv": [2.5, 8.5, 4, 9], "texture": "#texture"},
				"up": {"uv": [9, 2.5, 11, 4], "texture": "#texture"},
				"down": {"uv": [9, 12, 11, 13.5], "texture": "#texture"}
			}
		},
		{
			"name": "Box64",
			"from": [11, 7, 2.75],
			"to": [12, 7.5, 3.75],
			"faces": {
				"north": {"uv": [4, 8.5, 5, 9], "texture": "#texture3"},
				"east": {"uv": [12.25, 8.5, 13.25, 9], "texture": "#texture3"},
				"south": {"uv": [11, 8.5, 12, 9], "texture": "#texture3"},
				"west": {"uv": [2.75, 8.5, 3.75, 9], "texture": "#texture3"},
				"up": {"uv": [11, 2.75, 12, 3.75], "texture": "#texture3"},
				"down": {"uv": [11, 12.25, 12, 13.25], "texture": "#texture3"}
			}
		},
		{
			"name": "Box65",
			"from": [11, 7, 3.5],
			"to": [11.5, 7.5, 5],
			"rotation": {"angle": 22.5, "axis": "y", "origin": [11, 7, 3.5]},
			"faces": {
				"north": {"uv": [4.5, 8.5, 5, 9], "texture": "#texture3"},
				"east": {"uv": [11.5, 8.5, 12.5, 9], "texture": "#texture3"},
				"south": {"uv": [11, 8.5, 11.5, 9], "texture": "#texture3"},
				"west": {"uv": [3.5, 8.5, 4.5, 9], "texture": "#texture3"},
				"up": {"uv": [11, 3.5, 11.5, 4.5], "texture": "#texture3"},
				"down": {"uv": [11, 11.5, 11.5, 12.5], "texture": "#texture3"}
			}
		},
		{
			"name": "Box66",
			"from": [11, 7, 1.5],
			"to": [11.5, 7.5, 3],
			"rotation": {"angle": -22.5, "axis": "y", "origin": [11, 7.5, 3]},
			"faces": {
				"north": {"uv": [14.5, 16, 14, 15], "texture": "#texture3"},
				"east": {"uv": [0.5, 15, 2, 16], "rotation": 180, "texture": "#texture3"},
				"south": {"uv": [2, 16, 1.5, 15], "texture": "#texture3"},
				"west": {"uv": [14, 15, 15.5, 16], "rotation": 180, "texture": "#texture3"},
				"up": {"uv": [14, 0.5, 14.5, 2], "texture": "#texture3"},
				"down": {"uv": [14, 14, 14.5, 15.5], "texture": "#texture3"}
			}
		},
		{
			"name": "Box67",
			"from": [11.5, 7, 2],
			"to": [12, 7.5, 4.5],
			"faces": {
				"north": {"uv": [4, 8.5, 4.5, 9], "texture": "#texture3"},
				"east": {"uv": [11.5, 8.5, 14, 9], "texture": "#texture3"},
				"south": {"uv": [11.5, 8.5, 12, 9], "texture": "#texture3"},
				"west": {"uv": [2, 8.5, 4.5, 9], "texture": "#texture3"},
				"up": {"uv": [11.5, 2, 12, 4.5], "texture": "#texture3"},
				"down": {"uv": [11.5, 11.5, 12, 14], "texture": "#texture3"}
			}
		},
		{
			"name": "Box68",
			"from": [11.5, 6.5, 2.25],
			"to": [13.5, 7, 4.25],
			"faces": {
				"north": {"uv": [2.5, 9, 4.5, 9.5], "texture": "#texture2"},
				"east": {"uv": [11.75, 9, 13.75, 9.5], "texture": "#texture2"},
				"south": {"uv": [11.5, 9, 13.5, 9.5], "texture": "#texture2"},
				"west": {"uv": [2.25, 9, 4.25, 9.5], "texture": "#texture2"},
				"up": {"uv": [11.5, 2.25, 13.5, 4.25], "texture": "#texture2"},
				"down": {"uv": [11.5, 11.75, 13.5, 13.75], "texture": "#texture2"}
			}
		},
		{
			"name": "Box71",
			"from": [11.5, 9, 2.5],
			"to": [14, 10, 4],
			"faces": {
				"north": {"uv": [2, 6, 4.5, 7], "texture": "#texture2"},
				"east": {"uv": [12, 6, 13.5, 7], "texture": "#texture2"},
				"south": {"uv": [11.5, 6, 14, 7], "texture": "#texture2"},
				"west": {"uv": [2.5, 6, 4, 7], "texture": "#texture2"},
				"up": {"uv": [11.5, 2.5, 14, 4], "texture": "#texture2"},
				"down": {"uv": [11.5, 12, 14, 13.5], "texture": "#texture2"}
			}
		},
		{
			"name": "Box72",
			"from": [11.5, 10, 2],
			"to": [12.5, 11.5, 2.5],
			"rotation": {"angle": -22.5, "axis": "z", "origin": [11.5, 10, 2]},
			"faces": {
				"north": {"uv": [3.5, 4.5, 4.5, 6], "texture": "#texture2"},
				"east": {"uv": [1, 4.5, 2, 6], "texture": "#texture2"},
				"south": {"uv": [11.5, 4.5, 12.5, 6], "texture": "#texture2"},
				"west": {"uv": [14, 4.5, 15, 6], "texture": "#texture2"},
				"up": {"uv": [11.5, 14, 12.5, 15], "texture": "#texture2"},
				"down": {"uv": [11.5, 1, 12.5, 2], "texture": "#texture2"}
			}
		},
		{
			"name": "Box72",
			"from": [11.5, 10, 4],
			"to": [12.5, 11.5, 4.5],
			"rotation": {"angle": -22.5, "axis": "z", "origin": [11.5, 10, 4]},
			"faces": {
				"north": {"uv": [3.5, 4.5, 4.5, 6], "texture": "#texture2"},
				"east": {"uv": [1, 4.5, 2, 6], "texture": "#texture2"},
				"south": {"uv": [11.5, 4.5, 12.5, 6], "texture": "#texture2"},
				"west": {"uv": [14, 4.5, 15, 6], "texture": "#texture2"},
				"up": {"uv": [11.5, 14, 12.5, 15], "texture": "#texture2"},
				"down": {"uv": [11.5, 1, 12.5, 2], "texture": "#texture2"}
			}
		},
		{
			"name": "Box74",
			"from": [12.5, 10, 2],
			"to": [13, 11, 2.5],
			"faces": {
				"north": {"uv": [3, 5, 3.5, 6], "texture": "#texture2"},
				"east": {"uv": [13.5, 5, 14, 6], "texture": "#texture2"},
				"south": {"uv": [12.5, 5, 13, 6], "texture": "#texture2"},
				"west": {"uv": [2, 5, 2.5, 6], "texture": "#texture2"},
				"up": {"uv": [12.5, 2, 13, 2.5], "texture": "#texture2"},
				"down": {"uv": [12.5, 13.5, 13, 14], "texture": "#texture2"}
			}
		},
		{
			"name": "Box74",
			"from": [12.5, 10, 4],
			"to": [13, 11, 4.5],
			"faces": {
				"north": {"uv": [3, 5, 3.5, 6], "texture": "#texture2"},
				"east": {"uv": [11.5, 5, 12, 6], "texture": "#texture2"},
				"south": {"uv": [12.5, 5, 13, 6], "texture": "#texture2"},
				"west": {"uv": [4, 5, 4.5, 6], "texture": "#texture2"},
				"up": {"uv": [12.5, 4, 13, 4.5], "texture": "#texture2"},
				"down": {"uv": [12.5, 11.5, 13, 12], "texture": "#texture2"}
			}
		},
		{
			"name": "Box76",
			"from": [11.5, 9.5, 2],
			"to": [13, 10, 2.5],
			"faces": {
				"north": {"uv": [3, 6, 4.5, 6.5], "texture": "#texture2"},
				"east": {"uv": [13.5, 6, 14, 6.5], "texture": "#texture2"},
				"south": {"uv": [11.5, 6, 13, 6.5], "texture": "#texture2"},
				"west": {"uv": [2, 6, 2.5, 6.5], "texture": "#texture2"},
				"up": {"uv": [11.5, 2, 13, 2.5], "texture": "#texture2"},
				"down": {"uv": [11.5, 13.5, 13, 14], "texture": "#texture2"}
			}
		},
		{
			"name": "Box76",
			"from": [11.5, 9.5, 4],
			"to": [13, 10, 4.5],
			"faces": {
				"north": {"uv": [3, 6, 4.5, 6.5], "texture": "#texture2"},
				"east": {"uv": [11.5, 6, 12, 6.5], "texture": "#texture2"},
				"south": {"uv": [11.5, 6, 13, 6.5], "texture": "#texture2"},
				"west": {"uv": [4, 6, 4.5, 6.5], "texture": "#texture2"},
				"up": {"uv": [11.5, 4, 13, 4.5], "texture": "#texture2"},
				"down": {"uv": [11.5, 11.5, 13, 12], "texture": "#texture2"}
			}
		},
		{
			"name": "Box78",
			"from": [12, 11, 2],
			"to": [13, 11.5, 2.5],
			"faces": {
				"north": {"uv": [3, 4.5, 4, 5], "texture": "#texture2"},
				"east": {"uv": [13.5, 4.5, 14, 5], "texture": "#texture2"},
				"south": {"uv": [12, 4.5, 13, 5], "texture": "#texture2"},
				"west": {"uv": [2, 4.5, 2.5, 5], "texture": "#texture2"},
				"up": {"uv": [12, 2, 13, 2.5], "texture": "#texture2"},
				"down": {"uv": [12, 13.5, 13, 14], "texture": "#texture2"}
			}
		},
		{
			"name": "Box78",
			"from": [12, 11, 4],
			"to": [13, 11.5, 4.5],
			"faces": {
				"north": {"uv": [3, 4.5, 4, 5], "texture": "#texture2"},
				"east": {"uv": [11.5, 4.5, 12, 5], "texture": "#texture2"},
				"south": {"uv": [12, 4.5, 13, 5], "texture": "#texture2"},
				"west": {"uv": [4, 4.5, 4.5, 5], "texture": "#texture2"},
				"up": {"uv": [12, 4, 13, 4.5], "texture": "#texture2"},
				"down": {"uv": [12, 11.5, 13, 12], "texture": "#texture2"}
			}
		},
		{
			"name": "Box80",
			"from": [12, 11.5, 2],
			"to": [13, 12, 4.5],
			"rotation": {"angle": -22.5, "axis": "z", "origin": [12, 11.5, 2]},
			"faces": {
				"north": {"uv": [3, 4, 4, 4.5], "texture": "#texture2"},
				"east": {"uv": [1, 4, 2, 4.5], "texture": "#texture2"},
				"south": {"uv": [12, 4, 13, 4.5], "texture": "#texture2"},
				"west": {"uv": [14, 4, 15, 4.5], "texture": "#texture2"},
				"up": {"uv": [12, 14, 13, 15], "texture": "#texture2"},
				"down": {"uv": [12, 1, 13, 2], "texture": "#texture2"}
			}
		},
		{
			"name": "Box81",
			"from": [13, 9.5, 2],
			"to": [14, 11.5, 2.5],
			"rotation": {"angle": 22.5, "axis": "z", "origin": [13, 9.5, 2]},
			"faces": {
				"north": {"uv": [2.5, 4.5, 3, 6], "texture": "#texture2"},
				"east": {"uv": [1, 4.5, 2, 6], "texture": "#texture2"},
				"south": {"uv": [13, 4.5, 13.5, 6], "texture": "#texture2"},
				"west": {"uv": [14, 4.5, 15, 6], "texture": "#texture2"},
				"up": {"uv": [13, 14, 13.5, 15], "texture": "#texture2"},
				"down": {"uv": [13, 1, 13.5, 2], "texture": "#texture2"}
			}
		},
		{
			"name": "Box81",
			"from": [13, 9.5, 4],
			"to": [14, 11.5, 4.5],
			"rotation": {"angle": 22.5, "axis": "z", "origin": [13, 9.5, 4]},
			"faces": {
				"north": {"uv": [2.5, 4.5, 3, 6], "texture": "#texture2"},
				"east": {"uv": [1, 4.5, 2, 6], "texture": "#texture2"},
				"south": {"uv": [13, 4.5, 13.5, 6], "texture": "#texture2"},
				"west": {"uv": [14, 4.5, 15, 6], "texture": "#texture2"},
				"up": {"uv": [13, 14, 13.5, 15], "texture": "#texture2"},
				"down": {"uv": [13, 1, 13.5, 2], "texture": "#texture2"}
			}
		},
		{
			"name": "Box83",
			"from": [12, 11.5, 2],
			"to": [13.2, 12, 4.5],
			"faces": {
				"north": {"uv": [2.8, 4, 4, 4.5], "texture": "#texture2"},
				"east": {"uv": [11.5, 4, 14, 4.5], "texture": "#texture2"},
				"south": {"uv": [12, 4, 13.2, 4.5], "texture": "#texture2"},
				"west": {"uv": [2, 4, 4.5, 4.5], "texture": "#texture2"},
				"up": {"uv": [12, 2, 13.2, 4.5], "texture": "#texture2"},
				"down": {"uv": [12, 11.5, 13.2, 14], "texture": "#texture2"}
			}
		},
		{
			"name": "Box84",
			"from": [12, 9, 2],
			"to": [12.5, 9.5, 4.5],
			"rotation": {"angle": 45, "axis": "z", "origin": [12, 9, 2]},
			"faces": {
				"north": {"uv": [4, 6.5, 4.5, 7], "texture": "#texture"},
				"east": {"uv": [11.5, 6.5, 14, 7], "texture": "#texture"},
				"south": {"uv": [11.5, 6.5, 12, 7], "texture": "#texture"},
				"west": {"uv": [2, 6.5, 4.5, 7], "texture": "#texture"},
				"up": {"uv": [11.5, 2, 12, 4.5], "texture": "#texture"},
				"down": {"uv": [11.5, 11.5, 12, 14], "texture": "#texture"}
			}
		},
		{
			"name": "Box84",
			"from": [13.5, 9, 2],
			"to": [14, 9.5, 4.5],
			"rotation": {"angle": 45, "axis": "z", "origin": [13.5, 9, 2]},
			"faces": {
				"north": {"uv": [4, 6.5, 4.5, 7], "texture": "#texture"},
				"east": {"uv": [11.5, 6.5, 14, 7], "texture": "#texture"},
				"south": {"uv": [11.5, 6.5, 12, 7], "texture": "#texture"},
				"west": {"uv": [2, 6.5, 4.5, 7], "texture": "#texture"},
				"up": {"uv": [11.5, 2, 12, 4.5], "texture": "#texture"},
				"down": {"uv": [11.5, 11.5, 12, 14], "texture": "#texture"}
			}
		},
		{
			"name": "Box86",
			"from": [12.75, 10.25, 3],
			"to": [13, 10.5, 3.5],
			"faces": {
				"north": {"uv": [1, 1.5, 2, 2], "texture": "#texture1"},
				"east": {"uv": [0.5, 1.5, 1.5, 2], "texture": "#texture1"},
				"south": {"uv": [14, 1.5, 15, 2], "texture": "#texture1"},
				"west": {"uv": [14.5, 1.5, 15.5, 2], "texture": "#texture1"},
				"up": {"uv": [0.5, 14, 1.5, 15], "rotation": 270, "texture": "#texture1"},
				"down": {"uv": [0.5, 1, 1.5, 2], "rotation": 90, "texture": "#texture1"}
			}
		},
		{
			"name": "Box88",
			"from": [12.75, 10.3086, 3.212],
			"to": [13, 10.5586, 3.462],
			"rotation": {"angle": -22.5, "axis": "x", "origin": [13, 10.5, 3]},
			"faces": {
				"north": {"uv": [1, 1, 2, 1.5], "texture": "#texture1"},
				"east": {"uv": [0.5, 1, 1, 1.5], "texture": "#texture1"},
				"south": {"uv": [14, 1, 15, 1.5], "texture": "#texture1"},
				"west": {"uv": [15, 1, 15.5, 1.5], "texture": "#texture1"},
				"up": {"uv": [0.5, 14, 1, 15], "rotation": 270, "texture": "#texture1"},
				"down": {"uv": [0.5, 1, 1, 2], "rotation": 90, "texture": "#texture1"}
			}
		},
		{
			"name": "Box89",
			"from": [12.75, 10.5, 3],
			"to": [13, 10.75, 3.25],
			"rotation": {"angle": 22.5, "axis": "x", "origin": [13, 10.5, 3]},
			"faces": {
				"north": {"uv": [14, 1.499, 15, 1.5], "texture": "#texture1"},
				"east": {"uv": [14.5, 1.499, 15, 1.5], "texture": "#texture1"},
				"south": {"uv": [1, 1.499, 2, 1.5], "texture": "#texture1"},
				"west": {"uv": [1, 1.499, 1.5, 1.5], "texture": "#texture1"},
				"up": {"uv": [1, 14, 1.5, 15], "rotation": 90, "texture": "#texture1"},
				"down": {"uv": [1, 1, 1.5, 2], "rotation": 270, "texture": "#texture1"}
			}
		},
		{
			"name": "Box90",
			"from": [12.75, 10.5, 3.125],
			"to": [13, 10.75, 3.375],
			"faces": {
				"north": {"uv": [1, 1, 2, 1.5], "texture": "#texture1"},
				"east": {"uv": [0.75, 1, 1.25, 1.5], "texture": "#texture1"},
				"south": {"uv": [14, 1, 15, 1.5], "texture": "#texture1"},
				"west": {"uv": [14.75, 1, 15.25, 1.5], "texture": "#texture1"},
				"up": {"uv": [0.75, 14, 1.25, 15], "rotation": 270, "texture": "#texture1"},
				"down": {"uv": [0.75, 1, 1.25, 2], "rotation": 90, "texture": "#texture1"}
			}
		},
		{
			"name": "Box92",
			"from": [11.25, 5.5, 6],
			"to": [11.75, 6.5, 6.25],
			"rotation": {"angle": 22.5, "axis": "z", "origin": [11.25, 5.5, 6]},
			"faces": {
				"north": {"uv": [4.5, 10, 5, 11], "texture": "#texture2"},
				"east": {"uv": [9.5, 10, 10, 11], "texture": "#texture2"},
				"south": {"uv": [11, 10, 11.5, 11], "texture": "#texture2"},
				"west": {"uv": [6, 10, 6.5, 11], "texture": "#texture2"},
				"up": {"uv": [11, 6, 11.5, 6.5], "texture": "#texture2"},
				"down": {"uv": [11, 9.5, 11.5, 10], "texture": "#texture2"}
			}
		},
		{
			"name": "Box92",
			"from": [11.25, 5.5, 4.75],
			"to": [11.75, 6.5, 5],
			"rotation": {"angle": 22.5, "axis": "z", "origin": [11.25, 5.5, 4.75]},
			"faces": {
				"north": {"uv": [4.5, 10, 5, 11], "texture": "#texture2"},
				"east": {"uv": [9.5, 10, 10, 11], "texture": "#texture2"},
				"south": {"uv": [11, 10, 11.5, 11], "texture": "#texture2"},
				"west": {"uv": [6, 10, 6.5, 11], "texture": "#texture2"},
				"up": {"uv": [11, 6, 11.5, 6.5], "texture": "#texture2"},
				"down": {"uv": [11, 9.5, 11.5, 10], "texture": "#texture2"}
			}
		},
		{
			"name": "Box90",
			"from": [11, 6.25, 4.75],
			"to": [11.5, 6.75, 6.25],
			"rotation": {"angle": 22.5, "axis": "z", "origin": [11, 6.25, 4.75]},
			"faces": {
				"north": {"uv": [4.25, 9.25, 5.25, 9.75], "texture": "#texture2"},
				"east": {"uv": [9.75, 9.25, 11.25, 9.75], "texture": "#texture2"},
				"south": {"uv": [10.75, 9.25, 11.75, 9.75], "texture": "#texture2"},
				"west": {"uv": [4.75, 9.25, 6.25, 9.75], "texture": "#texture2"},
				"up": {"uv": [10.75, 4.75, 11.75, 6.25], "texture": "#texture2"},
				"down": {"uv": [10.75, 9.75, 11.75, 11.25], "texture": "#texture2"}
			}
		},
		{
			"name": "Box90",
			"from": [11.4, 5.1, 4.75],
			"to": [11.9, 5.6, 6.25],
			"rotation": {"angle": 22.5, "axis": "z", "origin": [11.4, 5.1, 4.75]},
			"faces": {
				"north": {"uv": [4.25, 9.25, 5.25, 9.75], "texture": "#texture2"},
				"east": {"uv": [9.75, 9.25, 11.25, 9.75], "texture": "#texture2"},
				"south": {"uv": [10.75, 9.25, 11.75, 9.75], "texture": "#texture2"},
				"west": {"uv": [4.75, 9.25, 6.25, 9.75], "texture": "#texture2"},
				"up": {"uv": [10.75, 4.75, 11.75, 6.25], "texture": "#texture2"},
				"down": {"uv": [10.75, 9.75, 11.75, 11.25], "texture": "#texture2"}
			}
		},
		{
			"name": "Box92",
			"from": [13.5, 6.5, 2.75],
			"to": [15, 7, 3.75],
			"faces": {
				"north": {"uv": [1, 9, 2.5, 9.5], "texture": "#texture2"},
				"east": {"uv": [12.25, 9, 13.25, 9.5], "texture": "#texture2"},
				"south": {"uv": [13.5, 9, 15, 9.5], "texture": "#texture2"},
				"west": {"uv": [2.75, 9, 3.75, 9.5], "texture": "#texture2"},
				"up": {"uv": [13.5, 2.75, 15, 3.75], "texture": "#texture2"},
				"down": {"uv": [13.5, 12.25, 15, 13.25], "texture": "#texture2"}
			}
		}
	],
	"overrides": [
		{"predicate": {"damaged": 0, "damage": 0}, "model": "item/diamond_axe"},
		{"_cmd_": "give @p minecraft:diamond_axe 1 1 {Unbreakable:1}", "predicate": {"damaged": 0, "damage": 0.00064}, "model": "item/fara_aim"},
		{"_cmd_": "give @p minecraft:diamond_axe 1 2 {Unbreakable:1}", "predicate": {"damaged": 0, "damage": 0.00128}, "model": "item/ice_fara"},
		{"_cmd_": "give @p minecraft:diamond_axe 1 3 {Unbreakable:1}", "predicate": {"damaged": 0, "damage": 0.00192}, "model": "item/ice_fara_aim"},
		{"predicate": {"damaged": 0, "damage": 0.0734}, "model": "item/swspeederbike"},
		{"predicate": {"damaged": 1, "damage": 0}, "model": "item/diamond_axe"}
	],
	"display": {
		"thirdperson_righthand": {
			"rotation": [0, -90, 0],
			"translation": [-4.173, 2.7826, -5.565],
			"scale": [0.8, 0.8, 0.8]
		},
		"thirdperson_lefthand": {
			"rotation": [0, 90, 0],
			"translation": [4.173, 2.7826, -5.565],
			"scale": [0.8, 0.8, 0.8]
		},
		"firstperson_righthand": {
			"rotation": [0, -90, 0],
			"translation": [-6.26, 4.8695, -6.956]
		},
		"firstperson_lefthand": {
			"rotation": [0, 90, 0],
			"translation": [-6.26, 4.8695, -6.956]
		},
		"ground": {
			"rotation": [-90, 0, 0],
			"translation": [-11.13, 6.2608, -2.086]
		},
		"gui": {
			"rotation": [17, 30, -38],
			"translation": [-0.694, 4.1739, 0],
			"scale": [0.7, 0.7, 0.7]
		},
		"head": {
			"translation": [-6.25, 4.25, 4.75]
		},
		"fixed": {
			"rotation": [0, 180, 0],
			"translation": [6.9565, 0, -6.956]
		}
	}
}