{
	"credit": "Made with Blockbench",
	"texture_size": [64, 64],
	"textures": {
		"11": "item/pkm"
	},
	"elements": [
		{
			"from": [18.5, 3.75, 8.5],
			"to": [23.5, 5.75, 9.5],
			"rotation": {"angle": 0, "axis": "y", "origin": [27.5, 2.75, 9]},
			"faces": {
				"north": {"uv": [0.25, 4.5, 1.5, 5], "texture": "#11"},
				"east": {"uv": [0, 4.5, 0.25, 5], "texture": "#11"},
				"south": {"uv": [1.75, 4.5, 3, 5], "texture": "#11"},
				"west": {"uv": [1.5, 4.5, 1.75, 5], "texture": "#11"},
				"up": {"uv": [1.5, 4.5, 0.25, 4.25], "texture": "#11"},
				"down": {"uv": [2.75, 4.25, 1.5, 4.5], "texture": "#11"}
			}
		},
		{
			"from": [21.5, 5.75, 8.5],
			"to": [23.5, 6.75, 9.5],
			"rotation": {"angle": 0, "axis": "y", "origin": [27.5, 4.75, 9]},
			"faces": {
				"north": {"uv": [0.25, 2.25, 0.75, 2.5], "texture": "#11"},
				"east": {"uv": [0, 2.25, 0.25, 2.5], "texture": "#11"},
				"south": {"uv": [1, 2.25, 1.5, 2.5], "texture": "#11"},
				"west": {"uv": [0.75, 2.25, 1, 2.5], "texture": "#11"},
				"up": {"uv": [0.75, 2.25, 0.25, 2], "texture": "#11"},
				"down": {"uv": [1.25, 2, 0.75, 2.25], "texture": "#11"}
			}
		},
		{
			"from": [18.5, 6.75, 8.5],
			"to": [23.5, 7.75, 9.5],
			"rotation": {"angle": 0, "axis": "y", "origin": [27.5, 5.75, 9]},
			"faces": {
				"north": {"uv": [3.25, 4.5, 4.5, 4.75], "texture": "#11"},
				"east": {"uv": [3, 4.5, 3.25, 4.75], "texture": "#11"},
				"south": {"uv": [4.75, 4.5, 6, 4.75], "texture": "#11"},
				"west": {"uv": [4.5, 4.5, 4.75, 4.75], "texture": "#11"},
				"up": {"uv": [4.5, 4.5, 3.25, 4.25], "texture": "#11"},
				"down": {"uv": [5.75, 4.25, 4.5, 4.5], "texture": "#11"}
			}
		},
		{
			"from": [15.5, 5.25, 8.5],
			"to": [18.5, 7.25, 9.5],
			"rotation": {"angle": 0, "axis": "y", "origin": [22.5, 5.25, 9]},
			"faces": {
				"north": {"uv": [4.75, 2.75, 5.5, 3.25], "texture": "#11"},
				"east": {"uv": [4.5, 2.75, 4.75, 3.25], "texture": "#11"},
				"south": {"uv": [5.75, 2.75, 6.5, 3.25], "texture": "#11"},
				"west": {"uv": [5.5, 2.75, 5.75, 3.25], "texture": "#11"},
				"up": {"uv": [5.5, 2.75, 4.75, 2.5], "texture": "#11"},
				"down": {"uv": [6.25, 2.5, 5.5, 2.75], "texture": "#11"}
			}
		},
		{
			"from": [4.5, 5.25, 8],
			"to": [15.5, 7.25, 10],
			"rotation": {"angle": 0, "axis": "y", "origin": [11.5, 5.25, 9.5]},
			"faces": {
				"north": {"uv": [0.5, 0.5, 3.25, 1], "texture": "#11"},
				"east": {"uv": [0, 0.5, 0.5, 1], "texture": "#11"},
				"south": {"uv": [3.75, 0.5, 6.5, 1], "texture": "#11"},
				"west": {"uv": [3.25, 0.5, 3.75, 1], "texture": "#11"},
				"up": {"uv": [3.25, 0.5, 0.5, 0], "texture": "#11"},
				"down": {"uv": [6, 0, 3.25, 0.5], "texture": "#11"}
			}
		},
		{
			"from": [5.5, 7.25, 8],
			"to": [14.5, 8.25, 10],
			"rotation": {"angle": 0, "axis": "y", "origin": [11.5, 7.25, 9.5]},
			"faces": {
				"north": {"uv": [3.5, 1.5, 5.75, 1.75], "texture": "#11"},
				"east": {"uv": [3, 1.5, 3.5, 1.75], "texture": "#11"},
				"south": {"uv": [6.25, 1.5, 8.5, 1.75], "texture": "#11"},
				"west": {"uv": [5.75, 1.5, 6.25, 1.75], "texture": "#11"},
				"up": {"uv": [5.75, 1.5, 3.5, 1], "texture": "#11"},
				"down": {"uv": [8, 1, 5.75, 1.5], "texture": "#11"}
			}
		},
		{
			"from": [13.5, 2.5, 8.5],
			"to": [15.5, 5.5, 9.5],
			"rotation": {"angle": 22.5, "axis": "z", "origin": [14, 4, 9.5]},
			"faces": {
				"north": {"uv": [0.25, 1.25, 0.75, 2], "texture": "#11"},
				"east": {"uv": [0, 1.25, 0.25, 2], "texture": "#11"},
				"south": {"uv": [1, 1.25, 1.5, 2], "texture": "#11"},
				"west": {"uv": [0.75, 1.25, 1, 2], "texture": "#11"},
				"up": {"uv": [0.75, 1.25, 0.25, 1], "texture": "#11"},
				"down": {"uv": [1.25, 1, 0.75, 1.25], "texture": "#11"}
			}
		},
		{
			"from": [10.4, 4.25, 9],
			"to": [13.4, 5.25, 9],
			"rotation": {"angle": 0, "axis": "y", "origin": [11.4, 4.25, 9.5]},
			"faces": {
				"north": {"uv": [3.5, 4.75, 4.25, 5], "texture": "#11"},
				"east": {"uv": [3.5, 4.75, 3.5, 5], "texture": "#11"},
				"south": {"uv": [4.25, 4.75, 5, 5], "texture": "#11"},
				"west": {"uv": [4.25, 4.75, 4.25, 5], "texture": "#11"},
				"up": {"uv": [4.25, 4.75, 3.5, 4.75], "texture": "#11"},
				"down": {"uv": [5, 4.75, 4.25, 4.75], "texture": "#11"}
			}
		},
		{
			"from": [10.4, 4.25, 8.5],
			"to": [13.4, 4.25, 9.5],
			"rotation": {"angle": 0, "axis": "x", "origin": [11.9, 4.75, 9]},
			"faces": {
				"north": {"uv": [3.5, 5.25, 4.25, 5.25], "texture": "#11"},
				"east": {"uv": [3.25, 5.25, 3.5, 5.25], "texture": "#11"},
				"south": {"uv": [4.5, 5.25, 5.25, 5.25], "texture": "#11"},
				"west": {"uv": [4.25, 5.25, 4.5, 5.25], "texture": "#11"},
				"up": {"uv": [4.25, 5.25, 3.5, 5], "texture": "#11"},
				"down": {"uv": [5, 5, 4.25, 5.25], "texture": "#11"}
			}
		},
		{
			"from": [10.4, 4.25, 8.5],
			"to": [10.4, 5.25, 9.5],
			"rotation": {"angle": 0, "axis": "z", "origin": [10.9, 4.75, 9]},
			"faces": {
				"north": {"uv": [3.75, 5.25, 3.75, 5.5], "texture": "#11"},
				"east": {"uv": [3.5, 5.25, 3.75, 5.5], "texture": "#11"},
				"south": {"uv": [4, 5.25, 4, 5.5], "texture": "#11"},
				"west": {"uv": [3.75, 5.25, 4, 5.5], "texture": "#11"},
				"up": {"uv": [3.75, 5.25, 3.75, 5], "texture": "#11"},
				"down": {"uv": [3.75, 5, 3.75, 5.25], "texture": "#11"}
			}
		},
		{
			"from": [6, 0.25, 6],
			"to": [9, 5.25, 12],
			"rotation": {"angle": 0, "axis": "y", "origin": [12, 3.25, 9.5]},
			"faces": {
				"north": {"uv": [1.5, 2.5, 2.25, 3.75], "texture": "#11"},
				"east": {"uv": [0, 2.5, 1.5, 3.75], "texture": "#11"},
				"south": {"uv": [3.75, 2.5, 4.5, 3.75], "texture": "#11"},
				"west": {"uv": [2.25, 2.5, 3.75, 3.75], "texture": "#11"},
				"up": {"uv": [2.25, 2.5, 1.5, 1], "texture": "#11"},
				"down": {"uv": [3, 1, 2.25, 2.5], "texture": "#11"}
			}
		},
		{
			"from": [6.5, 5.25, 11],
			"to": [8.5, 7.25, 11],
			"rotation": {"angle": 0, "axis": "y", "origin": [12, 3.25, 9.5]},
			"faces": {
				"north": {"uv": [2, 6, 2.5, 6.5], "texture": "#11"},
				"east": {"uv": [2, 6, 2, 6.5], "texture": "#11"},
				"south": {"uv": [2.5, 6, 3, 6.5], "texture": "#11"},
				"west": {"uv": [2.5, 6, 2.5, 6.5], "texture": "#11"},
				"up": {"uv": [2.5, 6, 2, 6], "texture": "#11"},
				"down": {"uv": [3, 6, 2.5, 6], "texture": "#11"}
			}
		},
		{
			"from": [6.5, 5.25, 7],
			"to": [8.5, 7.25, 7],
			"rotation": {"angle": 0, "axis": "y", "origin": [12, 3.25, 5.5]},
			"faces": {
				"north": {"uv": [1, 6, 1.5, 6.5], "texture": "#11"},
				"east": {"uv": [1, 6, 1, 6.5], "texture": "#11"},
				"south": {"uv": [1.5, 6, 2, 6.5], "texture": "#11"},
				"west": {"uv": [1.5, 6, 1.5, 6.5], "texture": "#11"},
				"up": {"uv": [1.5, 6, 1, 6], "texture": "#11"},
				"down": {"uv": [2, 6, 1.5, 6], "texture": "#11"}
			}
		},
		{
			"from": [6.5, 7.25, 7],
			"to": [8.5, 7.25, 11],
			"rotation": {"angle": 0, "axis": "y", "origin": [12, 5.25, 5.5]},
			"faces": {
				"north": {"uv": [1, 6, 1.5, 6], "texture": "#11"},
				"east": {"uv": [0, 6, 1, 6], "texture": "#11"},
				"south": {"uv": [2.5, 6, 3, 6], "texture": "#11"},
				"west": {"uv": [1.5, 6, 2.5, 6], "texture": "#11"},
				"up": {"uv": [1.5, 6, 1, 5], "texture": "#11"},
				"down": {"uv": [2, 5, 1.5, 6], "texture": "#11"}
			}
		},
		{
			"from": [-4.5, 5.25, 8.5],
			"to": [4.5, 7.25, 9.5],
			"rotation": {"angle": 0, "axis": "y", "origin": [0.5, 5.25, 9]},
			"faces": {
				"north": {"uv": [3.25, 2, 5.5, 2.5], "texture": "#11"},
				"east": {"uv": [3, 2, 3.25, 2.5], "texture": "#11"},
				"south": {"uv": [5.75, 2, 8, 2.5], "texture": "#11"},
				"west": {"uv": [5.5, 2, 5.75, 2.5], "texture": "#11"},
				"up": {"uv": [5.5, 2, 3.25, 1.75], "texture": "#11"},
				"down": {"uv": [7.75, 1.75, 5.5, 2], "texture": "#11"}
			}
		},
		{
			"from": [2.5, 6.8, 8.9],
			"to": [3.5, 10.8, 8.9],
			"rotation": {"angle": 45, "axis": "x", "origin": [5.48224, 6.98079, 9.4]},
			"faces": {
				"north": {"uv": [0, 5, 0.25, 6], "texture": "#11"},
				"east": {"uv": [0, 5, 0, 6], "texture": "#11"},
				"south": {"uv": [0.25, 5, 0.5, 6], "texture": "#11"},
				"west": {"uv": [0.25, 5, 0.25, 6], "texture": "#11"},
				"up": {"uv": [0.25, 5, 0, 5], "texture": "#11"},
				"down": {"uv": [0.5, 5, 0.25, 5], "texture": "#11"}
			}
		},
		{
			"from": [2.5, 10.2, 9.8],
			"to": [6.5, 11.2, 10.8],
			"rotation": {"angle": 45, "axis": "x", "origin": [0.98224, 8.38079, 10.8]},
			"faces": {
				"north": {"uv": [4.75, 3.5, 5.75, 3.75], "texture": "#11"},
				"east": {"uv": [4.5, 3.5, 4.75, 3.75], "texture": "#11"},
				"south": {"uv": [6, 3.5, 7, 3.75], "texture": "#11"},
				"west": {"uv": [5.75, 3.5, 6, 3.75], "texture": "#11"},
				"up": {"uv": [5.75, 3.5, 4.75, 3.25], "texture": "#11"},
				"down": {"uv": [6.75, 3.25, 5.75, 3.5], "texture": "#11"}
			}
		},
		{
			"from": [-10.5, 7.25, 9],
			"to": [-9.5, 8.25, 9],
			"rotation": {"angle": 0, "axis": "y", "origin": [-8.5, 6.25, 9.5]},
			"faces": {
				"north": {"uv": [0, 0, 0.25, 0.25], "texture": "#11"},
				"east": {"uv": [0, 0, 0, 0.25], "texture": "#11"},
				"south": {"uv": [0.25, 0, 0.5, 0.25], "texture": "#11"},
				"west": {"uv": [0.25, 0, 0.25, 0.25], "texture": "#11"},
				"up": {"uv": [0.25, 0, 0, 0], "texture": "#11"},
				"down": {"uv": [0.5, 0, 0.25, 0], "texture": "#11"}
			}
		},
		{
			"from": [-13.5, 6.25, 8.5],
			"to": [-4.5, 7.25, 9.5],
			"rotation": {"angle": 0, "axis": "y", "origin": [-11.5, 5.25, 9]},
			"faces": {
				"north": {"uv": [0.25, 4, 2.5, 4.25], "texture": "#11"},
				"east": {"uv": [0, 4, 0.25, 4.25], "texture": "#11"},
				"south": {"uv": [2.75, 4, 5, 4.25], "texture": "#11"},
				"west": {"uv": [2.5, 4, 2.75, 4.25], "texture": "#11"},
				"up": {"uv": [2.5, 4, 0.25, 3.75], "texture": "#11"},
				"down": {"uv": [4.75, 3.75, 2.5, 4], "texture": "#11"}
			}
		},
		{
			"from": [-3.5, -1.75, 9.5],
			"to": [-2.5, 5.25, 9.5],
			"rotation": {"angle": -22.5, "axis": "x", "origin": [-3, 5.25, 9.5]},
			"faces": {
				"north": {"uv": [3, 4.75, 3.25, 6.5], "texture": "#11"},
				"east": {"uv": [3, 4.75, 3, 6.5], "texture": "#11"},
				"south": {"uv": [3.25, 4.75, 3.5, 6.5], "texture": "#11"},
				"west": {"uv": [3.25, 4.75, 3.25, 6.5], "texture": "#11"},
				"up": {"uv": [3.25, 4.75, 3, 4.75], "texture": "#11"},
				"down": {"uv": [3.5, 4.75, 3.25, 4.75], "texture": "#11"}
			}
		},
		{
			"from": [-3.5, -1.75, 8.5],
			"to": [-2.5, 5.25, 8.5],
			"rotation": {"angle": 22.5, "axis": "x", "origin": [-3, 5.25, 9.5]},
			"faces": {
				"north": {"uv": [3, 4.75, 3.25, 6.5], "texture": "#11"},
				"east": {"uv": [3, 4.75, 3, 6.5], "texture": "#11"},
				"south": {"uv": [3.25, 4.75, 3.5, 6.5], "texture": "#11"},
				"west": {"uv": [3.25, 4.75, 3.25, 6.5], "texture": "#11"},
				"up": {"uv": [3.25, 4.75, 3, 4.75], "texture": "#11"},
				"down": {"uv": [3.5, 4.75, 3.25, 4.75], "texture": "#11"}
			}
		},
		{
			"from": [-3.5, -1.75, 9],
			"to": [-2.5, -1.75, 10],
			"rotation": {"angle": -22.5, "axis": "x", "origin": [-3, 5.25, 9.5]},
			"faces": {
				"north": {"uv": [3, 1.25, 3.25, 1.25], "texture": "#11"},
				"east": {"uv": [2.75, 1.25, 3, 1.25], "texture": "#11"},
				"south": {"uv": [3.5, 1.25, 3.75, 1.25], "texture": "#11"},
				"west": {"uv": [3.25, 1.25, 3.5, 1.25], "texture": "#11"},
				"up": {"uv": [3.25, 1.25, 3, 1], "texture": "#11"},
				"down": {"uv": [3.5, 1, 3.25, 1.25], "texture": "#11"}
			}
		},
		{
			"from": [-3.5, -1.75, 8],
			"to": [-2.5, -1.75, 9],
			"rotation": {"angle": 22.5, "axis": "x", "origin": [-3, 5.25, 9.5]},
			"faces": {
				"north": {"uv": [3, 1.25, 3.25, 1.25], "texture": "#11"},
				"east": {"uv": [2.75, 1.25, 3, 1.25], "texture": "#11"},
				"south": {"uv": [3.5, 1.25, 3.75, 1.25], "texture": "#11"},
				"west": {"uv": [3.25, 1.25, 3.5, 1.25], "texture": "#11"},
				"up": {"uv": [3.25, 1.25, 3, 1], "texture": "#11"},
				"down": {"uv": [3.5, 1, 3.25, 1.25], "texture": "#11"}
			}
		}
	],
	"display": {
		"thirdperson_righthand": {
			"rotation": [0, -90, 0],
			"translation": [1, 2.8, -3]
		},
		"thirdperson_lefthand": {
			"rotation": [0, 90, 0],
			"translation": [-1, 2.8, 4.75]
		},
		"firstperson_righthand": {
			"rotation": [0, -81, 0],
			"translation": [1.25, 5.25, -1],
			"scale": [0.64, 1, 1]
		},
		"firstperson_lefthand": {
			"rotation": [0, 101, 0],
			"translation": [1.25, 5.25, -1],
			"scale": [0.64, 1, 1]
		},
		"ground": {
			"translation": [0, 5.75, -1]
		},
		"gui": {
			"rotation": [0, 0, -45],
			"translation": [1.5, -0.25, 0],
			"scale": [0.53, 0.53, 0.53]
		},
		"head": {
			"translation": [2.25, 3.75, -1]
		},
		"fixed": {
			"rotation": [0, -180, -45],
			"translation": [-7.75, 0, 0.75],
			"scale": [2, 2, 2]
		}
	},
	"groups": [
		{
			"name": "PKM",
			"origin": [9.5, -20, 0.5],
			"color": 0,
			"children": [0, 1, 2, 3, 4, 5, 6, 7, 8, 9, 10, 11, 12, 13, 14, 15, 16, 17, 18, 19, 20, 21, 22]
		}
	]
}