{
	"credit": "Made By Ubalube",
	"textures": {
		"Body": "items/body_main2",
		"Mag": "items/mag",
		"Body2": "items/body_side",
		"Holo": "items/holo"
	},
	"elements": [
		{
			"name": "Box1",
			"from": [12, 1.5, 5.5],
			"to": [14, 5.5, 7],
			"rotation": {"angle": 22.5, "axis": "z", "origin": [12, 1.5, 5.5]},
			"faces": {
				"north": {"uv": [5, 10.5, 7, 14.5], "texture": "#Body2"},
				"east": {"uv": [9, 10.5, 10.5, 14.5], "texture": "#Body2"},
				"south": {"uv": [9, 10.5, 11, 14.5], "texture": "#Body2"},
				"west": {"uv": [5.5, 10.5, 7, 14.5], "texture": "#Body2"},
				"up": {"uv": [9, 5.5, 11, 7], "texture": "#Body2"},
				"down": {"uv": [9, 9, 11, 10.5], "texture": "#Body2"}
			}
		},
		{
			"name": "Box10",
			"from": [8.5, 5, 5],
			"to": [12.5, 6, 7.5],
			"faces": {
				"north": {"uv": [0, 10, 2.5, 11], "texture": "#Body"},
				"east": {"uv": [8.5, 10, 11, 11], "texture": "#Body"},
				"south": {"uv": [13.5, 10, 16, 11], "texture": "#Body"},
				"west": {"uv": [5, 10, 7.5, 11], "texture": "#Body"},
				"up": {"uv": [13.5, 5, 16, 7.5], "texture": "#Body"},
				"down": {"uv": [13.5, 8.5, 16, 11], "texture": "#Body"}
			}
		},
		{
			"name": "Box11",
			"from": [9, 3.5, 6],
			"to": [11.5, 4, 6.5],
			"faces": {
				"north": {"uv": [0, 12, 2, 12.5], "texture": "#Body2"},
				"east": {"uv": [9.5, 12, 10, 12.5], "texture": "#Body2"},
				"south": {"uv": [14, 12, 16, 12.5], "texture": "#Body2"},
				"west": {"uv": [6, 12, 6.5, 12.5], "texture": "#Body2"},
				"up": {"uv": [14, 6, 16, 6.5], "texture": "#Body2"},
				"down": {"uv": [14, 9.5, 16, 10], "texture": "#Body2"}
			}
		},
		{
			"name": "Box14",
			"from": [10.5, 4, 6],
			"to": [11.5, 5, 6.5],
			"rotation": {"angle": 22.5, "axis": "z", "origin": [10.5, 4, 6]},
			"faces": {
				"north": {"uv": [0, 11, 0.5, 12], "texture": "#Body2"},
				"east": {"uv": [1, 11, 2, 12], "texture": "#Body2"},
				"south": {"uv": [15.5, 11, 16, 12], "texture": "#Body2"},
				"west": {"uv": [14, 11, 15, 12], "texture": "#Body2"},
				"up": {"uv": [15.5, 14, 16, 15], "texture": "#Body2"},
				"down": {"uv": [15.5, 1, 16, 2], "texture": "#Body2"}
			}
		},
		{
			"name": "Box16",
			"from": [5.5, 6, 4.85],
			"to": [12.5, 7, 7.65],
			"faces": {
				"north": {"uv": [0, 9, 5.5, 10], "texture": "#Body2"},
				"east": {"uv": [8.35, 9, 11.15, 10], "texture": "#Body2"},
				"south": {"uv": [10.5, 9, 16, 10], "texture": "#Body2"},
				"west": {"uv": [4.85, 9, 7.65, 10], "texture": "#Body2"},
				"up": {"uv": [10.5, 4.85, 16, 7.65], "texture": "#Body2"},
				"down": {"uv": [10.5, 8.35, 16, 11.15], "texture": "#Body2"}
			}
		},
		{
			"name": "Box17",
			"from": [8.5, 3.5, 5.5],
			"to": [9, 5, 7],
			"faces": {
				"north": {"uv": [2, 11, 2.5, 12.5], "texture": "#Body"},
				"east": {"uv": [9, 11, 10.5, 12.5], "texture": "#Body"},
				"south": {"uv": [13.5, 11, 14, 12.5], "texture": "#Body"},
				"west": {"uv": [5.5, 11, 7, 12.5], "texture": "#Body"},
				"up": {"uv": [13.5, 5.5, 14, 7], "texture": "#Body"},
				"down": {"uv": [13.5, 9, 14, 10.5], "texture": "#Body"}
			}
		},
		{
			"name": "Box18",
			"from": [7, 3.5, 5.5],
			"to": [8.5, 4, 7],
			"faces": {
				"north": {"uv": [2, 12.5, 5, 13], "texture": "#Body2"},
				"east": {"uv": [1, 12.5, 2, 13], "texture": "#Body2"},
				"south": {"uv": [11, 12.5, 14, 13], "texture": "#Body2"},
				"west": {"uv": [14, 12.5, 15, 13], "texture": "#Body2"},
				"up": {"uv": [11, 14, 14, 15], "texture": "#Body2"},
				"down": {"uv": [11, 1, 14, 2], "texture": "#Body2"}
			}
		},
		{
			"name": "Box18",
			"from": [5.5, 4, 5.5],
			"to": [7.5, 4.5, 7],
			"faces": {
				"north": {"uv": [2, 12.5, 5, 13], "texture": "#Body2"},
				"east": {"uv": [1, 12.5, 2, 13], "texture": "#Body2"},
				"south": {"uv": [11, 12.5, 14, 13], "texture": "#Body2"},
				"west": {"uv": [14, 12.5, 15, 13], "texture": "#Body2"},
				"up": {"uv": [11, 14, 14, 15], "texture": "#Body2"},
				"down": {"uv": [11, 1, 14, 2], "texture": "#Body2"}
			}
		},
		{
			"name": "Box20",
			"from": [7.5, 4, 5],
			"to": [8.5, 6, 7.5],
			"faces": {
				"north": {"uv": [2.5, 10, 3.5, 12], "texture": "#Body"},
				"east": {"uv": [8.5, 10, 11, 12], "texture": "#Body"},
				"south": {"uv": [12.5, 10, 13.5, 12], "texture": "#Body"},
				"west": {"uv": [5, 10, 7.5, 12], "texture": "#Body"},
				"up": {"uv": [12.5, 5, 13.5, 7.5], "texture": "#Body"},
				"down": {"uv": [12.5, 8.5, 13.5, 11], "texture": "#Body"}
			}
		},
		{
			"name": "Box20",
			"from": [5.5, 4.5, 5],
			"to": [7.5, 6, 7.5],
			"faces": {
				"north": {"uv": [3.5, 10, 5.5, 11.5], "texture": "#Body"},
				"east": {"uv": [8.5, 10, 11, 11.5], "texture": "#Body"},
				"south": {"uv": [10.5, 10, 12.5, 11.5], "texture": "#Body"},
				"west": {"uv": [5, 10, 7.5, 11.5], "texture": "#Body"},
				"up": {"uv": [10.5, 5, 12.5, 7.5], "texture": "#Body"},
				"down": {"uv": [10.5, 8.5, 12.5, 11], "texture": "#Body"}
			}
		},
		{
			"name": "Box22",
			"from": [8.5, 4.5, 5],
			"to": [9, 5, 5.5],
			"faces": {
				"north": {"uv": [2, 11, 2.5, 11.5], "texture": "#Body2"},
				"east": {"uv": [10.5, 11, 11, 11.5], "texture": "#Body2"},
				"south": {"uv": [13.5, 11, 14, 11.5], "texture": "#Body2"},
				"west": {"uv": [5, 11, 5.5, 11.5], "texture": "#Body2"},
				"up": {"uv": [13.5, 5, 14, 5.5], "texture": "#Body2"},
				"down": {"uv": [13.5, 10.5, 14, 11], "texture": "#Body2"}
			}
		},
		{
			"name": "Box22",
			"from": [8.5, 4.5, 7],
			"to": [9, 5, 7.5],
			"faces": {
				"north": {"uv": [2, 11, 2.5, 11.5], "texture": "#Body2"},
				"east": {"uv": [8.5, 11, 9, 11.5], "texture": "#Body2"},
				"south": {"uv": [13.5, 11, 14, 11.5], "texture": "#Body2"},
				"west": {"uv": [7, 11, 7.5, 11.5], "texture": "#Body2"},
				"up": {"uv": [13.5, 7, 14, 7.5], "texture": "#Body2"},
				"down": {"uv": [13.5, 8.5, 14, 9], "texture": "#Body2"}
			}
		},
		{
			"name": "Box25",
			"from": [5.5, 7, 5.36],
			"to": [12.5, 7.5, 7.11],
			"faces": {
				"north": {"uv": [0, 8.5, 5.5, 9], "texture": "#Body"},
				"east": {"uv": [8.89, 8.5, 10.64, 9], "texture": "#Body"},
				"south": {"uv": [10.5, 8.5, 16, 9], "texture": "#Body"},
				"west": {"uv": [5.36, 8.5, 7.11, 9], "texture": "#Body"},
				"up": {"uv": [10.5, 5.36, 16, 7.11], "texture": "#Body"},
				"down": {"uv": [10.5, 8.89, 16, 10.64], "texture": "#Body"}
			}
		},
		{
			"name": "Box14",
			"from": [13, 5.5, 5.5],
			"to": [15, 7, 7],
			"faces": {
				"north": {"uv": [12, 9, 14, 10.5], "texture": "#Body"},
				"east": {"uv": [9, 9, 10.5, 10.5], "texture": "#Body"},
				"south": {"uv": [2, 9, 4, 10.5], "texture": "#Body"},
				"west": {"uv": [5.5, 9, 7, 10.5], "texture": "#Body"},
				"up": {"uv": [2, 5.5, 4, 7], "texture": "#Body"},
				"down": {"uv": [2, 9, 4, 10.5], "texture": "#Body"}
			}
		},
		{
			"name": "Box16",
			"from": [7.5, 4.5, 4.921],
			"to": [8.5, 6, 5.171],
			"faces": {
				"north": {"uv": [2.5, 10, 3.5, 11.5], "texture": "#Body2"},
				"east": {"uv": [10.829, 10, 11.079, 11.5], "texture": "#Body2"},
				"south": {"uv": [12.5, 10, 13.5, 11.5], "texture": "#Body2"},
				"west": {"uv": [4.921, 10, 5.171, 11.5], "texture": "#Body2"},
				"up": {"uv": [12.5, 4.921, 13.5, 5.171], "texture": "#Body2"},
				"down": {"uv": [12.5, 10.829, 13.5, 11.079], "texture": "#Body2"}
			}
		},
		{
			"name": "Box16",
			"from": [7.5, 4.5, 7.31],
			"to": [8.5, 6, 7.56],
			"faces": {
				"north": {"uv": [2.5, 10, 3.5, 11.5], "texture": "#Body2"},
				"east": {"uv": [8.44, 10, 8.69, 11.5], "texture": "#Body2"},
				"south": {"uv": [12.5, 10, 13.5, 11.5], "texture": "#Body2"},
				"west": {"uv": [7.31, 10, 7.56, 11.5], "texture": "#Body2"},
				"up": {"uv": [12.5, 7.31, 13.5, 7.56], "texture": "#Body2"},
				"down": {"uv": [12.5, 8.44, 13.5, 8.69], "texture": "#Body2"}
			}
		},
		{
			"name": "Box17",
			"from": [12.5, 5, 5],
			"to": [13, 7, 7.5],
			"faces": {
				"north": {"uv": [14, 9, 14.5, 11], "texture": "#Body"},
				"east": {"uv": [8.5, 9, 11, 11], "texture": "#Body"},
				"south": {"uv": [1.5, 9, 2, 11], "texture": "#Body"},
				"west": {"uv": [5, 9, 7.5, 11], "texture": "#Body"},
				"up": {"uv": [1.5, 5, 2, 7.5], "texture": "#Body"},
				"down": {"uv": [1.5, 8.5, 2, 11], "texture": "#Body"}
			}
		},
		{
			"name": "Box18",
			"from": [12.5, 7.4, 5.5],
			"to": [13.5, 7.05, 7],
			"faces": {
				"north": {"uv": [13.5, 8.95, 14.5, 8.6], "texture": "#Body"},
				"east": {"uv": [9, 8.95, 10.5, 8.6], "texture": "#Body"},
				"south": {"uv": [1.5, 8.95, 2.5, 8.6], "texture": "#Body"},
				"west": {"uv": [5.5, 8.95, 7, 8.6], "texture": "#Body"},
				"up": {"uv": [1.5, 5.5, 2.5, 7], "texture": "#Body"},
				"down": {"uv": [1.5, 9, 2.5, 10.5], "texture": "#Body"}
			}
		},
		{
			"name": "Box19",
			"from": [13.5, 7.4, 5],
			"to": [14, 7.05, 7.5],
			"faces": {
				"north": {"uv": [13, 8.95, 13.5, 8.6], "texture": "#Body"},
				"east": {"uv": [8.5, 8.95, 11, 8.6], "texture": "#Body"},
				"south": {"uv": [2.5, 8.95, 3, 8.6], "texture": "#Body"},
				"west": {"uv": [5, 8.95, 7.5, 8.6], "texture": "#Body"},
				"up": {"uv": [2.5, 5, 3, 7.5], "texture": "#Body"},
				"down": {"uv": [2.5, 8.5, 3, 11], "texture": "#Body"}
			}
		},
		{
			"name": "Box20",
			"from": [15, 5, 5],
			"to": [21, 7, 7.5],
			"faces": {
				"north": {"uv": [6, 9, 12, 11], "texture": "#Body2"},
				"east": {"uv": [8.5, 9, 11, 11], "texture": "#Body2"},
				"south": {"uv": [4, 9, 10, 11], "texture": "#Body2"},
				"west": {"uv": [5, 9, 7.5, 11], "texture": "#Body2"},
				"up": {"uv": [4, 5, 10, 7.5], "texture": "#Body2"},
				"down": {"uv": [4, 8.5, 10, 11], "texture": "#Body2"}
			}
		},
		{
			"name": "Box21",
			"from": [15.5, 4.5, 5.5],
			"to": [20.5, 5, 7],
			"faces": {
				"north": {"uv": [6.5, 11, 11.5, 11.5], "texture": "#Body2"},
				"east": {"uv": [9, 11, 10.5, 11.5], "texture": "#Body2"},
				"south": {"uv": [4.5, 11, 9.5, 11.5], "texture": "#Body2"},
				"west": {"uv": [5.5, 11, 7, 11.5], "texture": "#Body2"},
				"up": {"uv": [4.5, 5.5, 9.5, 7], "texture": "#Body2"},
				"down": {"uv": [4.5, 9, 9.5, 10.5], "texture": "#Body2"}
			}
		},
		{
			"name": "Box22",
			"from": [20.5, 3, 5.5],
			"to": [21.5, 5, 7],
			"faces": {
				"north": {"uv": [5.5, 11, 6.5, 13], "texture": "#Body2"},
				"east": {"uv": [9, 11, 10.5, 13], "texture": "#Body2"},
				"south": {"uv": [9.5, 11, 10.5, 13], "texture": "#Body2"},
				"west": {"uv": [5.5, 11, 7, 13], "texture": "#Body2"},
				"up": {"uv": [9.5, 5.5, 10.5, 7], "texture": "#Body2"},
				"down": {"uv": [9.5, 9, 10.5, 10.5], "texture": "#Body2"}
			}
		},
		{
			"name": "Box22",
			"from": [21, 5, 5],
			"to": [22, 7, 7.5],
			"faces": {
				"north": {"uv": [5, 9, 6, 11], "texture": "#Body2"},
				"east": {"uv": [8.5, 9, 11, 11], "texture": "#Body2"},
				"south": {"uv": [10, 9, 11, 11], "texture": "#Body2"},
				"west": {"uv": [5, 9, 7.5, 11], "texture": "#Body2"},
				"up": {"uv": [10, 5, 11, 7.5], "texture": "#Body2"},
				"down": {"uv": [10, 8.5, 11, 11], "texture": "#Body2"}
			}
		},
		{
			"name": "Box24",
			"from": [16, 4.9, 7.65],
			"to": [20.5, 6.4, 4.85],
			"faces": {
				"north": {"uv": [6.5, 9.6, 11, 11.1], "texture": "#Body2"},
				"east": {"uv": [11.15, 9.6, 8.35, 11.1], "texture": "#Body2"},
				"south": {"uv": [5, 9.6, 9.5, 11.1], "texture": "#Body2"},
				"west": {"uv": [7.65, 9.6, 4.85, 11.1], "texture": "#Body2"},
				"up": {"uv": [5, 7.65, 9.5, 4.85], "texture": "#Body2"},
				"down": {"uv": [5, 11.15, 9.5, 8.35], "texture": "#Body2"}
			}
		},
		{
			"name": "Box25",
			"from": [16, 6.3, 7.25],
			"to": [20.5, 7.3, 7.75],
			"rotation": {"angle": -22.5, "axis": "x", "origin": [16, 6.3, 7.25]},
			"faces": {
				"north": {"uv": [6.5, 8.5, 11, 9.5], "texture": "#Body2"},
				"east": {"uv": [8.5, 8.5, 9, 9.5], "texture": "#Body2"},
				"south": {"uv": [5, 8.5, 9.5, 9.5], "texture": "#Body2"},
				"west": {"uv": [7, 8.5, 7.5, 9.5], "texture": "#Body2"},
				"up": {"uv": [5, 7, 9.5, 7.5], "texture": "#Body2"},
				"down": {"uv": [5, 8.5, 9.5, 9], "texture": "#Body2"}
			}
		},
		{
			"name": "Box25",
			"from": [16, 6.56, 4.8],
			"to": [20.5, 7.56, 5.3],
			"rotation": {"angle": 22.5, "axis": "x", "origin": [16, 6.56, 4.8]},
			"faces": {
				"north": {"uv": [6.5, 8.5, 11, 9.5], "texture": "#Body2"},
				"east": {"uv": [8.5, 8.5, 9, 9.5], "texture": "#Body2"},
				"south": {"uv": [5, 8.5, 9.5, 9.5], "texture": "#Body2"},
				"west": {"uv": [7, 8.5, 7.5, 9.5], "texture": "#Body2"},
				"up": {"uv": [5, 7, 9.5, 7.5], "texture": "#Body2"},
				"down": {"uv": [5, 8.5, 9.5, 9], "texture": "#Body2"}
			}
		},
		{
			"name": "Box27",
			"from": [15.5, 7, 5.5],
			"to": [21.5, 7.5, 7],
			"faces": {
				"north": {"uv": [5.5, 8.5, 11.5, 9], "texture": "#Body2"},
				"east": {"uv": [9, 8.5, 10.5, 9], "texture": "#Body2"},
				"south": {"uv": [4.5, 8.5, 10.5, 9], "texture": "#Body2"},
				"west": {"uv": [5.5, 8.5, 7, 9], "texture": "#Body2"},
				"up": {"uv": [4.5, 5.5, 10.5, 7], "texture": "#Body2"},
				"down": {"uv": [4.5, 9, 10.5, 10.5], "texture": "#Body2"}
			}
		},
		{
			"name": "Box28",
			"from": [16.5, 6.99, 5.2],
			"to": [20, 7.49, 5.7],
			"faces": {
				"north": {"uv": [7, 8.51, 10.5, 9.01], "texture": "#Body"},
				"east": {"uv": [10.3, 8.51, 10.8, 9.01], "texture": "#Body"},
				"south": {"uv": [5.5, 8.51, 9, 9.01], "texture": "#Body"},
				"west": {"uv": [5.2, 8.51, 5.7, 9.01], "texture": "#Body"},
				"up": {"uv": [5.5, 5.2, 9, 5.7], "texture": "#Body"},
				"down": {"uv": [5.5, 10.3, 9, 10.8], "texture": "#Body"}
			}
		},
		{
			"name": "Box28",
			"from": [16.5, 6.93, 6.8],
			"to": [20, 7.43, 7.3],
			"faces": {
				"north": {"uv": [7, 8.57, 10.5, 9.07], "texture": "#Body"},
				"east": {"uv": [8.7, 8.57, 9.2, 9.07], "texture": "#Body"},
				"south": {"uv": [5.5, 8.57, 9, 9.07], "texture": "#Body"},
				"west": {"uv": [6.8, 8.57, 7.3, 9.07], "texture": "#Body"},
				"up": {"uv": [5.5, 6.8, 9, 7.3], "texture": "#Body"},
				"down": {"uv": [5.5, 8.7, 9, 9.2], "texture": "#Body"}
			}
		},
		{
			"name": "Box31",
			"from": [17, 4, 6.85],
			"to": [21, 6, 5.65],
			"rotation": {"angle": -22.5, "axis": "z", "origin": [17, 4, 6.85]},
			"faces": {
				"north": {"uv": [6.5, 11.5, 10, 12.5], "texture": "#Body2"},
				"east": {"uv": [1, 11.5, 2, 12.5], "texture": "#Body2"},
				"south": {"uv": [6, 11.5, 9.5, 12.5], "texture": "#Body2"},
				"west": {"uv": [14, 11.5, 15, 12.5], "texture": "#Body2"},
				"up": {"uv": [6, 14, 9.5, 15], "texture": "#Body2"},
				"down": {"uv": [6, 1, 9.5, 2], "texture": "#Body2"}
			}
		},
		{
			"name": "Box33",
			"from": [-3, 6.5, 5.5],
			"to": [5.5, 7.5, 7],
			"faces": {
				"north": {"uv": [5.5, 8.5, 14, 9.5], "texture": "#Body"},
				"east": {"uv": [9, 8.5, 10.5, 9.5], "texture": "#Body"},
				"south": {"uv": [2, 8.5, 10.5, 9.5], "texture": "#Body"},
				"west": {"uv": [5.5, 8.5, 7, 9.5], "texture": "#Body"},
				"up": {"uv": [2, 5.5, 10.5, 7], "texture": "#Body"},
				"down": {"uv": [2, 9, 10.5, 10.5], "texture": "#Body"}
			}
		},
		{
			"name": "Box33",
			"from": [-3, 5.5, 5.5],
			"to": [5.5, 6, 7],
			"faces": {
				"north": {"uv": [5.5, 10, 14, 10.5], "texture": "#Body"},
				"east": {"uv": [9, 10, 10.5, 10.5], "texture": "#Body"},
				"south": {"uv": [2, 10, 10.5, 10.5], "texture": "#Body"},
				"west": {"uv": [5.5, 10, 7, 10.5], "texture": "#Body"},
				"up": {"uv": [2, 5.5, 10.5, 7], "texture": "#Body"},
				"down": {"uv": [2, 9, 10.5, 10.5], "texture": "#Body"}
			}
		},
		{
			"name": "Box35",
			"from": [-5, 6, 5.65],
			"to": [-3, 7, 6.85],
			"faces": {
				"north": {"uv": [14, 9, 16, 10], "texture": "#Body"},
				"east": {"uv": [9.15, 9, 10.35, 10], "texture": "#Body"},
				"south": {"uv": [0, 9, 2, 10], "texture": "#Body"},
				"west": {"uv": [5.65, 9, 6.85, 10], "texture": "#Body"},
				"up": {"uv": [0, 5.65, 2, 6.85], "texture": "#Body"},
				"down": {"uv": [0, 9.15, 2, 10.35], "texture": "#Body"}
			}
		},
		{
			"name": "Box36",
			"from": [-3, 6, 5],
			"to": [5.5, 7, 7.5],
			"faces": {
				"north": {"uv": [5.5, 9, 14, 10], "texture": "#Body"},
				"east": {"uv": [8.5, 9, 11, 10], "texture": "#Body"},
				"south": {"uv": [2, 9, 10.5, 10], "texture": "#Body"},
				"west": {"uv": [5, 9, 7.5, 10], "texture": "#Body"},
				"up": {"uv": [2, 5, 10.5, 7.5], "texture": "#Body"},
				"down": {"uv": [2, 8.5, 10.5, 11], "texture": "#Body"}
			}
		},
		{
			"name": "Box37",
			"from": [4, 5.5, 5],
			"to": [5, 6, 5.5],
			"faces": {
				"north": {"uv": [6, 10, 7, 10.5], "texture": "#Body"},
				"east": {"uv": [10.5, 10, 11, 10.5], "texture": "#Body"},
				"south": {"uv": [9, 10, 10, 10.5], "texture": "#Body"},
				"west": {"uv": [5, 10, 5.5, 10.5], "texture": "#Body"},
				"up": {"uv": [9, 5, 10, 5.5], "texture": "#Body"},
				"down": {"uv": [9, 10.5, 10, 11], "texture": "#Body"}
			}
		},
		{
			"name": "Box37",
			"from": [4, 5.5, 7],
			"to": [5, 6, 7.5],
			"faces": {
				"north": {"uv": [6, 10, 7, 10.5], "texture": "#Body"},
				"east": {"uv": [8.5, 10, 9, 10.5], "texture": "#Body"},
				"south": {"uv": [9, 10, 10, 10.5], "texture": "#Body"},
				"west": {"uv": [7, 10, 7.5, 10.5], "texture": "#Body"},
				"up": {"uv": [9, 7, 10, 7.5], "texture": "#Body"},
				"down": {"uv": [9, 8.5, 10, 9], "texture": "#Body"}
			}
		},
		{
			"name": "Box45",
			"from": [-2, 5, 6.85],
			"to": [5.5, 5.5, 5.65],
			"faces": {
				"north": {"uv": [5.5, 10.5, 13, 11], "texture": "#Body"},
				"east": {"uv": [10.35, 10.5, 9.15, 11], "texture": "#Body"},
				"south": {"uv": [3, 10.5, 10.5, 11], "texture": "#Body"},
				"west": {"uv": [6.85, 10.5, 5.65, 11], "texture": "#Body"},
				"up": {"uv": [3, 6.85, 10.5, 5.65], "texture": "#Body"},
				"down": {"uv": [3, 10.35, 10.5, 9.15], "texture": "#Body"}
			}
		},
		{
			"name": "Box38",
			"from": [-2.5, 7.15, 5.8],
			"to": [12, 7.65, 6.8],
			"faces": {
				"north": {"uv": [0, 8.35, 13.5, 8.85], "texture": "#Body2"},
				"east": {"uv": [9.2, 8.35, 10.2, 8.85], "texture": "#Body2"},
				"south": {"uv": [2.5, 8.35, 16, 8.85], "texture": "#Body2"},
				"west": {"uv": [5.8, 8.35, 6.8, 8.85], "texture": "#Body2"},
				"up": {"uv": [2.5, 5.8, 16, 6.8], "texture": "#Body2"},
				"down": {"uv": [2.5, 9.2, 16, 10.2], "texture": "#Body2"}
			}
		},
		{
			"name": "Box40",
			"from": [-2.35, 7.5, 5.68],
			"to": [-1.6, 8, 6.88],
			"faces": {
				"north": {"uv": [12.6, 8, 13.35, 8.5], "texture": "#Body"},
				"east": {"uv": [9.12, 8, 10.32, 8.5], "texture": "#Body"},
				"south": {"uv": [2.65, 8, 3.4, 8.5], "texture": "#Body"},
				"west": {"uv": [5.68, 8, 6.88, 8.5], "texture": "#Body"},
				"up": {"uv": [2.65, 5.68, 3.4, 6.88], "texture": "#Body"},
				"down": {"uv": [2.65, 9.12, 3.4, 10.32], "texture": "#Body"}
			}
		},
		{
			"name": "Box40",
			"from": [-2, 8, 5.75],
			"to": [-1.75, 8.48, 6],
			"faces": {
				"north": {"uv": [12.75, 7.52, 13, 8], "texture": "#Body"},
				"east": {"uv": [10, 7.52, 10.25, 8], "texture": "#Body"},
				"south": {"uv": [3, 7.52, 3.25, 8], "texture": "#Body"},
				"west": {"uv": [5.75, 7.52, 6, 8], "texture": "#Body"},
				"up": {"uv": [3, 5.75, 3.25, 6], "texture": "#Body"},
				"down": {"uv": [3, 10, 3.25, 10.25], "texture": "#Body"}
			}
		},
		{
			"name": "Box40",
			"from": [-2, 8, 6.55],
			"to": [-1.75, 8.48, 6.8],
			"faces": {
				"north": {"uv": [12.75, 7.52, 13, 8], "texture": "#Body"},
				"east": {"uv": [9.2, 7.52, 9.45, 8], "texture": "#Body"},
				"south": {"uv": [3, 7.52, 3.25, 8], "texture": "#Body"},
				"west": {"uv": [6.55, 7.52, 6.8, 8], "texture": "#Body"},
				"up": {"uv": [3, 6.55, 3.25, 6.8], "texture": "#Body"},
				"down": {"uv": [3, 9.2, 3.25, 9.45], "texture": "#Body"}
			}
		},
		{
			"name": "Box40",
			"from": [-2, 8, 6.15],
			"to": [-1.75, 8.24576, 6.4],
			"faces": {
				"north": {"uv": [12.75, 7.75424, 13, 8], "texture": "#Body"},
				"east": {"uv": [9.6, 7.75424, 9.85, 8], "texture": "#Body"},
				"south": {"uv": [3, 7.75424, 3.25, 8], "texture": "#Body"},
				"west": {"uv": [6.15, 7.75424, 6.4, 8], "texture": "#Body"},
				"up": {"uv": [3, 6.15, 3.25, 6.4], "texture": "#Body"},
				"down": {"uv": [3, 9.6, 3.25, 9.85], "texture": "#Body"}
			}
		},
		{
			"name": "Box40",
			"from": [11, 7.5, 5.705],
			"to": [11.75, 8, 6.905],
			"faces": {
				"north": {"uv": [15.25, 8, 16, 8.5], "texture": "#Body"},
				"east": {"uv": [9.095, 8, 10.295, 8.5], "texture": "#Body"},
				"south": {"uv": [0, 8, 0.75, 8.5], "texture": "#Body"},
				"west": {"uv": [5.705, 8, 6.905, 8.5], "texture": "#Body"},
				"up": {"uv": [0, 5.705, 0.75, 6.905], "texture": "#Body"},
				"down": {"uv": [0, 9.095, 0.75, 10.295], "texture": "#Body"}
			}
		},
		{
			"name": "Box47",
			"from": [12.5, 2, 5.35],
			"to": [14, 5, 7.15],
			"rotation": {"angle": 22.5, "axis": "z", "origin": [12.5, 2, 5.35]},
			"faces": {
				"north": {"uv": [1, 14, 2.5, 16], "texture": "#Body"},
				"east": {"uv": [1, 14, 2, 16], "texture": "#Body"},
				"south": {"uv": [13.5, 14, 15, 16], "texture": "#Body"},
				"west": {"uv": [14, 14, 15, 16], "texture": "#Body"},
				"up": {"uv": [13.5, 14, 15, 15], "texture": "#Body"},
				"down": {"uv": [13.5, 1, 15, 2], "texture": "#Body"}
			}
		},
		{
			"name": "Box48",
			"from": [6, 1, 5.75],
			"to": [8.5, 4.5, 6.75],
			"faces": {
				"north": {"uv": [0, 0, 16, 16], "texture": "#Mag"},
				"east": {"uv": [15, 0, 16, 16], "texture": "#Mag"},
				"south": {"uv": [0, 0, 16, 16], "texture": "#Mag"},
				"west": {"uv": [15, 0, 16, 16], "texture": "#Mag"},
				"up": {"uv": [0, 0, 16, 1], "texture": "#Mag"},
				"down": {"uv": [0, 15, 16, 16], "texture": "#Mag"}
			}
		},
		{
			"name": "Box48",
			"from": [5.5, 0.5, 5.8],
			"to": [8, 2.5, 6.7],
			"rotation": {"angle": -22.5, "axis": "z", "origin": [5.5, 0.5, 5.8]},
			"faces": {
				"north": {"uv": [0, 0, 16, 16], "texture": "#Mag"},
				"east": {"uv": [0, 0, 1, 16], "texture": "#Mag"},
				"south": {"uv": [0, 0, 16, 16], "texture": "#Mag"},
				"west": {"uv": [15, 0, 16, 16], "texture": "#Mag"},
				"up": {"uv": [0, 0, 16, 1], "texture": "#Mag"},
				"down": {"uv": [0, 15, 16, 16], "texture": "#Mag"}
			}
		},
		{
			"name": "Box50",
			"from": [4.9, 7.5, 5.5],
			"to": [7.9, 8, 7],
			"faces": {
				"north": {"uv": [3.1, 8, 6.1, 8.5], "texture": "#Body"},
				"east": {"uv": [9, 8, 10.5, 8.5], "texture": "#Body"},
				"south": {"uv": [9.9, 8, 12.9, 8.5], "texture": "#Body"},
				"west": {"uv": [5.5, 8, 7, 8.5], "texture": "#Body"},
				"up": {"uv": [9.9, 5.5, 12.9, 7], "texture": "#Body"},
				"down": {"uv": [9.9, 9, 12.9, 10.5], "texture": "#Body"}
			}
		},
		{
			"name": "Box51",
			"from": [6.4, 8, 5.5],
			"to": [7.9, 9.2, 5.78],
			"faces": {
				"north": {"uv": [4.5, 6.8, 6, 8], "texture": "#Body"},
				"east": {"uv": [10.15, 6.8, 10.5, 8], "texture": "#Body"},
				"south": {"uv": [10, 6.8, 11.5, 8], "texture": "#Body"},
				"west": {"uv": [5.5, 6.8, 5.85, 8], "texture": "#Body"},
				"up": {"uv": [10, 5.5, 11.5, 5.85], "texture": "#Body"},
				"down": {"uv": [10, 10.15, 11.5, 10.5], "texture": "#Body"}
			}
		},
		{
			"name": "Box51",
			"from": [6.4, 8, 6.72],
			"to": [7.9, 9.2, 7],
			"faces": {
				"north": {"uv": [4.5, 6.8, 6, 8], "texture": "#Body"},
				"east": {"uv": [9, 6.8, 9.28, 8], "texture": "#Body"},
				"south": {"uv": [10, 6.8, 11.5, 8], "texture": "#Body"},
				"west": {"uv": [6.72, 6.8, 7, 8], "texture": "#Body"},
				"up": {"uv": [10, 6.72, 11.5, 7], "texture": "#Body"},
				"down": {"uv": [10, 9, 11.5, 9.28], "texture": "#Body"}
			}
		},
		{
			"name": "Box53",
			"from": [7.5, 8, 5.75],
			"to": [7.501, 9, 6.75],
			"faces": {
				"north": {"uv": [1, 0.5, 1, 1.5], "texture": "#Holo"},
				"east": {"uv": [0, 0, 16, 16], "texture": "#Holo"},
				"south": {"uv": [0, 0, 2, 3.5], "texture": "#Holo"},
				"west": {"uv": [0, 0, 16, 16], "texture": "#Holo"},
				"up": {"uv": [14, 1, 14, 2], "texture": "#Holo"},
				"down": {"uv": [2, 1, 2, 2], "texture": "#Holo"}
			}
		},
		{
			"name": "Box54",
			"from": [6.4, 9, 5.775],
			"to": [7.9, 9.32, 6.775],
			"faces": {
				"north": {"uv": [4.5, 6.68, 6, 7], "texture": "#Body"},
				"east": {"uv": [9.225, 6.68, 10.225, 7], "texture": "#Body"},
				"south": {"uv": [10, 6.68, 11.5, 7], "texture": "#Body"},
				"west": {"uv": [5.775, 6.68, 6.775, 7], "texture": "#Body"},
				"up": {"uv": [10, 5.775, 11.5, 6.775], "texture": "#Body"},
				"down": {"uv": [10, 9.225, 11.5, 10.225], "texture": "#Body"}
			}
		}
	],
	"display": {
		"thirdperson_righthand": {
			"rotation": [0, -90, 0],
			"translation": [-1.391, 2.0869, -1.618],
			"scale": [0.8, 0.8, 0.8]
		},
		"thirdperson_lefthand": {
			"rotation": [0, 90, 0],
			"translation": [1.359, 2.0869, -1.618],
			"scale": [0.8, 0.8, 0.8]
		},
		"firstperson_righthand": {
			"rotation": [0, -95, 0],
			"translation": [0, 5.5, 0]
		},
		"firstperson_lefthand": {
			"rotation": [0, 99, 0],
			"translation": [1.25, 5.5, 0]
		},
		"ground": {
			"rotation": [90, 0, 0],
			"translation": [-6.26, -4.869, 0.6956]
		},
		"gui": {
			"rotation": [0, -34, -34],
			"translation": [-2.086, 2.7826, 0],
			"scale": [0.6, 0.6, 0.6]
		},
		"head": {
			"translation": [0, 3.75, 1.75]
		},
		"fixed": {
			"translation": [-5.565, 0.6956, 0]
		}
	}
}