{
	"credit": "Made By Ubalube",
	"textures": {
		"texture": "guns/orange3",
		"texture1": "guns/gray7",
		"texture2": "guns/white",
		"particle": "blocks/e_particle"
	},
	"elements": [
		{
			"name": "Box1",
			"from": [-7, 4.5, 3.5],
			"to": [-3.5, 5.5, 5.5],
			"faces": {
				"north": {"uv": [3.5, 10.5, 7, 11.5], "texture": "#texture"},
				"east": {"uv": [10.5, 10.5, 12.5, 11.5], "texture": "#texture"},
				"south": {"uv": [9, 10.5, 12.5, 11.5], "texture": "#texture"},
				"west": {"uv": [3.5, 10.5, 5.5, 11.5], "texture": "#texture"},
				"up": {"uv": [9, 3.5, 12.5, 5.5], "texture": "#texture"},
				"down": {"uv": [9, 10.5, 12.5, 12.5], "texture": "#texture"}
			}
		},
		{
			"name": "Box2",
			"from": [-3.5, 4.5, 3.5],
			"to": [-2, 5.5, 5.5],
			"rotation": {"angle": 22.5, "axis": "z", "origin": [-3.5, 4.5, 3.5]},
			"faces": {
				"north": {"uv": [2, 10.5, 3.5, 11.5], "texture": "#texture"},
				"east": {"uv": [1, 10.5, 2, 11.5], "texture": "#texture"},
				"south": {"uv": [12.5, 10.5, 14, 11.5], "texture": "#texture"},
				"west": {"uv": [14, 10.5, 15, 11.5], "texture": "#texture"},
				"up": {"uv": [12.5, 14, 14, 15], "texture": "#texture"},
				"down": {"uv": [12.5, 1, 14, 2], "texture": "#texture"}
			}
		},
		{
			"name": "Box3",
			"from": [-7, 5.5, 3.75],
			"to": [-2.5, 6.5, 5.25],
			"faces": {
				"north": {"uv": [2.5, 9.5, 7, 10.5], "texture": "#texture"},
				"east": {"uv": [10.75, 9.5, 12.25, 10.5], "texture": "#texture"},
				"south": {"uv": [9, 9.5, 13.5, 10.5], "texture": "#texture"},
				"west": {"uv": [3.75, 9.5, 5.25, 10.5], "texture": "#texture"},
				"up": {"uv": [9, 3.75, 13.5, 5.25], "texture": "#texture"},
				"down": {"uv": [9, 10.75, 13.5, 12.25], "texture": "#texture"}
			}
		},
		{
			"name": "Box4",
			"from": [-7, 6.5, 3.5],
			"to": [-0.5, 7.5, 5.5],
			"faces": {
				"north": {"uv": [0.5, 8.5, 7, 9.5], "texture": "#texture"},
				"east": {"uv": [10.5, 8.5, 12.5, 9.5], "texture": "#texture"},
				"south": {"uv": [9, 8.5, 15.5, 9.5], "texture": "#texture"},
				"west": {"uv": [3.5, 8.5, 5.5, 9.5], "texture": "#texture"},
				"up": {"uv": [9, 3.5, 15.5, 5.5], "texture": "#texture"},
				"down": {"uv": [9, 10.5, 15.5, 12.5], "texture": "#texture"}
			}
		},
		{
			"name": "Box5",
			"from": [-2.5, 5, 3.75],
			"to": [-0.5, 6.5, 5.25],
			"faces": {
				"north": {"uv": [0.5, 9.5, 2.5, 11], "texture": "#texture1"},
				"east": {"uv": [10.75, 9.5, 12.25, 11], "texture": "#texture1"},
				"south": {"uv": [13.5, 9.5, 15.5, 11], "texture": "#texture1"},
				"west": {"uv": [3.75, 9.5, 5.25, 11], "texture": "#texture1"},
				"up": {"uv": [13.5, 3.75, 15.5, 5.25], "texture": "#texture1"},
				"down": {"uv": [13.5, 10.75, 15.5, 12.25], "texture": "#texture1"}
			}
		},
		{
			"name": "Box6",
			"from": [-0.5, 6.5, 3.65],
			"to": [1.5, 7.5, 5.45],
			"rotation": {"angle": -45, "axis": "z", "origin": [-0.5, 7.5, 5.45]},
			"faces": {
				"north": {"uv": [1, 9.5, 0, 8.5], "texture": "#texture1"},
				"east": {"uv": [1, 8.5, 2, 9.5], "rotation": 180, "texture": "#texture1"},
				"south": {"uv": [16, 9.5, 15, 8.5], "texture": "#texture1"},
				"west": {"uv": [14, 8.5, 15, 9.5], "rotation": 180, "texture": "#texture1"},
				"up": {"uv": [0, 1, 1, 2], "texture": "#texture1"},
				"down": {"uv": [0, 14, 1, 15], "texture": "#texture1"}
			}
		},
		{
			"name": "Box7",
			"from": [0, 5, 3.5],
			"to": [1, 6.5, 5.5],
			"faces": {
				"north": {"uv": [15, 9.5, 16, 11], "texture": "#texture1"},
				"east": {"uv": [10.5, 9.5, 12.5, 11], "texture": "#texture1"},
				"south": {"uv": [0, 9.5, 1, 11], "texture": "#texture1"},
				"west": {"uv": [3.5, 9.5, 5.5, 11], "texture": "#texture1"},
				"up": {"uv": [0, 3.5, 1, 5.5], "texture": "#texture1"},
				"down": {"uv": [0, 10.5, 1, 12.5], "texture": "#texture1"}
			}
		},
		{
			"name": "Box8",
			"from": [-0.5, 5, 3.75],
			"to": [0, 6.5, 5.25],
			"faces": {
				"north": {"uv": [0, 9.5, 0.5, 11], "texture": "#texture1"},
				"east": {"uv": [10.75, 9.5, 12.25, 11], "texture": "#texture1"},
				"south": {"uv": [15.5, 9.5, 16, 11], "texture": "#texture1"},
				"west": {"uv": [3.75, 9.5, 5.25, 11], "texture": "#texture1"},
				"up": {"uv": [15.5, 3.75, 16, 5.25], "texture": "#texture1"},
				"down": {"uv": [15.5, 10.75, 16, 12.25], "texture": "#texture1"}
			}
		},
		{
			"name": "Box9",
			"from": [-0.5, 6.5, 3.5],
			"to": [1, 7.5, 5.5],
			"faces": {
				"north": {"uv": [15, 8.5, 16, 9.5], "texture": "#texture"},
				"east": {"uv": [10.5, 8.5, 12.5, 9.5], "texture": "#texture"},
				"south": {"uv": [0, 8.5, 1, 9.5], "texture": "#texture"},
				"west": {"uv": [3.5, 8.5, 5.5, 9.5], "texture": "#texture"},
				"up": {"uv": [0, 3.5, 1, 5.5], "texture": "#texture"},
				"down": {"uv": [0, 10.5, 1, 12.5], "texture": "#texture"}
			}
		},
		{
			"name": "Box10",
			"from": [-6, 7.5, 3.75],
			"to": [-4.5, 8.5, 5.25],
			"faces": {
				"north": {"uv": [4.5, 7.5, 6, 8.5], "texture": "#texture"},
				"east": {"uv": [10.75, 7.5, 12.25, 8.5], "texture": "#texture"},
				"south": {"uv": [10, 7.5, 11.5, 8.5], "texture": "#texture"},
				"west": {"uv": [3.75, 7.5, 5.25, 8.5], "texture": "#texture"},
				"up": {"uv": [10, 3.75, 11.5, 5.25], "texture": "#texture"},
				"down": {"uv": [10, 10.75, 11.5, 12.25], "texture": "#texture"}
			}
		},
		{
			"name": "Box11",
			"from": [-5.5, 8.5, 3.8],
			"to": [-4.5, 10, 5.15],
			"rotation": {"angle": -22.5, "axis": "z", "origin": [-5.5, 8.5, 3.8]},
			"faces": {
				"north": {"uv": [4.5, 5.5, 5.5, 7.5], "texture": "#texture"},
				"east": {"uv": [1, 5.5, 2, 7.5], "texture": "#texture"},
				"south": {"uv": [10.5, 5.5, 11.5, 7.5], "texture": "#texture"},
				"west": {"uv": [14, 5.5, 15, 7.5], "texture": "#texture"},
				"up": {"uv": [10.5, 14, 11.5, 15], "texture": "#texture"},
				"down": {"uv": [10.5, 1, 11.5, 2], "texture": "#texture"}
			}
		},
		{
			"name": "Box12",
			"from": [-5, 9, 3.75],
			"to": [6, 10, 5.25],
			"faces": {
				"north": {"uv": [10, 6, 16, 7], "texture": "#texture"},
				"east": {"uv": [10.75, 6, 12.25, 7], "texture": "#texture"},
				"south": {"uv": [0, 6, 6, 7], "texture": "#texture"},
				"west": {"uv": [3.75, 6, 5.25, 7], "texture": "#texture"},
				"up": {"uv": [0, 3.75, 6, 5.25], "texture": "#texture"},
				"down": {"uv": [0, 10.75, 6, 12.25], "texture": "#texture"}
			}
		},
		{
			"name": "Box13",
			"from": [1, 6.5, 3.5],
			"to": [7, 7.5, 5.5],
			"faces": {
				"north": {"uv": [9, 8.5, 15, 9.5], "texture": "#texture"},
				"east": {"uv": [10.5, 8.5, 12.5, 9.5], "texture": "#texture"},
				"south": {"uv": [1, 8.5, 7, 9.5], "texture": "#texture"},
				"west": {"uv": [3.5, 8.5, 5.5, 9.5], "texture": "#texture"},
				"up": {"uv": [1, 3.5, 7, 5.5], "texture": "#texture"},
				"down": {"uv": [1, 10.5, 7, 12.5], "texture": "#texture"}
			}
		},
		{
			"name": "Box14",
			"from": [4.5, 7.5, 4],
			"to": [5, 8.5, 5],
			"rotation": {"angle": -22.5, "axis": "z", "origin": [4.5, 7.5, 4]},
			"faces": {
				"north": {"uv": [11, 7.5, 11.5, 8.5], "texture": "#texture"},
				"east": {"uv": [11, 7.5, 12, 8.5], "texture": "#texture"},
				"south": {"uv": [4.5, 7.5, 5, 8.5], "texture": "#texture"},
				"west": {"uv": [4, 7.5, 5, 8.5], "texture": "#texture"},
				"up": {"uv": [4.5, 4, 5, 5], "texture": "#texture"},
				"down": {"uv": [4.5, 11, 5, 12], "texture": "#texture"}
			}
		},
		{
			"name": "Box15",
			"from": [5, 7.5, 3.8],
			"to": [6.5, 9, 5.15],
			"faces": {
				"north": {"uv": [9.5, 7, 11, 8.5], "texture": "#texture"},
				"east": {"uv": [10.85, 7, 12.2, 8.5], "texture": "#texture"},
				"south": {"uv": [5, 7, 6.5, 8.5], "texture": "#texture"},
				"west": {"uv": [3.8, 7, 5.15, 8.5], "texture": "#texture"},
				"up": {"uv": [5, 3.8, 6.5, 5.15], "texture": "#texture"},
				"down": {"uv": [5, 10.85, 6.5, 12.2], "texture": "#texture"}
			}
		},
		{
			"name": "Box16",
			"from": [5, 9, 3.75],
			"to": [6.5, 10, 5.25],
			"rotation": {"angle": 22.5, "axis": "z", "origin": [6.5, 9, 5.25]},
			"faces": {
				"north": {"uv": [5, 6, 6.5, 7], "texture": "#texture"},
				"east": {"uv": [14, 6, 15, 7], "texture": "#texture"},
				"south": {"uv": [9.5, 6, 11, 7], "texture": "#texture"},
				"west": {"uv": [1, 6, 2, 7], "texture": "#texture"},
				"up": {"uv": [5, 14, 6.5, 15], "rotation": 180, "texture": "#texture"},
				"down": {"uv": [5, 1, 6.5, 2], "rotation": 180, "texture": "#texture"}
			}
		},
		{
			"name": "Box17",
			"from": [-1, 4, 3.5],
			"to": [4.5, 5, 5.5],
			"faces": {
				"north": {"uv": [11.5, 11, 16, 12], "texture": "#texture1"},
				"east": {"uv": [10.5, 11, 12.5, 12], "texture": "#texture1"},
				"south": {"uv": [0, 11, 4.5, 12], "texture": "#texture1"},
				"west": {"uv": [3.5, 11, 5.5, 12], "texture": "#texture1"},
				"up": {"uv": [0, 3.5, 4.5, 5.5], "texture": "#texture1"},
				"down": {"uv": [0, 10.5, 4.5, 12.5], "texture": "#texture1"}
			}
		},
		{
			"name": "Box18",
			"from": [4.5, 4, 3.25],
			"to": [9.5, 6.5, 5.75],
			"faces": {
				"north": {"uv": [6.5, 9.5, 11.5, 12], "texture": "#texture1"},
				"east": {"uv": [10.25, 9.5, 12.75, 12], "texture": "#texture1"},
				"south": {"uv": [4.5, 9.5, 9.5, 12], "texture": "#texture1"},
				"west": {"uv": [3.25, 9.5, 5.75, 12], "texture": "#texture1"},
				"up": {"uv": [4.5, 3.25, 9.5, 5.75], "texture": "#texture1"},
				"down": {"uv": [4.5, 10.25, 9.5, 12.75], "texture": "#texture1"}
			}
		},
		{
			"name": "Box19",
			"from": [-1, -2, 4],
			"to": [0.5, 4, 5],
			"rotation": {"angle": 22.5, "axis": "z", "origin": [-1, 4, 5]},
			"faces": {
				"north": {"uv": [1.5, 16, 0.5, 15.5], "texture": "#texture1"},
				"east": {"uv": [1, 15.5, 2, 16], "rotation": 180, "texture": "#texture1"},
				"south": {"uv": [15.5, 16, 14.5, 15.5], "texture": "#texture1"},
				"west": {"uv": [14, 15.5, 15, 16], "rotation": 180, "texture": "#texture1"},
				"up": {"uv": [0.5, 1, 1.5, 2], "texture": "#texture1"},
				"down": {"uv": [0.5, 14, 1.5, 15], "texture": "#texture1"}
			}
		},
		{
			"name": "Box20",
			"from": [1.5, -1.5, 4],
			"to": [4, -0.5, 5],
			"faces": {
				"north": {"uv": [12, 0.5, 14.5, 1.5], "texture": "#texture1"},
				"east": {"uv": [11, 0.5, 12, 1.5], "texture": "#texture1"},
				"south": {"uv": [1.5, 0.5, 4, 1.5], "texture": "#texture1"},
				"west": {"uv": [4, 0.5, 5, 1.5], "texture": "#texture1"},
				"up": {"uv": [1.5, 4, 4, 5], "texture": "#texture1"},
				"down": {"uv": [1.5, 11, 4, 12], "texture": "#texture1"}
			}
		},
		{
			"name": "Box21",
			"from": [4, -1.5, 4],
			"to": [5, -0.5, 5],
			"rotation": {"angle": 45, "axis": "z", "origin": [4, -1.5, 4]},
			"faces": {
				"north": {"uv": [11, 0.5, 12, 1.5], "texture": "#texture1"},
				"east": {"uv": [1, 0.5, 2, 1.5], "texture": "#texture1"},
				"south": {"uv": [4, 0.5, 5, 1.5], "texture": "#texture1"},
				"west": {"uv": [14, 0.5, 15, 1.5], "texture": "#texture1"},
				"up": {"uv": [4, 14, 5, 15], "texture": "#texture1"},
				"down": {"uv": [4, 1, 5, 2], "texture": "#texture1"}
			}
		},
		{
			"name": "Box22",
			"from": [4, -1, 4],
			"to": [8.5, 0, 5],
			"faces": {
				"north": {"uv": [7.5, 0, 12, 1], "texture": "#texture1"},
				"east": {"uv": [11, 0, 12, 1], "texture": "#texture1"},
				"south": {"uv": [4, 0, 8.5, 1], "texture": "#texture1"},
				"west": {"uv": [4, 0, 5, 1], "texture": "#texture1"},
				"up": {"uv": [4, 4, 8.5, 5], "texture": "#texture1"},
				"down": {"uv": [4, 11, 8.5, 12], "texture": "#texture1"}
			}
		},
		{
			"name": "Box23",
			"from": [6.5, 0, 3.5],
			"to": [8.5, 4, 5.5],
			"rotation": {"angle": 22.5, "axis": "z", "origin": [8.5, 0, 5.5]},
			"faces": {
				"north": {"uv": [5, 12, 7, 16], "texture": "#texture1"},
				"east": {"uv": [14, 12, 15, 16], "texture": "#texture1"},
				"south": {"uv": [9, 12, 11, 16], "texture": "#texture1"},
				"west": {"uv": [1, 12, 2, 16], "texture": "#texture1"},
				"up": {"uv": [5, 14, 7, 15], "rotation": 180, "texture": "#texture1"},
				"down": {"uv": [5, 1, 7, 2], "rotation": 180, "texture": "#texture1"}
			}
		},
		{
			"name": "Box24",
			"from": [5, 2.5, 3.5],
			"to": [7, 4, 5.5],
			"faces": {
				"north": {"uv": [9, 12, 11, 13.5], "texture": "#texture1"},
				"east": {"uv": [10.5, 12, 12.5, 13.5], "texture": "#texture1"},
				"south": {"uv": [5, 12, 7, 13.5], "texture": "#texture1"},
				"west": {"uv": [3.5, 12, 5.5, 13.5], "texture": "#texture1"},
				"up": {"uv": [5, 3.5, 7, 5.5], "texture": "#texture1"},
				"down": {"uv": [5, 10.5, 7, 12.5], "texture": "#texture1"}
			}
		},
		{
			"name": "Box25",
			"from": [4.5, 2.5, 4],
			"to": [5.5, 3, 5],
			"rotation": {"angle": 22.5, "axis": "z", "origin": [5.5, 2.5, 5]},
			"faces": {
				"north": {"uv": [4, 13, 5, 13.5], "texture": "#texture1"},
				"east": {"uv": [14, 13, 15, 13.5], "texture": "#texture1"},
				"south": {"uv": [11, 13, 12, 13.5], "texture": "#texture1"},
				"west": {"uv": [1, 13, 2, 13.5], "texture": "#texture1"},
				"up": {"uv": [4, 14, 5, 15], "rotation": 180, "texture": "#texture1"},
				"down": {"uv": [4, 1, 5, 2], "rotation": 180, "texture": "#texture1"}
			}
		},
		{
			"name": "Box26",
			"from": [9.5, 4, 3.35],
			"to": [12, 5.8, 5.6],
			"rotation": {"angle": 45, "axis": "z", "origin": [9.5, 4, 3.35]},
			"faces": {
				"north": {"uv": [5, 10, 6.5, 12], "texture": "#texture1"},
				"east": {"uv": [1, 10, 2, 12], "texture": "#texture1"},
				"south": {"uv": [9.5, 10, 11, 12], "texture": "#texture1"},
				"west": {"uv": [14, 10, 15, 12], "texture": "#texture1"},
				"up": {"uv": [9.5, 14, 11, 15], "texture": "#texture1"},
				"down": {"uv": [9.5, 1, 11, 2], "texture": "#texture1"}
			}
		},
		{
			"name": "Box27",
			"from": [7, 7, 3.5],
			"to": [11.5, 7.5, 5.5],
			"faces": {
				"north": {"uv": [4.5, 8.5, 9, 9], "texture": "#texture"},
				"east": {"uv": [10.5, 8.5, 12.5, 9], "texture": "#texture"},
				"south": {"uv": [7, 8.5, 11.5, 9], "texture": "#texture"},
				"west": {"uv": [3.5, 8.5, 5.5, 9], "texture": "#texture"},
				"up": {"uv": [7, 3.5, 11.5, 5.5], "texture": "#texture"},
				"down": {"uv": [7, 10.5, 11.5, 12.5], "texture": "#texture"}
			}
		},
		{
			"name": "Box28",
			"from": [10.5, 5.5, 3.5],
			"to": [11.5, 6.5, 5.5],
			"faces": {
				"north": {"uv": [4.5, 9.5, 5.5, 10.5], "texture": "#texture1"},
				"east": {"uv": [10.5, 9.5, 12.5, 10.5], "texture": "#texture1"},
				"south": {"uv": [10.5, 9.5, 11.5, 10.5], "texture": "#texture1"},
				"west": {"uv": [3.5, 9.5, 5.5, 10.5], "texture": "#texture1"},
				"up": {"uv": [10.5, 3.5, 11.5, 5.5], "texture": "#texture1"},
				"down": {"uv": [10.5, 10.5, 11.5, 12.5], "texture": "#texture1"}
			}
		},
		{
			"name": "Box29",
			"from": [11.5, 5.5, 3.5],
			"to": [16, 6.5, 5.5],
			"faces": {
				"north": {"uv": [0, 9.5, 4.5, 10.5], "texture": "#texture1"},
				"east": {"uv": [10.5, 9.5, 12.5, 10.5], "texture": "#texture1"},
				"south": {"uv": [11.5, 9.5, 16, 10.5], "texture": "#texture1"},
				"west": {"uv": [3.5, 9.5, 5.5, 10.5], "texture": "#texture1"},
				"up": {"uv": [11.5, 3.5, 16, 5.5], "texture": "#texture1"},
				"down": {"uv": [11.5, 10.5, 16, 12.5], "texture": "#texture1"}
			}
		},
		{
			"name": "Box30",
			"from": [11.5, 7, 3.5],
			"to": [16, 7.5, 5.5],
			"faces": {
				"north": {"uv": [0, 8.5, 4.5, 9], "texture": "#texture"},
				"east": {"uv": [10.5, 8.5, 12.5, 9], "texture": "#texture"},
				"south": {"uv": [11.5, 8.5, 16, 9], "texture": "#texture"},
				"west": {"uv": [3.5, 8.5, 5.5, 9], "texture": "#texture"},
				"up": {"uv": [11.5, 3.5, 16, 5.5], "texture": "#texture"},
				"down": {"uv": [11.5, 10.5, 16, 12.5], "texture": "#texture"}
			}
		},
		{
			"name": "Box31",
			"from": [11.5, 7.5, 3.5],
			"to": [16, 8, 4.5],
			"rotation": {"angle": 22.5, "axis": "x", "origin": [11.5, 7.5, 3.5]},
			"faces": {
				"north": {"uv": [0, 8, 4.5, 8.5], "texture": "#texture"},
				"east": {"uv": [11.5, 8, 12.5, 8.5], "texture": "#texture"},
				"south": {"uv": [11.5, 8, 16, 8.5], "texture": "#texture"},
				"west": {"uv": [3.5, 8, 4.5, 8.5], "texture": "#texture"},
				"up": {"uv": [11.5, 3.5, 16, 4.5], "texture": "#texture"},
				"down": {"uv": [11.5, 11.5, 16, 12.5], "texture": "#texture"}
			}
		},
		{
			"name": "Box31",
			"from": [11.5, 7.5, 4.5],
			"to": [16, 8, 5.5],
			"rotation": {"angle": -22.5, "axis": "x", "origin": [16, 7.5, 5.5]},
			"faces": {
				"north": {"uv": [11.5, 8, 16, 8.5], "texture": "#texture"},
				"east": {"uv": [3.5, 8, 4.5, 8.5], "texture": "#texture"},
				"south": {"uv": [0, 8, 4.5, 8.5], "texture": "#texture"},
				"west": {"uv": [11.5, 8, 12.5, 8.5], "texture": "#texture"},
				"up": {"uv": [11.5, 3.5, 16, 4.5], "rotation": 180, "texture": "#texture"},
				"down": {"uv": [11.5, 11.5, 16, 12.5], "rotation": 180, "texture": "#texture"}
			}
		},
		{
			"name": "Box33",
			"from": [11, 7.5, 3.75],
			"to": [16, 8, 5.25],
			"faces": {
				"north": {"uv": [0, 8, 5, 8.5], "texture": "#texture"},
				"east": {"uv": [10.75, 8, 12.25, 8.5], "texture": "#texture"},
				"south": {"uv": [11, 8, 16, 8.5], "texture": "#texture"},
				"west": {"uv": [3.75, 8, 5.25, 8.5], "texture": "#texture"},
				"up": {"uv": [11, 3.75, 16, 5.25], "texture": "#texture"},
				"down": {"uv": [11, 10.75, 16, 12.25], "texture": "#texture"}
			}
		},
		{
			"name": "Box34",
			"from": [10, 7.5, 4],
			"to": [11, 8, 5],
			"rotation": {"angle": 45, "axis": "z", "origin": [11, 8, 4]},
			"faces": {
				"north": {"uv": [6.5, 8, 5.5, 7.5], "texture": "#texture"},
				"east": {"uv": [14, 7.5, 15, 8], "rotation": 180, "texture": "#texture"},
				"south": {"uv": [10.5, 8, 9.5, 7.5], "texture": "#texture"},
				"west": {"uv": [1, 7.5, 2, 8], "rotation": 180, "texture": "#texture"},
				"up": {"uv": [9.5, 1, 10.5, 2], "rotation": 180, "texture": "#texture"},
				"down": {"uv": [9.5, 14, 10.5, 15], "rotation": 180, "texture": "#texture"}
			}
		},
		{
			"name": "Box35",
			"from": [16, 3.5, 3.5],
			"to": [17, 8, 5.5],
			"faces": {
				"north": {"uv": [15, 8, 16, 12.5], "texture": "#texture1"},
				"east": {"uv": [10.5, 8, 12.5, 12.5], "texture": "#texture1"},
				"south": {"uv": [0, 8, 1, 12.5], "texture": "#texture1"},
				"west": {"uv": [3.5, 8, 5.5, 12.5], "texture": "#texture1"},
				"up": {"uv": [0, 3.5, 1, 5.5], "texture": "#texture1"},
				"down": {"uv": [0, 10.5, 1, 12.5], "texture": "#texture1"}
			}
		},
		{
			"name": "Box36",
			"from": [16, 2.5, 3.5],
			"to": [17, 3.5, 4.5],
			"rotation": {"angle": -22.5, "axis": "x", "origin": [17, 3.5, 3.5]},
			"faces": {
				"north": {"uv": [16, 13.5, 15, 12.5], "texture": "#texture1"},
				"east": {"uv": [14, 12.5, 15, 13.5], "rotation": 180, "texture": "#texture1"},
				"south": {"uv": [1, 13.5, 0, 12.5], "texture": "#texture1"},
				"west": {"uv": [1, 12.5, 2, 13.5], "rotation": 180, "texture": "#texture1"},
				"up": {"uv": [0, 1, 1, 2], "rotation": 180, "texture": "#texture1"},
				"down": {"uv": [0, 14, 1, 15], "rotation": 180, "texture": "#texture1"}
			}
		},
		{
			"name": "Box36",
			"from": [16, 2.5, 4.5],
			"to": [17, 3.5, 5.5],
			"rotation": {"angle": 22.5, "axis": "x", "origin": [16, 3.5, 5.5]},
			"faces": {
				"north": {"uv": [1, 13.5, 0, 12.5], "texture": "#texture1"},
				"east": {"uv": [1, 12.5, 2, 13.5], "rotation": 180, "texture": "#texture1"},
				"south": {"uv": [16, 13.5, 15, 12.5], "texture": "#texture1"},
				"west": {"uv": [14, 12.5, 15, 13.5], "rotation": 180, "texture": "#texture1"},
				"up": {"uv": [0, 1, 1, 2], "texture": "#texture1"},
				"down": {"uv": [0, 14, 1, 15], "texture": "#texture1"}
			}
		},
		{
			"name": "Box38",
			"from": [16, 2.5, 4],
			"to": [17, 3, 5],
			"faces": {
				"north": {"uv": [15, 13, 16, 13.5], "texture": "#texture1"},
				"east": {"uv": [11, 13, 12, 13.5], "texture": "#texture1"},
				"south": {"uv": [0, 13, 1, 13.5], "texture": "#texture1"},
				"west": {"uv": [4, 13, 5, 13.5], "texture": "#texture1"},
				"up": {"uv": [0, 4, 1, 5], "texture": "#texture1"},
				"down": {"uv": [0, 11, 1, 12], "texture": "#texture1"}
			}
		},
		{
			"name": "Box39",
			"from": [15, 3.5, 4],
			"to": [15.5, 6, 5],
			"rotation": {"angle": 22.5, "axis": "z", "origin": [15, 3.5, 4]},
			"faces": {
				"north": {"uv": [15.5, 10, 16, 12.5], "texture": "#texture1"},
				"east": {"uv": [1, 10, 2, 12.5], "texture": "#texture1"},
				"south": {"uv": [0, 10, 0.5, 12.5], "texture": "#texture1"},
				"west": {"uv": [14, 10, 15, 12.5], "texture": "#texture1"},
				"up": {"uv": [0, 14, 0.5, 15], "texture": "#texture1"},
				"down": {"uv": [0, 1, 0.5, 2], "texture": "#texture1"}
			}
		},
		{
			"name": "Box40",
			"from": [15, 3.5, 4],
			"to": [16, 4, 5],
			"faces": {
				"north": {"uv": [0, 12, 1, 12.5], "texture": "#texture1"},
				"east": {"uv": [11, 12, 12, 12.5], "texture": "#texture1"},
				"south": {"uv": [15, 12, 16, 12.5], "texture": "#texture1"},
				"west": {"uv": [4, 12, 5, 12.5], "texture": "#texture1"},
				"up": {"uv": [15, 4, 16, 5], "texture": "#texture1"},
				"down": {"uv": [15, 11, 16, 12], "texture": "#texture1"}
			}
		},
		{
			"name": "Box43",
			"from": [-7.5, 5, 4],
			"to": [-7, 7, 5],
			"faces": {
				"north": {"uv": [7, 9, 7.5, 11], "texture": "#texture1"},
				"east": {"uv": [11, 9, 12, 11], "texture": "#texture1"},
				"south": {"uv": [8.5, 9, 9, 11], "texture": "#texture1"},
				"west": {"uv": [4, 9, 5, 11], "texture": "#texture1"},
				"up": {"uv": [8.5, 4, 9, 5], "texture": "#texture1"},
				"down": {"uv": [8.5, 11, 9, 12], "texture": "#texture1"}
			}
		},
		{
			"name": "Box44",
			"from": [-10, 5.25, 4.25],
			"to": [-7.5, 6.25, 5.25],
			"rotation": {"angle": 45, "axis": "x", "origin": [-10, 6.25, 5.25]},
			"faces": {
				"north": {"uv": [8.5, 10, 6, 9], "texture": "#texture1"},
				"east": {"uv": [11, 9, 12, 10], "rotation": 180, "texture": "#texture1"},
				"south": {"uv": [10, 10, 7.5, 9], "texture": "#texture1"},
				"west": {"uv": [4, 9, 5, 10], "rotation": 180, "texture": "#texture1"},
				"up": {"uv": [6, 11, 8.5, 12], "texture": "#texture1"},
				"down": {"uv": [6, 4, 8.5, 5], "texture": "#texture1"}
			}
		},
		{
			"name": "Box45",
			"from": [-4.5, 10, 4],
			"to": [5.5, 10.5, 5],
			"faces": {
				"north": {"uv": [10.5, 5.5, 16, 6], "texture": "#texture1"},
				"east": {"uv": [11, 5.5, 12, 6], "texture": "#texture1"},
				"south": {"uv": [0, 5.5, 5.5, 6], "texture": "#texture1"},
				"west": {"uv": [4, 5.5, 5, 6], "texture": "#texture1"},
				"up": {"uv": [0, 4, 5.5, 5], "texture": "#texture1"},
				"down": {"uv": [0, 11, 5.5, 12], "texture": "#texture1"}
			}
		},
		{
			"name": "Box46",
			"from": [-2.5, 10, 3.5],
			"to": [2, 11, 5.5],
			"faces": {
				"north": {"uv": [14, 5, 16, 6], "texture": "#texture1"},
				"east": {"uv": [10.5, 5, 12.5, 6], "texture": "#texture1"},
				"south": {"uv": [0, 5, 2, 6], "texture": "#texture1"},
				"west": {"uv": [3.5, 5, 5.5, 6], "texture": "#texture1"},
				"up": {"uv": [0, 3.5, 2, 5.5], "texture": "#texture1"},
				"down": {"uv": [0, 10.5, 2, 12.5], "texture": "#texture1"}
			}
		},
		{
			"name": "Box47",
			"from": [-2.5, 11, 4.25],
			"to": [-2, 11.5, 4.75],
			"rotation": {"angle": -45, "axis": "z", "origin": [-2.5, 11, 4.25]},
			"faces": {
				"north": {"uv": [2, 4.5, 2.5, 5], "texture": "#texture1"},
				"east": {"uv": [11.25, 4.5, 11.75, 5], "texture": "#texture1"},
				"south": {"uv": [13.5, 4.5, 14, 5], "texture": "#texture1"},
				"west": {"uv": [4.25, 4.5, 4.75, 5], "texture": "#texture1"},
				"up": {"uv": [13.5, 4.25, 14, 4.75], "texture": "#texture1"},
				"down": {"uv": [13.5, 11.25, 14, 11.75], "texture": "#texture1"}
			}
		},
		{
			"name": "Box52",
			"from": [-2.5, 11, 4.3],
			"to": [-2.1, 12, 4.7],
			"faces": {
				"north": {"uv": [2.1, 4, 2.5, 5], "texture": "#texture1"},
				"east": {"uv": [11.3, 4, 11.7, 5], "texture": "#texture1"},
				"south": {"uv": [13.5, 4, 13.9, 5], "texture": "#texture1"},
				"west": {"uv": [4.3, 4, 4.7, 5], "texture": "#texture1"},
				"up": {"uv": [13.5, 4.3, 13.9, 4.7], "texture": "#texture1"},
				"down": {"uv": [13.5, 11.3, 13.9, 11.7], "texture": "#texture1"}
			}
		},
		{
			"name": "Box53",
			"from": [0.5, 11, 4],
			"to": [1.5, 11.5, 5],
			"faces": {
				"north": {"uv": [14.5, 4.5, 15.5, 5], "texture": "#texture1"},
				"east": {"uv": [11, 4.5, 12, 5], "texture": "#texture1"},
				"south": {"uv": [0.5, 4.5, 1.5, 5], "texture": "#texture1"},
				"west": {"uv": [4, 4.5, 5, 5], "texture": "#texture1"},
				"up": {"uv": [0.5, 4, 1.5, 5], "texture": "#texture1"},
				"down": {"uv": [0.5, 11, 1.5, 12], "texture": "#texture1"}
			}
		},
		{
			"name": "Box54",
			"from": [0.5, 11, 3.5],
			"to": [1.5, 12, 4],
			"rotation": {"angle": -22.5, "axis": "z", "origin": [0.5, 11, 3.5]},
			"faces": {
				"north": {"uv": [14, 4, 15, 5], "texture": "#texture1"},
				"east": {"uv": [1, 4, 2, 5], "texture": "#texture1"},
				"south": {"uv": [1, 4, 2, 5], "texture": "#texture1"},
				"west": {"uv": [14, 4, 15, 5], "texture": "#texture1"},
				"up": {"uv": [1, 14, 2, 15], "texture": "#texture1"},
				"down": {"uv": [1, 1, 2, 2], "texture": "#texture1"}
			}
		},
		{
			"name": "Box54",
			"from": [0.5, 11, 5],
			"to": [1.5, 12, 5.5],
			"rotation": {"angle": -22.5, "axis": "z", "origin": [0.5, 11, 5]},
			"faces": {
				"north": {"uv": [14, 4, 15, 5], "texture": "#texture1"},
				"east": {"uv": [1, 4, 2, 5], "texture": "#texture1"},
				"south": {"uv": [1, 4, 2, 5], "texture": "#texture1"},
				"west": {"uv": [14, 4, 15, 5], "texture": "#texture1"},
				"up": {"uv": [1, 14, 2, 15], "texture": "#texture1"},
				"down": {"uv": [1, 1, 2, 2], "texture": "#texture1"}
			}
		},
		{
			"name": "Box56",
			"from": [1.5, 11, 3.5],
			"to": [2, 12, 4],
			"faces": {
				"north": {"uv": [14, 4, 14.5, 5], "texture": "#texture1"},
				"east": {"uv": [12, 4, 12.5, 5], "texture": "#texture1"},
				"south": {"uv": [1.5, 4, 2, 5], "texture": "#texture1"},
				"west": {"uv": [3.5, 4, 4, 5], "texture": "#texture1"},
				"up": {"uv": [1.5, 3.5, 2, 4], "texture": "#texture1"},
				"down": {"uv": [1.5, 12, 2, 12.5], "texture": "#texture1"}
			}
		},
		{
			"name": "Box56",
			"from": [1.5, 11, 5],
			"to": [2, 12, 5.5],
			"faces": {
				"north": {"uv": [14, 4, 14.5, 5], "texture": "#texture1"},
				"east": {"uv": [10.5, 4, 11, 5], "texture": "#texture1"},
				"south": {"uv": [1.5, 4, 2, 5], "texture": "#texture1"},
				"west": {"uv": [5, 4, 5.5, 5], "texture": "#texture1"},
				"up": {"uv": [1.5, 5, 2, 5.5], "texture": "#texture1"},
				"down": {"uv": [1.5, 10.5, 2, 11], "texture": "#texture1"}
			}
		},
		{
			"name": "Box58",
			"from": [1, 11.5, 3.5],
			"to": [1.5, 12, 4],
			"faces": {
				"north": {"uv": [14.5, 4, 15, 4.5], "texture": "#texture1"},
				"east": {"uv": [12, 4, 12.5, 4.5], "texture": "#texture1"},
				"south": {"uv": [1, 4, 1.5, 4.5], "texture": "#texture1"},
				"west": {"uv": [3.5, 4, 4, 4.5], "texture": "#texture1"},
				"up": {"uv": [1, 3.5, 1.5, 4], "texture": "#texture1"},
				"down": {"uv": [1, 12, 1.5, 12.5], "texture": "#texture1"}
			}
		},
		{
			"name": "Box58",
			"from": [1, 11.5, 5],
			"to": [1.5, 12, 5.5],
			"faces": {
				"north": {"uv": [14.5, 4, 15, 4.5], "texture": "#texture1"},
				"east": {"uv": [10.5, 4, 11, 4.5], "texture": "#texture1"},
				"south": {"uv": [1, 4, 1.5, 4.5], "texture": "#texture1"},
				"west": {"uv": [5, 4, 5.5, 4.5], "texture": "#texture1"},
				"up": {"uv": [1, 5, 1.5, 5.5], "texture": "#texture1"},
				"down": {"uv": [1, 10.5, 1.5, 11], "texture": "#texture1"}
			}
		},
		{
			"name": "Box60",
			"from": [1, 5, 3.5],
			"to": [4.5, 6.5, 5.5],
			"faces": {
				"north": {"uv": [11.5, 9.5, 15, 11], "texture": "#texture1"},
				"east": {"uv": [10.5, 9.5, 12.5, 11], "texture": "#texture1"},
				"south": {"uv": [1, 9.5, 4.5, 11], "texture": "#texture1"},
				"west": {"uv": [3.5, 9.5, 5.5, 11], "texture": "#texture1"},
				"up": {"uv": [1, 3.5, 4.5, 5.5], "texture": "#texture1"},
				"down": {"uv": [1, 10.5, 4.5, 12.5], "texture": "#texture1"}
			}
		},
		{
			"name": "Box27",
			"from": [7, 6.5, 3.5],
			"to": [11.5, 7, 5.5],
			"faces": {
				"north": {"uv": [4.5, 9, 9, 9.5], "texture": "#texture1"},
				"east": {"uv": [10.5, 9, 12.5, 9.5], "texture": "#texture1"},
				"south": {"uv": [7, 9, 11.5, 9.5], "texture": "#texture1"},
				"west": {"uv": [3.5, 9, 5.5, 9.5], "texture": "#texture1"},
				"up": {"uv": [7, 3.5, 11.5, 5.5], "texture": "#texture1"},
				"down": {"uv": [7, 10.5, 11.5, 12.5], "texture": "#texture1"}
			}
		},
		{
			"name": "Box30",
			"from": [11.5, 6.5, 3.5],
			"to": [16, 7, 5.5],
			"faces": {
				"north": {"uv": [0, 9, 4.5, 9.5], "texture": "#texture1"},
				"east": {"uv": [10.5, 9, 12.5, 9.5], "texture": "#texture1"},
				"south": {"uv": [11.5, 9, 16, 9.5], "texture": "#texture1"},
				"west": {"uv": [3.5, 9, 5.5, 9.5], "texture": "#texture1"},
				"up": {"uv": [11.5, 3.5, 16, 5.5], "texture": "#texture1"},
				"down": {"uv": [11.5, 10.5, 16, 12.5], "texture": "#texture1"}
			}
		},
		{
			"name": "Box57",
			"from": [-6, 5.5, 5.5],
			"to": [-4.5, 7, 7.5],
			"faces": {
				"north": {"uv": [4.5, 9, 6, 10.5], "texture": "#texture"},
				"east": {"uv": [8.5, 9, 10.5, 10.5], "texture": "#texture"},
				"south": {"uv": [10, 9, 11.5, 10.5], "texture": "#texture"},
				"west": {"uv": [5.5, 9, 7.5, 10.5], "texture": "#texture"},
				"up": {"uv": [10, 5.5, 11.5, 7.5], "texture": "#texture"},
				"down": {"uv": [10, 8.5, 11.5, 10.5], "texture": "#texture"}
			}
		},
		{
			"name": "Box58",
			"from": [-5.5, 5, 5.5],
			"to": [-5, 7.5, 11],
			"faces": {
				"north": {"uv": [5, 8.5, 5.5, 11], "texture": "#texture1"},
				"east": {"uv": [5, 8.5, 10.5, 11], "texture": "#texture1"},
				"south": {"uv": [10.5, 8.5, 11, 11], "texture": "#texture1"},
				"west": {"uv": [5.5, 8.5, 11, 11], "texture": "#texture1"},
				"up": {"uv": [10.5, 5.5, 11, 11], "texture": "#texture1"},
				"down": {"uv": [10.5, 5, 11, 10.5], "texture": "#texture1"}
			}
		},
		{
			"name": "Box59",
			"from": [-5.5, 7.5, 5.5],
			"to": [-5, 8.5, 9.5],
			"faces": {
				"north": {"uv": [5, 7.5, 5.5, 8.5], "texture": "#texture1"},
				"east": {"uv": [6.5, 7.5, 10.5, 8.5], "texture": "#texture1"},
				"south": {"uv": [10.5, 7.5, 11, 8.5], "texture": "#texture1"},
				"west": {"uv": [5.5, 7.5, 9.5, 8.5], "texture": "#texture1"},
				"up": {"uv": [10.5, 5.5, 11, 9.5], "texture": "#texture1"},
				"down": {"uv": [10.5, 6.5, 11, 10.5], "texture": "#texture1"}
			}
		},
		{
			"name": "Box60",
			"from": [-5.5, 7.5, 9.5],
			"to": [-5, 8, 10.5],
			"faces": {
				"north": {"uv": [5, 8, 5.5, 8.5], "texture": "#texture1"},
				"east": {"uv": [5.5, 8, 6.5, 8.5], "texture": "#texture1"},
				"south": {"uv": [10.5, 8, 11, 8.5], "texture": "#texture1"},
				"west": {"uv": [9.5, 8, 10.5, 8.5], "texture": "#texture1"},
				"up": {"uv": [10.5, 9.5, 11, 10.5], "texture": "#texture1"},
				"down": {"uv": [10.5, 5.5, 11, 6.5], "texture": "#texture1"}
			}
		},
		{
			"name": "Box57",
			"from": [-6, 5.5, 1.5],
			"to": [-4.5, 7, 3.5],
			"faces": {
				"north": {"uv": [4.5, 9, 6, 10.5], "texture": "#texture"},
				"east": {"uv": [12.5, 9, 14.5, 10.5], "texture": "#texture"},
				"south": {"uv": [10, 9, 11.5, 10.5], "texture": "#texture"},
				"west": {"uv": [1.5, 9, 3.5, 10.5], "texture": "#texture"},
				"up": {"uv": [10, 1.5, 11.5, 3.5], "texture": "#texture"},
				"down": {"uv": [10, 12.5, 11.5, 14.5], "texture": "#texture"}
			}
		},
		{
			"name": "Box58",
			"from": [-5.5, 5, -2],
			"to": [-5, 7.5, 3.5],
			"faces": {
				"north": {"uv": [5, 8.5, 5.5, 11], "texture": "#texture1"},
				"east": {"uv": [12.5, 8.5, 16, 11], "texture": "#texture1"},
				"south": {"uv": [10.5, 8.5, 11, 11], "texture": "#texture1"},
				"west": {"uv": [0, 8.5, 3.5, 11], "texture": "#texture1"},
				"up": {"uv": [10.5, 0, 11, 3.5], "texture": "#texture1"},
				"down": {"uv": [10.5, 12.5, 11, 16], "texture": "#texture1"}
			}
		},
		{
			"name": "Box59",
			"from": [-5.5, 7.5, -0.5],
			"to": [-5, 8.5, 3.5],
			"faces": {
				"north": {"uv": [5, 7.5, 5.5, 8.5], "texture": "#texture1"},
				"east": {"uv": [12.5, 7.5, 16, 8.5], "texture": "#texture1"},
				"south": {"uv": [10.5, 7.5, 11, 8.5], "texture": "#texture1"},
				"west": {"uv": [0, 7.5, 3.5, 8.5], "texture": "#texture1"},
				"up": {"uv": [10.5, 0, 11, 3.5], "texture": "#texture1"},
				"down": {"uv": [10.5, 12.5, 11, 16], "texture": "#texture1"}
			}
		},
		{
			"name": "Box60",
			"from": [-5.5, 7.5, -1.5],
			"to": [-5, 8, -0.5],
			"faces": {
				"north": {"uv": [5, 8, 5.5, 8.5], "texture": "#texture1"},
				"east": {"uv": [0.5, 8, 1.5, 8.5], "texture": "#texture1"},
				"south": {"uv": [10.5, 8, 11, 8.5], "texture": "#texture1"},
				"west": {"uv": [14.5, 8, 15.5, 8.5], "texture": "#texture1"},
				"up": {"uv": [10.5, 14.5, 11, 15.5], "texture": "#texture1"},
				"down": {"uv": [10.5, 0.5, 11, 1.5], "texture": "#texture1"}
			}
		},
		{
			"name": "Box65",
			"from": [-5.5, 5, 11],
			"to": [-5, 7.5, 12],
			"rotation": {"angle": 45, "axis": "y", "origin": [-5.5, 5, 11]},
			"faces": {
				"north": {"uv": [5, 8.5, 5.5, 11], "texture": "#texture1"},
				"east": {"uv": [4, 8.5, 5, 11], "texture": "#texture1"},
				"south": {"uv": [10.5, 8.5, 11, 11], "texture": "#texture1"},
				"west": {"uv": [11, 8.5, 12, 11], "texture": "#texture1"},
				"up": {"uv": [10.5, 11, 11, 12], "texture": "#texture1"},
				"down": {"uv": [10.5, 4, 11, 5], "texture": "#texture1"}
			}
		},
		{
			"name": "Box65",
			"from": [-5.5, 5, -3],
			"to": [-5, 7.5, -2],
			"rotation": {"angle": -45, "axis": "y", "origin": [-5.5, 7.5, -2]},
			"faces": {
				"north": {"uv": [11, 11, 10.5, 8.5], "texture": "#texture1"},
				"east": {"uv": [4, 8.5, 5, 11], "rotation": 180, "texture": "#texture1"},
				"south": {"uv": [5.5, 11, 5, 8.5], "texture": "#texture1"},
				"west": {"uv": [11, 8.5, 12, 11], "rotation": 180, "texture": "#texture1"},
				"up": {"uv": [10.5, 4, 11, 5], "texture": "#texture1"},
				"down": {"uv": [10.5, 11, 11, 12], "texture": "#texture1"}
			}
		},
		{
			"name": "Box67",
			"from": [-5.5, 8.5, 2.5],
			"to": [-5, 10, 3.5],
			"faces": {
				"north": {"uv": [5, 6.5, 5.5, 7.5], "texture": "#texture1"},
				"east": {"uv": [12.5, 6.5, 13.5, 7.5], "texture": "#texture1"},
				"south": {"uv": [10.5, 6.5, 11, 7.5], "texture": "#texture1"},
				"west": {"uv": [2.5, 6.5, 3.5, 7.5], "texture": "#texture1"},
				"up": {"uv": [10.5, 2.5, 11, 3.5], "texture": "#texture1"},
				"down": {"uv": [10.5, 12.5, 11, 13.5], "texture": "#texture1"}
			}
		},
		{
			"name": "Box67",
			"from": [-5.5, 8.5, 5.5],
			"to": [-5, 10, 6.5],
			"faces": {
				"north": {"uv": [5, 6.5, 5.5, 7.5], "texture": "#texture1"},
				"east": {"uv": [12.5, 6.5, 13.5, 7.5], "texture": "#texture1"},
				"south": {"uv": [10.5, 6.5, 11, 7.5], "texture": "#texture1"},
				"west": {"uv": [2.5, 6.5, 3.5, 7.5], "texture": "#texture1"},
				"up": {"uv": [10.5, 2.5, 11, 3.5], "texture": "#texture1"},
				"down": {"uv": [10.5, 12.5, 11, 13.5], "texture": "#texture1"}
			}
		},
		{
			"name": "Box69",
			"from": [-6, 9, 3],
			"to": [-5.5, 10, 6],
			"faces": {
				"north": {"uv": [5.5, 6, 6, 7], "texture": "#texture1"},
				"east": {"uv": [10, 6, 13, 7], "texture": "#texture1"},
				"south": {"uv": [10, 6, 10.5, 7], "texture": "#texture1"},
				"west": {"uv": [3, 6, 6, 7], "texture": "#texture1"},
				"up": {"uv": [10, 3, 10.5, 6], "texture": "#texture1"},
				"down": {"uv": [10, 10, 10.5, 13], "texture": "#texture1"}
			}
		},
		{
			"name": "Box70",
			"from": [-5.75, 5.7929, -0.0429],
			"to": [-5.5, 7.0429, 0.2071],
			"rotation": {"angle": -45, "axis": "x", "origin": [-5.5, 6.5, -0.5]},
			"faces": {
				"north": {"uv": [1, 1, 2, 3.5], "texture": "#texture2"},
				"east": {"uv": [8.5, 1, 9, 3.5], "texture": "#texture2"},
				"south": {"uv": [14, 1, 15, 3.5], "texture": "#texture2"},
				"west": {"uv": [7, 1, 7.5, 3.5], "texture": "#texture2"},
				"up": {"uv": [8.5, 14, 9, 15], "rotation": 270, "texture": "#texture2"},
				"down": {"uv": [8.5, 1, 9, 2], "rotation": 90, "texture": "#texture2"}
			}
		},
		{
			"name": "Box70",
			"from": [-5.75, 6.5, -0.5],
			"to": [-5.5, 7.75, -0.25],
			"rotation": {"angle": 45, "axis": "x", "origin": [-5.5, 6.5, -0.5]},
			"faces": {
				"north": {"uv": [14, 1, 15, 3.5], "texture": "#texture2"},
				"east": {"uv": [7, 1, 7.5, 3.5], "texture": "#texture2"},
				"south": {"uv": [1, 1, 2, 3.5], "texture": "#texture2"},
				"west": {"uv": [8.5, 1, 9, 3.5], "texture": "#texture2"},
				"up": {"uv": [8.5, 14, 9, 15], "rotation": 90, "texture": "#texture2"},
				"down": {"uv": [8.5, 1, 9, 2], "rotation": 270, "texture": "#texture2"}
			}
		},
		{
			"name": "Box70",
			"from": [-5.75, 5.7929, 8.9571],
			"to": [-5.5, 7.0429, 9.2071],
			"rotation": {"angle": -45, "axis": "x", "origin": [-5.5, 6.5, 8.5]},
			"faces": {
				"north": {"uv": [1, 1, 2, 3.5], "texture": "#texture2"},
				"east": {"uv": [8.5, 1, 9, 3.5], "texture": "#texture2"},
				"south": {"uv": [14, 1, 15, 3.5], "texture": "#texture2"},
				"west": {"uv": [7, 1, 7.5, 3.5], "texture": "#texture2"},
				"up": {"uv": [8.5, 14, 9, 15], "rotation": 270, "texture": "#texture2"},
				"down": {"uv": [8.5, 1, 9, 2], "rotation": 90, "texture": "#texture2"}
			}
		},
		{
			"name": "Box70",
			"from": [-5.75, 6.5, 8.5],
			"to": [-5.5, 7.75, 8.75],
			"rotation": {"angle": 45, "axis": "x", "origin": [-5.5, 6.5, 8.5]},
			"faces": {
				"north": {"uv": [14, 1, 15, 3.5], "texture": "#texture2"},
				"east": {"uv": [7, 1, 7.5, 3.5], "texture": "#texture2"},
				"south": {"uv": [1, 1, 2, 3.5], "texture": "#texture2"},
				"west": {"uv": [8.5, 1, 9, 3.5], "texture": "#texture2"},
				"up": {"uv": [8.5, 14, 9, 15], "rotation": 90, "texture": "#texture2"},
				"down": {"uv": [8.5, 1, 9, 2], "rotation": 270, "texture": "#texture2"}
			}
		},
		{
			"name": "Box70",
			"from": [-5, 6.5, 8.5],
			"to": [-4.75, 7.75, 8.75],
			"rotation": {"angle": 45, "axis": "x", "origin": [-4.75, 6.5, 8.5]},
			"faces": {
				"north": {"uv": [14, 1, 15, 3.5], "texture": "#texture2"},
				"east": {"uv": [7, 1, 7.5, 3.5], "texture": "#texture2"},
				"south": {"uv": [1, 1, 2, 3.5], "texture": "#texture2"},
				"west": {"uv": [8.5, 1, 9, 3.5], "texture": "#texture2"},
				"up": {"uv": [8.5, 14, 9, 15], "rotation": 90, "texture": "#texture2"},
				"down": {"uv": [8.5, 1, 9, 2], "rotation": 270, "texture": "#texture2"}
			}
		},
		{
			"name": "Box70",
			"from": [-5, 5.7929, 8.9571],
			"to": [-4.75, 7.0429, 9.2071],
			"rotation": {"angle": -45, "axis": "x", "origin": [-4.75, 6.5, 8.5]},
			"faces": {
				"north": {"uv": [1, 1, 2, 3.5], "texture": "#texture2"},
				"east": {"uv": [8.5, 1, 9, 3.5], "texture": "#texture2"},
				"south": {"uv": [14, 1, 15, 3.5], "texture": "#texture2"},
				"west": {"uv": [7, 1, 7.5, 3.5], "texture": "#texture2"},
				"up": {"uv": [8.5, 14, 9, 15], "rotation": 270, "texture": "#texture2"},
				"down": {"uv": [8.5, 1, 9, 2], "rotation": 90, "texture": "#texture2"}
			}
		},
		{
			"name": "Box70",
			"from": [-5, 6.5, -0.5],
			"to": [-4.75, 7.75, -0.25],
			"rotation": {"angle": 45, "axis": "x", "origin": [-4.75, 6.5, -0.5]},
			"faces": {
				"north": {"uv": [14, 1, 15, 3.5], "texture": "#texture2"},
				"east": {"uv": [7, 1, 7.5, 3.5], "texture": "#texture2"},
				"south": {"uv": [1, 1, 2, 3.5], "texture": "#texture2"},
				"west": {"uv": [8.5, 1, 9, 3.5], "texture": "#texture2"},
				"up": {"uv": [8.5, 14, 9, 15], "rotation": 90, "texture": "#texture2"},
				"down": {"uv": [8.5, 1, 9, 2], "rotation": 270, "texture": "#texture2"}
			}
		},
		{
			"name": "Box70",
			"from": [-5, 5.7929, -0.0429],
			"to": [-4.75, 7.0429, 0.2071],
			"rotation": {"angle": -45, "axis": "x", "origin": [-4.75, 6.5, -0.5]},
			"faces": {
				"north": {"uv": [1, 1, 2, 3.5], "texture": "#texture2"},
				"east": {"uv": [8.5, 1, 9, 3.5], "texture": "#texture2"},
				"south": {"uv": [14, 1, 15, 3.5], "texture": "#texture2"},
				"west": {"uv": [7, 1, 7.5, 3.5], "texture": "#texture2"},
				"up": {"uv": [8.5, 14, 9, 15], "rotation": 270, "texture": "#texture2"},
				"down": {"uv": [8.5, 1, 9, 2], "rotation": 90, "texture": "#texture2"}
			}
		},
		{
			"name": "Box78",
			"from": [6, 4.5, 5.5],
			"to": [6.5, 5.5, 6],
			"rotation": {"angle": 22.5, "axis": "z", "origin": [6, 4.5, 5.5]},
			"faces": {
				"north": {"uv": [10.5, 0, 11, 1], "texture": "#texture2"},
				"east": {"uv": [1, 0, 2, 1], "texture": "#texture2"},
				"south": {"uv": [5, 0, 5.5, 1], "texture": "#texture2"},
				"west": {"uv": [14, 0, 15, 1], "texture": "#texture2"},
				"up": {"uv": [5, 14, 5.5, 15], "texture": "#texture2"},
				"down": {"uv": [5, 1, 5.5, 2], "texture": "#texture2"}
			}
		},
		{
			"name": "Box79",
			"from": [6, 4.5, 5.5],
			"to": [6.5, 5, 6],
			"faces": {
				"north": {"uv": [10.5, 0.5, 11, 1], "texture": "#texture2"},
				"east": {"uv": [1.5, 0.5, 2, 1], "texture": "#texture2"},
				"south": {"uv": [5, 0.5, 5.5, 1], "texture": "#texture2"},
				"west": {"uv": [14, 0.5, 14.5, 1], "texture": "#texture2"},
				"up": {"uv": [5, 14, 5.5, 14.5], "texture": "#texture2"},
				"down": {"uv": [5, 1.5, 5.5, 2], "texture": "#texture2"}
			}
		},
		{
			"name": "Box79",
			"from": [6.5, 4.5, 5.5],
			"to": [8, 5, 6],
			"rotation": {"angle": 22.5, "axis": "z", "origin": [6.5, 4.5, 5.5]},
			"faces": {
				"north": {"uv": [9, 0.5, 10.5, 1], "texture": "#texture2"},
				"east": {"uv": [1, 0.5, 2, 1], "texture": "#texture2"},
				"south": {"uv": [5.5, 0.5, 7, 1], "texture": "#texture2"},
				"west": {"uv": [14, 0.5, 15, 1], "texture": "#texture2"},
				"up": {"uv": [5.5, 14, 7, 15], "texture": "#texture2"},
				"down": {"uv": [5.5, 1, 7, 2], "texture": "#texture2"}
			}
		},
		{
			"name": "Box78",
			"from": [6, 4.5, 3],
			"to": [6.5, 5.5, 3.5],
			"rotation": {"angle": 22.5, "axis": "z", "origin": [6, 4.5, 3]},
			"faces": {
				"north": {"uv": [10.5, 0, 11, 1], "texture": "#texture2"},
				"east": {"uv": [1, 0, 2, 1], "texture": "#texture2"},
				"south": {"uv": [5, 0, 5.5, 1], "texture": "#texture2"},
				"west": {"uv": [14, 0, 15, 1], "texture": "#texture2"},
				"up": {"uv": [5, 14, 5.5, 15], "texture": "#texture2"},
				"down": {"uv": [5, 1, 5.5, 2], "texture": "#texture2"}
			}
		},
		{
			"name": "Box79",
			"from": [6, 4.5, 3],
			"to": [6.5, 5, 3.5],
			"faces": {
				"north": {"uv": [9.5, 11, 10, 11.5], "texture": "#texture2"},
				"east": {"uv": [10, 11, 10.5, 11.5], "texture": "#texture2"},
				"south": {"uv": [6, 11, 6.5, 11.5], "texture": "#texture2"},
				"west": {"uv": [5.5, 11, 6, 11.5], "texture": "#texture2"},
				"up": {"uv": [6, 5.5, 6.5, 6], "texture": "#texture2"},
				"down": {"uv": [6, 10, 6.5, 10.5], "texture": "#texture2"}
			}
		},
		{
			"name": "Box79",
			"from": [6.5, 4.5, 3],
			"to": [8, 5, 3.5],
			"rotation": {"angle": 22.5, "axis": "z", "origin": [6.5, 4.5, 3]},
			"faces": {
				"north": {"uv": [9, 0.5, 10.5, 1], "texture": "#texture2"},
				"east": {"uv": [1, 0.5, 2, 1], "texture": "#texture2"},
				"south": {"uv": [5.5, 0.5, 7, 1], "texture": "#texture2"},
				"west": {"uv": [14, 0.5, 15, 1], "texture": "#texture2"},
				"up": {"uv": [5.5, 14, 7, 15], "texture": "#texture2"},
				"down": {"uv": [5.5, 1, 7, 2], "texture": "#texture2"}
			}
		}
	],
	"display": {
		"thirdperson_righthand": {
			"rotation": [0, -90, 0],
			"translation": [-2.782, 2.7826, 4.1739],
			"scale": [0.8, 0.8, 0.8]
		},
		"thirdperson_lefthand": {
			"rotation": [0, 90, 0],
			"translation": [2.782, 2.7826, 4.1739],
			"scale": [0.8, 0.8, 0.8]
		},
		"firstperson_righthand": {
			"rotation": [0, -90, 0],
			"translation": [-4.869, 3.4782, 3.4782]
		},
		"firstperson_lefthand": {
			"rotation": [0, 90, 0],
			"translation": [-4.869, 3.4782, 3.4782]
		},
		"ground": {
			"rotation": [-90, 0, 0],
			"translation": [6.2608, 0, -4.173],
			"scale": [0.5, 0.5, 0.5]
		},
		"gui": {
			"rotation": [34, 33, -28],
			"translation": [3.4782, 0, 0],
			"scale": [0.6, 0.6, 0.6]
		},
		"head": {
			"translation": [3.25, 2, 2.5],
			"scale": [0.7, 0.7, 0.7]
		},
		"fixed": {
			"translation": [4.8695, 0, 2.7826]
		}
	}
}