{
	"credit": "Designed by Kondzikk01 with Cubik Studio - https://cubik.studio",
	"textures": {
		"ak47": "others/ak47"
	},
	"elements": [
		{
			"name": "Voxels",
			"from": [-1.75, 5, 22.25],
			"to": [0.75, 9, 22.5],
			"faces": {
				"north": {"uv": [3.4375, 15, 2.8125, 16], "texture": "#ak47"},
				"east": {"uv": [8.5, 13.4375, 8.4375, 14.4375], "texture": "#ak47"},
				"south": {"uv": [2.8125, 14, 3.4375, 15], "texture": "#ak47"},
				"west": {"uv": [8.375, 13.4375, 8.4375, 14.4375], "texture": "#ak47"},
				"up": {"uv": [14.375, 15.6875, 15, 15.625], "texture": "#ak47"},
				"down": {"uv": [15.1875, 15, 15.8125, 15.0625], "texture": "#ak47"}
			}
		},
		{
			"name": "Voxels",
			"from": [-1.75, 5.25, 21.5],
			"to": [0.75, 9, 22.25],
			"faces": {
				"north": {"uv": [3.4375, 12.125, 2.8125, 13.0625], "texture": "#ak47"},
				"east": {"uv": [6.25, 8.375, 6.0625, 9.3125], "texture": "#ak47"},
				"south": {"uv": [2.8125, 13.0625, 3.4375, 14], "texture": "#ak47"},
				"west": {"uv": [5.4375, 11.5625, 5.625, 12.5], "texture": "#ak47"},
				"up": {"uv": [13.75, 15.875, 14.375, 15.6875], "texture": "#ak47"},
				"down": {"uv": [4.5625, 8, 5.1875, 8.1875], "texture": "#ak47"}
			}
		},
		{
			"name": "Voxels",
			"from": [-1.75, 5.5, 21],
			"to": [0.5, 9, 21.5],
			"faces": {
				"north": {"uv": [3.375, 8.125, 2.8125, 9], "texture": "#ak47"},
				"east": {"uv": [8, 12.25, 7.875, 13.125], "texture": "#ak47"},
				"south": {"uv": [2.8125, 9, 3.375, 9.875], "texture": "#ak47"},
				"west": {"uv": [7.75, 8, 7.875, 8.875], "texture": "#ak47"},
				"up": {"uv": [9.875, 15.3125, 10.4375, 15.1875], "texture": "#ak47"},
				"down": {"uv": [10.4375, 15.1875, 11, 15.3125], "texture": "#ak47"}
			}
		},
		{
			"name": "Voxels",
			"from": [-1.75, 5.75, 20.5],
			"to": [0.5, 9, 21],
			"faces": {
				"north": {"uv": [5.625, 14.1875, 5.0625, 15], "texture": "#ak47"},
				"east": {"uv": [8.125, 11.4375, 8, 12.25], "texture": "#ak47"},
				"south": {"uv": [3.4375, 12.5, 4, 13.3125], "texture": "#ak47"},
				"west": {"uv": [8, 12.3125, 8.125, 13.125], "texture": "#ak47"},
				"up": {"uv": [6.125, 13.1875, 6.6875, 13.0625], "texture": "#ak47"},
				"down": {"uv": [9.3125, 15.1875, 9.875, 15.3125], "texture": "#ak47"}
			}
		},
		{
			"name": "Voxels",
			"from": [-1.75, 6, 19.75],
			"to": [0.5, 9.25, 20.25],
			"faces": {
				"north": {"uv": [4.5, 14.1875, 3.9375, 15], "texture": "#ak47"},
				"east": {"uv": [8.25, 12.3125, 8.125, 13.125], "texture": "#ak47"},
				"south": {"uv": [4.5, 14.1875, 5.0625, 15], "texture": "#ak47"},
				"west": {"uv": [7.875, 11.4375, 8, 12.25], "texture": "#ak47"},
				"up": {"uv": [12.6875, 15.3125, 13.25, 15.1875], "texture": "#ak47"},
				"down": {"uv": [13.25, 15.1875, 13.8125, 15.3125], "texture": "#ak47"}
			}
		},
		{
			"name": "Voxels",
			"from": [-1.75, 6, 20.25],
			"to": [0.5, 9, 20.5],
			"faces": {
				"north": {"uv": [4, 8.4375, 3.4375, 9.1875], "texture": "#ak47"},
				"east": {"uv": [8.375, 8.25, 8.3125, 9], "texture": "#ak47"},
				"south": {"uv": [4, 9.9375, 4.5625, 10.6875], "texture": "#ak47"},
				"west": {"uv": [8.25, 8.25, 8.3125, 9], "texture": "#ak47"},
				"up": {"uv": [4.5, 13.625, 5.0625, 13.5625], "texture": "#ak47"},
				"down": {"uv": [3.9375, 13.5625, 4.5, 13.625], "texture": "#ak47"}
			}
		},
		{
			"name": "Voxels",
			"from": [-1.75, 6.25, 19.25],
			"to": [0.5, 9.25, 19.75],
			"faces": {
				"north": {"uv": [4.5625, 8.4375, 4, 9.1875], "texture": "#ak47"},
				"east": {"uv": [8, 8.375, 7.875, 9.125], "texture": "#ak47"},
				"south": {"uv": [3.4375, 9.9375, 4, 10.6875], "texture": "#ak47"},
				"west": {"uv": [7.875, 10.375, 8, 11.125], "texture": "#ak47"},
				"up": {"uv": [13.8125, 15.3125, 14.375, 15.1875], "texture": "#ak47"},
				"down": {"uv": [6.6875, 13.0625, 7.25, 13.1875], "texture": "#ak47"}
			}
		},
		{
			"name": "Voxels",
			"from": [-1.75, 6.5, 18.5],
			"to": [0.5, 9.5, 19.25],
			"faces": {
				"north": {"uv": [5.125, 9.9375, 4.5625, 10.6875], "texture": "#ak47"},
				"east": {"uv": [8.0625, 14.4375, 7.875, 15.1875], "texture": "#ak47"},
				"south": {"uv": [3.4375, 9.1875, 4, 9.9375], "texture": "#ak47"},
				"west": {"uv": [8.0625, 14.4375, 8.25, 15.1875], "texture": "#ak47"},
				"up": {"uv": [8.8125, 15.5625, 9.375, 15.375], "texture": "#ak47"},
				"down": {"uv": [8.25, 15.375, 8.8125, 15.5625], "texture": "#ak47"}
			}
		},
		{
			"name": "Voxels",
			"from": [-1.75, 6.75, 18],
			"to": [0.5, 9.75, 18.5],
			"faces": {
				"north": {"uv": [4.5625, 9.1875, 4, 9.9375], "texture": "#ak47"},
				"east": {"uv": [8.25, 10.375, 8.125, 11.125], "texture": "#ak47"},
				"south": {"uv": [4.5625, 9.1875, 5.125, 9.9375], "texture": "#ak47"},
				"west": {"uv": [8, 10.375, 8.125, 11.125], "texture": "#ak47"},
				"up": {"uv": [12.125, 15.3125, 12.6875, 15.1875], "texture": "#ak47"},
				"down": {"uv": [14.375, 15.1875, 14.9375, 15.3125], "texture": "#ak47"}
			}
		},
		{
			"name": "Voxels",
			"from": [-1.75, 7, 17.5],
			"to": [0.5, 9.75, 18],
			"faces": {
				"north": {"uv": [5.25, 10.6875, 4.6875, 11.375], "texture": "#ak47"},
				"east": {"uv": [8.125, 8.4375, 8, 9.125], "texture": "#ak47"},
				"south": {"uv": [4.5625, 8.5, 5.125, 9.1875], "texture": "#ak47"},
				"west": {"uv": [8.125, 8.4375, 8.25, 9.125], "texture": "#ak47"},
				"up": {"uv": [11, 15.3125, 11.5625, 15.1875], "texture": "#ak47"},
				"down": {"uv": [11.5625, 15.1875, 12.125, 15.3125], "texture": "#ak47"}
			}
		},
		{
			"name": "Voxels",
			"from": [-1.75, 7.25, 16.75],
			"to": [0.75, 10, 17.5],
			"faces": {
				"north": {"uv": [5.25, 12.625, 4.625, 13.3125], "texture": "#ak47"},
				"east": {"uv": [8.0625, 13.75, 7.875, 14.4375], "texture": "#ak47"},
				"south": {"uv": [4, 12.625, 4.625, 13.3125], "texture": "#ak47"},
				"west": {"uv": [8.0625, 13.75, 8.25, 14.4375], "texture": "#ak47"},
				"up": {"uv": [15, 15.875, 15.625, 15.6875], "texture": "#ak47"},
				"down": {"uv": [14.375, 15.6875, 15, 15.875], "texture": "#ak47"}
			}
		},
		{
			"name": "Voxels",
			"from": [-1.75, 7.5, 5.5],
			"to": [0.5, 9.75, 16.75],
			"faces": {
				"north": {"uv": [4.5, 13.625, 3.9375, 14.1875], "texture": "#ak47"},
				"east": {"uv": [2.8125, 15.4375, 0, 16], "texture": "#ak47"},
				"south": {"uv": [4.5, 13.625, 5.0625, 14.1875], "texture": "#ak47"},
				"west": {"uv": [0, 14.875, 2.8125, 15.4375], "texture": "#ak47"},
				"up": {"uv": [0.5625, 14.875, 1.125, 12.0625], "texture": "#ak47"},
				"down": {"uv": [0, 12.0625, 0.5625, 14.875], "texture": "#ak47"}
			}
		},
		{
			"name": "Voxels",
			"from": [-1.75, 7.5, 22.5],
			"to": [0.75, 9, 23],
			"faces": {
				"north": {"uv": [7.25, 12.25, 6.625, 12.625], "texture": "#ak47"},
				"east": {"uv": [6.4375, 10.125, 6.3125, 10.5], "texture": "#ak47"},
				"south": {"uv": [6, 12.25, 6.625, 12.625], "texture": "#ak47"},
				"west": {"uv": [6.0625, 8, 6.1875, 8.375], "texture": "#ak47"},
				"up": {"uv": [8.6875, 15.3125, 9.3125, 15.1875], "texture": "#ak47"},
				"down": {"uv": [2.8125, 8, 3.4375, 8.125], "texture": "#ak47"}
			}
		},
		{
			"name": "Voxels",
			"from": [-1.75, 7.75, 3.75],
			"to": [0.5, 9.75, 5.5],
			"faces": {
				"north": {"uv": [6.6875, 13.1875, 6.125, 13.6875], "texture": "#ak47"},
				"east": {"uv": [7.125, 10.5, 6.6875, 11], "texture": "#ak47"},
				"south": {"uv": [6.6875, 13.1875, 7.25, 13.6875], "texture": "#ak47"},
				"west": {"uv": [5.1875, 15.25, 5.625, 15.75], "texture": "#ak47"},
				"up": {"uv": [6.4375, 12.25, 7, 11.8125], "texture": "#ak47"},
				"down": {"uv": [5.875, 11.375, 6.4375, 11.8125], "texture": "#ak47"}
			}
		},
		{
			"name": "Voxels",
			"from": [-1.75, 8, 2],
			"to": [0.5, 9.75, 3.75],
			"faces": {
				"north": {"uv": [4, 8, 3.4375, 8.4375], "texture": "#ak47"},
				"east": {"uv": [6.0625, 8.9375, 5.625, 9.375], "texture": "#ak47"},
				"south": {"uv": [5.875, 11.8125, 6.4375, 12.25], "texture": "#ak47"},
				"west": {"uv": [5.625, 9.375, 6.0625, 9.8125], "texture": "#ak47"},
				"up": {"uv": [4, 8.4375, 4.5625, 8], "texture": "#ak47"},
				"down": {"uv": [7, 11.8125, 7.5625, 12.25], "texture": "#ak47"}
			}
		},
		{
			"name": "Voxels",
			"from": [-1.75, 8.25, 0.25],
			"to": [0.75, 9.75, 2],
			"faces": {
				"north": {"uv": [7.6875, 11.4375, 7.0625, 11.8125], "texture": "#ak47"},
				"east": {"uv": [7.125, 10.125, 6.6875, 10.5], "texture": "#ak47"},
				"south": {"uv": [6.4375, 11.4375, 7.0625, 11.8125], "texture": "#ak47"},
				"west": {"uv": [5.875, 10.125, 6.3125, 10.5], "texture": "#ak47"},
				"up": {"uv": [6.625, 13.0625, 7.25, 12.625], "texture": "#ak47"},
				"down": {"uv": [6, 12.625, 6.625, 13.0625], "texture": "#ak47"}
			}
		},
		{
			"name": "Voxels",
			"from": [-1.75, 8.5, -1],
			"to": [0.75, 9.75, 0.25],
			"faces": {
				"north": {"uv": [6.875, 9.8125, 6.25, 10.125], "texture": "#ak47"},
				"east": {"uv": [8.1875, 11.125, 7.875, 11.4375], "texture": "#ak47"},
				"south": {"uv": [6.875, 9.8125, 7.5, 10.125], "texture": "#ak47"},
				"west": {"uv": [7.4375, 11.125, 7.75, 11.4375], "texture": "#ak47"},
				"up": {"uv": [7.125, 10.4375, 7.75, 10.125], "texture": "#ak47"},
				"down": {"uv": [5.625, 9.8125, 6.25, 10.125], "texture": "#ak47"}
			}
		},
		{
			"name": "Voxels",
			"from": [-1.75, 9.75, -1],
			"to": [-1, 10.5, -0.5],
			"faces": {
				"north": {"uv": [5.625, 11.375, 5.4375, 11.5625], "texture": "#ak47"},
				"east": {"uv": [8.6875, 12.125, 8.5625, 12.3125], "texture": "#ak47"},
				"south": {"uv": [15.8125, 15.375, 16, 15.5625], "texture": "#ak47"},
				"west": {"uv": [3.3125, 9.875, 3.4375, 10.0625], "texture": "#ak47"},
				"up": {"uv": [2.625, 11.0625, 2.8125, 10.9375], "texture": "#ak47"},
				"down": {"uv": [2.625, 11.5, 2.8125, 11.625], "texture": "#ak47"}
			}
		},
		{
			"name": "Voxels",
			"from": [-1.75, 9.75, -0.5],
			"to": [-1.25, 10.5, 8],
			"faces": {
				"north": {"uv": [8.6875, 11.875, 8.5625, 12.0625], "texture": "#ak47"},
				"east": {"uv": [7.75, 15.8125, 5.625, 16], "texture": "#ak47"},
				"south": {"uv": [8.5, 10.375, 8.625, 10.5625], "texture": "#ak47"},
				"west": {"uv": [5.625, 15.625, 7.75, 15.8125], "texture": "#ak47"},
				"up": {"uv": [5.75, 12.25, 5.875, 10.125], "texture": "#ak47"},
				"down": {"uv": [5.625, 10.125, 5.75, 12.25], "texture": "#ak47"}
			}
		},
		{
			"name": "Voxels",
			"from": [-1.75, 9.75, 8],
			"to": [0.75, 10, 13.5],
			"faces": {
				"north": {"uv": [15.8125, 14.9375, 15.1875, 15], "texture": "#ak47"},
				"east": {"uv": [14.25, 15.4375, 12.875, 15.5], "texture": "#ak47"},
				"south": {"uv": [13.75, 15.625, 14.375, 15.6875], "texture": "#ak47"},
				"west": {"uv": [12.875, 15.375, 14.25, 15.4375], "texture": "#ak47"},
				"up": {"uv": [2.125, 14.875, 2.75, 13.5], "texture": "#ak47"},
				"down": {"uv": [2.125, 12.125, 2.75, 13.5], "texture": "#ak47"}
			}
		},
		{
			"name": "Voxels",
			"from": [-1.75, 9.75, 13.5],
			"to": [-0.75, 10, 13.75],
			"faces": {
				"north": {"uv": [9.375, 12.125, 9.125, 12.1875], "texture": "#ak47"},
				"east": {"uv": [9.4375, 10.625, 9.375, 10.6875], "texture": "#ak47"},
				"south": {"uv": [9.125, 11.3125, 9.375, 11.375], "texture": "#ak47"},
				"west": {"uv": [9.4375, 10.625, 9.5, 10.6875], "texture": "#ak47"},
				"up": {"uv": [9.125, 12.25, 9.375, 12.1875], "texture": "#ak47"},
				"down": {"uv": [9.125, 12.75, 9.375, 12.8125], "texture": "#ak47"}
			}
		},
		{
			"name": "Voxels",
			"from": [-1.75, 9.75, 13.75],
			"to": [-1.25, 10, 16.75],
			"faces": {
				"north": {"uv": [9.5, 11.375, 9.375, 11.4375], "texture": "#ak47"},
				"east": {"uv": [11.4375, 15, 10.6875, 15.0625], "texture": "#ak47"},
				"south": {"uv": [9.375, 11.4375, 9.5, 11.5], "texture": "#ak47"},
				"west": {"uv": [14.625, 15.3125, 15.375, 15.375], "texture": "#ak47"},
				"up": {"uv": [8, 10.375, 8.125, 9.625], "texture": "#ak47"},
				"down": {"uv": [7.875, 9.625, 8, 10.375], "texture": "#ak47"}
			}
		},
		{
			"name": "Voxels",
			"from": [-1.75, 10.5, 5],
			"to": [0.75, 11, 8],
			"faces": {
				"north": {"uv": [5.25, 12.5, 4.625, 12.625], "texture": "#ak47"},
				"east": {"uv": [10.625, 15.375, 9.875, 15.5], "texture": "#ak47"},
				"south": {"uv": [4, 12.5, 4.625, 12.625], "texture": "#ak47"},
				"west": {"uv": [10.625, 15.375, 11.375, 15.5], "texture": "#ak47"},
				"up": {"uv": [3.9375, 15.75, 4.5625, 15], "texture": "#ak47"},
				"down": {"uv": [4.5625, 15, 5.1875, 15.75], "texture": "#ak47"}
			}
		},
		{
			"name": "Voxels",
			"from": [-1.75, 11, 6],
			"to": [0.75, 11.25, 7],
			"faces": {
				"north": {"uv": [15.625, 15.625, 15, 15.6875], "texture": "#ak47"},
				"east": {"uv": [9.375, 10.8125, 9.125, 10.875], "texture": "#ak47"},
				"south": {"uv": [15.375, 15.3125, 16, 15.375], "texture": "#ak47"},
				"west": {"uv": [9.125, 11.25, 9.375, 11.3125], "texture": "#ak47"},
				"up": {"uv": [6.75, 9.0625, 7.375, 8.8125], "texture": "#ak47"},
				"down": {"uv": [6.75, 8.5625, 7.375, 8.8125], "texture": "#ak47"}
			}
		},
		{
			"name": "Voxels",
			"from": [-1.75, 11.25, 6],
			"to": [-0.75, 11.5, 7],
			"faces": {
				"north": {"uv": [9.375, 10.75, 9.125, 10.8125], "texture": "#ak47"},
				"east": {"uv": [9.375, 10.3125, 9.125, 10.375], "texture": "#ak47"},
				"south": {"uv": [9.125, 10.6875, 9.375, 10.75], "texture": "#ak47"},
				"west": {"uv": [9.125, 10.625, 9.375, 10.6875], "texture": "#ak47"},
				"up": {"uv": [8.3125, 12.0625, 8.5625, 11.8125], "texture": "#ak47"},
				"down": {"uv": [8.3125, 12.0625, 8.5625, 12.3125], "texture": "#ak47"}
			}
		},
		{
			"name": "Voxels",
			"from": [-1.5, 4.75, 22.25],
			"to": [0.5, 5, 22.5],
			"faces": {
				"north": {"uv": [13.125, 14.5625, 12.625, 14.625], "texture": "#ak47"},
				"east": {"uv": [9.125, 8.1875, 9.0625, 8.25], "texture": "#ak47"},
				"south": {"uv": [12.125, 14.5625, 12.625, 14.625], "texture": "#ak47"},
				"west": {"uv": [9.0625, 8.125, 9.125, 8.1875], "texture": "#ak47"},
				"up": {"uv": [13.125, 14.625, 13.625, 14.5625], "texture": "#ak47"},
				"down": {"uv": [14.125, 14.5625, 14.625, 14.625], "texture": "#ak47"}
			}
		},
		{
			"name": "Voxels",
			"from": [-1.5, 5, 21.75],
			"to": [0.5, 5.25, 22.25],
			"faces": {
				"north": {"uv": [12.125, 14.5625, 11.625, 14.625], "texture": "#ak47"},
				"east": {"uv": [9.5, 11.625, 9.375, 11.6875], "texture": "#ak47"},
				"south": {"uv": [11.125, 14.5625, 11.625, 14.625], "texture": "#ak47"},
				"west": {"uv": [9.375, 11.5625, 9.5, 11.625], "texture": "#ak47"},
				"up": {"uv": [12.1875, 15.1875, 12.6875, 15.0625], "texture": "#ak47"},
				"down": {"uv": [11.6875, 15.0625, 12.1875, 15.1875], "texture": "#ak47"}
			}
		},
		{
			"name": "Voxels",
			"from": [-1.5, 5, 22.5],
			"to": [0.5, 7.5, 22.75],
			"faces": {
				"north": {"uv": [7, 13.6875, 6.5, 14.3125], "texture": "#ak47"},
				"east": {"uv": [8.6875, 8.1875, 8.625, 8.8125], "texture": "#ak47"},
				"south": {"uv": [7, 13.6875, 7.5, 14.3125], "texture": "#ak47"},
				"west": {"uv": [8.5625, 8.1875, 8.625, 8.8125], "texture": "#ak47"},
				"up": {"uv": [12.125, 14.6875, 12.625, 14.625], "texture": "#ak47"},
				"down": {"uv": [10.625, 14.5625, 11.125, 14.625], "texture": "#ak47"}
			}
		},
		{
			"name": "Voxels",
			"from": [-1.5, 5.25, 21.25],
			"to": [0.5, 5.5, 21.5],
			"faces": {
				"north": {"uv": [10.625, 14.625, 10.125, 14.6875], "texture": "#ak47"},
				"east": {"uv": [9.125, 8.8125, 9.0625, 8.875], "texture": "#ak47"},
				"south": {"uv": [9.125, 14.625, 9.625, 14.6875], "texture": "#ak47"},
				"west": {"uv": [9.0625, 8.75, 9.125, 8.8125], "texture": "#ak47"},
				"up": {"uv": [10.625, 14.6875, 11.125, 14.625], "texture": "#ak47"},
				"down": {"uv": [11.125, 14.625, 11.625, 14.6875], "texture": "#ak47"}
			}
		},
		{
			"name": "Voxels",
			"from": [-1.5, 5.5, 20.5],
			"to": [0.5, 5.75, 21],
			"faces": {
				"north": {"uv": [15.625, 14.6875, 15.125, 14.75], "texture": "#ak47"},
				"east": {"uv": [9.5, 11.875, 9.375, 11.9375], "texture": "#ak47"},
				"south": {"uv": [14.625, 14.6875, 15.125, 14.75], "texture": "#ak47"},
				"west": {"uv": [9.375, 11.8125, 9.5, 11.875], "texture": "#ak47"},
				"up": {"uv": [13.1875, 15.1875, 13.6875, 15.0625], "texture": "#ak47"},
				"down": {"uv": [12.6875, 15.0625, 13.1875, 15.1875], "texture": "#ak47"}
			}
		},
		{
			"name": "Voxels",
			"from": [-1.5, 5.5, 22.75],
			"to": [0.5, 7.5, 23],
			"faces": {
				"north": {"uv": [7.75, 13.1875, 7.25, 13.6875], "texture": "#ak47"},
				"east": {"uv": [8.8125, 9.25, 8.75, 9.75], "texture": "#ak47"},
				"south": {"uv": [1.625, 12.0625, 2.125, 12.5625], "texture": "#ak47"},
				"west": {"uv": [7.6875, 9.3125, 7.75, 9.8125], "texture": "#ak47"},
				"up": {"uv": [13.625, 14.75, 14.125, 14.6875], "texture": "#ak47"},
				"down": {"uv": [14.125, 14.6875, 14.625, 14.75], "texture": "#ak47"}
			}
		},
		{
			"name": "Voxels",
			"from": [-1.5, 5.75, 20],
			"to": [0.5, 6, 20.5],
			"faces": {
				"north": {"uv": [13.125, 14.6875, 12.625, 14.75], "texture": "#ak47"},
				"east": {"uv": [9.5, 12.125, 9.375, 12.1875], "texture": "#ak47"},
				"south": {"uv": [12.125, 14.6875, 12.625, 14.75], "texture": "#ak47"},
				"west": {"uv": [9.375, 12.0625, 9.5, 12.125], "texture": "#ak47"},
				"up": {"uv": [14.1875, 15.1875, 14.6875, 15.0625], "texture": "#ak47"},
				"down": {"uv": [13.6875, 15.0625, 14.1875, 15.1875], "texture": "#ak47"}
			}
		},
		{
			"name": "Voxels",
			"from": [-1.5, 6, 19.25],
			"to": [0.5, 6.25, 19.75],
			"faces": {
				"north": {"uv": [11.125, 14.6875, 10.625, 14.75], "texture": "#ak47"},
				"east": {"uv": [9.5, 12.25, 9.375, 12.3125], "texture": "#ak47"},
				"south": {"uv": [12.625, 14.75, 13.125, 14.8125], "texture": "#ak47"},
				"west": {"uv": [9.375, 12.1875, 9.5, 12.25], "texture": "#ak47"},
				"up": {"uv": [15.1875, 15.1875, 15.6875, 15.0625], "texture": "#ak47"},
				"down": {"uv": [14.6875, 15.0625, 15.1875, 15.1875], "texture": "#ak47"}
			}
		},
		{
			"name": "Voxels",
			"from": [-1.5, 6.25, 18.75],
			"to": [0.5, 6.5, 19.25],
			"faces": {
				"north": {"uv": [10.125, 14.75, 9.625, 14.8125], "texture": "#ak47"},
				"east": {"uv": [9.5, 12.5625, 9.375, 12.625], "texture": "#ak47"},
				"south": {"uv": [15.125, 14.8125, 15.625, 14.875], "texture": "#ak47"},
				"west": {"uv": [9.375, 12.5, 9.5, 12.5625], "texture": "#ak47"},
				"up": {"uv": [9.1875, 15.0625, 9.6875, 14.9375], "texture": "#ak47"},
				"down": {"uv": [8.6875, 14.9375, 9.1875, 15.0625], "texture": "#ak47"}
			}
		},
		{
			"name": "Voxels",
			"from": [-1.5, 6.25, 23],
			"to": [0.5, 9.25, 23.25],
			"faces": {
				"north": {"uv": [5.625, 9.9375, 5.125, 10.6875], "texture": "#ak47"},
				"east": {"uv": [8.3125, 9.125, 8.25, 9.875], "texture": "#ak47"},
				"south": {"uv": [5.125, 9.1875, 5.625, 9.9375], "texture": "#ak47"},
				"west": {"uv": [8.625, 10.5625, 8.6875, 11.3125], "texture": "#ak47"},
				"up": {"uv": [11.125, 14.9375, 11.625, 14.875], "texture": "#ak47"},
				"down": {"uv": [11.625, 14.875, 12.125, 14.9375], "texture": "#ak47"}
			}
		},
		{
			"name": "Voxels",
			"from": [-1.5, 6.5, 18.25],
			"to": [0.5, 6.75, 18.5],
			"faces": {
				"north": {"uv": [9.625, 14.5625, 9.125, 14.625], "texture": "#ak47"},
				"east": {"uv": [9.5, 9.875, 9.4375, 9.9375], "texture": "#ak47"},
				"south": {"uv": [15.125, 14.625, 15.625, 14.6875], "texture": "#ak47"},
				"west": {"uv": [9.0625, 12.875, 9.125, 12.9375], "texture": "#ak47"},
				"up": {"uv": [13.625, 14.625, 14.125, 14.5625], "texture": "#ak47"},
				"down": {"uv": [14.625, 14.5625, 15.125, 14.625], "texture": "#ak47"}
			}
		},
		{
			"name": "Voxels",
			"from": [-1.5, 6.75, 17.5],
			"to": [0.5, 7, 18],
			"faces": {
				"north": {"uv": [13.125, 14.625, 12.625, 14.6875], "texture": "#ak47"},
				"east": {"uv": [15.9375, 14.9375, 15.8125, 15], "texture": "#ak47"},
				"south": {"uv": [12.625, 14.8125, 13.125, 14.875], "texture": "#ak47"},
				"west": {"uv": [8.125, 12.25, 8.25, 12.3125], "texture": "#ak47"},
				"up": {"uv": [10.1875, 15.0625, 10.6875, 14.9375], "texture": "#ak47"},
				"down": {"uv": [9.6875, 14.9375, 10.1875, 15.0625], "texture": "#ak47"}
			}
		},
		{
			"name": "Voxels",
			"from": [-1.5, 6.75, 23.25],
			"to": [0.5, 9.25, 23.5],
			"faces": {
				"north": {"uv": [5.5625, 13.5625, 5.0625, 14.1875], "texture": "#ak47"},
				"east": {"uv": [5.625, 13.5625, 5.5625, 14.1875], "texture": "#ak47"},
				"south": {"uv": [5.625, 13.0625, 6.125, 13.6875], "texture": "#ak47"},
				"west": {"uv": [7.6875, 13.6875, 7.75, 14.3125], "texture": "#ak47"},
				"up": {"uv": [15.125, 14.8125, 15.625, 14.75], "texture": "#ak47"},
				"down": {"uv": [10.125, 14.75, 10.625, 14.8125], "texture": "#ak47"}
			}
		},
		{
			"name": "Voxels",
			"from": [-1.5, 7, 17],
			"to": [0.5, 7.25, 17.5],
			"faces": {
				"north": {"uv": [14.125, 14.875, 13.625, 14.9375], "texture": "#ak47"},
				"east": {"uv": [8.25, 8.375, 8.125, 8.4375], "texture": "#ak47"},
				"south": {"uv": [13.125, 14.6875, 13.625, 14.75], "texture": "#ak47"},
				"west": {"uv": [15.8125, 15, 15.9375, 15.0625], "texture": "#ak47"},
				"up": {"uv": [6.25, 8.125, 6.75, 8], "texture": "#ak47"},
				"down": {"uv": [1.5, 8, 2, 8.125], "texture": "#ak47"}
			}
		},
		{
			"name": "Voxels",
			"from": [-1.5, 7.25, 6.25],
			"to": [0.5, 7.5, 10.75],
			"faces": {
				"north": {"uv": [12.125, 14.625, 11.625, 14.6875], "texture": "#ak47"},
				"east": {"uv": [11.125, 15.3125, 10, 15.375], "texture": "#ak47"},
				"south": {"uv": [14.125, 14.625, 14.625, 14.6875], "texture": "#ak47"},
				"west": {"uv": [14.8125, 15.875, 15.9375, 15.9375], "texture": "#ak47"},
				"up": {"uv": [2.8125, 11, 3.3125, 9.875], "texture": "#ak47"},
				"down": {"uv": [2.8125, 11, 3.3125, 12.125], "texture": "#ak47"}
			}
		},
		{
			"name": "Voxels",
			"from": [-1.5, 7.25, 16.25],
			"to": [0.5, 7.5, 16.75],
			"faces": {
				"north": {"uv": [15.125, 14.625, 14.625, 14.6875], "texture": "#ak47"},
				"east": {"uv": [9.5, 12.8125, 9.375, 12.875], "texture": "#ak47"},
				"south": {"uv": [10.125, 14.5625, 10.625, 14.625], "texture": "#ak47"},
				"west": {"uv": [9.375, 11.5, 9.5, 11.5625], "texture": "#ak47"},
				"up": {"uv": [7.25, 13.1875, 7.75, 13.0625], "texture": "#ak47"},
				"down": {"uv": [2, 8, 2.5, 8.125], "texture": "#ak47"}
			}
		},
		{
			"name": "Voxels",
			"from": [-1.5, 7.5, 4.5],
			"to": [0.5, 7.75, 5.5],
			"faces": {
				"north": {"uv": [12.625, 14.875, 12.125, 14.9375], "texture": "#ak47"},
				"east": {"uv": [9.375, 9.8125, 9.125, 9.875], "texture": "#ak47"},
				"south": {"uv": [10.625, 14.875, 11.125, 14.9375], "texture": "#ak47"},
				"west": {"uv": [9.125, 10.25, 9.375, 10.3125], "texture": "#ak47"},
				"up": {"uv": [10.75, 15.875, 11.25, 15.625], "texture": "#ak47"},
				"down": {"uv": [10.25, 15.625, 10.75, 15.875], "texture": "#ak47"}
			}
		},
		{
			"name": "Voxels",
			"from": [-1.5, 7.5, 23.5],
			"to": [0.5, 9.25, 23.75],
			"faces": {
				"north": {"uv": [7.4375, 11, 6.9375, 11.4375], "texture": "#ak47"},
				"east": {"uv": [6.0625, 8, 6, 8.4375], "texture": "#ak47"},
				"south": {"uv": [5.875, 10.9375, 6.375, 11.375], "texture": "#ak47"},
				"west": {"uv": [6.375, 10.9375, 6.4375, 11.375], "texture": "#ak47"},
				"up": {"uv": [9.625, 14.9375, 10.125, 14.875], "texture": "#ak47"},
				"down": {"uv": [10.125, 14.875, 10.625, 14.9375], "texture": "#ak47"}
			}
		},
		{
			"name": "Voxels",
			"from": [-1.5, 7.75, 2.75],
			"to": [0.5, 8, 3.75],
			"faces": {
				"north": {"uv": [10.125, 14.6875, 9.625, 14.75], "texture": "#ak47"},
				"east": {"uv": [9.375, 9.0625, 9.125, 9.125], "texture": "#ak47"},
				"south": {"uv": [9.125, 14.6875, 9.625, 14.75], "texture": "#ak47"},
				"west": {"uv": [9.125, 9.75, 9.375, 9.8125], "texture": "#ak47"},
				"up": {"uv": [11.75, 15.875, 12.25, 15.625], "texture": "#ak47"},
				"down": {"uv": [11.25, 15.625, 11.75, 15.875], "texture": "#ak47"}
			}
		},
		{
			"name": "Voxels",
			"from": [-1.5, 8, 1],
			"to": [0.5, 8.25, 2],
			"faces": {
				"north": {"uv": [15.125, 14.75, 14.625, 14.8125], "texture": "#ak47"},
				"east": {"uv": [9.375, 8.9375, 9.125, 9], "texture": "#ak47"},
				"south": {"uv": [9.125, 14.875, 9.625, 14.9375], "texture": "#ak47"},
				"west": {"uv": [9.125, 9, 9.375, 9.0625], "texture": "#ak47"},
				"up": {"uv": [12.25, 15.875, 12.75, 15.625], "texture": "#ak47"},
				"down": {"uv": [8.25, 15.625, 8.75, 15.875], "texture": "#ak47"}
			}
		},
		{
			"name": "Voxels",
			"from": [-1.5, 8.25, -1],
			"to": [0.5, 8.5, 0.25],
			"faces": {
				"north": {"uv": [14.625, 14.75, 14.125, 14.8125], "texture": "#ak47"},
				"east": {"uv": [2.8125, 8, 2.5, 8.0625], "texture": "#ak47"},
				"south": {"uv": [13.625, 14.75, 14.125, 14.8125], "texture": "#ak47"},
				"west": {"uv": [8.8125, 11.1875, 9.125, 11.25], "texture": "#ak47"},
				"up": {"uv": [6.25, 8.4375, 6.75, 8.125], "texture": "#ak47"},
				"down": {"uv": [6.25, 8.4375, 6.75, 8.75], "texture": "#ak47"}
			}
		},
		{
			"name": "Voxels",
			"from": [-1.5, 8.25, 23.75],
			"to": [0.5, 9.25, 24],
			"faces": {
				"north": {"uv": [10.25, 15.625, 9.75, 15.875], "texture": "#ak47"},
				"east": {"uv": [8.3125, 8, 8.25, 8.25], "texture": "#ak47"},
				"south": {"uv": [9.25, 15.625, 9.75, 15.875], "texture": "#ak47"},
				"west": {"uv": [8.625, 12.3125, 8.6875, 12.5625], "texture": "#ak47"},
				"up": {"uv": [11.625, 14.8125, 12.125, 14.75], "texture": "#ak47"},
				"down": {"uv": [12.125, 14.75, 12.625, 14.8125], "texture": "#ak47"}
			}
		},
		{
			"name": "Voxels",
			"from": [-1.5, 8.5, -1.25],
			"to": [0.5, 10.5, -1],
			"faces": {
				"north": {"uv": [7.75, 12.5625, 7.25, 13.0625], "texture": "#ak47"},
				"east": {"uv": [8.25, 13.25, 8.1875, 13.75], "texture": "#ak47"},
				"south": {"uv": [1.125, 12.0625, 1.625, 12.5625], "texture": "#ak47"},
				"west": {"uv": [8.75, 9.8125, 8.8125, 10.3125], "texture": "#ak47"},
				"up": {"uv": [14.625, 14.875, 15.125, 14.8125], "texture": "#ak47"},
				"down": {"uv": [9.125, 14.75, 9.625, 14.8125], "texture": "#ak47"}
			}
		},
		{
			"name": "Voxels",
			"from": [-1.5, 8.75, 24],
			"to": [0.5, 9, 24.25],
			"faces": {
				"north": {"uv": [11.625, 14.8125, 11.125, 14.875], "texture": "#ak47"},
				"east": {"uv": [9.125, 9.3125, 9.0625, 9.375], "texture": "#ak47"},
				"south": {"uv": [15.125, 14.875, 15.625, 14.9375], "texture": "#ak47"},
				"west": {"uv": [9.0625, 9.125, 9.125, 9.1875], "texture": "#ak47"},
				"up": {"uv": [11.625, 14.875, 12.125, 14.8125], "texture": "#ak47"},
				"down": {"uv": [13.125, 14.8125, 13.625, 14.875], "texture": "#ak47"}
			}
		},
		{
			"name": "Voxels",
			"from": [-1.5, 9, 20.25],
			"to": [0.5, 9.25, 23],
			"faces": {
				"north": {"uv": [13.625, 14.875, 13.125, 14.9375], "texture": "#ak47"},
				"east": {"uv": [2.8125, 12.0625, 2.125, 12.125], "texture": "#ak47"},
				"south": {"uv": [12.625, 14.875, 13.125, 14.9375], "texture": "#ak47"},
				"west": {"uv": [12.9375, 14.9375, 13.625, 15], "texture": "#ak47"},
				"up": {"uv": [5.125, 9.1875, 5.625, 8.5], "texture": "#ak47"},
				"down": {"uv": [6, 13.9375, 6.5, 14.625], "texture": "#ak47"}
			}
		},
		{
			"name": "Voxels",
			"from": [-1.5, 9.25, 19.25],
			"to": [0.5, 9.5, 20],
			"faces": {
				"north": {"uv": [10.125, 14.625, 9.625, 14.6875], "texture": "#ak47"},
				"east": {"uv": [7.75, 9.0625, 7.5625, 9.125], "texture": "#ak47"},
				"south": {"uv": [10.125, 14.6875, 10.625, 14.75], "texture": "#ak47"},
				"west": {"uv": [7.5625, 9.25, 7.75, 9.3125], "texture": "#ak47"},
				"up": {"uv": [9.375, 15.5625, 9.875, 15.375], "texture": "#ak47"},
				"down": {"uv": [11.875, 15.375, 12.375, 15.5625], "texture": "#ak47"}
			}
		},
		{
			"name": "Voxels",
			"from": [-1.5, 9.5, 18.5],
			"to": [0.5, 9.75, 19],
			"faces": {
				"north": {"uv": [11.625, 14.75, 11.125, 14.8125], "texture": "#ak47"},
				"east": {"uv": [8.125, 8.375, 8, 8.4375], "texture": "#ak47"},
				"south": {"uv": [10.625, 14.75, 11.125, 14.8125], "texture": "#ak47"},
				"west": {"uv": [8.5625, 11.8125, 8.6875, 11.875], "texture": "#ak47"},
				"up": {"uv": [15.4375, 15.3125, 15.9375, 15.1875], "texture": "#ak47"},
				"down": {"uv": [14.9375, 15.1875, 15.4375, 15.3125], "texture": "#ak47"}
			}
		},
		{
			"name": "Voxels",
			"from": [-1.5, 9.75, 17.5],
			"to": [0.5, 10, 18],
			"faces": {
				"north": {"uv": [14.125, 14.625, 13.625, 14.6875], "texture": "#ak47"},
				"east": {"uv": [9.5, 11, 9.375, 11.0625], "texture": "#ak47"},
				"south": {"uv": [13.125, 14.625, 13.625, 14.6875], "texture": "#ak47"},
				"west": {"uv": [8.125, 11.4375, 8.25, 11.5], "texture": "#ak47"},
				"up": {"uv": [9.1875, 15.1875, 9.6875, 15.0625], "texture": "#ak47"},
				"down": {"uv": [8.6875, 15.0625, 9.1875, 15.1875], "texture": "#ak47"}
			}
		},
		{
			"name": "Voxels",
			"from": [-1.5, 10, 8],
			"to": [0.5, 10.25, 17.25],
			"faces": {
				"north": {"uv": [15.625, 14.5625, 15.125, 14.625], "texture": "#ak47"},
				"east": {"uv": [12.5, 15.9375, 10.1875, 16], "texture": "#ak47"},
				"south": {"uv": [13.125, 14.75, 13.625, 14.8125], "texture": "#ak47"},
				"west": {"uv": [7.875, 15.9375, 10.1875, 16], "texture": "#ak47"},
				"up": {"uv": [1.125, 14.875, 1.625, 12.5625], "texture": "#ak47"},
				"down": {"uv": [1.625, 12.5625, 2.125, 14.875], "texture": "#ak47"}
			}
		},
		{
			"name": "Voxels",
			"from": [-1.5, 10.5, -1],
			"to": [0.5, 10.75, 5],
			"faces": {
				"north": {"uv": [14.625, 14.875, 14.125, 14.9375], "texture": "#ak47"},
				"east": {"uv": [11.375, 15.5, 9.875, 15.5625], "texture": "#ak47"},
				"south": {"uv": [14.625, 14.875, 15.125, 14.9375], "texture": "#ak47"},
				"west": {"uv": [12.875, 15.5, 14.375, 15.5625], "texture": "#ak47"},
				"up": {"uv": [1.5, 10.9375, 2, 9.4375], "texture": "#ak47"},
				"down": {"uv": [2, 9.4375, 2.5, 10.9375], "texture": "#ak47"}
			}
		},
		{
			"name": "Voxels",
			"from": [-1.5, 10.75, 4.75],
			"to": [0.5, 11, 5],
			"faces": {
				"north": {"uv": [10.625, 14.8125, 10.125, 14.875], "texture": "#ak47"},
				"east": {"uv": [16, 14.9375, 15.9375, 15], "texture": "#ak47"},
				"south": {"uv": [10.625, 14.8125, 11.125, 14.875], "texture": "#ak47"},
				"west": {"uv": [9.0625, 12.8125, 9.125, 12.875], "texture": "#ak47"},
				"up": {"uv": [9.625, 14.875, 10.125, 14.8125], "texture": "#ak47"},
				"down": {"uv": [9.125, 14.8125, 9.625, 14.875], "texture": "#ak47"}
			}
		},
		{
			"name": "Voxels",
			"from": [-1.5, 11, 5],
			"to": [0.5, 11.25, 6],
			"faces": {
				"north": {"uv": [10.125, 14.5625, 9.625, 14.625], "texture": "#ak47"},
				"east": {"uv": [9.4375, 8.4375, 9.1875, 8.5], "texture": "#ak47"},
				"south": {"uv": [12.125, 14.8125, 12.625, 14.875], "texture": "#ak47"},
				"west": {"uv": [9.125, 8.5, 9.375, 8.5625], "texture": "#ak47"},
				"up": {"uv": [6, 13.9375, 6.5, 13.6875], "texture": "#ak47"},
				"down": {"uv": [8.75, 15.625, 9.25, 15.875], "texture": "#ak47"}
			}
		},
		{
			"name": "Voxels",
			"from": [-1.5, 11, 7],
			"to": [0.5, 11.25, 8],
			"faces": {
				"north": {"uv": [14.125, 14.8125, 13.625, 14.875], "texture": "#ak47"},
				"east": {"uv": [9.75, 14.4375, 9.5, 14.5], "texture": "#ak47"},
				"south": {"uv": [14.125, 14.8125, 14.625, 14.875], "texture": "#ak47"},
				"west": {"uv": [9.1875, 8.375, 9.4375, 8.4375], "texture": "#ak47"},
				"up": {"uv": [12.75, 15.875, 13.25, 15.625], "texture": "#ak47"},
				"down": {"uv": [13.25, 15.625, 13.75, 15.875], "texture": "#ak47"}
			}
		},
		{
			"name": "Voxels",
			"from": [-1.5, 11.25, 5.75],
			"to": [-1, 11.5, 6],
			"faces": {
				"north": {"uv": [9.5, 10.8125, 9.375, 10.875], "texture": "#ak47"},
				"east": {"uv": [9.4375, 10.0625, 9.375, 10.125], "texture": "#ak47"},
				"south": {"uv": [9.375, 12.4375, 9.5, 12.5], "texture": "#ak47"},
				"west": {"uv": [9.4375, 9.9375, 9.5, 10], "texture": "#ak47"},
				"up": {"uv": [9.375, 12.0625, 9.5, 12], "texture": "#ak47"},
				"down": {"uv": [9.375, 11.9375, 9.5, 12], "texture": "#ak47"}
			}
		},
		{
			"name": "Voxels",
			"from": [-1.5, 11.5, 6],
			"to": [-1, 11.75, 7],
			"faces": {
				"north": {"uv": [9.5, 11.1875, 9.375, 11.25], "texture": "#ak47"},
				"east": {"uv": [9.0625, 9.375, 8.8125, 9.4375], "texture": "#ak47"},
				"south": {"uv": [9.375, 11.25, 9.5, 11.3125], "texture": "#ak47"},
				"west": {"uv": [8.8125, 9.5625, 9.0625, 9.625], "texture": "#ak47"},
				"up": {"uv": [8.5, 13.0625, 8.625, 12.8125], "texture": "#ak47"},
				"down": {"uv": [8.5, 13.0625, 8.625, 13.3125], "texture": "#ak47"}
			}
		},
		{
			"name": "Voxels",
			"from": [-1.25, 2.5, 7.75],
			"to": [0.25, 7.25, 8],
			"faces": {
				"north": {"uv": [4.3125, 11.3125, 3.9375, 12.5], "texture": "#ak47"},
				"east": {"uv": [2.8125, 13.6875, 2.75, 14.875], "texture": "#ak47"},
				"south": {"uv": [4.3125, 11.3125, 4.6875, 12.5], "texture": "#ak47"},
				"west": {"uv": [2.75, 12.3125, 2.8125, 13.5], "texture": "#ak47"},
				"up": {"uv": [11.25, 14.5625, 11.625, 14.5], "texture": "#ak47"},
				"down": {"uv": [10.875, 14.5, 11.25, 14.5625], "texture": "#ak47"}
			}
		},
		{
			"name": "Voxels",
			"from": [-1.25, 2.75, 7.25],
			"to": [0.25, 6.5, 7.75],
			"faces": {
				"north": {"uv": [7.125, 14.6875, 6.75, 15.625], "texture": "#ak47"},
				"east": {"uv": [3.4375, 10.0625, 3.3125, 11], "texture": "#ak47"},
				"south": {"uv": [7.125, 14.6875, 7.5, 15.625], "texture": "#ak47"},
				"west": {"uv": [3.3125, 11.1875, 3.4375, 12.125], "texture": "#ak47"},
				"up": {"uv": [14.0625, 15.0625, 14.4375, 14.9375], "texture": "#ak47"},
				"down": {"uv": [13.6875, 14.9375, 14.0625, 15.0625], "texture": "#ak47"}
			}
		},
		{
			"name": "Voxels",
			"from": [-1.25, 2.75, 8],
			"to": [0.25, 7.25, 8.25],
			"faces": {
				"north": {"uv": [5.4375, 11.375, 5.0625, 12.5], "texture": "#ak47"},
				"east": {"uv": [8.3125, 13.3125, 8.25, 14.4375], "texture": "#ak47"},
				"south": {"uv": [4.6875, 11.375, 5.0625, 12.5], "texture": "#ak47"},
				"west": {"uv": [8.3125, 13.3125, 8.375, 14.4375], "texture": "#ak47"},
				"up": {"uv": [13.875, 14.5625, 14.25, 14.5], "texture": "#ak47"},
				"down": {"uv": [13.125, 14.5, 13.5, 14.5625], "texture": "#ak47"}
			}
		},
		{
			"name": "Voxels",
			"from": [-1.25, 3, 7],
			"to": [0.25, 6, 7.25],
			"faces": {
				"north": {"uv": [0.375, 8, 0, 8.75], "texture": "#ak47"},
				"east": {"uv": [8.625, 10.5625, 8.5625, 11.3125], "texture": "#ak47"},
				"south": {"uv": [0.375, 8, 0.75, 8.75], "texture": "#ak47"},
				"west": {"uv": [8.5, 10.5625, 8.5625, 11.3125], "texture": "#ak47"},
				"up": {"uv": [9.125, 14.5, 9.5, 14.4375], "texture": "#ak47"},
				"down": {"uv": [15.375, 14.5, 15.75, 14.5625], "texture": "#ak47"}
			}
		},
		{
			"name": "Voxels",
			"from": [-1.25, 3.25, 6.5],
			"to": [0.25, 5, 7],
			"faces": {
				"north": {"uv": [6, 8, 5.625, 8.4375], "texture": "#ak47"},
				"east": {"uv": [8.4375, 11.375, 8.3125, 11.8125], "texture": "#ak47"},
				"south": {"uv": [7.1875, 9.375, 7.5625, 9.8125], "texture": "#ak47"},
				"west": {"uv": [7.5625, 11.8125, 7.6875, 12.25], "texture": "#ak47"},
				"up": {"uv": [8.25, 10, 8.625, 9.875], "texture": "#ak47"},
				"down": {"uv": [11.8125, 14.9375, 12.1875, 15.0625], "texture": "#ak47"}
			}
		},
		{
			"name": "Voxels",
			"from": [-1.25, 3.25, 8.25],
			"to": [0.25, 7.25, 8.5],
			"faces": {
				"north": {"uv": [6.375, 14.625, 6, 15.625], "texture": "#ak47"},
				"east": {"uv": [8.625, 13.4375, 8.5625, 14.4375], "texture": "#ak47"},
				"south": {"uv": [5.625, 14.625, 6, 15.625], "texture": "#ak47"},
				"west": {"uv": [8.5, 13.4375, 8.5625, 14.4375], "texture": "#ak47"},
				"up": {"uv": [9.125, 14.1875, 9.5, 14.125], "texture": "#ak47"},
				"down": {"uv": [9.125, 14.25, 9.5, 14.3125], "texture": "#ak47"}
			}
		},
		{
			"name": "Voxels",
			"from": [-1.25, 3.5, 6],
			"to": [0.25, 4.25, 6.5],
			"faces": {
				"north": {"uv": [16, 15.6875, 15.625, 15.875], "texture": "#ak47"},
				"east": {"uv": [8.6875, 9.6875, 8.5625, 9.875], "texture": "#ak47"},
				"south": {"uv": [7.125, 8, 7.5, 8.1875], "texture": "#ak47"},
				"west": {"uv": [3.3125, 11, 3.4375, 11.1875], "texture": "#ak47"},
				"up": {"uv": [8.25, 9.125, 8.625, 9], "texture": "#ak47"},
				"down": {"uv": [8.3125, 9.1875, 8.6875, 9.3125], "texture": "#ak47"}
			}
		},
		{
			"name": "Voxels",
			"from": [-1.25, 3.5, 8.5],
			"to": [0.25, 7.25, 8.75],
			"faces": {
				"north": {"uv": [6.75, 14.6875, 6.375, 15.625], "texture": "#ak47"},
				"east": {"uv": [8.375, 10.375, 8.3125, 11.3125], "texture": "#ak47"},
				"south": {"uv": [5.625, 13.6875, 6, 14.625], "texture": "#ak47"},
				"west": {"uv": [8.25, 10.375, 8.3125, 11.3125], "texture": "#ak47"},
				"up": {"uv": [9.125, 13.3125, 9.5, 13.25], "texture": "#ak47"},
				"down": {"uv": [9.125, 13.0625, 9.5, 13.125], "texture": "#ak47"}
			}
		},
		{
			"name": "Voxels",
			"from": [-1.25, 4, 8.75],
			"to": [0.25, 7.25, 9],
			"faces": {
				"north": {"uv": [5.625, 12.5, 5.25, 13.3125], "texture": "#ak47"},
				"east": {"uv": [8.5, 10.5, 8.4375, 11.3125], "texture": "#ak47"},
				"south": {"uv": [5.625, 12.25, 6, 13.0625], "texture": "#ak47"},
				"west": {"uv": [8.375, 10.5, 8.4375, 11.3125], "texture": "#ak47"},
				"up": {"uv": [9.125, 14.4375, 9.5, 14.375], "texture": "#ak47"},
				"down": {"uv": [9.125, 14.0625, 9.5, 14.125], "texture": "#ak47"}
			}
		},
		{
			"name": "Voxels",
			"from": [-1.25, 4.25, 6.25],
			"to": [0.25, 4.75, 6.5],
			"faces": {
				"north": {"uv": [12.5625, 14.9375, 12.1875, 15.0625], "texture": "#ak47"},
				"east": {"uv": [9.125, 13.4375, 9.0625, 13.5625], "texture": "#ak47"},
				"south": {"uv": [12.5625, 14.9375, 12.9375, 15.0625], "texture": "#ak47"},
				"west": {"uv": [9.0625, 13.3125, 9.125, 13.4375], "texture": "#ak47"},
				"up": {"uv": [9.125, 13.6875, 9.5, 13.625], "texture": "#ak47"},
				"down": {"uv": [15, 14.5, 15.375, 14.5625], "texture": "#ak47"}
			}
		},
		{
			"name": "Voxels",
			"from": [-1.25, 4.5, 9],
			"to": [0.25, 7.25, 9.25],
			"faces": {
				"north": {"uv": [1.125, 8.0625, 0.75, 8.75], "texture": "#ak47"},
				"east": {"uv": [8.5, 8.125, 8.4375, 8.8125], "texture": "#ak47"},
				"south": {"uv": [1.125, 8.0625, 1.5, 8.75], "texture": "#ak47"},
				"west": {"uv": [8.375, 8.125, 8.4375, 8.8125], "texture": "#ak47"},
				"up": {"uv": [11.625, 14.5625, 12, 14.5], "texture": "#ak47"},
				"down": {"uv": [12, 14.5, 12.375, 14.5625], "texture": "#ak47"}
			}
		},
		{
			"name": "Voxels",
			"from": [-1.25, 5, 6.75],
			"to": [0.25, 5.5, 7],
			"faces": {
				"north": {"uv": [14.8125, 14.9375, 14.4375, 15.0625], "texture": "#ak47"},
				"east": {"uv": [9.125, 13.9375, 9.0625, 14.0625], "texture": "#ak47"},
				"south": {"uv": [14.8125, 14.9375, 15.1875, 15.0625], "texture": "#ak47"},
				"west": {"uv": [9.0625, 13.8125, 9.125, 13.9375], "texture": "#ak47"},
				"up": {"uv": [8.3125, 9.1875, 8.6875, 9.125], "texture": "#ak47"},
				"down": {"uv": [15.625, 14.6875, 16, 14.75], "texture": "#ak47"}
			}
		},
		{
			"name": "Voxels",
			"from": [-1.25, 5, 9.25],
			"to": [0.25, 7.25, 9.5],
			"faces": {
				"north": {"uv": [4.3125, 10.75, 3.9375, 11.3125], "texture": "#ak47"},
				"east": {"uv": [8.8125, 11.4375, 8.75, 12], "texture": "#ak47"},
				"south": {"uv": [4.3125, 10.75, 4.6875, 11.3125], "texture": "#ak47"},
				"west": {"uv": [8.6875, 11.4375, 8.75, 12], "texture": "#ak47"},
				"up": {"uv": [0.75, 8.0625, 1.125, 8], "texture": "#ak47"},
				"down": {"uv": [1.125, 8, 1.5, 8.0625], "texture": "#ak47"}
			}
		},
		{
			"name": "Voxels",
			"from": [-1.25, 5.25, 9.5],
			"to": [0.25, 7.25, 9.75],
			"faces": {
				"north": {"uv": [6, 8.4375, 5.625, 8.9375], "texture": "#ak47"},
				"east": {"uv": [8.75, 9.25, 8.6875, 9.75], "texture": "#ak47"},
				"south": {"uv": [6.0625, 9.3125, 6.4375, 9.8125], "texture": "#ak47"},
				"west": {"uv": [6, 8.4375, 6.0625, 8.9375], "texture": "#ak47"},
				"up": {"uv": [9.125, 13.75, 9.5, 13.6875], "texture": "#ak47"},
				"down": {"uv": [9.125, 13.5625, 9.5, 13.625], "texture": "#ak47"}
			}
		},
		{
			"name": "Voxels",
			"from": [-1.25, 5.25, 15],
			"to": [0.25, 7.5, 15.25],
			"faces": {
				"north": {"uv": [5.625, 10.8125, 5.25, 11.375], "texture": "#ak47"},
				"east": {"uv": [8.75, 12, 8.6875, 12.5625], "texture": "#ak47"},
				"south": {"uv": [7.125, 10.4375, 7.5, 11], "texture": "#ak47"},
				"west": {"uv": [8.75, 12, 8.8125, 12.5625], "texture": "#ak47"},
				"up": {"uv": [9.125, 13.375, 9.5, 13.3125], "texture": "#ak47"},
				"down": {"uv": [9.125, 13.375, 9.5, 13.4375], "texture": "#ak47"}
			}
		},
		{
			"name": "Voxels",
			"from": [-1.25, 5.5, 15.25],
			"to": [0.25, 7.5, 15.75],
			"faces": {
				"north": {"uv": [6.8125, 9.3125, 6.4375, 9.8125], "texture": "#ak47"},
				"east": {"uv": [8.1875, 13.25, 8.0625, 13.75], "texture": "#ak47"},
				"south": {"uv": [6.8125, 9.3125, 7.1875, 9.8125], "texture": "#ak47"},
				"west": {"uv": [7.5625, 9.3125, 7.6875, 9.8125], "texture": "#ak47"},
				"up": {"uv": [5.25, 10.8125, 5.625, 10.6875], "texture": "#ak47"},
				"down": {"uv": [7.875, 8, 8.25, 8.125], "texture": "#ak47"}
			}
		},
		{
			"name": "Voxels",
			"from": [-1.25, 5.5, 15.75],
			"to": [0.25, 6.25, 16],
			"faces": {
				"north": {"uv": [7.125, 8, 6.75, 8.1875], "texture": "#ak47"},
				"east": {"uv": [9.5625, 13.5, 9.5, 13.6875], "texture": "#ak47"},
				"south": {"uv": [8.25, 14.4375, 8.625, 14.625], "texture": "#ak47"},
				"west": {"uv": [9.5, 13.3125, 9.5625, 13.5], "texture": "#ak47"},
				"up": {"uv": [14.25, 14.5625, 14.625, 14.5], "texture": "#ak47"},
				"down": {"uv": [14.625, 14.5, 15, 14.5625], "texture": "#ak47"}
			}
		},
		{
			"name": "Voxels",
			"from": [-1.25, 5.75, 9.75],
			"to": [0.25, 7.25, 10],
			"faces": {
				"north": {"uv": [7.125, 8.1875, 6.75, 8.5625], "texture": "#ak47"},
				"east": {"uv": [9, 12.1875, 8.9375, 12.5625], "texture": "#ak47"},
				"south": {"uv": [7.125, 8.1875, 7.5, 8.5625], "texture": "#ak47"},
				"west": {"uv": [6.1875, 8, 6.25, 8.375], "texture": "#ak47"},
				"up": {"uv": [12.375, 14.5625, 12.75, 14.5], "texture": "#ak47"},
				"down": {"uv": [7.1875, 9.3125, 7.5625, 9.375], "texture": "#ak47"}
			}
		},
		{
			"name": "Voxels",
			"from": [-1.25, 6, 14.75],
			"to": [0.25, 7.5, 15],
			"faces": {
				"north": {"uv": [8.25, 15.5625, 7.875, 15.9375], "texture": "#ak47"},
				"east": {"uv": [9.0625, 12.1875, 9, 12.5625], "texture": "#ak47"},
				"south": {"uv": [7.875, 15.1875, 8.25, 15.5625], "texture": "#ak47"},
				"west": {"uv": [7.6875, 11.4375, 7.75, 11.8125], "texture": "#ak47"},
				"up": {"uv": [15.625, 14.6875, 16, 14.625], "texture": "#ak47"},
				"down": {"uv": [15.625, 14.8125, 16, 14.875], "texture": "#ak47"}
			}
		},
		{
			"name": "Voxels",
			"from": [-1.25, 6.25, 10],
			"to": [0.25, 7.25, 10.25],
			"faces": {
				"north": {"uv": [8.25, 9.125, 7.875, 9.375], "texture": "#ak47"},
				"east": {"uv": [8.6875, 12.5625, 8.625, 12.8125], "texture": "#ak47"},
				"south": {"uv": [7.875, 8.125, 8.25, 8.375], "texture": "#ak47"},
				"west": {"uv": [8.625, 12.8125, 8.6875, 13.0625], "texture": "#ak47"},
				"up": {"uv": [15.625, 14.625, 16, 14.5625], "texture": "#ak47"},
				"down": {"uv": [12.75, 14.5, 13.125, 14.5625], "texture": "#ak47"}
			}
		},
		{
			"name": "Voxels",
			"from": [-1.25, 6.5, 7.5],
			"to": [0.25, 6.75, 7.75],
			"faces": {
				"north": {"uv": [16, 15.5625, 15.625, 15.625], "texture": "#ak47"},
				"east": {"uv": [16, 15, 15.9375, 15.0625], "texture": "#ak47"},
				"south": {"uv": [15.625, 15.625, 16, 15.6875], "texture": "#ak47"},
				"west": {"uv": [9.375, 10, 9.4375, 10.0625], "texture": "#ak47"},
				"up": {"uv": [15.625, 14.9375, 16, 14.875], "texture": "#ak47"},
				"down": {"uv": [15.625, 14.75, 16, 14.8125], "texture": "#ak47"}
			}
		},
		{
			"name": "Voxels",
			"from": [-1.25, 6.5, 10.25],
			"to": [0.25, 7.25, 10.5],
			"faces": {
				"north": {"uv": [8.625, 14.8125, 8.25, 15], "texture": "#ak47"},
				"east": {"uv": [8.6875, 14.625, 8.625, 14.8125], "texture": "#ak47"},
				"south": {"uv": [8.25, 14.625, 8.625, 14.8125], "texture": "#ak47"},
				"west": {"uv": [8.5625, 9.5, 8.625, 9.6875], "texture": "#ak47"},
				"up": {"uv": [6.75, 14.6875, 7.125, 14.625], "texture": "#ak47"},
				"down": {"uv": [7.125, 14.625, 7.5, 14.6875], "texture": "#ak47"}
			}
		},
		{
			"name": "Voxels",
			"from": [-1.25, 7, 10.5],
			"to": [0.25, 7.25, 10.75],
			"faces": {
				"north": {"uv": [9.5, 14.3125, 9.125, 14.375], "texture": "#ak47"},
				"east": {"uv": [9.125, 9.375, 9.0625, 9.4375], "texture": "#ak47"},
				"south": {"uv": [6.375, 14.625, 6.75, 14.6875], "texture": "#ak47"},
				"west": {"uv": [9.0625, 9.4375, 9.125, 9.5], "texture": "#ak47"},
				"up": {"uv": [9.125, 14.0625, 9.5, 14], "texture": "#ak47"},
				"down": {"uv": [9.125, 13.9375, 9.5, 14], "texture": "#ak47"}
			}
		},
		{
			"name": "Voxels",
			"from": [-1.25, 7.25, 10.75],
			"to": [0.25, 7.5, 11],
			"faces": {
				"north": {"uv": [9.5, 13.875, 9.125, 13.9375], "texture": "#ak47"},
				"east": {"uv": [9.4375, 10.3125, 9.375, 10.375], "texture": "#ak47"},
				"south": {"uv": [9.125, 13.4375, 9.5, 13.5], "texture": "#ak47"},
				"west": {"uv": [9.0625, 8.5625, 9.125, 8.625], "texture": "#ak47"},
				"up": {"uv": [4.3125, 10.75, 4.6875, 10.6875], "texture": "#ak47"},
				"down": {"uv": [9.125, 13, 9.5, 13.0625], "texture": "#ak47"}
			}
		},
		{
			"name": "Voxels",
			"from": [-1.25, 7.25, 14.5],
			"to": [0.25, 7.5, 14.75],
			"faces": {
				"north": {"uv": [9.5, 13.75, 9.125, 13.8125], "texture": "#ak47"},
				"east": {"uv": [9.4375, 9.875, 9.375, 9.9375], "texture": "#ak47"},
				"south": {"uv": [9.125, 13.8125, 9.5, 13.875], "texture": "#ak47"},
				"west": {"uv": [9.4375, 10.25, 9.5, 10.3125], "texture": "#ak47"},
				"up": {"uv": [9.125, 13, 9.5, 12.9375], "texture": "#ak47"},
				"down": {"uv": [3.9375, 10.6875, 4.3125, 10.75], "texture": "#ak47"}
			}
		},
		{
			"name": "Voxels",
			"from": [-1.25, 9, -10],
			"to": [0.25, 10, -1.25],
			"faces": {
				"north": {"uv": [7.75, 8.8125, 7.375, 9.0625], "texture": "#ak47"},
				"east": {"uv": [5.625, 13.3125, 3.4375, 13.5625], "texture": "#ak47"},
				"south": {"uv": [5.1875, 15, 5.5625, 15.25], "texture": "#ak47"},
				"west": {"uv": [3.4375, 15.75, 5.625, 16], "texture": "#ak47"},
				"up": {"uv": [1.125, 10.9375, 1.5, 8.75], "texture": "#ak47"},
				"down": {"uv": [0, 8.75, 0.375, 10.9375], "texture": "#ak47"}
			}
		},
		{
			"name": "Voxels",
			"from": [-1.25, 9.75, 4.75],
			"to": [0.75, 10.5, 5],
			"faces": {
				"north": {"uv": [12.875, 15.375, 12.375, 15.5625], "texture": "#ak47"},
				"east": {"uv": [8.6875, 8, 8.625, 8.1875], "texture": "#ak47"},
				"south": {"uv": [14.875, 15.375, 15.375, 15.5625], "texture": "#ak47"},
				"west": {"uv": [8.5625, 8, 8.625, 8.1875], "texture": "#ak47"},
				"up": {"uv": [11.625, 14.75, 12.125, 14.6875], "texture": "#ak47"},
				"down": {"uv": [11.125, 14.6875, 11.625, 14.75], "texture": "#ak47"}
			}
		},
		{
			"name": "Voxels",
			"from": [-1.25, 9.75, 6.25],
			"to": [0.75, 10.5, 8],
			"faces": {
				"north": {"uv": [14.875, 15.375, 14.375, 15.5625], "texture": "#ak47"},
				"east": {"uv": [15.8125, 15.375, 15.375, 15.5625], "texture": "#ak47"},
				"south": {"uv": [11.375, 15.375, 11.875, 15.5625], "texture": "#ak47"},
				"west": {"uv": [8.25, 15.1875, 8.6875, 15.375], "texture": "#ak47"},
				"up": {"uv": [6.4375, 11.4375, 6.9375, 11], "texture": "#ak47"},
				"down": {"uv": [5.875, 10.5, 6.375, 10.9375], "texture": "#ak47"}
			}
		},
		{
			"name": "Voxels",
			"from": [-1.25, 10, -9.5],
			"to": [0.25, 10.25, -8.5],
			"faces": {
				"north": {"uv": [9.5, 13.125, 9.125, 13.1875], "texture": "#ak47"},
				"east": {"uv": [9.375, 12.8125, 9.125, 12.875], "texture": "#ak47"},
				"south": {"uv": [9.125, 13.1875, 9.5, 13.25], "texture": "#ak47"},
				"west": {"uv": [8.8125, 8.4375, 9.0625, 8.5], "texture": "#ak47"},
				"up": {"uv": [7.875, 9.625, 8.25, 9.375], "texture": "#ak47"},
				"down": {"uv": [7.375, 8.5625, 7.75, 8.8125], "texture": "#ak47"}
			}
		},
		{
			"name": "Voxels",
			"from": [-1.25, 10, -0.5],
			"to": [0.75, 10.5, 4.75],
			"faces": {
				"north": {"uv": [10.1875, 15.0625, 9.6875, 15.1875], "texture": "#ak47"},
				"east": {"uv": [7.5625, 9.0625, 6.25, 9.1875], "texture": "#ak47"},
				"south": {"uv": [10.1875, 15.0625, 10.6875, 15.1875], "texture": "#ak47"},
				"west": {"uv": [6.25, 9.1875, 7.5625, 9.3125], "texture": "#ak47"},
				"up": {"uv": [1.5, 9.4375, 2, 8.125], "texture": "#ak47"},
				"down": {"uv": [2, 8.125, 2.5, 9.4375], "texture": "#ak47"}
			}
		},
		{
			"name": "Voxels",
			"from": [-1.25, 10, 5],
			"to": [0.75, 10.5, 6.25],
			"faces": {
				"north": {"uv": [11.1875, 15.0625, 10.6875, 15.1875], "texture": "#ak47"},
				"east": {"uv": [7.75, 11, 7.4375, 11.125], "texture": "#ak47"},
				"south": {"uv": [11.1875, 15.0625, 11.6875, 15.1875], "texture": "#ak47"},
				"west": {"uv": [2.5, 9.4375, 2.8125, 9.5625], "texture": "#ak47"},
				"up": {"uv": [6.25, 9.0625, 6.75, 8.75], "texture": "#ak47"},
				"down": {"uv": [7.25, 12.25, 7.75, 12.5625], "texture": "#ak47"}
			}
		},
		{
			"name": "Voxels",
			"from": [-1.25, 10.25, 8],
			"to": [0.25, 10.75, 8.25],
			"faces": {
				"north": {"uv": [11.8125, 14.9375, 11.4375, 15.0625], "texture": "#ak47"},
				"east": {"uv": [8.5, 13.3125, 8.4375, 13.4375], "texture": "#ak47"},
				"south": {"uv": [8.25, 10, 8.625, 10.125], "texture": "#ak47"},
				"west": {"uv": [8.375, 13.3125, 8.4375, 13.4375], "texture": "#ak47"},
				"up": {"uv": [9.125, 12.9375, 9.5, 12.875], "texture": "#ak47"},
				"down": {"uv": [13.5, 14.5, 13.875, 14.5625], "texture": "#ak47"}
			}
		},
		{
			"name": "Voxels",
			"from": [-1.25, 10.25, 8.25],
			"to": [0.25, 10.5, 17],
			"faces": {
				"north": {"uv": [9.5, 14.1875, 9.125, 14.25], "texture": "#ak47"},
				"east": {"uv": [14.8125, 15.875, 12.625, 15.9375], "texture": "#ak47"},
				"south": {"uv": [9.125, 13.5, 9.5, 13.5625], "texture": "#ak47"},
				"west": {"uv": [8.25, 15.875, 10.4375, 15.9375], "texture": "#ak47"},
				"up": {"uv": [0.375, 10.9375, 0.75, 8.75], "texture": "#ak47"},
				"down": {"uv": [0.75, 8.75, 1.125, 10.9375], "texture": "#ak47"}
			}
		},
		{
			"name": "Voxels",
			"from": [-1, 2.5, 7.5],
			"to": [0, 2.75, 7.75],
			"faces": {
				"north": {"uv": [11.5, 14.4375, 11.25, 14.5], "texture": "#ak47"},
				"east": {"uv": [9.125, 9.1875, 9.0625, 9.25], "texture": "#ak47"},
				"south": {"uv": [8.875, 10.625, 9.125, 10.6875], "texture": "#ak47"},
				"west": {"uv": [9.0625, 9.25, 9.125, 9.3125], "texture": "#ak47"},
				"up": {"uv": [11, 14.5, 11.25, 14.4375], "texture": "#ak47"},
				"down": {"uv": [9.75, 14.4375, 10, 14.5], "texture": "#ak47"}
			}
		},
		{
			"name": "Voxels",
			"from": [-1, 2.5, 8],
			"to": [0, 2.75, 8.25],
			"faces": {
				"north": {"uv": [9.0625, 10.1875, 8.8125, 10.25], "texture": "#ak47"},
				"east": {"uv": [9.125, 8.4375, 9.0625, 8.5], "texture": "#ak47"},
				"south": {"uv": [8.8125, 10.125, 9.0625, 10.1875], "texture": "#ak47"},
				"west": {"uv": [9.0625, 8.5, 9.125, 8.5625], "texture": "#ak47"},
				"up": {"uv": [8.875, 10.4375, 9.125, 10.375], "texture": "#ak47"},
				"down": {"uv": [8.875, 10.5625, 9.125, 10.625], "texture": "#ak47"}
			}
		},
		{
			"name": "Voxels",
			"from": [-1, 2.75, 7],
			"to": [0, 3, 7.25],
			"faces": {
				"north": {"uv": [9.0625, 9.9375, 8.8125, 10], "texture": "#ak47"},
				"east": {"uv": [9.4375, 10.25, 9.375, 10.3125], "texture": "#ak47"},
				"south": {"uv": [8.8125, 9.875, 9.0625, 9.9375], "texture": "#ak47"},
				"west": {"uv": [9.4375, 10.3125, 9.5, 10.375], "texture": "#ak47"},
				"up": {"uv": [8.8125, 10.0625, 9.0625, 10], "texture": "#ak47"},
				"down": {"uv": [8.8125, 10.0625, 9.0625, 10.125], "texture": "#ak47"}
			}
		},
		{
			"name": "Voxels",
			"from": [-1, 2.75, 8.25],
			"to": [0, 3.25, 8.5],
			"faces": {
				"north": {"uv": [9.0625, 12.5625, 8.8125, 12.6875], "texture": "#ak47"},
				"east": {"uv": [9.125, 14.5625, 9.0625, 14.6875], "texture": "#ak47"},
				"south": {"uv": [8.8125, 14.6875, 9.0625, 14.8125], "texture": "#ak47"},
				"west": {"uv": [9.0625, 14.6875, 9.125, 14.8125], "texture": "#ak47"},
				"up": {"uv": [8.8125, 9.6875, 9.0625, 9.625], "texture": "#ak47"},
				"down": {"uv": [8.8125, 9.8125, 9.0625, 9.875], "texture": "#ak47"}
			}
		},
		{
			"name": "Voxels",
			"from": [-1, 3, 6.5],
			"to": [0, 3.25, 7],
			"faces": {
				"north": {"uv": [9.0625, 9.25, 8.8125, 9.3125], "texture": "#ak47"},
				"east": {"uv": [9.5, 12.3125, 9.375, 12.375], "texture": "#ak47"},
				"south": {"uv": [8.8125, 9.3125, 9.0625, 9.375], "texture": "#ak47"},
				"west": {"uv": [9.375, 12.375, 9.5, 12.4375], "texture": "#ak47"},
				"up": {"uv": [8.8125, 14.5625, 9.0625, 14.4375], "texture": "#ak47"},
				"down": {"uv": [8.8125, 14.5625, 9.0625, 14.6875], "texture": "#ak47"}
			}
		},
		{
			"name": "Voxels",
			"from": [-1, 3.25, 6.25],
			"to": [0, 3.5, 6.5],
			"faces": {
				"north": {"uv": [9.0625, 8.9375, 8.8125, 9], "texture": "#ak47"},
				"east": {"uv": [9.125, 9.5, 9.0625, 9.5625], "texture": "#ak47"},
				"south": {"uv": [8.8125, 8.875, 9.0625, 8.9375], "texture": "#ak47"},
				"west": {"uv": [9.0625, 9.5625, 9.125, 9.625], "texture": "#ak47"},
				"up": {"uv": [8.8125, 9.1875, 9.0625, 9.125], "texture": "#ak47"},
				"down": {"uv": [8.8125, 9.1875, 9.0625, 9.25], "texture": "#ak47"}
			}
		},
		{
			"name": "Voxels",
			"from": [-1, 3.25, 8.5],
			"to": [0, 3.5, 8.75],
			"faces": {
				"north": {"uv": [9.0625, 8.6875, 8.8125, 8.75], "texture": "#ak47"},
				"east": {"uv": [9.125, 8.875, 9.0625, 8.9375], "texture": "#ak47"},
				"south": {"uv": [8.8125, 8.625, 9.0625, 8.6875], "texture": "#ak47"},
				"west": {"uv": [9.0625, 8.9375, 9.125, 9], "texture": "#ak47"},
				"up": {"uv": [8.8125, 8.8125, 9.0625, 8.75], "texture": "#ak47"},
				"down": {"uv": [8.8125, 8.8125, 9.0625, 8.875], "texture": "#ak47"}
			}
		},
		{
			"name": "Voxels",
			"from": [-1, 3.5, 5.75],
			"to": [0, 4.25, 6],
			"faces": {
				"north": {"uv": [8.625, 8.8125, 8.375, 9], "texture": "#ak47"},
				"east": {"uv": [9.5, 8.0625, 9.4375, 8.25], "texture": "#ak47"},
				"south": {"uv": [7.5, 10.4375, 7.75, 10.625], "texture": "#ak47"},
				"west": {"uv": [9.375, 8.0625, 9.4375, 8.25], "texture": "#ak47"},
				"up": {"uv": [8.8125, 8.5625, 9.0625, 8.5], "texture": "#ak47"},
				"down": {"uv": [8.8125, 8.5625, 9.0625, 8.625], "texture": "#ak47"}
			}
		},
		{
			"name": "Voxels",
			"from": [-1, 3.75, 8.75],
			"to": [0, 4, 9],
			"faces": {
				"north": {"uv": [9.0625, 8.25, 8.8125, 8.3125], "texture": "#ak47"},
				"east": {"uv": [9.5, 10.6875, 9.4375, 10.75], "texture": "#ak47"},
				"south": {"uv": [8.8125, 8.1875, 9.0625, 8.25], "texture": "#ak47"},
				"west": {"uv": [9.375, 10.6875, 9.4375, 10.75], "texture": "#ak47"},
				"up": {"uv": [8.8125, 8.375, 9.0625, 8.3125], "texture": "#ak47"},
				"down": {"uv": [8.8125, 8.375, 9.0625, 8.4375], "texture": "#ak47"}
			}
		},
		{
			"name": "Voxels",
			"from": [-1, 4, 9],
			"to": [0, 4.5, 9.25],
			"faces": {
				"north": {"uv": [9.0625, 14.3125, 8.8125, 14.4375], "texture": "#ak47"},
				"east": {"uv": [9.125, 13.5625, 9.0625, 13.6875], "texture": "#ak47"},
				"south": {"uv": [8.8125, 14.1875, 9.0625, 14.3125], "texture": "#ak47"},
				"west": {"uv": [9.0625, 13.6875, 9.125, 13.8125], "texture": "#ak47"},
				"up": {"uv": [8.8125, 8.125, 9.0625, 8.0625], "texture": "#ak47"},
				"down": {"uv": [8.8125, 8.125, 9.0625, 8.1875], "texture": "#ak47"}
			}
		},
		{
			"name": "Voxels",
			"from": [-1, 4.25, 6],
			"to": [0, 4.5, 6.25],
			"faces": {
				"north": {"uv": [9.375, 12.4375, 9.125, 12.5], "texture": "#ak47"},
				"east": {"uv": [9.5, 10.125, 9.4375, 10.1875], "texture": "#ak47"},
				"south": {"uv": [9.125, 12.375, 9.375, 12.4375], "texture": "#ak47"},
				"west": {"uv": [9.375, 10.125, 9.4375, 10.1875], "texture": "#ak47"},
				"up": {"uv": [9.125, 12.5625, 9.375, 12.5], "texture": "#ak47"},
				"down": {"uv": [9.125, 12.5625, 9.375, 12.625], "texture": "#ak47"}
			}
		},
		{
			"name": "Voxels",
			"from": [-1, 4.5, 9.25],
			"to": [0, 5, 9.5],
			"faces": {
				"north": {"uv": [9.0625, 14.0625, 8.8125, 14.1875], "texture": "#ak47"},
				"east": {"uv": [9.125, 13.0625, 9.0625, 13.1875], "texture": "#ak47"},
				"south": {"uv": [8.8125, 13.9375, 9.0625, 14.0625], "texture": "#ak47"},
				"west": {"uv": [9.0625, 13.1875, 9.125, 13.3125], "texture": "#ak47"},
				"up": {"uv": [9.125, 12.3125, 9.375, 12.25], "texture": "#ak47"},
				"down": {"uv": [9.125, 12.3125, 9.375, 12.375], "texture": "#ak47"}
			}
		},
		{
			"name": "Voxels",
			"from": [-1, 4.75, 6.25],
			"to": [0, 5, 6.5],
			"faces": {
				"north": {"uv": [9.375, 11.5625, 9.125, 11.625], "texture": "#ak47"},
				"east": {"uv": [13.6875, 14.9375, 13.625, 15], "texture": "#ak47"},
				"south": {"uv": [9.125, 11.5, 9.375, 11.5625], "texture": "#ak47"},
				"west": {"uv": [15.9375, 15.875, 16, 15.9375], "texture": "#ak47"},
				"up": {"uv": [9.125, 11.8125, 9.375, 11.75], "texture": "#ak47"},
				"down": {"uv": [9.125, 11.8125, 9.375, 11.875], "texture": "#ak47"}
			}
		},
		{
			"name": "Voxels",
			"from": [-1, 5, 6.5],
			"to": [0, 5.5, 6.75],
			"faces": {
				"north": {"uv": [9.0625, 13.8125, 8.8125, 13.9375], "texture": "#ak47"},
				"east": {"uv": [14.375, 15.375, 14.3125, 15.5], "texture": "#ak47"},
				"south": {"uv": [8.8125, 13.6875, 9.0625, 13.8125], "texture": "#ak47"},
				"west": {"uv": [14.25, 15.375, 14.3125, 15.5], "texture": "#ak47"},
				"up": {"uv": [9.125, 11.4375, 9.375, 11.375], "texture": "#ak47"},
				"down": {"uv": [9.125, 11.4375, 9.375, 11.5], "texture": "#ak47"}
			}
		},
		{
			"name": "Voxels",
			"from": [-1, 5, 9.5],
			"to": [0, 5.25, 9.75],
			"faces": {
				"north": {"uv": [9.375, 11.0625, 9.125, 11.125], "texture": "#ak47"},
				"east": {"uv": [9.125, 11.375, 9.0625, 11.4375], "texture": "#ak47"},
				"south": {"uv": [9.125, 11, 9.375, 11.0625], "texture": "#ak47"},
				"west": {"uv": [8.9375, 12.125, 9, 12.1875], "texture": "#ak47"},
				"up": {"uv": [9.125, 11.1875, 9.375, 11.125], "texture": "#ak47"},
				"down": {"uv": [9.125, 11.1875, 9.375, 11.25], "texture": "#ak47"}
			}
		},
		{
			"name": "Voxels",
			"from": [-1, 5.25, 14.75],
			"to": [0, 6, 15],
			"faces": {
				"north": {"uv": [8.5625, 9.3125, 8.3125, 9.5], "texture": "#ak47"},
				"east": {"uv": [8.6875, 14.4375, 8.625, 14.625], "texture": "#ak47"},
				"south": {"uv": [8.3125, 9.5, 8.5625, 9.6875], "texture": "#ak47"},
				"west": {"uv": [8.625, 10.375, 8.6875, 10.5625], "texture": "#ak47"},
				"up": {"uv": [9.125, 10.9375, 9.375, 10.875], "texture": "#ak47"},
				"down": {"uv": [9.125, 10.9375, 9.375, 11], "texture": "#ak47"}
			}
		},
		{
			"name": "Voxels",
			"from": [-1, 5.25, 15.25],
			"to": [0, 5.5, 16],
			"faces": {
				"north": {"uv": [9.375, 10.5625, 9.125, 10.625], "texture": "#ak47"},
				"east": {"uv": [7.75, 9.1875, 7.5625, 9.25], "texture": "#ak47"},
				"south": {"uv": [9.125, 10.5, 9.375, 10.5625], "texture": "#ak47"},
				"west": {"uv": [7.5625, 9.125, 7.75, 9.1875], "texture": "#ak47"},
				"up": {"uv": [8.4375, 11.625, 8.6875, 11.4375], "texture": "#ak47"},
				"down": {"uv": [8.3125, 9.6875, 8.5625, 9.875], "texture": "#ak47"}
			}
		},
		{
			"name": "Voxels",
			"from": [-1, 5.5, 6.75],
			"to": [0, 6, 7],
			"faces": {
				"north": {"uv": [9.0625, 13.5625, 8.8125, 13.6875], "texture": "#ak47"},
				"east": {"uv": [16, 15.1875, 15.9375, 15.3125], "texture": "#ak47"},
				"south": {"uv": [8.8125, 13.4375, 9.0625, 13.5625], "texture": "#ak47"},
				"west": {"uv": [8.4375, 8, 8.5, 8.125], "texture": "#ak47"},
				"up": {"uv": [9.125, 10.4375, 9.375, 10.375], "texture": "#ak47"},
				"down": {"uv": [9.125, 10.4375, 9.375, 10.5], "texture": "#ak47"}
			}
		},
		{
			"name": "Voxels",
			"from": [-1, 5.5, 9.75],
			"to": [0, 5.75, 10],
			"faces": {
				"north": {"uv": [9.375, 10.0625, 9.125, 10.125], "texture": "#ak47"},
				"east": {"uv": [9.125, 8.0625, 9.0625, 8.125], "texture": "#ak47"},
				"south": {"uv": [9.125, 10, 9.375, 10.0625], "texture": "#ak47"},
				"west": {"uv": [9.0625, 8.375, 9.125, 8.4375], "texture": "#ak47"},
				"up": {"uv": [9.125, 10.1875, 9.375, 10.125], "texture": "#ak47"},
				"down": {"uv": [9.125, 10.1875, 9.375, 10.25], "texture": "#ak47"}
			}
		},
		{
			"name": "Voxels",
			"from": [-1, 5.75, 10],
			"to": [0, 6.25, 10.25],
			"faces": {
				"north": {"uv": [9.0625, 13.3125, 8.8125, 13.4375], "texture": "#ak47"},
				"east": {"uv": [8.4375, 8, 8.375, 8.125], "texture": "#ak47"},
				"south": {"uv": [8.8125, 13.1875, 9.0625, 13.3125], "texture": "#ak47"},
				"west": {"uv": [8.625, 10, 8.6875, 10.125], "texture": "#ak47"},
				"up": {"uv": [9.125, 9.9375, 9.375, 9.875], "texture": "#ak47"},
				"down": {"uv": [9.125, 9.9375, 9.375, 10], "texture": "#ak47"}
			}
		},
		{
			"name": "Voxels",
			"from": [-1, 6, 7],
			"to": [0, 6.25, 7.25],
			"faces": {
				"north": {"uv": [9.375, 9.5625, 9.125, 9.625], "texture": "#ak47"},
				"east": {"uv": [9.4375, 9.9375, 9.375, 10], "texture": "#ak47"},
				"south": {"uv": [9.125, 9.5, 9.375, 9.5625], "texture": "#ak47"},
				"west": {"uv": [9.4375, 10, 9.5, 10.0625], "texture": "#ak47"},
				"up": {"uv": [9.125, 9.6875, 9.375, 9.625], "texture": "#ak47"},
				"down": {"uv": [9.125, 9.6875, 9.375, 9.75], "texture": "#ak47"}
			}
		},
		{
			"name": "Voxels",
			"from": [-1, 6.25, 10.25],
			"to": [0, 6.5, 10.5],
			"faces": {
				"north": {"uv": [9.375, 9.3125, 9.125, 9.375], "texture": "#ak47"},
				"east": {"uv": [9.125, 12.9375, 9.0625, 13], "texture": "#ak47"},
				"south": {"uv": [9.125, 9.25, 9.375, 9.3125], "texture": "#ak47"},
				"west": {"uv": [9.0625, 13, 9.125, 13.0625], "texture": "#ak47"},
				"up": {"uv": [9.125, 9.4375, 9.375, 9.375], "texture": "#ak47"},
				"down": {"uv": [9.125, 9.4375, 9.375, 9.5], "texture": "#ak47"}
			}
		},
		{
			"name": "Voxels",
			"from": [-1, 6.25, 15.75],
			"to": [0, 7.5, 16],
			"faces": {
				"north": {"uv": [7.75, 9.8125, 7.5, 10.125], "texture": "#ak47"},
				"east": {"uv": [5.625, 8.1875, 5.5625, 8.5], "texture": "#ak47"},
				"south": {"uv": [7.5, 14.3125, 7.75, 14.625], "texture": "#ak47"},
				"west": {"uv": [8.75, 8, 8.8125, 8.3125], "texture": "#ak47"},
				"up": {"uv": [9.125, 9.1875, 9.375, 9.125], "texture": "#ak47"},
				"down": {"uv": [9.125, 9.1875, 9.375, 9.25], "texture": "#ak47"}
			}
		},
		{
			"name": "Voxels",
			"from": [-1, 6.5, 7.25],
			"to": [0, 6.75, 7.5],
			"faces": {
				"north": {"uv": [9.375, 8.75, 9.125, 8.8125], "texture": "#ak47"},
				"east": {"uv": [9.125, 9.625, 9.0625, 9.6875], "texture": "#ak47"},
				"south": {"uv": [9.125, 8.6875, 9.375, 8.75], "texture": "#ak47"},
				"west": {"uv": [9.0625, 9.6875, 9.125, 9.75], "texture": "#ak47"},
				"up": {"uv": [9.125, 8.875, 9.375, 8.8125], "texture": "#ak47"},
				"down": {"uv": [9.125, 8.875, 9.375, 8.9375], "texture": "#ak47"}
			}
		},
		{
			"name": "Voxels",
			"from": [-1, 6.75, 7.5],
			"to": [0, 7.25, 7.75],
			"faces": {
				"north": {"uv": [7.75, 14.625, 7.5, 14.75], "texture": "#ak47"},
				"east": {"uv": [9.125, 14.3125, 9.0625, 14.4375], "texture": "#ak47"},
				"south": {"uv": [8.4375, 11.3125, 8.6875, 11.4375], "texture": "#ak47"},
				"west": {"uv": [9.0625, 14.4375, 9.125, 14.5625], "texture": "#ak47"},
				"up": {"uv": [9.125, 8.625, 9.375, 8.5625], "texture": "#ak47"},
				"down": {"uv": [9.125, 8.625, 9.375, 8.6875], "texture": "#ak47"}
			}
		},
		{
			"name": "Voxels",
			"from": [-1, 7.25, 11],
			"to": [0, 7.5, 14.5],
			"faces": {
				"north": {"uv": [9.4375, 8.3125, 9.1875, 8.375], "texture": "#ak47"},
				"east": {"uv": [14.625, 15.3125, 13.75, 15.375], "texture": "#ak47"},
				"south": {"uv": [9.1875, 8.25, 9.4375, 8.3125], "texture": "#ak47"},
				"west": {"uv": [11.125, 15.3125, 12, 15.375], "texture": "#ak47"},
				"up": {"uv": [6.4375, 11, 6.6875, 10.125], "texture": "#ak47"},
				"down": {"uv": [2.5, 10.0625, 2.75, 10.9375], "texture": "#ak47"}
			}
		},
		{
			"name": "Voxels",
			"from": [-1, 7.25, 16],
			"to": [0, 7.5, 16.25],
			"faces": {
				"north": {"uv": [10.75, 14.4375, 10.5, 14.5], "texture": "#ak47"},
				"east": {"uv": [9.125, 8.25, 9.0625, 8.3125], "texture": "#ak47"},
				"south": {"uv": [10.75, 14.4375, 11, 14.5], "texture": "#ak47"},
				"west": {"uv": [9.0625, 8.3125, 9.125, 8.375], "texture": "#ak47"},
				"up": {"uv": [10.25, 14.5, 10.5, 14.4375], "texture": "#ak47"},
				"down": {"uv": [10, 14.4375, 10.25, 14.5], "texture": "#ak47"}
			}
		},
		{
			"name": "Voxels",
			"from": [-1, 8.75, -10],
			"to": [0, 9, -6.5],
			"faces": {
				"north": {"uv": [11.75, 14.4375, 11.5, 14.5], "texture": "#ak47"},
				"east": {"uv": [12.875, 15.3125, 12, 15.375], "texture": "#ak47"},
				"south": {"uv": [11.75, 14.4375, 12, 14.5], "texture": "#ak47"},
				"west": {"uv": [12.875, 15.3125, 13.75, 15.375], "texture": "#ak47"},
				"up": {"uv": [2.5, 9.4375, 2.75, 8.5625], "texture": "#ak47"},
				"down": {"uv": [7.5, 14.75, 7.75, 15.625], "texture": "#ak47"}
			}
		},
		{
			"name": "Voxels",
			"from": [-1, 9, -10.25],
			"to": [0, 10, -10],
			"faces": {
				"north": {"uv": [8.5, 13.0625, 8.25, 13.3125], "texture": "#ak47"},
				"east": {"uv": [8.6875, 13.0625, 8.625, 13.3125], "texture": "#ak47"},
				"south": {"uv": [8.25, 12.8125, 8.5, 13.0625], "texture": "#ak47"},
				"west": {"uv": [5.5625, 15, 5.625, 15.25], "texture": "#ak47"},
				"up": {"uv": [8.875, 10.5, 9.125, 10.4375], "texture": "#ak47"},
				"down": {"uv": [8.875, 10.5, 9.125, 10.5625], "texture": "#ak47"}
			}
		},
		{
			"name": "Voxels",
			"from": [-1, 9.75, -0.75],
			"to": [0.75, 10.5, -0.5],
			"faces": {
				"north": {"uv": [5.625, 8, 5.1875, 8.1875], "texture": "#ak47"},
				"east": {"uv": [9.5625, 13.6875, 9.5, 13.875], "texture": "#ak47"},
				"south": {"uv": [8.25, 15, 8.6875, 15.1875], "texture": "#ak47"},
				"west": {"uv": [9.5, 13.875, 9.5625, 14.0625], "texture": "#ak47"},
				"up": {"uv": [9.125, 14.5625, 9.5625, 14.5], "texture": "#ak47"},
				"down": {"uv": [9.5625, 14.5, 10, 14.5625], "texture": "#ak47"}
			}
		},
		{
			"name": "Voxels",
			"from": [-1, 10, -10],
			"to": [0, 10.25, -9.5],
			"faces": {
				"north": {"uv": [9.0625, 9.75, 8.8125, 9.8125], "texture": "#ak47"},
				"east": {"uv": [9.5, 10.875, 9.375, 10.9375], "texture": "#ak47"},
				"south": {"uv": [8.8125, 9.6875, 9.0625, 9.75], "texture": "#ak47"},
				"west": {"uv": [9.375, 10.9375, 9.5, 11], "texture": "#ak47"},
				"up": {"uv": [8.8125, 13.0625, 9.0625, 12.9375], "texture": "#ak47"},
				"down": {"uv": [8.8125, 13.0625, 9.0625, 13.1875], "texture": "#ak47"}
			}
		},
		{
			"name": "Voxels",
			"from": [-1, 10, -8.5],
			"to": [0, 10.25, -1.25],
			"faces": {
				"north": {"uv": [9.0625, 9.5, 8.8125, 9.5625], "texture": "#ak47"},
				"east": {"uv": [13.8125, 15.5625, 12, 15.625], "texture": "#ak47"},
				"south": {"uv": [8.8125, 9.4375, 9.0625, 9.5], "texture": "#ak47"},
				"west": {"uv": [13.8125, 15.5625, 15.625, 15.625], "texture": "#ak47"},
				"up": {"uv": [3.4375, 12.5, 3.6875, 10.6875], "texture": "#ak47"},
				"down": {"uv": [3.6875, 10.6875, 3.9375, 12.5], "texture": "#ak47"}
			}
		},
		{
			"name": "Voxels",
			"from": [-1, 10, -1],
			"to": [0.75, 10.5, -0.75],
			"faces": {
				"north": {"uv": [8.6875, 10.125, 8.25, 10.25], "texture": "#ak47"},
				"east": {"uv": [9.125, 14.0625, 9.0625, 14.1875], "texture": "#ak47"},
				"south": {"uv": [8.25, 10.25, 8.6875, 10.375], "texture": "#ak47"},
				"west": {"uv": [9.0625, 14.1875, 9.125, 14.3125], "texture": "#ak47"},
				"up": {"uv": [10.4375, 14.5625, 10.875, 14.5], "texture": "#ak47"},
				"down": {"uv": [10, 14.5, 10.4375, 14.5625], "texture": "#ak47"}
			}
		},
		{
			"name": "Voxels",
			"from": [-1, 10.25, -9.75],
			"to": [0, 11, -9.5],
			"faces": {
				"north": {"uv": [8.6875, 11.625, 8.4375, 11.8125], "texture": "#ak47"},
				"east": {"uv": [8.6875, 9.5, 8.625, 9.6875], "texture": "#ak47"},
				"south": {"uv": [7.5, 8, 7.75, 8.1875], "texture": "#ak47"},
				"west": {"uv": [2.75, 13.5, 2.8125, 13.6875], "texture": "#ak47"},
				"up": {"uv": [8.8125, 9.0625, 9.0625, 9], "texture": "#ak47"},
				"down": {"uv": [8.8125, 9.0625, 9.0625, 9.125], "texture": "#ak47"}
			}
		},
		{
			"name": "Voxels",
			"from": [-1, 10.25, -9.5],
			"to": [-0.75, 11, -9.25],
			"faces": {
				"north": {"uv": [8.625, 9.3125, 8.5625, 9.5], "texture": "#ak47"},
				"east": {"uv": [8.6875, 14.8125, 8.625, 15], "texture": "#ak47"},
				"south": {"uv": [8.625, 9.3125, 8.6875, 9.5], "texture": "#ak47"},
				"west": {"uv": [2.75, 12.125, 2.8125, 12.3125], "texture": "#ak47"},
				"up": {"uv": [9.0625, 12.625, 9.125, 12.5625], "texture": "#ak47"},
				"down": {"uv": [9.0625, 12.625, 9.125, 12.6875], "texture": "#ak47"}
			}
		},
		{
			"name": "Voxels",
			"from": [-1, 10.25, -9.25],
			"to": [0.25, 10.75, -9],
			"faces": {
				"north": {"uv": [9.125, 14.8125, 8.8125, 14.9375], "texture": "#ak47"},
				"east": {"uv": [8.5, 10.375, 8.4375, 10.5], "texture": "#ak47"},
				"south": {"uv": [15.6875, 15.0625, 16, 15.1875], "texture": "#ak47"},
				"west": {"uv": [8.375, 10.375, 8.4375, 10.5], "texture": "#ak47"},
				"up": {"uv": [8.8125, 11.3125, 9.125, 11.25], "texture": "#ak47"},
				"down": {"uv": [8.8125, 11.3125, 9.125, 11.375], "texture": "#ak47"}
			}
		},
		{
			"name": "Voxels",
			"from": [-1, 10.25, -9],
			"to": [0.25, 10.5, -8.75],
			"faces": {
				"north": {"uv": [9.125, 11, 8.8125, 11.0625], "texture": "#ak47"},
				"east": {"uv": [9.125, 10, 9.0625, 10.0625], "texture": "#ak47"},
				"south": {"uv": [8.8125, 10.9375, 9.125, 11], "texture": "#ak47"},
				"west": {"uv": [9.0625, 10.0625, 9.125, 10.125], "texture": "#ak47"},
				"up": {"uv": [8.8125, 11.125, 9.125, 11.0625], "texture": "#ak47"},
				"down": {"uv": [8.8125, 11.125, 9.125, 11.1875], "texture": "#ak47"}
			}
		},
		{
			"name": "Voxels",
			"from": [-1, 10.25, -8.75],
			"to": [-0.75, 10.5, -1.25],
			"faces": {
				"north": {"uv": [9.125, 9.9375, 9.0625, 10], "texture": "#ak47"},
				"east": {"uv": [10.125, 15.5625, 8.25, 15.625], "texture": "#ak47"},
				"south": {"uv": [9.0625, 9.875, 9.125, 9.9375], "texture": "#ak47"},
				"west": {"uv": [10.125, 15.5625, 12, 15.625], "texture": "#ak47"},
				"up": {"uv": [7.75, 10.75, 7.8125, 8.875], "texture": "#ak47"},
				"down": {"uv": [7.8125, 8.875, 7.875, 10.75], "texture": "#ak47"}
			}
		},
		{
			"name": "Voxels",
			"from": [-1, 10.5, 8.25],
			"to": [0, 10.75, 17],
			"faces": {
				"north": {"uv": [9.0625, 8, 8.8125, 8.0625], "texture": "#ak47"},
				"east": {"uv": [14.6875, 15.9375, 12.5, 16], "texture": "#ak47"},
				"south": {"uv": [15.75, 14.5, 16, 14.5625], "texture": "#ak47"},
				"west": {"uv": [10.4375, 15.875, 12.625, 15.9375], "texture": "#ak47"},
				"up": {"uv": [3.4375, 15.75, 3.6875, 13.5625], "texture": "#ak47"},
				"down": {"uv": [3.6875, 13.5625, 3.9375, 15.75], "texture": "#ak47"}
			}
		},
		{
			"name": "Voxels",
			"from": [-0.75, 10.5, -9.5],
			"to": [0.25, 11, -9.25],
			"faces": {
				"north": {"uv": [9.0625, 12.8125, 8.8125, 12.9375], "texture": "#ak47"},
				"east": {"uv": [8.6875, 9, 8.625, 9.125], "texture": "#ak47"},
				"south": {"uv": [8.8125, 12.6875, 9.0625, 12.8125], "texture": "#ak47"},
				"west": {"uv": [8.625, 9.875, 8.6875, 10], "texture": "#ak47"},
				"up": {"uv": [9.125, 12.6875, 9.375, 12.625], "texture": "#ak47"},
				"down": {"uv": [9.125, 12.6875, 9.375, 12.75], "texture": "#ak47"}
			}
		},
		{
			"name": "Voxels",
			"from": [-0.5, 9.75, 13.5],
			"to": [0.75, 10, 13.75],
			"faces": {
				"north": {"uv": [9.125, 10.3125, 8.8125, 10.375], "texture": "#ak47"},
				"east": {"uv": [9.125, 9, 9.0625, 9.0625], "texture": "#ak47"},
				"south": {"uv": [8.8125, 10.25, 9.125, 10.3125], "texture": "#ak47"},
				"west": {"uv": [9.0625, 9.0625, 9.125, 9.125], "texture": "#ak47"},
				"up": {"uv": [8.8125, 10.75, 9.125, 10.6875], "texture": "#ak47"},
				"down": {"uv": [8.8125, 10.75, 9.125, 10.8125], "texture": "#ak47"}
			}
		},
		{
			"name": "Voxels",
			"from": [-0.25, 11.25, 6],
			"to": [0.75, 11.5, 7],
			"faces": {
				"north": {"uv": [9.375, 12.0625, 9.125, 12.125], "texture": "#ak47"},
				"east": {"uv": [9.375, 11.875, 9.125, 11.9375], "texture": "#ak47"},
				"south": {"uv": [9.125, 12, 9.375, 12.0625], "texture": "#ak47"},
				"west": {"uv": [9.125, 11.9375, 9.375, 12], "texture": "#ak47"},
				"up": {"uv": [8.25, 12.5625, 8.5, 12.3125], "texture": "#ak47"},
				"down": {"uv": [8.25, 12.5625, 8.5, 12.8125], "texture": "#ak47"}
			}
		},
		{
			"name": "Voxels",
			"from": [0, 9.75, -1],
			"to": [0.75, 10, -0.75],
			"faces": {
				"north": {"uv": [8.6875, 13.375, 8.5, 13.4375], "texture": "#ak47"},
				"east": {"uv": [9.4375, 10.75, 9.375, 10.8125], "texture": "#ak47"},
				"south": {"uv": [8.5, 13.3125, 8.6875, 13.375], "texture": "#ak47"},
				"west": {"uv": [9.0625, 8, 9.125, 8.0625], "texture": "#ak47"},
				"up": {"uv": [8.0625, 13.1875, 8.25, 13.125], "texture": "#ak47"},
				"down": {"uv": [8.0625, 13.1875, 8.25, 13.25], "texture": "#ak47"}
			}
		},
		{
			"name": "Voxels",
			"from": [0, 10.25, -9.5],
			"to": [0.25, 10.5, -9.25],
			"faces": {
				"north": {"uv": [9.5, 10.5625, 9.4375, 10.625], "texture": "#ak47"},
				"east": {"uv": [9.5, 10.5, 9.4375, 10.5625], "texture": "#ak47"},
				"south": {"uv": [9.4375, 10.0625, 9.5, 10.125], "texture": "#ak47"},
				"west": {"uv": [9.375, 10.5, 9.4375, 10.5625], "texture": "#ak47"},
				"up": {"uv": [9.375, 10.625, 9.4375, 10.5625], "texture": "#ak47"},
				"down": {"uv": [9.4375, 10.75, 9.5, 10.8125], "texture": "#ak47"}
			}
		},
		{
			"name": "Voxels",
			"from": [0, 11.25, 5.75],
			"to": [0.5, 11.5, 6],
			"faces": {
				"north": {"uv": [9.5, 11.3125, 9.375, 11.375], "texture": "#ak47"},
				"east": {"uv": [9.5, 10.4375, 9.4375, 10.5], "texture": "#ak47"},
				"south": {"uv": [9.375, 11.125, 9.5, 11.1875], "texture": "#ak47"},
				"west": {"uv": [9.375, 10.4375, 9.4375, 10.5], "texture": "#ak47"},
				"up": {"uv": [9.375, 11.75, 9.5, 11.6875], "texture": "#ak47"},
				"down": {"uv": [9.375, 11.75, 9.5, 11.8125], "texture": "#ak47"}
			}
		},
		{
			"name": "Voxels",
			"from": [0, 11.5, 6],
			"to": [0.5, 11.75, 7],
			"faces": {
				"north": {"uv": [8.6875, 12.0625, 8.5625, 12.125], "texture": "#ak47"},
				"east": {"uv": [9.375, 11.625, 9.125, 11.6875], "texture": "#ak47"},
				"south": {"uv": [8.3125, 11.3125, 8.4375, 11.375], "texture": "#ak47"},
				"west": {"uv": [9.125, 11.6875, 9.375, 11.75], "texture": "#ak47"},
				"up": {"uv": [8.5, 12.5625, 8.625, 12.3125], "texture": "#ak47"},
				"down": {"uv": [8.5, 12.5625, 8.625, 12.8125], "texture": "#ak47"}
			}
		},
		{
			"name": "Voxels",
			"from": [0.25, 9.75, -0.5],
			"to": [0.75, 10, 4.75],
			"faces": {
				"north": {"uv": [9.5, 11.0625, 9.375, 11.125], "texture": "#ak47"},
				"east": {"uv": [10, 15.3125, 8.6875, 15.375], "texture": "#ak47"},
				"south": {"uv": [8, 12.25, 8.125, 12.3125], "texture": "#ak47"},
				"west": {"uv": [14.6875, 15.9375, 16, 16], "texture": "#ak47"},
				"up": {"uv": [7.75, 12.0625, 7.875, 10.75], "texture": "#ak47"},
				"down": {"uv": [7.75, 14.6875, 7.875, 16], "texture": "#ak47"}
			}
		},
		{
			"name": "Voxels",
			"from": [0.25, 9.75, 5],
			"to": [0.75, 10, 6.25],
			"faces": {
				"north": {"uv": [9.125, 12.125, 9, 12.1875], "texture": "#ak47"},
				"east": {"uv": [9.125, 10.8125, 8.8125, 10.875], "texture": "#ak47"},
				"south": {"uv": [9.375, 12.75, 9.5, 12.8125], "texture": "#ak47"},
				"west": {"uv": [8.8125, 10.875, 9.125, 10.9375], "texture": "#ak47"},
				"up": {"uv": [8.6875, 14.9375, 8.8125, 14.625], "texture": "#ak47"},
				"down": {"uv": [8.6875, 14.3125, 8.8125, 14.625], "texture": "#ak47"}
			}
		},
		{
			"name": "Voxels",
			"from": [0.25, 9.75, 13.75],
			"to": [0.75, 10, 16.75],
			"faces": {
				"north": {"uv": [9.5, 12.6875, 9.375, 12.75], "texture": "#ak47"},
				"east": {"uv": [11.4375, 14.9375, 10.6875, 15], "texture": "#ak47"},
				"south": {"uv": [9.375, 12.625, 9.5, 12.6875], "texture": "#ak47"},
				"west": {"uv": [12.9375, 15, 13.6875, 15.0625], "texture": "#ak47"},
				"up": {"uv": [8.125, 10.375, 8.25, 9.625], "texture": "#ak47"},
				"down": {"uv": [8.125, 11.5, 8.25, 12.25], "texture": "#ak47"}
			}
		},
		{
			"name": "Voxels",
			"from": [0.5, 5.25, 22.5],
			"to": [0.75, 7.5, 22.75],
			"faces": {
				"north": {"uv": [8.8125, 10.875, 8.75, 11.4375], "texture": "#ak47"},
				"east": {"uv": [8.75, 9.75, 8.6875, 10.3125], "texture": "#ak47"},
				"south": {"uv": [8.6875, 10.3125, 8.75, 10.875], "texture": "#ak47"},
				"west": {"uv": [8.75, 10.3125, 8.8125, 10.875], "texture": "#ak47"},
				"up": {"uv": [8.75, 9.8125, 8.8125, 9.75], "texture": "#ak47"},
				"down": {"uv": [8.75, 13.6875, 8.8125, 13.75], "texture": "#ak47"}
			}
		},
		{
			"name": "Voxels",
			"from": [0.5, 5.5, 21.25],
			"to": [0.75, 9, 21.5],
			"faces": {
				"north": {"uv": [3.4375, 8.125, 3.375, 9], "texture": "#ak47"},
				"east": {"uv": [2.8125, 10.0625, 2.75, 10.9375], "texture": "#ak47"},
				"south": {"uv": [3.375, 9, 3.4375, 9.875], "texture": "#ak47"},
				"west": {"uv": [2.75, 8.5625, 2.8125, 9.4375], "texture": "#ak47"},
				"up": {"uv": [9.0625, 12.75, 9.125, 12.6875], "texture": "#ak47"},
				"down": {"uv": [9.0625, 12.75, 9.125, 12.8125], "texture": "#ak47"}
			}
		},
		{
			"name": "Voxels",
			"from": [0.5, 6, 22.75],
			"to": [0.75, 7.5, 23],
			"faces": {
				"north": {"uv": [9.125, 12.1875, 9.0625, 12.5625], "texture": "#ak47"},
				"east": {"uv": [9, 11.75, 8.9375, 12.125], "texture": "#ak47"},
				"south": {"uv": [8.8125, 11.75, 8.875, 12.125], "texture": "#ak47"},
				"west": {"uv": [8.875, 11.75, 8.9375, 12.125], "texture": "#ak47"},
				"up": {"uv": [9.0625, 10.1875, 9.125, 10.125], "texture": "#ak47"},
				"down": {"uv": [9.0625, 10.1875, 9.125, 10.25], "texture": "#ak47"}
			}
		},
		{
			"name": "Voxels",
			"from": [0.5, 6.75, 23],
			"to": [0.75, 9, 23.25],
			"faces": {
				"north": {"uv": [8.8125, 13.75, 8.75, 14.3125], "texture": "#ak47"},
				"east": {"uv": [8.75, 10.875, 8.6875, 11.4375], "texture": "#ak47"},
				"south": {"uv": [8.6875, 13.125, 8.75, 13.6875], "texture": "#ak47"},
				"west": {"uv": [8.75, 13.125, 8.8125, 13.6875], "texture": "#ak47"},
				"up": {"uv": [9.0625, 9.8125, 9.125, 9.75], "texture": "#ak47"},
				"down": {"uv": [9.0625, 9.8125, 9.125, 9.875], "texture": "#ak47"}
			}
		},
		{
			"name": "Voxels",
			"from": [0.5, 7.25, 17.5],
			"to": [0.75, 9.75, 18.25],
			"faces": {
				"north": {"uv": [8.5625, 8.1875, 8.5, 8.8125], "texture": "#ak47"},
				"east": {"uv": [8.0625, 13.125, 7.875, 13.75], "texture": "#ak47"},
				"south": {"uv": [8.6875, 13.6875, 8.75, 14.3125], "texture": "#ak47"},
				"west": {"uv": [7.5, 13.6875, 7.6875, 14.3125], "texture": "#ak47"},
				"up": {"uv": [8.5, 8.1875, 8.5625, 8], "texture": "#ak47"},
				"down": {"uv": [8.625, 8.8125, 8.6875, 9], "texture": "#ak47"}
			}
		},
		{
			"name": "Voxels",
			"from": [0.5, 7.25, 18.25],
			"to": [0.75, 9.25, 19.5],
			"faces": {
				"north": {"uv": [8.75, 8.75, 8.6875, 9.25], "texture": "#ak47"},
				"east": {"uv": [2.8125, 9.5625, 2.5, 10.0625], "texture": "#ak47"},
				"south": {"uv": [8.75, 8.75, 8.8125, 9.25], "texture": "#ak47"},
				"west": {"uv": [2.5, 8.0625, 2.8125, 8.5625], "texture": "#ak47"},
				"up": {"uv": [8.6875, 8.3125, 8.75, 8], "texture": "#ak47"},
				"down": {"uv": [8.1875, 11.125, 8.25, 11.4375], "texture": "#ak47"}
			}
		},
		{
			"name": "Voxels",
			"from": [0.5, 7.25, 23.25],
			"to": [0.75, 9, 23.5],
			"faces": {
				"north": {"uv": [6.4375, 10.5, 6.375, 10.9375], "texture": "#ak47"},
				"east": {"uv": [7.75, 11.8125, 7.6875, 12.25], "texture": "#ak47"},
				"south": {"uv": [8.8125, 12.125, 8.875, 12.5625], "texture": "#ak47"},
				"west": {"uv": [8.875, 12.125, 8.9375, 12.5625], "texture": "#ak47"},
				"up": {"uv": [9.0625, 8.6875, 9.125, 8.625], "texture": "#ak47"},
				"down": {"uv": [9.0625, 8.6875, 9.125, 8.75], "texture": "#ak47"}
			}
		},
		{
			"name": "Voxels",
			"from": [0.5, 7.5, 6.25],
			"to": [0.75, 9.75, 16.75],
			"faces": {
				"north": {"uv": [8.75, 12.5625, 8.6875, 13.125], "texture": "#ak47"},
				"east": {"uv": [2.625, 10.9375, 0, 11.5], "texture": "#ak47"},
				"south": {"uv": [8.75, 12.5625, 8.8125, 13.125], "texture": "#ak47"},
				"west": {"uv": [0, 11.5, 2.625, 12.0625], "texture": "#ak47"},
				"up": {"uv": [7.75, 14.6875, 7.8125, 12.0625], "texture": "#ak47"},
				"down": {"uv": [7.8125, 12.0625, 7.875, 14.6875], "texture": "#ak47"}
			}
		},
		{
			"name": "Voxels",
			"from": [0.5, 7.5, 19.5],
			"to": [0.75, 9.25, 20.25],
			"faces": {
				"north": {"uv": [8.75, 8.3125, 8.6875, 8.75], "texture": "#ak47"},
				"east": {"uv": [2.8125, 11.0625, 2.625, 11.5], "texture": "#ak47"},
				"south": {"uv": [8.75, 8.3125, 8.8125, 8.75], "texture": "#ak47"},
				"west": {"uv": [2.625, 11.625, 2.8125, 12.0625], "texture": "#ak47"},
				"up": {"uv": [9.5, 14.25, 9.5625, 14.0625], "texture": "#ak47"},
				"down": {"uv": [9.5, 14.25, 9.5625, 14.4375], "texture": "#ak47"}
			}
		},
		{
			"name": "Voxels",
			"from": [0.5, 7.5, 20.25],
			"to": [0.75, 9, 21.25],
			"faces": {
				"north": {"uv": [9.0625, 11.75, 9, 12.125], "texture": "#ak47"},
				"east": {"uv": [7.75, 8.1875, 7.5, 8.5625], "texture": "#ak47"},
				"south": {"uv": [9.0625, 11.75, 9.125, 12.125], "texture": "#ak47"},
				"west": {"uv": [7.5, 10.625, 7.75, 11], "texture": "#ak47"},
				"up": {"uv": [9.125, 8.5, 9.1875, 8.25], "texture": "#ak47"},
				"down": {"uv": [8.3125, 8, 8.375, 8.25], "texture": "#ak47"}
			}
		},
		{
			"name": "Voxels",
			"from": [0.5, 8, 23.5],
			"to": [0.75, 9, 23.75],
			"faces": {
				"north": {"uv": [9.1875, 8, 9.125, 8.25], "texture": "#ak47"},
				"east": {"uv": [9.375, 8, 9.3125, 8.25], "texture": "#ak47"},
				"south": {"uv": [9.1875, 8, 9.25, 8.25], "texture": "#ak47"},
				"west": {"uv": [9.25, 8, 9.3125, 8.25], "texture": "#ak47"},
				"up": {"uv": [9.4375, 10.4375, 9.5, 10.375], "texture": "#ak47"},
				"down": {"uv": [9.375, 10.375, 9.4375, 10.4375], "texture": "#ak47"}
			}
		},
		{
			"name": "Voxels",
			"from": [0.5, 8.25, 2],
			"to": [0.75, 9.75, 2.25],
			"faces": {
				"north": {"uv": [8.875, 11.375, 8.8125, 11.75], "texture": "#ak47"},
				"east": {"uv": [9.0625, 11.375, 9, 11.75], "texture": "#ak47"},
				"south": {"uv": [8.875, 11.375, 8.9375, 11.75], "texture": "#ak47"},
				"west": {"uv": [8.9375, 11.375, 9, 11.75], "texture": "#ak47"},
				"up": {"uv": [9.4375, 10.25, 9.5, 10.1875], "texture": "#ak47"},
				"down": {"uv": [9.375, 10.1875, 9.4375, 10.25], "texture": "#ak47"}
			}
		},
		{
			"name": "Voxels",
			"from": [0.5, 8.5, 2.25],
			"to": [0.75, 9.75, 6.25],
			"faces": {
				"north": {"uv": [9.125, 11.4375, 9.0625, 11.75], "texture": "#ak47"},
				"east": {"uv": [5.5625, 8.1875, 4.5625, 8.5], "texture": "#ak47"},
				"south": {"uv": [8.8125, 10.375, 8.875, 10.6875], "texture": "#ak47"},
				"west": {"uv": [6.5, 14.3125, 7.5, 14.625], "texture": "#ak47"},
				"up": {"uv": [8.25, 12.3125, 8.3125, 11.3125], "texture": "#ak47"},
				"down": {"uv": [8.625, 13.4375, 8.6875, 14.4375], "texture": "#ak47"}
			}
		},
		{
			"name": "Voxels",
			"from": [0.5, 8.75, 23.75],
			"to": [0.75, 9, 24],
			"faces": {
				"north": {"uv": [9.4375, 9.75, 9.375, 9.8125], "texture": "#ak47"},
				"east": {"uv": [9.5, 9.6875, 9.4375, 9.75], "texture": "#ak47"},
				"south": {"uv": [9.4375, 9.75, 9.5, 9.8125], "texture": "#ak47"},
				"west": {"uv": [9.375, 9.6875, 9.4375, 9.75], "texture": "#ak47"},
				"up": {"uv": [9.4375, 9.875, 9.5, 9.8125], "texture": "#ak47"},
				"down": {"uv": [9.375, 9.8125, 9.4375, 9.875], "texture": "#ak47"}
			}
		}
	],
	"display": {
		"thirdperson_righthand": {
			"translation": [6.9565, 0.6959, -2.781],
			"scale": [0.8259, 1, 0.7564]
		},
		"thirdperson_lefthand": {
			"translation": [-6.956, 0.6959, -2.781],
			"scale": [0.8259, 1, 0.7564]
		},
		"firstperson_righthand": {
			"translation": [12, 1, -3.5]
		},
		"firstperson_lefthand": {
			"translation": [-7.478, 1.5, -3.5]
		},
		"gui": {
			"rotation": [0, -90, 0],
			"translation": [0, 0, 6.2608],
			"scale": [0.5, 0.5, 0.5]
		},
		"head": {
			"rotation": [0, 90, 0],
			"translation": [1.25, 0, -8.5]
		},
		"fixed": {
			"rotation": [20, 90, -20],
			"translation": [-3.477, 0.6956, -8.346]
		}
	}
}