{
	"credit": "Made with Blockbench, a free, modern block model editor by JannisX11",
	"textures": {
		"0": "custom/textured_iron",
		"1": "custom/textured_black",
		"2": "custom/texturedwood",
		"particle": "custom/textured_iron"
	},
	"elements": [
		{
			"name": "1",
			"from": [7, 5, 10.9],
			"to": [9, 8, 17.1],
			"faces": {
				"north": {"uv": [7, 8, 9, 11], "texture": "#2"},
				"east": {"uv": [5.1, 11, 0, 8], "texture": "#2"},
				"south": {"uv": [7, 8, 9, 11], "texture": "#2"},
				"west": {"uv": [10.9, 8, 16, 11], "texture": "#2"},
				"up": {"uv": [7, 10.9, 9, 16], "texture": "#2"},
				"down": {"uv": [7, 0, 9, 5.1], "texture": "#2"}
			}
		},
		{
			"name": "2",
			"from": [7.1, 7.1, 13.7],
			"to": [8.9, 8.7, 17.6],
			"rotation": {"angle": 22.5, "axis": "x", "origin": [8, 8, 8]},
			"faces": {
				"north": {"uv": [7.1, 7.3, 8.9, 8.9], "texture": "#2"},
				"east": {"uv": [2.3, 8.9, 0, 7.3], "texture": "#2"},
				"south": {"uv": [7.1, 7.3, 8.9, 8.9], "texture": "#2"},
				"west": {"uv": [13.7, 7.3, 16, 8.9], "texture": "#2"},
				"up": {"uv": [7.1, 13.7, 8.9, 16], "texture": "#2"},
				"down": {"uv": [7.1, 0, 8.9, 2.3], "texture": "#2"}
			}
		},
		{
			"name": "3",
			"from": [6.9, 3.8, 6.8],
			"to": [9.1, 6, 10],
			"rotation": {"angle": -45, "axis": "x", "origin": [8, 8, 8]},
			"faces": {
				"north": {"uv": [6.9, 10, 9.1, 12.2], "texture": "#2"},
				"east": {"uv": [9.2, 12.2, 6, 10], "texture": "#2"},
				"south": {"uv": [6.9, 10, 9.1, 12.2], "texture": "#2"},
				"west": {"uv": [6.8, 10, 10, 12.2], "texture": "#2"},
				"up": {"uv": [6.9, 6.8, 9.1, 10], "texture": "#2"},
				"down": {"uv": [6.9, 6, 9.1, 9.2], "texture": "#2"}
			}
		},
		{
			"name": "4",
			"from": [6.9, 6, 6.8],
			"to": [9.1, 7.6, 9],
			"rotation": {"angle": -45, "axis": "x", "origin": [8, 8, 8]},
			"faces": {
				"north": {"uv": [6.9, 8.4, 9.1, 10], "texture": "#2"},
				"east": {"uv": [9.2, 10, 7, 8.4], "texture": "#2"},
				"south": {"uv": [6.9, 8.4, 9.1, 10], "texture": "#2"},
				"west": {"uv": [6.8, 8.4, 9, 10], "texture": "#2"},
				"up": {"uv": [6.9, 6.8, 9.1, 9], "texture": "#2"},
				"down": {"uv": [6.9, 7, 9.1, 9.2], "texture": "#2"}
			}
		},
		{
			"name": "5",
			"from": [7, 5.9, 2.9],
			"to": [9, 8.4, 9],
			"faces": {
				"north": {"uv": [7, 7.6, 9, 10.1], "texture": "#2"},
				"east": {"uv": [13.1, 10.1, 7, 7.6], "texture": "#2"},
				"south": {"uv": [7, 7.6, 9, 10.1], "texture": "#2"},
				"west": {"uv": [2.9, 7.6, 9, 10.1], "texture": "#2"},
				"up": {"uv": [7, 2.9, 9, 9], "texture": "#2"},
				"down": {"uv": [7, 7, 9, 13.1], "texture": "#2"}
			}
		},
		{
			"name": "6",
			"from": [7.1, 6.3, -3.2],
			"to": [8.9, 8.4, 2.9],
			"faces": {
				"north": {"uv": [7.1, 7.6, 8.9, 9.7], "texture": "#2"},
				"east": {"uv": [16, 9.7, 13.1, 7.6], "texture": "#2"},
				"south": {"uv": [7.1, 7.6, 8.9, 9.7], "texture": "#2"},
				"west": {"uv": [0, 7.6, 2.9, 9.7], "texture": "#2"},
				"up": {"uv": [7.1, 0, 8.9, 2.9], "texture": "#2"},
				"down": {"uv": [7.1, 13.1, 8.9, 16], "texture": "#2"}
			}
		},
		{
			"name": "7",
			"from": [7.2, 6.6, -9.3],
			"to": [8.8, 8.4, -3.2],
			"faces": {
				"north": {"uv": [7.2, 7.6, 8.8, 9.4], "texture": "#2"},
				"east": {"uv": [16, 9.4, 16, 7.6], "texture": "#2"},
				"south": {"uv": [7.2, 7.6, 8.8, 9.4], "texture": "#2"},
				"west": {"uv": [0, 7.6, 0, 9.4], "texture": "#2"},
				"up": {"uv": [7.2, 0, 8.8, 0], "texture": "#2"},
				"down": {"uv": [7.2, 16, 8.8, 16], "texture": "#2"}
			}
		},
		{
			"name": "8",
			"from": [7.8, 7.8, -15.2],
			"to": [8.7, 8.7, 9.5],
			"rotation": {"angle": 45, "axis": "z", "origin": [8, 8, 8]},
			"faces": {
				"north": {"uv": [7.3, 7.3, 8.2, 8.2], "texture": "#1"},
				"east": {"uv": [16, 8.2, 6.5, 7.3], "texture": "#0"},
				"south": {"uv": [7.8, 7.3, 8.7, 8.2], "texture": "#0"},
				"west": {"uv": [0, 7.3, 9.5, 8.2], "texture": "#0"},
				"up": {"uv": [7.8, 0, 8.7, 9.5], "texture": "#0"},
				"down": {"uv": [7.8, 6.5, 8.7, 16], "texture": "#0"}
			}
		},
		{
			"name": "9",
			"from": [7.4, 8, 10.7],
			"to": [8.6, 8.3, 17.1],
			"faces": {
				"north": {"uv": [7.4, 7.7, 8.6, 8], "texture": "#2"},
				"east": {"uv": [5.3, 8, 0, 7.7], "texture": "#2"},
				"south": {"uv": [7.4, 7.7, 8.6, 8], "texture": "#2"},
				"west": {"uv": [10.7, 7.7, 16, 8], "texture": "#2"},
				"up": {"uv": [7.4, 10.7, 8.6, 16], "texture": "#2"},
				"down": {"uv": [7.4, 0, 8.6, 5.3], "texture": "#2"}
			}
		},
		{
			"name": "10",
			"from": [7.4, 5, 17.1],
			"to": [8.6, 8, 17.4],
			"faces": {
				"north": {"uv": [7.4, 8, 8.6, 11], "texture": "#2"},
				"east": {"uv": [0, 11, 0, 8], "texture": "#2"},
				"south": {"uv": [7.4, 8, 8.6, 11], "texture": "#2"},
				"west": {"uv": [16, 8, 16, 11], "texture": "#2"},
				"up": {"uv": [7.4, 16, 8.6, 16], "texture": "#2"},
				"down": {"uv": [7.4, 0, 8.6, 0], "texture": "#2"}
			}
		},
		{
			"name": "11",
			"from": [7.5, 7.1, 17.6],
			"to": [8.5, 8.8, 17.9],
			"rotation": {"angle": 22.5, "axis": "x", "origin": [8, 8, 8]},
			"faces": {
				"north": {"uv": [7.5, 7.2, 8.5, 8.9], "texture": "#2"},
				"east": {"uv": [0, 8.9, 0, 7.2], "texture": "#2"},
				"south": {"uv": [7.5, 7.2, 8.5, 8.9], "texture": "#2"},
				"west": {"uv": [16, 7.2, 16, 8.9], "texture": "#2"},
				"up": {"uv": [7.5, 16, 8.5, 16], "texture": "#2"},
				"down": {"uv": [7.5, 0, 8.5, 0], "texture": "#2"}
			}
		},
		{
			"name": "12",
			"from": [7.4, 4.7, 10.6],
			"to": [8.6, 5, 13.7],
			"faces": {
				"north": {"uv": [7.4, 11, 8.6, 11.3], "texture": "#2"},
				"east": {"uv": [5.4, 11.3, 2.3, 11], "texture": "#2"},
				"south": {"uv": [7.4, 11, 8.6, 11.3], "texture": "#2"},
				"west": {"uv": [10.6, 11, 13.7, 11.3], "texture": "#2"},
				"up": {"uv": [7.4, 10.6, 8.6, 13.7], "texture": "#2"},
				"down": {"uv": [7.4, 2.3, 8.6, 5.4], "texture": "#2"}
			}
		},
		{
			"name": "13",
			"from": [7.5, 6.8, 13.7],
			"to": [8.5, 7.1, 17.6],
			"rotation": {"angle": 22.5, "axis": "x", "origin": [8, 8, 8]},
			"faces": {
				"north": {"uv": [7.5, 8.9, 8.5, 9.2], "texture": "#2"},
				"east": {"uv": [2.3, 9.2, 0, 8.9], "texture": "#2"},
				"south": {"uv": [7.5, 8.9, 8.5, 9.2], "texture": "#2"},
				"west": {"uv": [13.7, 8.9, 16, 9.2], "texture": "#2"},
				"up": {"uv": [7.5, 13.7, 8.5, 16], "texture": "#2"},
				"down": {"uv": [7.5, 0, 8.5, 2.3], "texture": "#2"}
			}
		},
		{
			"name": "14",
			"from": [7.5, 6, 9],
			"to": [8.5, 6.3, 10.1],
			"rotation": {"angle": -45, "axis": "x", "origin": [8, 8, 8]},
			"faces": {
				"north": {"uv": [7.5, 9.7, 8.5, 10], "texture": "#2"},
				"east": {"uv": [7, 10, 5.9, 9.7], "texture": "#2"},
				"south": {"uv": [7.5, 9.7, 8.5, 10], "texture": "#2"},
				"west": {"uv": [9, 9.7, 10.1, 10], "texture": "#2"},
				"up": {"uv": [7.5, 9, 8.5, 10.1], "texture": "#2"},
				"down": {"uv": [7.5, 5.9, 8.5, 7], "texture": "#2"}
			}
		},
		{
			"name": "15",
			"from": [7.4, 9, 8.7],
			"to": [8.6, 9.3, 9.7],
			"rotation": {"angle": 45, "axis": "x", "origin": [8, 8, 8]},
			"faces": {
				"north": {"uv": [7.4, 6.7, 8.6, 7], "texture": "#2"},
				"east": {"uv": [7.3, 7, 6.3, 6.7], "texture": "#2"},
				"south": {"uv": [7.4, 6.7, 8.6, 7], "texture": "#2"},
				"west": {"uv": [8.7, 6.7, 9.7, 7], "texture": "#2"},
				"up": {"uv": [7.4, 8.7, 8.6, 9.7], "texture": "#2"},
				"down": {"uv": [7.4, 6.3, 8.6, 7.3], "texture": "#2"}
			}
		},
		{
			"name": "16",
			"from": [7.4, 6.5, 9.2],
			"to": [8.6, 6.8, 12.2],
			"rotation": {"angle": 45, "axis": "x", "origin": [8, 8, 8]},
			"faces": {
				"north": {"uv": [7.4, 9.2, 8.6, 9.5], "texture": "#2"},
				"east": {"uv": [6.8, 9.5, 3.8, 9.2], "texture": "#2"},
				"south": {"uv": [7.4, 9.2, 8.6, 9.5], "texture": "#2"},
				"west": {"uv": [9.2, 9.2, 12.2, 9.5], "texture": "#2"},
				"up": {"uv": [7.4, 9.2, 8.6, 12.2], "texture": "#2"},
				"down": {"uv": [7.4, 3.8, 8.6, 6.8], "texture": "#2"}
			}
		},
		{
			"name": "17",
			"from": [7.5, 3.5, 6.8],
			"to": [8.5, 3.8, 7.9],
			"rotation": {"angle": -45, "axis": "x", "origin": [8, 8, 8]},
			"faces": {
				"north": {"uv": [7.5, 12.2, 8.5, 12.5], "texture": "#2"},
				"east": {"uv": [9.2, 12.5, 8.1, 12.2], "texture": "#2"},
				"south": {"uv": [7.5, 12.2, 8.5, 12.5], "texture": "#2"},
				"west": {"uv": [6.8, 12.2, 7.9, 12.5], "texture": "#2"},
				"up": {"uv": [7.5, 6.8, 8.5, 7.9], "texture": "#2"},
				"down": {"uv": [7.5, 8.1, 8.5, 9.2], "texture": "#2"}
			}
		},
		{
			"name": "18",
			"from": [7.5, 5.6, 2.9],
			"to": [8.5, 5.9, 8.3],
			"faces": {
				"north": {"uv": [7.5, 10.1, 8.5, 10.4], "texture": "#2"},
				"east": {"uv": [13.1, 10.4, 7.7, 10.1], "texture": "#2"},
				"south": {"uv": [7.5, 10.1, 8.5, 10.4], "texture": "#2"},
				"west": {"uv": [2.9, 10.1, 8.3, 10.4], "texture": "#2"},
				"up": {"uv": [7.5, 2.9, 8.5, 8.3], "texture": "#2"},
				"down": {"uv": [7.5, 7.7, 8.5, 13.1], "texture": "#2"}
			}
		},
		{
			"name": "19",
			"from": [7.5, 5.9, -3.2],
			"to": [8.5, 6.3, 2.9],
			"faces": {
				"north": {"uv": [7.5, 9.7, 8.5, 10.1], "texture": "#2"},
				"east": {"uv": [16, 10.1, 13.1, 9.7], "texture": "#2"},
				"south": {"uv": [7.5, 9.7, 8.5, 10.1], "texture": "#2"},
				"west": {"uv": [0, 9.7, 2.9, 10.1], "texture": "#2"},
				"up": {"uv": [7.5, 0, 8.5, 2.9], "texture": "#2"},
				"down": {"uv": [7.5, 13.1, 8.5, 16], "texture": "#2"}
			}
		},
		{
			"name": "20",
			"from": [7.5, 6.3, -9.3],
			"to": [8.5, 6.6, -3.2],
			"faces": {
				"north": {"uv": [7.5, 9.4, 8.5, 9.7], "texture": "#2"},
				"east": {"uv": [16, 9.7, 16, 9.4], "texture": "#2"},
				"south": {"uv": [7.5, 9.4, 8.5, 9.7], "texture": "#2"},
				"west": {"uv": [0, 9.4, 0, 9.7], "texture": "#2"},
				"up": {"uv": [7.5, 0, 8.5, 0], "texture": "#2"},
				"down": {"uv": [7.5, 16, 8.5, 16], "texture": "#2"}
			}
		},
		{
			"name": "21",
			"from": [7, 7.3, -7.8],
			"to": [9, 8.1, -1.7],
			"faces": {
				"north": {"uv": [7, 7.9, 9, 8.7], "texture": "#2"},
				"east": {"uv": [16, 8.7, 16, 7.9], "texture": "#2"},
				"south": {"uv": [7, 7.9, 9, 8.7], "texture": "#2"},
				"west": {"uv": [0, 7.9, 0, 8.7], "texture": "#2"},
				"up": {"uv": [7, 0, 9, 0], "texture": "#2"},
				"down": {"uv": [7, 16, 9, 16], "texture": "#2"}
			}
		},
		{
			"name": "22",
			"from": [6.9, 7.1, -1.7],
			"to": [9.1, 8.1, 4],
			"faces": {
				"north": {"uv": [6.9, 7.9, 9.1, 8.9], "texture": "#2"},
				"east": {"uv": [16, 8.9, 12, 7.9], "texture": "#2"},
				"south": {"uv": [6.9, 7.9, 9.1, 8.9], "texture": "#2"},
				"west": {"uv": [0, 7.9, 4, 8.9], "texture": "#2"},
				"up": {"uv": [6.9, 0, 9.1, 4], "texture": "#2"},
				"down": {"uv": [6.9, 12, 9.1, 16], "texture": "#2"}
			}
		},
		{
			"name": "23",
			"from": [6.8, 6.9, 4],
			"to": [9.2, 8.1, 8.6],
			"faces": {
				"north": {"uv": [6.8, 7.9, 9.2, 9.1], "texture": "#2"},
				"east": {"uv": [12, 9.1, 7.4, 7.9], "texture": "#2"},
				"south": {"uv": [6.8, 7.9, 9.2, 9.1], "texture": "#2"},
				"west": {"uv": [4, 7.9, 8.6, 9.1], "texture": "#2"},
				"up": {"uv": [6.8, 4, 9.2, 8.6], "texture": "#2"},
				"down": {"uv": [6.8, 7.4, 9.2, 12], "texture": "#2"}
			}
		},
		{
			"name": "24",
			"from": [6.7, 7.3, 8.3],
			"to": [9.3, 8.5, 11.8],
			"rotation": {"angle": 45, "axis": "x", "origin": [8, 8, 8]},
			"faces": {
				"north": {"uv": [6.7, 7.5, 9.3, 8.7], "texture": "#2"},
				"east": {"uv": [7.7, 8.7, 4.2, 7.5], "texture": "#2"},
				"south": {"uv": [6.7, 7.5, 9.3, 8.7], "texture": "#2"},
				"west": {"uv": [8.3, 7.5, 11.8, 8.7], "texture": "#2"},
				"up": {"uv": [6.7, 8.3, 9.3, 11.8], "texture": "#2"},
				"down": {"uv": [6.7, 4.2, 9.3, 7.7], "texture": "#2"}
			}
		},
		{
			"name": "25",
			"from": [6.7, 4.2, 8.5],
			"to": [9.3, 5.4, 9.6],
			"rotation": {"angle": -45, "axis": "x", "origin": [8, 8, 8]},
			"faces": {
				"north": {"uv": [6.7, 10.6, 9.3, 11.8], "texture": "#2"},
				"east": {"uv": [7.5, 11.8, 6.4, 10.6], "texture": "#2"},
				"south": {"uv": [6.7, 10.6, 9.3, 11.8], "texture": "#2"},
				"west": {"uv": [8.5, 10.6, 9.6, 11.8], "texture": "#2"},
				"up": {"uv": [6.7, 8.5, 9.3, 9.6], "texture": "#2"},
				"down": {"uv": [6.7, 6.4, 9.3, 7.5], "texture": "#2"}
			}
		},
		{
			"name": "26",
			"from": [6.9, 5.5, 13.2],
			"to": [9.1, 7.7, 16.3],
			"faces": {
				"north": {"uv": [6.9, 8.3, 9.1, 10.5], "texture": "#2"},
				"east": {"uv": [2.8, 10.5, 0, 8.3], "texture": "#2"},
				"south": {"uv": [6.9, 8.3, 9.1, 10.5], "texture": "#2"},
				"west": {"uv": [13.2, 8.3, 16, 10.5], "texture": "#2"},
				"up": {"uv": [6.9, 13.2, 9.1, 16], "texture": "#2"},
				"down": {"uv": [6.9, 0, 9.1, 2.8], "texture": "#2"}
			}
		},
		{
			"name": "27",
			"from": [7.1, 7.3, -9.2],
			"to": [8.9, 8.1, -7.8],
			"faces": {
				"north": {"uv": [7.1, 7.9, 8.9, 8.7], "texture": "#2"},
				"east": {"uv": [16, 8.7, 16, 7.9], "texture": "#2"},
				"south": {"uv": [7.1, 7.9, 8.9, 8.7], "texture": "#2"},
				"west": {"uv": [0, 7.9, 0, 8.7], "texture": "#2"},
				"up": {"uv": [7.1, 0, 8.9, 0], "texture": "#2"},
				"down": {"uv": [7.1, 16, 8.9, 16], "texture": "#2"}
			}
		},
		{
			"name": "28",
			"from": [7.8, 7.2, -11.6],
			"to": [8.2, 8.2, -9.3],
			"faces": {
				"north": {"uv": [7.8, 7.8, 8.2, 8.8], "texture": "#0"},
				"east": {"uv": [16, 8.8, 16, 7.8], "texture": "#0"},
				"south": {"uv": [7.8, 7.8, 8.2, 8.8], "texture": "#0"},
				"west": {"uv": [0, 7.8, 0, 8.8], "texture": "#0"},
				"up": {"uv": [7.8, 0, 8.2, 0], "texture": "#0"},
				"down": {"uv": [7.8, 16, 8.2, 16], "texture": "#0"}
			}
		},
		{
			"name": "29",
			"from": [7.1, 7.1, -13.1],
			"to": [7.6, 7.6, -9.3],
			"rotation": {"angle": 45, "axis": "z", "origin": [8, 8, 8]},
			"faces": {
				"north": {"uv": [8.4, 8.4, 8.9, 8.9], "texture": "#0"},
				"east": {"uv": [16, 8.9, 16, 8.4], "texture": "#0"},
				"south": {"uv": [7.1, 8.4, 7.6, 8.9], "texture": "#0"},
				"west": {"uv": [0, 8.4, 0, 8.9], "texture": "#0"},
				"up": {"uv": [7.1, 0, 7.6, 0], "texture": "#0"},
				"down": {"uv": [7.1, 16, 7.6, 16], "texture": "#0"}
			}
		},
		{
			"name": "30",
			"from": [7.3, 8.4, -5.1],
			"to": [8.7, 8.8, 0.7],
			"faces": {
				"north": {"uv": [7.3, 7.2, 8.7, 7.6], "texture": "#2"},
				"east": {"uv": [16, 7.6, 15.3, 7.2], "texture": "#2"},
				"south": {"uv": [7.3, 7.2, 8.7, 7.6], "texture": "#2"},
				"west": {"uv": [0, 7.2, 0.7, 7.6], "texture": "#2"},
				"up": {"uv": [7.3, 0, 8.7, 0.7], "texture": "#2"},
				"down": {"uv": [7.3, 15.3, 8.7, 16], "texture": "#2"}
			}
		},
		{
			"name": "31",
			"from": [7.6, 8.8, -5.1],
			"to": [8.4, 9, 0.7],
			"faces": {
				"north": {"uv": [7.6, 7, 8.4, 7.2], "texture": "#2"},
				"east": {"uv": [16, 7.2, 15.3, 7], "texture": "#2"},
				"south": {"uv": [7.6, 7, 8.4, 7.2], "texture": "#2"},
				"west": {"uv": [0, 7, 0.7, 7.2], "texture": "#2"},
				"up": {"uv": [7.6, 0, 8.4, 0.7], "texture": "#2"},
				"down": {"uv": [7.6, 15.3, 8.4, 16], "texture": "#2"}
			}
		},
		{
			"name": "32",
			"from": [7.3, 8.4, 0.8],
			"to": [8.7, 8.8, 3.8],
			"faces": {
				"north": {"uv": [7.3, 7.2, 8.7, 7.6], "texture": "#0"},
				"east": {"uv": [15.2, 7.6, 12.2, 7.2], "texture": "#0"},
				"south": {"uv": [7.3, 7.2, 8.7, 7.6], "texture": "#0"},
				"west": {"uv": [0.8, 7.2, 3.8, 7.6], "texture": "#0"},
				"up": {"uv": [7.3, 0.8, 8.7, 3.8], "texture": "#0"},
				"down": {"uv": [7.3, 12.2, 8.7, 15.2], "texture": "#0"}
			}
		},
		{
			"name": "33",
			"from": [7.5, 8.8, 0.8],
			"to": [7.7, 9.4, 3.8],
			"faces": {
				"north": {"uv": [8.3, 6.6, 8.5, 7.2], "texture": "#0"},
				"east": {"uv": [15.2, 7.2, 12.2, 6.6], "texture": "#0"},
				"south": {"uv": [7.5, 6.6, 7.7, 7.2], "texture": "#0"},
				"west": {"uv": [0.8, 6.6, 3.8, 7.2], "texture": "#0"},
				"up": {"uv": [7.5, 0.8, 7.7, 3.8], "texture": "#0"},
				"down": {"uv": [7.5, 12.2, 7.7, 15.2], "texture": "#0"}
			}
		},
		{
			"name": "34",
			"from": [8.3, 8.8, 0.8],
			"to": [8.5, 9.4, 3.8],
			"faces": {
				"north": {"uv": [7.5, 6.6, 7.7, 7.2], "texture": "#0"},
				"east": {"uv": [15.2, 7.2, 12.2, 6.6], "texture": "#0"},
				"south": {"uv": [8.3, 6.6, 8.5, 7.2], "texture": "#0"},
				"west": {"uv": [0.8, 6.6, 3.8, 7.2], "texture": "#0"},
				"up": {"uv": [8.3, 0.8, 8.5, 3.8], "texture": "#0"},
				"down": {"uv": [8.3, 12.2, 8.5, 15.2], "texture": "#0"}
			}
		},
		{
			"name": "35",
			"from": [7.7, 7.7, 4.8],
			"to": [8.9, 8.9, 5.8],
			"rotation": {"angle": 45, "axis": "z", "origin": [8, 8, 8]},
			"faces": {
				"north": {"uv": [7.1, 7.1, 8.3, 8.3], "texture": "#0"},
				"east": {"uv": [11.2, 8.3, 10.2, 7.1], "texture": "#0"},
				"south": {"uv": [7.7, 7.1, 8.9, 8.3], "texture": "#0"},
				"west": {"uv": [4.8, 7.1, 5.8, 8.3], "texture": "#0"},
				"up": {"uv": [7.7, 4.8, 8.9, 5.8], "texture": "#0"},
				"down": {"uv": [7.7, 10.2, 8.9, 11.2], "texture": "#0"}
			}
		},
		{
			"name": "36",
			"from": [7.7, 7.7, 7.4],
			"to": [8.9, 8.9, 9.4],
			"rotation": {"angle": 45, "axis": "z", "origin": [8, 8, 8]},
			"faces": {
				"north": {"uv": [7.1, 7.1, 8.3, 8.3], "texture": "#0"},
				"east": {"uv": [8.6, 8.3, 6.6, 7.1], "texture": "#0"},
				"south": {"uv": [7.7, 7.1, 8.9, 8.3], "texture": "#0"},
				"west": {"uv": [7.4, 7.1, 9.4, 8.3], "texture": "#0"},
				"up": {"uv": [7.7, 7.4, 8.9, 9.4], "texture": "#0"},
				"down": {"uv": [7.7, 6.6, 8.9, 8.6], "texture": "#0"}
			}
		},
		{
			"name": "37",
			"from": [7.6, 8.9, 8.1],
			"to": [8, 11, 8.5],
			"rotation": {"angle": -45, "axis": "z", "origin": [8, 8, 8]},
			"faces": {
				"north": {"uv": [8, 5, 8.4, 7.1], "texture": "#0"},
				"east": {"uv": [7.9, 7.1, 7.5, 5], "texture": "#0"},
				"south": {"uv": [7.6, 5, 8, 7.1], "texture": "#0"},
				"west": {"uv": [8.1, 5, 8.5, 7.1], "texture": "#0"},
				"up": {"uv": [7.6, 8.1, 8, 8.5], "texture": "#0"},
				"down": {"uv": [7.6, 7.5, 8, 7.9], "texture": "#0"}
			}
		},
		{
			"name": "38",
			"from": [7.5, 11, 8],
			"to": [8.1, 11.6, 8.6],
			"rotation": {"angle": -45, "axis": "z", "origin": [8, 8, 8]},
			"faces": {
				"north": {"uv": [7.9, 4.4, 8.5, 5], "texture": "#0"},
				"east": {"uv": [8, 5, 7.4, 4.4], "texture": "#0"},
				"south": {"uv": [7.5, 4.4, 8.1, 5], "texture": "#0"},
				"west": {"uv": [8, 4.4, 8.6, 5], "texture": "#0"},
				"up": {"uv": [7.5, 8, 8.1, 8.6], "texture": "#0"},
				"down": {"uv": [7.5, 7.4, 8.1, 8], "texture": "#0"}
			}
		},
		{
			"name": "39",
			"from": [7.9, 8.7, -14.2],
			"to": [8.1, 9.3, -13.2],
			"faces": {
				"north": {"uv": [7.9, 6.7, 8.1, 7.3], "texture": "#0"},
				"east": {"uv": [16, 7.3, 16, 6.7], "texture": "#0"},
				"south": {"uv": [7.9, 6.7, 8.1, 7.3], "texture": "#0"},
				"west": {"uv": [0, 6.7, 0, 7.3], "texture": "#0"},
				"up": {"uv": [7.9, 0, 8.1, 0], "texture": "#0"},
				"down": {"uv": [7.9, 16, 8.1, 16], "texture": "#0"}
			}
		},
		{
			"name": "40",
			"from": [7.8, 4.3, 5.3],
			"to": [8.2, 4.5, 6.8],
			"faces": {
				"north": {"uv": [7.8, 11.5, 8.2, 11.7], "texture": "#0"},
				"east": {"uv": [10.7, 11.7, 9.2, 11.5], "texture": "#0"},
				"south": {"uv": [7.8, 11.5, 8.2, 11.7], "texture": "#0"},
				"west": {"uv": [5.3, 11.5, 6.8, 11.7], "texture": "#0"},
				"up": {"uv": [7.8, 5.3, 8.2, 6.8], "texture": "#0"},
				"down": {"uv": [7.8, 9.2, 8.2, 10.7], "texture": "#0"}
			}
		},
		{
			"name": "41",
			"from": [7.8, 4.5, 5.1],
			"to": [8.2, 5.6, 5.3],
			"faces": {
				"north": {"uv": [7.8, 10.4, 8.2, 11.5], "texture": "#0"},
				"east": {"uv": [10.9, 11.5, 10.7, 10.4], "texture": "#0"},
				"south": {"uv": [7.8, 10.4, 8.2, 11.5], "texture": "#0"},
				"west": {"uv": [5.1, 10.4, 5.3, 11.5], "texture": "#0"},
				"up": {"uv": [7.8, 5.1, 8.2, 5.3], "texture": "#0"},
				"down": {"uv": [7.8, 10.7, 8.2, 10.9], "texture": "#0"}
			}
		},
		{
			"name": "42",
			"from": [7.8, 4.5, 6.8],
			"to": [8.2, 5.1, 7],
			"faces": {
				"north": {"uv": [7.8, 10.9, 8.2, 11.5], "texture": "#0"},
				"east": {"uv": [9.2, 11.5, 9, 10.9], "texture": "#0"},
				"south": {"uv": [7.8, 10.9, 8.2, 11.5], "texture": "#0"},
				"west": {"uv": [6.8, 10.9, 7, 11.5], "texture": "#0"},
				"up": {"uv": [7.8, 6.8, 8.2, 7], "texture": "#0"},
				"down": {"uv": [7.8, 9, 8.2, 9.2], "texture": "#0"}
			}
		},
		{
			"name": "43",
			"from": [7.8, 5.1, 6.6],
			"to": [8.2, 5.6, 6.8],
			"faces": {
				"north": {"uv": [7.8, 10.4, 8.2, 10.9], "texture": "#0"},
				"east": {"uv": [9.4, 10.9, 9.2, 10.4], "texture": "#0"},
				"south": {"uv": [7.8, 10.4, 8.2, 10.9], "texture": "#0"},
				"west": {"uv": [6.6, 10.4, 6.8, 10.9], "texture": "#0"},
				"up": {"uv": [7.8, 6.6, 8.2, 6.8], "texture": "#0"},
				"down": {"uv": [7.8, 9.2, 8.2, 9.4], "texture": "#0"}
			}
		},
		{
			"name": "44",
			"from": [7.8, 4.3, 7.2],
			"to": [8.2, 5.2, 7.4],
			"rotation": {"angle": 22.5, "axis": "x", "origin": [8, 8, 8]},
			"faces": {
				"north": {"uv": [7.8, 10.8, 8.2, 11.7], "texture": "#0"},
				"east": {"uv": [8.8, 11.7, 8.6, 10.8], "texture": "#0"},
				"south": {"uv": [7.8, 10.8, 8.2, 11.7], "texture": "#0"},
				"west": {"uv": [7.2, 10.8, 7.4, 11.7], "texture": "#0"},
				"up": {"uv": [7.8, 7.2, 8.2, 7.4], "texture": "#0"},
				"down": {"uv": [7.8, 8.6, 8.2, 8.8], "texture": "#0"}
			}
		},
		{
			"name": "45",
			"from": [6.7, 5.6, 6.2],
			"to": [9.3, 6, 6.6],
			"rotation": {"angle": 45, "axis": "x", "origin": [8, 8, 8]},
			"faces": {
				"north": {"uv": [6.7, 10, 9.3, 10.4], "texture": "#0"},
				"east": {"uv": [9.8, 10.4, 9.4, 10], "texture": "#0"},
				"south": {"uv": [6.7, 10, 9.3, 10.4], "texture": "#0"},
				"west": {"uv": [6.2, 10, 6.6, 10.4], "texture": "#0"},
				"up": {"uv": [6.7, 6.2, 9.3, 6.6], "texture": "#0"},
				"down": {"uv": [6.7, 9.4, 9.3, 9.8], "texture": "#0"}
			}
		},
		{
			"name": "46",
			"from": [6.8, 11.5, 13.2],
			"to": [9.2, 12.2, 13.9],
			"rotation": {"angle": 45, "axis": "x", "origin": [8, 8, 8]},
			"faces": {
				"north": {"uv": [6.8, 3.8, 9.2, 4.5], "texture": "#0"},
				"east": {"uv": [2.8, 4.5, 2.1, 3.8], "texture": "#0"},
				"south": {"uv": [6.8, 3.8, 9.2, 4.5], "texture": "#0"},
				"west": {"uv": [13.2, 3.8, 13.9, 4.5], "texture": "#0"},
				"up": {"uv": [6.8, 13.2, 9.2, 13.9], "texture": "#0"},
				"down": {"uv": [6.8, 2.1, 9.2, 2.8], "texture": "#0"}
			}
		},
		{
			"name": "47",
			"from": [7.8, 8.6, -15.4],
			"to": [8.7, 8.7, -15.2],
			"rotation": {"angle": 45, "axis": "z", "origin": [8, 8, 8]},
			"faces": {
				"north": {"uv": [7.3, 7.3, 8.2, 7.4], "texture": "#0"},
				"east": {"uv": [16, 7.4, 16, 7.3], "texture": "#0"},
				"south": {"uv": [7.8, 7.3, 8.7, 7.4], "texture": "#0"},
				"west": {"uv": [0, 7.3, 0, 7.4], "texture": "#0"},
				"up": {"uv": [7.8, 0, 8.7, 0], "texture": "#0"},
				"down": {"uv": [7.8, 16, 8.7, 16], "texture": "#0"}
			}
		},
		{
			"name": "48",
			"from": [7.8, 7.8, -15.4],
			"to": [8.7, 7.9, -15.2],
			"rotation": {"angle": 45, "axis": "z", "origin": [8, 8, 8]},
			"faces": {
				"north": {"uv": [7.3, 8.1, 8.2, 8.2], "texture": "#0"},
				"east": {"uv": [16, 8.2, 16, 8.1], "texture": "#0"},
				"south": {"uv": [7.8, 8.1, 8.7, 8.2], "texture": "#0"},
				"west": {"uv": [0, 8.1, 0, 8.2], "texture": "#0"},
				"up": {"uv": [7.8, 0, 8.7, 0], "texture": "#0"},
				"down": {"uv": [7.8, 16, 8.7, 16], "texture": "#0"}
			}
		},
		{
			"name": "49",
			"from": [7.8, 7.9, -15.4],
			"to": [7.9, 8.6, -15.2],
			"rotation": {"angle": 45, "axis": "z", "origin": [8, 8, 8]},
			"faces": {
				"north": {"uv": [8.1, 7.4, 8.2, 8.1], "texture": "#0"},
				"east": {"uv": [16, 8.1, 16, 7.4], "texture": "#0"},
				"south": {"uv": [7.8, 7.4, 7.9, 8.1], "texture": "#0"},
				"west": {"uv": [0, 7.4, 0, 8.1], "texture": "#0"},
				"up": {"uv": [7.8, 0, 7.9, 0], "texture": "#0"},
				"down": {"uv": [7.8, 16, 7.9, 16], "texture": "#0"}
			}
		},
		{
			"name": "50",
			"from": [8.6, 7.9, -15.4],
			"to": [8.7, 8.6, -15.2],
			"rotation": {"angle": 45, "axis": "z", "origin": [8, 8, 8]},
			"faces": {
				"north": {"uv": [7.3, 7.4, 7.4, 8.1], "texture": "#0"},
				"east": {"uv": [16, 8.1, 16, 7.4], "texture": "#0"},
				"south": {"uv": [8.6, 7.4, 8.7, 8.1], "texture": "#0"},
				"west": {"uv": [0, 7.4, 0, 8.1], "texture": "#0"},
				"up": {"uv": [8.6, 0, 8.7, 0], "texture": "#0"},
				"down": {"uv": [8.6, 16, 8.7, 16], "texture": "#0"}
			}
		}
	],
	"display": {
		"thirdperson_righthand": {
			"translation": [0, 1.5, 1],
			"scale": [0.6, 0.6, 0.6]
		},
		"thirdperson_lefthand": {
			"translation": [0, 1.5, 1],
			"scale": [0.6, 0.6, 0.6]
		},
		"firstperson_righthand": {
			"rotation": [0, -9, 0],
			"translation": [2.75, 2.5, 0],
			"scale": [0.8, 0.8, 0.8]
		},
		"firstperson_lefthand": {
			"rotation": [0, -9, 0],
			"translation": [2.75, 2.5, 0],
			"scale": [0.8, 0.8, 0.8]
		},
		"ground": {
			"translation": [0, 0, 2.5],
			"scale": [0.4, 0.4, 0.4]
		},
		"gui": {
			"rotation": [35, 45, -10],
			"translation": [3, -1, 0],
			"scale": [0.575, 0.575, 0.575]
		},
		"head": {
			"rotation": [0, 90, 0],
			"translation": [7.25, 1.75, 0]
		},
		"fixed": {
			"rotation": [0, 90, 0],
			"translation": [3.5, 0.5, -1],
			"scale": [0.55, 0.55, 0.55]
		}
	}
}