{
	"credit": "Made with Blockbench",
	"textures": {
		"crossbow": "item/pumpshotgun"
	},
	"elements": [
		{
			"name": "rifle_trigger1",
			"from": [9.75, 6.95, 7.875],
			"to": [9.875, 7.575, 8.125],
			"rotation": {"angle": -22.5, "axis": "z", "origin": [8, 8, 8]},
			"faces": {
				"north": {"uv": [13, 6, 14, 7], "texture": "#crossbow"},
				"east": {"uv": [13, 6, 14, 7], "texture": "#crossbow"},
				"south": {"uv": [13, 6, 14, 7], "texture": "#crossbow"},
				"west": {"uv": [13, 6, 14, 7], "texture": "#crossbow"},
				"down": {"uv": [13, 5, 14, 6], "texture": "#crossbow"}
			}
		},
		{
			"name": "rifle_trigger2",
			"from": [9.75, 6.125, 7.875],
			"to": [9.875, 6.75, 8.125],
			"faces": {
				"north": {"uv": [13, 5, 14, 6], "texture": "#crossbow"},
				"east": {"uv": [13, 5, 14, 6], "texture": "#crossbow"},
				"south": {"uv": [13, 5, 14, 6], "texture": "#crossbow"},
				"west": {"uv": [13, 5, 14, 6], "texture": "#crossbow"},
				"down": {"uv": [13, 5, 14, 6], "texture": "#crossbow"}
			}
		},
		{
			"name": "rifle_trigger3",
			"from": [8.75, 6.125, 7.875],
			"to": [8.875, 6.75, 8.125],
			"faces": {
				"north": {"uv": [13, 5, 14, 6], "texture": "#crossbow"},
				"east": {"uv": [13, 5, 14, 6], "texture": "#crossbow"},
				"south": {"uv": [13, 5, 14, 6], "texture": "#crossbow"},
				"west": {"uv": [13, 5, 14, 6], "texture": "#crossbow"},
				"down": {"uv": [13, 5, 14, 6], "texture": "#crossbow"}
			}
		},
		{
			"name": "rifle_trigger4",
			"from": [8.875, 6.125, 7.875],
			"to": [9.75, 6.25, 8.125],
			"faces": {
				"north": {"uv": [13, 5, 14, 6], "texture": "#crossbow"},
				"south": {"uv": [13, 5, 14, 6], "texture": "#crossbow"},
				"up": {"uv": [13, 5, 13.875, 5.25], "texture": "#crossbow"},
				"down": {"uv": [13, 5, 14, 6], "texture": "#crossbow"}
			}
		},
		{
			"name": "rifle_barrel1",
			"from": [0, 7.5, 7.75],
			"to": [8, 8, 8.25],
			"faces": {
				"north": {"uv": [4, 10, 5, 12], "texture": "#crossbow"},
				"south": {"uv": [4, 10.5, 5, 12.5], "texture": "#crossbow"},
				"west": {"uv": [5, 6, 7.5, 8.5], "texture": "#crossbow"},
				"up": {"uv": [4, 8.5, 5, 10.5], "texture": "#crossbow"},
				"down": {"uv": [10, 9, 12, 10], "rotation": 90, "texture": "#crossbow"}
			}
		},
		{
			"name": "rifle_barrel2",
			"from": [0.625, 6.875, 7.75],
			"to": [7.125, 7.375, 8.25],
			"faces": {
				"north": {"uv": [4, 10, 5, 12], "texture": "#crossbow"},
				"south": {"uv": [4, 10.5, 5, 12.5], "texture": "#crossbow"},
				"west": {"uv": [4, 10, 5, 12], "texture": "#crossbow"},
				"up": {"uv": [4, 8.5, 5, 10.5], "texture": "#crossbow"},
				"down": {"uv": [10, 9, 12, 10], "rotation": 90, "texture": "#crossbow"}
			}
		},
		{
			"name": "rifle_barrel3",
			"from": [1.25, 7.375, 7.875],
			"to": [7, 7.5, 8.125],
			"faces": {
				"north": {"uv": [10, 9, 11, 10], "rotation": 270, "texture": "#crossbow"},
				"south": {"uv": [10, 9, 11, 10], "rotation": 270, "texture": "#crossbow"},
				"west": {"uv": [10, 9, 11, 10], "rotation": 270, "texture": "#crossbow"}
			}
		},
		{
			"name": "rifle_body1",
			"from": [7, 6.75, 7.625],
			"to": [10, 7.75, 8.375],
			"faces": {
				"north": {"uv": [7, 13.5, 12, 16], "rotation": 180, "texture": "#crossbow"},
				"south": {"uv": [10, 13.5, 12, 16], "rotation": 180, "texture": "#crossbow"},
				"west": {"uv": [10, 13.5, 12, 16], "rotation": 180, "texture": "#crossbow"},
				"down": {"uv": [9, 8, 12, 11], "texture": "#crossbow"}
			}
		},
		{
			"name": "rifle_body2",
			"from": [7.125, 7.75, 7.625],
			"to": [9.5, 8, 8.375],
			"faces": {
				"north": {"uv": [10, 15.5, 11, 16], "texture": "#crossbow"},
				"south": {"uv": [10, 15.5, 11, 16], "texture": "#crossbow"},
				"west": {"uv": [10, 15.5, 11, 16], "texture": "#crossbow"},
				"up": {"uv": [10, 15.5, 11, 16], "texture": "#crossbow"}
			}
		},
		{
			"name": "rifle_stock1",
			"from": [9.38, 7.575, 7.624],
			"to": [11.13, 8.575, 8.376],
			"rotation": {"angle": -22.5, "axis": "z", "origin": [8, 8, 8]},
			"faces": {
				"north": {"uv": [12, 1.5, 14, 5.5], "rotation": 270, "texture": "#crossbow"},
				"south": {"uv": [12, 1.5, 14, 5.5], "rotation": 90, "texture": "#crossbow"},
				"up": {"uv": [12, 1.5, 14, 5.5], "rotation": 90, "texture": "#crossbow"},
				"down": {"uv": [12, 1.5, 14, 5.5], "rotation": 90, "texture": "#crossbow"}
			}
		},
		{
			"name": "rifle_stock2",
			"from": [10.671, 8.729, 7.625],
			"to": [11.671, 9.729, 8.375],
			"rotation": {"angle": -45, "axis": "z", "origin": [8, 8, 8]},
			"faces": {
				"north": {"uv": [7, 0, 9, 2], "texture": "#crossbow"},
				"south": {"uv": [7, 0, 9, 2], "texture": "#crossbow"},
				"up": {"uv": [7, 0, 9, 2], "texture": "#crossbow"},
				"down": {"uv": [7, 0, 9, 2], "texture": "#crossbow"}
			}
		},
		{
			"name": "rifle_stock3",
			"from": [10.078, 4.388, 7.626],
			"to": [11.743, 5.638, 8.374],
			"rotation": {"angle": 22.5, "axis": "z", "origin": [8, 8, 8]},
			"faces": {
				"north": {"uv": [11, 0, 14, 3], "texture": "#crossbow"},
				"south": {"uv": [11, 0, 14, 3], "texture": "#crossbow"},
				"west": {"uv": [13, 0, 14, 3], "texture": "#crossbow"},
				"up": {"uv": [11, 0, 14, 2], "texture": "#crossbow"},
				"down": {"uv": [11, 0, 14, 2], "texture": "#crossbow"}
			}
		},
		{
			"name": "rifle_stock4",
			"from": [12.361, 6, 7.624],
			"to": [14.25, 7.25, 8.376],
			"faces": {
				"north": {"uv": [9, 0, 14, 3], "texture": "#crossbow"},
				"east": {"uv": [13, 0, 14, 1], "texture": "#crossbow"},
				"south": {"uv": [9, 0, 14, 3], "texture": "#crossbow"},
				"up": {"uv": [9, 0, 14, 2], "texture": "#crossbow"}
			}
		},
		{
			"name": "rifle_stock8",
			"from": [12.644, 7.758, 7.626],
			"to": [16.344, 8.758, 8.371],
			"rotation": {"angle": -22.5, "axis": "z", "origin": [8, 8, 8]},
			"faces": {
				"north": {"uv": [6, 0, 14, 2], "texture": "#crossbow"},
				"south": {"uv": [6, 0, 13.7, 2], "texture": "#crossbow"},
				"down": {"uv": [6, 0, 14, 2], "texture": "#crossbow"}
			}
		},
		{
			"name": "rifle_stock6",
			"from": [14.5, 5.25, 7.625],
			"to": [16, 6, 8.375],
			"faces": {
				"north": {"uv": [4, 1, 6, 2], "texture": "#crossbow"},
				"east": {"uv": [0, 6.5, 1, 7.5], "texture": "#crossbow"},
				"south": {"uv": [4, 1, 6, 2], "rotation": 180, "texture": "#crossbow"}
			}
		},
		{
			"name": "rifle_stock7",
			"from": [15.616, 4.584, 7.625],
			"to": [16, 5.25, 8.375],
			"faces": {
				"north": {"uv": [0, 6.5, 1, 7.5], "texture": "#crossbow"},
				"east": {"uv": [0, 6.5, 1, 7.5], "texture": "#crossbow"},
				"south": {"uv": [0, 6.5, 1, 7.5], "texture": "#crossbow"},
				"down": {"uv": [0, 6.5, 1, 7.5], "texture": "#crossbow"}
			}
		},
		{
			"name": "rifle_sight1",
			"from": [0.75, 8, 7.937],
			"to": [1, 8.25, 8.062],
			"faces": {
				"north": {"uv": [13, 5, 14, 6], "texture": "#crossbow"},
				"east": {"uv": [13, 5, 14, 6], "texture": "#crossbow"},
				"south": {"uv": [13, 5, 14, 6], "texture": "#crossbow"},
				"west": {"uv": [13, 5, 14, 6], "texture": "#crossbow"},
				"up": {"uv": [13, 5, 14, 6], "texture": "#crossbow"}
			}
		},
		{
			"name": "rifle_sight2",
			"from": [7.125, 8, 7.75],
			"to": [8.75, 8.125, 8.25],
			"faces": {
				"north": {"uv": [13, 4, 14, 5], "texture": "#crossbow"},
				"east": {"uv": [13, 4, 14, 5], "texture": "#crossbow"},
				"south": {"uv": [13, 4, 14, 5], "texture": "#crossbow"},
				"west": {"uv": [13, 4, 14, 5], "texture": "#crossbow"},
				"up": {"uv": [13, 4, 14, 5], "texture": "#crossbow"}
			}
		},
		{
			"name": "rifle_sight3",
			"from": [8.625, 8.125, 7.75],
			"to": [8.75, 8.25, 7.937],
			"faces": {
				"north": {"uv": [13, 4, 14, 5], "texture": "#crossbow"},
				"east": {"uv": [13, 4, 14, 5], "texture": "#crossbow"},
				"south": {"uv": [13, 4, 14, 5], "texture": "#crossbow"},
				"west": {"uv": [13, 4, 14, 5], "texture": "#crossbow"},
				"up": {"uv": [13, 4, 14, 5], "texture": "#crossbow"}
			}
		},
		{
			"name": "rifle_sight4",
			"from": [8.625, 8.125, 8.062],
			"to": [8.75, 8.25, 8.249],
			"faces": {
				"north": {"uv": [13, 4, 14, 5], "texture": "#crossbow"},
				"east": {"uv": [13, 4, 14, 5], "texture": "#crossbow"},
				"south": {"uv": [13, 4, 14, 5], "texture": "#crossbow"},
				"west": {"uv": [13, 4, 14, 5], "texture": "#crossbow"},
				"up": {"uv": [13, 4, 14, 5], "texture": "#crossbow"}
			}
		},
		{
			"name": "rifle_pump",
			"from": [3, 6.75, 7.625],
			"to": [6, 7.75, 8.375],
			"faces": {
				"north": {"uv": [8, 0, 14, 2], "texture": "#crossbow"},
				"east": {"uv": [8, 0, 9, 2], "texture": "#crossbow"},
				"south": {"uv": [8, 1, 14, 3], "texture": "#crossbow"},
				"west": {"uv": [8, 0, 9, 2], "texture": "#crossbow"},
				"up": {"uv": [8, 0, 14, 1.5], "texture": "#crossbow"},
				"down": {"uv": [8, 0, 14, 1.5], "texture": "#crossbow"}
			}
		},
		{
			"name": "rifle_stock5",
			"from": [14.25, 6, 7.624],
			"to": [16, 7.125, 8.376],
			"faces": {
				"north": {"uv": [3, 1, 10, 2], "texture": "#crossbow"},
				"east": {"uv": [0, 6.5, 1, 7.5], "texture": "#crossbow"},
				"south": {"uv": [3, 1, 10, 2], "rotation": 180, "texture": "#crossbow"},
				"up": {"uv": [3, 1, 10, 2], "rotation": 180, "texture": "#crossbow"}
			}
		},
		{
			"name": "rifle_barrel4",
			"from": [0.75, 7.437, 7.688],
			"to": [1.875, 8.062, 8.313],
			"faces": {
				"north": {"uv": [4, 10, 5, 12], "texture": "#crossbow"},
				"east": {"uv": [14, 4, 14.625, 4.625], "texture": "#crossbow"},
				"south": {"uv": [4, 10.5, 5, 12.5], "texture": "#crossbow"},
				"west": {"uv": [5, 6, 7.5, 8.5], "texture": "#crossbow"},
				"up": {"uv": [4, 8.5, 5, 10.5], "texture": "#crossbow"},
				"down": {"uv": [10, 9, 12, 10], "rotation": 90, "texture": "#crossbow"}
			}
		},
		{
			"name": "rifle_barrel5",
			"from": [0.75, 6.837, 7.688],
			"to": [1.25, 7.462, 8.313],
			"faces": {
				"north": {"uv": [4, 10, 5, 12], "texture": "#crossbow"},
				"east": {"uv": [13, 8, 13.625, 8.625], "texture": "#crossbow"},
				"south": {"uv": [4, 10.5, 5, 12.5], "texture": "#crossbow"},
				"west": {"uv": [5, 6, 7.5, 8.5], "texture": "#crossbow"},
				"down": {"uv": [10, 9, 12, 10], "rotation": 90, "texture": "#crossbow"}
			}
		}
	],
	"overrides": [
		{"predicate": {"pulling": 1}, "model": "item/bow_pulling_0"}
	],
	"display": {
		"thirdperson_righthand": {
			"rotation": [0, 270, 0],
			"translation": [0, 2, -2],
			"scale": [1.16, 1.5, 2.16]
		},
		"thirdperson_lefthand": {
			"rotation": [0, 90, 0],
			"translation": [0, 2, -2],
			"scale": [1.16, 1.5, 2.16]
		},
		"firstperson_righthand": {
			"rotation": [0, -86, 0],
			"translation": [1, 4, 0],
			"scale": [1.43, 1.72, 3.82]
		},
		"firstperson_lefthand": {
			"rotation": [0, 97, 0],
			"translation": [1, 4, 0],
			"scale": [1.43, 1.72, 3.82]
		},
		"ground": {
			"rotation": [0, 0, 340],
			"translation": [0, 2, 0],
			"scale": [0.75, 0.75, 0.75]
		},
		"gui": {
			"rotation": [0, 0, 330],
			"translation": [0.5, 1.5, 0],
			"scale": [1.25, 1.25, 1.25]
		},
		"head": {
			"translation": [0, 1.5, 0],
			"scale": [1.5, 1.5, 1.5]
		},
		"fixed": {
			"rotation": [0, 180, 320],
			"translation": [-0.5, 1.25, 0],
			"scale": [1.5, 1.5, 1.5]
		}
	}
}