{
	"credit": "Made with Blockbench",
	"texture_size": [32, 32],
	"textures": {
		"0": "item/zombie_zapper",
		"particle": "item/zombie_zapper"
	},
	"elements": [
		{
			"from": [7, 3, 7],
			"to": [9, 5, 10],
			"rotation": {"angle": 0, "axis": "y", "origin": [-0.5, 0, -1]},
			"faces": {
				"north": {"uv": [5.5, 3.5, 6.5, 4.5], "texture": "#0"},
				"east": {"uv": [4, 3.5, 5.5, 4.5], "texture": "#0"},
				"south": {"uv": [8, 3.5, 9, 4.5], "texture": "#0"},
				"west": {"uv": [6.5, 3.5, 8, 4.5], "texture": "#0"},
				"up": {"uv": [6.5, 3.5, 5.5, 2], "texture": "#0"},
				"down": {"uv": [7.5, 2, 6.5, 3.5], "texture": "#0"}
			}
		},
		{
			"from": [7, 2.5, 10],
			"to": [9, 5.5, 13],
			"rotation": {"angle": 0, "axis": "y", "origin": [-0.5, 0, -1]},
			"faces": {
				"north": {"uv": [1.5, 1.5, 2.5, 3], "texture": "#0"},
				"east": {"uv": [0, 1.5, 1.5, 3], "texture": "#0"},
				"south": {"uv": [4, 1.5, 5, 3], "texture": "#0"},
				"west": {"uv": [2.5, 1.5, 4, 3], "texture": "#0"},
				"up": {"uv": [2.5, 1.5, 1.5, 0], "texture": "#0"},
				"down": {"uv": [3.5, 0, 2.5, 1.5], "texture": "#0"}
			}
		},
		{
			"from": [7, 5.5, 11.5],
			"to": [9, 6.5, 11.5],
			"rotation": {"angle": 0, "axis": "y", "origin": [-1, 0, -1]},
			"faces": {
				"north": {"uv": [0, 6.5, 1, 7], "texture": "#0"},
				"east": {"uv": [0, 6.5, 0, 7], "texture": "#0"},
				"south": {"uv": [1, 6.5, 2, 7], "texture": "#0"},
				"west": {"uv": [1, 6.5, 1, 7], "texture": "#0"},
				"up": {"uv": [1, 6.5, 0, 6.5], "texture": "#0"},
				"down": {"uv": [2, 6.5, 1, 6.5], "texture": "#0"}
			}
		},
		{
			"from": [7, 5.5, 13],
			"to": [9, 5.5, 14],
			"rotation": {"angle": -45, "axis": "x", "origin": [8, 5.5, 13]},
			"faces": {
				"north": {"uv": [0, 8, 1, 8], "texture": "#0"},
				"east": {"uv": [-0.5, 8, 0, 8], "texture": "#0"},
				"south": {"uv": [1.5, 8, 2.5, 8], "texture": "#0"},
				"west": {"uv": [1, 8, 1.5, 8], "texture": "#0"},
				"up": {"uv": [1, 8, 0, 7.5], "texture": "#0"},
				"down": {"uv": [2, 7.5, 1, 8], "texture": "#0"}
			}
		},
		{
			"from": [7, 4, 13],
			"to": [9, 4, 14],
			"rotation": {"angle": 0, "axis": "y", "origin": [-0.5, 0, -1]},
			"faces": {
				"north": {"uv": [0, 9, 1, 9], "texture": "#0"},
				"east": {"uv": [-0.5, 9, 0, 9], "texture": "#0"},
				"south": {"uv": [1.5, 9, 2.5, 9], "texture": "#0"},
				"west": {"uv": [1, 9, 1.5, 9], "texture": "#0"},
				"up": {"uv": [1, 9, 0, 8.5], "texture": "#0"},
				"down": {"uv": [2, 8.5, 1, 9], "texture": "#0"}
			}
		},
		{
			"from": [7.01, 0.01, 10.01],
			"to": [8.99, 2.99, 11.99],
			"rotation": {"angle": -22.5, "axis": "x", "origin": [8, 3, 10]},
			"faces": {
				"north": {"uv": [5.5, 6.5, 6.5, 8], "texture": "#0"},
				"east": {"uv": [4.5, 6.5, 5.5, 8], "texture": "#0"},
				"south": {"uv": [7.5, 6.5, 8.5, 8], "texture": "#0"},
				"west": {"uv": [6.5, 6.5, 7.5, 8], "texture": "#0"},
				"up": {"uv": [6.5, 6.5, 5.5, 5.5], "texture": "#0"},
				"down": {"uv": [7.5, 5.5, 6.5, 6.5], "texture": "#0"}
			}
		},
		{
			"from": [8, 0.25, 8.25],
			"to": [8, 3.25, 11.25],
			"rotation": {"angle": 0, "axis": "x", "origin": [8, 3, 10]},
			"faces": {
				"north": {"uv": [9, 8.5, 9, 10], "texture": "#0"},
				"east": {"uv": [7.5, 8.5, 9, 10], "texture": "#0"},
				"south": {"uv": [10.5, 8.5, 10.5, 10], "texture": "#0"},
				"west": {"uv": [9, 8.5, 10.5, 10], "texture": "#0"},
				"up": {"uv": [9, 8.5, 9, 7], "texture": "#0"},
				"down": {"uv": [9, 7, 9, 8.5], "texture": "#0"}
			}
		},
		{
			"from": [7.5, 3.5, 3],
			"to": [8.5, 4.5, 7],
			"rotation": {"angle": 0, "axis": "y", "origin": [-0.5, 0, -1]},
			"faces": {
				"north": {"uv": [2, 5.5, 2.5, 6], "texture": "#0"},
				"east": {"uv": [0, 5.5, 2, 6], "texture": "#0"},
				"south": {"uv": [4.5, 5.5, 5, 6], "texture": "#0"},
				"west": {"uv": [2.5, 5.5, 4.5, 6], "texture": "#0"},
				"up": {"uv": [2.5, 5.5, 2, 3.5], "texture": "#0"},
				"down": {"uv": [3, 3.5, 2.5, 5.5], "texture": "#0"}
			}
		},
		{
			"from": [8, 4.5, 5],
			"to": [8, 5.5, 6],
			"rotation": {"angle": 0, "axis": "y", "origin": [-0.5, 0, -1]},
			"faces": {
				"north": {"uv": [0.5, 0.5, 0.5, 1], "texture": "#0"},
				"east": {"uv": [0, 0.5, 0.5, 1], "texture": "#0"},
				"south": {"uv": [1, 0.5, 1, 1], "texture": "#0"},
				"west": {"uv": [0.5, 0.5, 1, 1], "texture": "#0"},
				"up": {"uv": [0.5, 0.5, 0.5, 0], "texture": "#0"},
				"down": {"uv": [0.5, 0, 0.5, 0.5], "texture": "#0"}
			}
		},
		{
			"from": [7.35, 3.35, 3.85],
			"to": [8.65, 4.65, 5.15],
			"rotation": {"angle": 0, "axis": "y", "origin": [-0.5, 0, -1]},
			"faces": {
				"north": {"uv": [4.5, 0.5, 5, 1], "texture": "#0"},
				"east": {"uv": [4, 0.5, 4.5, 1], "texture": "#0"},
				"south": {"uv": [5.5, 0.5, 6, 1], "texture": "#0"},
				"west": {"uv": [5, 0.5, 5.5, 1], "texture": "#0"},
				"up": {"uv": [5, 0.5, 4.5, 0], "texture": "#0"},
				"down": {"uv": [5.5, 0, 5, 0.5], "texture": "#0"}
			}
		}
	],
	"display": {
		"thirdperson_righthand": {
			"translation": [0, 5.25, -3]
		},
		"thirdperson_lefthand": {
			"translation": [0, 5.25, -3]
		},
		"firstperson_righthand": {
			"translation": [-1.12, 7.2, 0.38],
			"scale": [0.8, 0.8, 0.8]
		},
		"firstperson_lefthand": {
			"translation": [-1.12, 7.2, 0.38],
			"scale": [0.8, 0.8, 0.8]
		},
		"ground": {
			"translation": [0, 5.5, 0]
		},
		"gui": {
			"rotation": [30, 225, 0],
			"translation": [0.75, 5.75, 0],
			"scale": [1.7, 1.7, 1.7]
		},
		"head": {
			"rotation": [0, 90, 0],
			"translation": [0, 7.5, 0],
			"scale": [1.5, 1.5, 1.5]
		},
		"fixed": {
			"rotation": [0, 90, 0],
			"translation": [0, 9.75, 0],
			"scale": [2, 2, 2]
		}
	}
}