{
	"credit": "Made with Blockbench",
	"texture_size": [64, 64],
	"textures": {
		"0": "item/rocket_launcher",
		"particle": "item/rocket_launcher"
	},
	"elements": [
		{
			"from": [5.5, 3, 1],
			"to": [10.5, 8, 12],
			"faces": {
				"north": {"uv": [3.25, 3.25, 4.5, 4.5], "texture": "#0"},
				"east": {"uv": [0.5, 3.25, 3.25, 4.5], "texture": "#0"},
				"south": {"uv": [7.25, 3.25, 8.5, 4.5], "texture": "#0"},
				"west": {"uv": [4.5, 3.25, 7.25, 4.5], "texture": "#0"},
				"up": {"uv": [4.5, 3.25, 3.25, 0.5], "texture": "#0"},
				"down": {"uv": [5.75, 0.5, 4.5, 3.25], "texture": "#0"}
			}
		},
		{
			"from": [5.5, 2, 13],
			"to": [10.5, 3, 18],
			"rotation": {"angle": 22.5, "axis": "x", "origin": [8, 3, 13]},
			"faces": {
				"north": {"uv": [5.5, 10, 6.75, 10.25], "texture": "#0"},
				"east": {"uv": [4.25, 10, 5.5, 10.25], "texture": "#0"},
				"south": {"uv": [8, 10, 9.25, 10.25], "texture": "#0"},
				"west": {"uv": [6.75, 10, 8, 10.25], "texture": "#0"},
				"up": {"uv": [6.75, 10, 5.5, 8.75], "texture": "#0"},
				"down": {"uv": [8, 8.75, 6.75, 10], "texture": "#0"}
			}
		},
		{
			"from": [5.5, -2, 0],
			"to": [10.5, 3, 1],
			"faces": {
				"north": {"uv": [8.75, 5, 10, 6.25], "texture": "#0"},
				"east": {"uv": [8.5, 5, 8.75, 6.25], "texture": "#0"},
				"south": {"uv": [10.25, 5, 11.5, 6.25], "texture": "#0"},
				"west": {"uv": [10, 5, 10.25, 6.25], "texture": "#0"},
				"up": {"uv": [10, 5, 8.75, 4.75], "texture": "#0"},
				"down": {"uv": [11.25, 4.75, 10, 5], "texture": "#0"}
			}
		},
		{
			"from": [5.35, 2.85, 11.85],
			"to": [10.65, 8.15, 13.15],
			"faces": {
				"north": {"uv": [6.75, 7.25, 8, 8.5], "texture": "#0"},
				"east": {"uv": [6.5, 7.25, 6.75, 8.5], "texture": "#0"},
				"south": {"uv": [8.25, 7.25, 9.5, 8.5], "texture": "#0"},
				"west": {"uv": [8, 7.25, 8.25, 8.5], "texture": "#0"},
				"up": {"uv": [8, 7.25, 6.75, 7], "texture": "#0"},
				"down": {"uv": [9.25, 7, 8, 7.25], "texture": "#0"}
			}
		},
		{
			"from": [5.35, 2.85, -0.15],
			"to": [10.65, 8.15, 1.15],
			"faces": {
				"north": {"uv": [0.25, 0.25, 1.5, 1.5], "texture": "#0"},
				"east": {"uv": [0, 0.25, 0.25, 1.5], "texture": "#0"},
				"south": {"uv": [1.75, 0.25, 3, 1.5], "texture": "#0"},
				"west": {"uv": [1.5, 0.25, 1.75, 1.5], "texture": "#0"},
				"up": {"uv": [1.5, 0.25, 0.25, 0], "texture": "#0"},
				"down": {"uv": [2.75, 0, 1.5, 0.25], "texture": "#0"}
			}
		},
		{
			"from": [7.5, 0, 6],
			"to": [8.5, 3, 8],
			"faces": {
				"north": {"uv": [9.25, 0.5, 9.5, 1.25], "texture": "#0"},
				"east": {"uv": [8.75, 0.5, 9.25, 1.25], "texture": "#0"},
				"south": {"uv": [10, 0.5, 10.25, 1.25], "texture": "#0"},
				"west": {"uv": [9.5, 0.5, 10, 1.25], "texture": "#0"},
				"up": {"uv": [9.5, 0.5, 9.25, 0], "texture": "#0"},
				"down": {"uv": [9.75, 0, 9.5, 0.5], "texture": "#0"}
			}
		},
		{
			"from": [8, 1, 5],
			"to": [8, 3, 6],
			"faces": {
				"north": {"uv": [2.75, 2, 2.75, 2.5], "texture": "#0"},
				"east": {"uv": [2.5, 2, 2.75, 2.5], "texture": "#0"},
				"south": {"uv": [3, 2, 3, 2.5], "texture": "#0"},
				"west": {"uv": [2.75, 2, 3, 2.5], "texture": "#0"},
				"up": {"uv": [2.75, 2, 2.75, 1.75], "texture": "#0"},
				"down": {"uv": [2.75, 1.75, 2.75, 2], "texture": "#0"}
			}
		},
		{
			"from": [7.5, -1, 1],
			"to": [8.5, -1, 2],
			"faces": {
				"north": {"uv": [0.25, 3, 0.5, 3], "texture": "#0"},
				"east": {"uv": [0, 3, 0.25, 3], "texture": "#0"},
				"south": {"uv": [0.75, 3, 1, 3], "texture": "#0"},
				"west": {"uv": [0.5, 3, 0.75, 3], "texture": "#0"},
				"up": {"uv": [0.5, 3, 0.25, 2.75], "texture": "#0"},
				"down": {"uv": [0.75, 2.75, 0.5, 3], "texture": "#0"}
			}
		},
		{
			"from": [7.5, -1, 2],
			"to": [8.5, 3, 2],
			"faces": {
				"north": {"uv": [0, 4.75, 0.25, 5.75], "texture": "#0"},
				"east": {"uv": [0, 4.75, 0, 5.75], "texture": "#0"},
				"south": {"uv": [0.25, 4.75, 0.5, 5.75], "texture": "#0"},
				"west": {"uv": [0.25, 4.75, 0.25, 5.75], "texture": "#0"},
				"up": {"uv": [0.25, 4.75, 0, 4.75], "texture": "#0"},
				"down": {"uv": [0.5, 4.75, 0.25, 4.75], "texture": "#0"}
			}
		},
		{
			"from": [8.5, 6, 13],
			"to": [10.5, 8, 19],
			"faces": {
				"north": {"uv": [1.5, 8.5, 2, 9], "texture": "#0"},
				"east": {"uv": [0, 8.5, 1.5, 9], "texture": "#0"},
				"south": {"uv": [3.5, 8.5, 4, 9], "texture": "#0"},
				"west": {"uv": [2, 8.5, 3.5, 9], "texture": "#0"},
				"up": {"uv": [2, 8.5, 1.5, 7], "texture": "#0"},
				"down": {"uv": [2.5, 7, 2, 8.5], "texture": "#0"}
			}
		},
		{
			"from": [8.5, 3, 13],
			"to": [10.5, 5, 19],
			"faces": {
				"north": {"uv": [7.5, 1.5, 8, 2], "texture": "#0"},
				"east": {"uv": [6, 1.5, 7.5, 2], "texture": "#0"},
				"south": {"uv": [9.5, 1.5, 10, 2], "texture": "#0"},
				"west": {"uv": [8, 1.5, 9.5, 2], "texture": "#0"},
				"up": {"uv": [8, 1.5, 7.5, 0], "texture": "#0"},
				"down": {"uv": [8.5, 0, 8, 1.5], "texture": "#0"}
			}
		},
		{
			"from": [5.5, 6, 13],
			"to": [7.5, 8, 19],
			"faces": {
				"north": {"uv": [1.5, 6.25, 2, 6.75], "texture": "#0"},
				"east": {"uv": [0, 6.25, 1.5, 6.75], "texture": "#0"},
				"south": {"uv": [3.5, 6.25, 4, 6.75], "texture": "#0"},
				"west": {"uv": [2, 6.25, 3.5, 6.75], "texture": "#0"},
				"up": {"uv": [2, 6.25, 1.5, 4.75], "texture": "#0"},
				"down": {"uv": [2.5, 4.75, 2, 6.25], "texture": "#0"}
			}
		},
		{
			"from": [5.5, 3, 13],
			"to": [7.5, 5, 19],
			"faces": {
				"north": {"uv": [5.75, 6.25, 6.25, 6.75], "texture": "#0"},
				"east": {"uv": [4.25, 6.25, 5.75, 6.75], "texture": "#0"},
				"south": {"uv": [7.75, 6.25, 8.25, 6.75], "texture": "#0"},
				"west": {"uv": [6.25, 6.25, 7.75, 6.75], "texture": "#0"},
				"up": {"uv": [6.25, 6.25, 5.75, 4.75], "texture": "#0"},
				"down": {"uv": [6.75, 4.75, 6.25, 6.25], "texture": "#0"}
			}
		},
		{
			"from": [6.5, 5, 15],
			"to": [6.5, 6, 18],
			"faces": {
				"north": {"uv": [9, 9.5, 9, 9.75], "texture": "#0"},
				"east": {"uv": [8.25, 9.5, 9, 9.75], "texture": "#0"},
				"south": {"uv": [9.75, 9.5, 9.75, 9.75], "texture": "#0"},
				"west": {"uv": [9, 9.5, 9.75, 9.75], "texture": "#0"},
				"up": {"uv": [9, 9.5, 9, 8.75], "texture": "#0"},
				"down": {"uv": [9, 8.75, 9, 9.5], "texture": "#0"}
			}
		},
		{
			"from": [9.5, 5, 15],
			"to": [9.5, 6, 18],
			"faces": {
				"north": {"uv": [2.25, 2.75, 2.25, 3], "texture": "#0"},
				"east": {"uv": [1.5, 2.75, 2.25, 3], "texture": "#0"},
				"south": {"uv": [3, 2.75, 3, 3], "texture": "#0"},
				"west": {"uv": [2.25, 2.75, 3, 3], "texture": "#0"},
				"up": {"uv": [2.25, 2.75, 2.25, 2], "texture": "#0"},
				"down": {"uv": [2.25, 2, 2.25, 2.75], "texture": "#0"}
			}
		},
		{
			"from": [7.5, 7, 15],
			"to": [8.5, 7, 18],
			"faces": {
				"north": {"uv": [3.5, 5.5, 3.75, 5.5], "texture": "#0"},
				"east": {"uv": [2.75, 5.5, 3.5, 5.5], "texture": "#0"},
				"south": {"uv": [4.5, 5.5, 4.75, 5.5], "texture": "#0"},
				"west": {"uv": [3.75, 5.5, 4.5, 5.5], "texture": "#0"},
				"up": {"uv": [3.75, 5.5, 3.5, 4.75], "texture": "#0"},
				"down": {"uv": [4, 4.75, 3.75, 5.5], "texture": "#0"}
			}
		},
		{
			"from": [7.5, 4, 15],
			"to": [8.5, 4, 18],
			"faces": {
				"north": {"uv": [0.75, 2.5, 1, 2.5], "texture": "#0"},
				"east": {"uv": [0, 2.5, 0.75, 2.5], "texture": "#0"},
				"south": {"uv": [1.75, 2.5, 2, 2.5], "texture": "#0"},
				"west": {"uv": [1, 2.5, 1.75, 2.5], "texture": "#0"},
				"up": {"uv": [1, 2.5, 0.75, 1.75], "texture": "#0"},
				"down": {"uv": [1.25, 1.75, 1, 2.5], "texture": "#0"}
			}
		},
		{
			"from": [4.5, 1, 17],
			"to": [11.5, 6, 17],
			"rotation": {"angle": -22.5, "axis": "x", "origin": [8, 5.5, 17]},
			"faces": {
				"north": {"uv": [2.75, 7, 4.5, 8.25], "texture": "#0"},
				"east": {"uv": [2.75, 7, 2.75, 8.25], "texture": "#0"},
				"south": {"uv": [4.5, 7, 6.25, 8.25], "texture": "#0"},
				"west": {"uv": [4.5, 7, 4.5, 8.25], "texture": "#0"},
				"up": {"uv": [4.5, 7, 2.75, 7], "texture": "#0"},
				"down": {"uv": [6.25, 7, 4.5, 7], "texture": "#0"}
			}
		},
		{
			"from": [4.5, 6, 9.5],
			"to": [5.5, 7, 9.5],
			"faces": {
				"north": {"uv": [6, 2.25, 6.25, 2.5], "texture": "#0"},
				"east": {"uv": [6, 2.25, 6, 2.5], "texture": "#0"},
				"south": {"uv": [6.25, 2.25, 6.5, 2.5], "texture": "#0"},
				"west": {"uv": [6.25, 2.25, 6.25, 2.5], "texture": "#0"},
				"up": {"uv": [6.25, 2.25, 6, 2.25], "texture": "#0"},
				"down": {"uv": [6.5, 2.25, 6.25, 2.25], "texture": "#0"}
			}
		},
		{
			"from": [2.5, 6, 9],
			"to": [4.5, 8, 10],
			"faces": {
				"north": {"uv": [7, 2.5, 7.5, 3], "texture": "#0"},
				"east": {"uv": [6.75, 2.5, 7, 3], "texture": "#0"},
				"south": {"uv": [7.75, 2.5, 8.25, 3], "texture": "#0"},
				"west": {"uv": [7.5, 2.5, 7.75, 3], "texture": "#0"},
				"up": {"uv": [7.5, 2.5, 7, 2.25], "texture": "#0"},
				"down": {"uv": [8, 2.25, 7.5, 2.5], "texture": "#0"}
			}
		}
	],
	"display": {
		"thirdperson_righthand": {
			"rotation": [-10, 0, 0],
			"translation": [0, 5.5, 0.75]
		},
		"thirdperson_lefthand": {
			"translation": [0, 5.25, -0.75]
		},
		"firstperson_righthand": {
			"translation": [-0.37, 5.7, 1.13],
			"scale": [0.8, 0.8, 0.8]
		},
		"firstperson_lefthand": {
			"translation": [-0.37, 5.7, 1.13],
			"scale": [0.8, 0.8, 0.8]
		},
		"ground": {
			"translation": [0, 5.5, 0]
		},
		"gui": {
			"rotation": [30, 225, 0],
			"translation": [0.82, 3, 0],
			"scale": [0.8, 0.8, 0.8]
		},
		"head": {
			"rotation": [0, -90, 0],
			"translation": [2, 5.25, -0.5],
			"scale": [1, 1, 1.51]
		},
		"fixed": {
			"rotation": [0, 90, 0],
			"translation": [-3, 7.75, -1],
			"scale": [2, 2, 2]
		}
	}
}