{
	"credit": "Made with Blockbench",
	"textures": {
		"0": "item/rifle2",
		"particle": "item/rifle2"
	},
	"elements": [
		{
			"from": [7, 4.3, 20.15],
			"to": [9, 7.3, 26.15],
			"rotation": {"angle": 22.5, "axis": "x", "origin": [8, 8, 20]},
			"faces": {
				"north": {"uv": [8.99993, 3.99984, 9.49947, 4.49938], "texture": "#0"},
				"east": {"uv": [6.5, 3.5, 9.495, 4.995], "texture": "#0"},
				"south": {"uv": [9.5, 1, 9.999, 2.499], "texture": "#0"},
				"west": {"uv": [6.5, 5, 9.491, 6.493], "texture": "#0"},
				"up": {"uv": [1, 10.5, 1.5, 13.996], "texture": "#0"},
				"down": {"uv": [1.5, 10, 2, 13.497], "texture": "#0"}
			}
		},
		{
			"from": [7, 1.71287, 24.15548],
			"to": [9, 5.71287, 31.15548],
			"rotation": {"angle": 22.5, "axis": "x", "origin": [8.01, 1.69287, 25.50593]},
			"faces": {
				"north": {"uv": [11, 0, 11.499, 1.999], "texture": "#0"},
				"east": {"uv": [3, 8, 6.494, 9.989], "texture": "#0"},
				"south": {"uv": [3, 8, 3.5, 9.997], "texture": "#0"},
				"west": {"uv": [3, 6, 6.5, 8], "texture": "#0"},
				"up": {"uv": [10.5, 3, 11, 6.499], "texture": "#0"},
				"down": {"uv": [11.5, 2, 11, 5.5], "texture": "#0"}
			}
		},
		{
			"from": [6.5, 4, 14],
			"to": [9.5, 8, 20],
			"rotation": {"angle": 0, "axis": "y", "origin": [0, 0, -2]},
			"faces": {
				"north": {"uv": [9.5, 0, 10.994, 1.999], "texture": "#0"},
				"east": {"uv": [0, 0, 2.999, 1.999], "texture": "#0"},
				"south": {"uv": [7.5, 0, 8.998, 1.997], "texture": "#0"},
				"west": {"uv": [4.5, 0, 7.499, 1.999], "texture": "#0"},
				"up": {"uv": [9.5, 0, 10.998, 2.999], "texture": "#0"},
				"down": {"uv": [5, 2, 6.5, 4.999], "texture": "#0"}
			}
		},
		{
			"from": [6.5, 3, 14.5],
			"to": [9.5, 4, 16.5],
			"rotation": {"angle": 0, "axis": "y", "origin": [0, 0, 4]},
			"faces": {
				"north": {"uv": [3.5, 1, 4.994, 1.499], "texture": "#0"},
				"east": {"uv": [2, 1.5, 2.999, 1.999], "texture": "#0"},
				"south": {"uv": [3.5, 1, 4.998, 1.497], "texture": "#0"},
				"west": {"uv": [0, 1.5, 0.999, 1.999], "texture": "#0"},
				"up": {"uv": [9.5, 1.5, 10.998, 2.999], "texture": "#0"},
				"down": {"uv": [5, 4, 6.5, 4.999], "texture": "#0"}
			}
		},
		{
			"from": [6.51, 3.20711, 14],
			"to": [9.49, 6.20711, 16],
			"rotation": {"angle": -45, "axis": "x", "origin": [7.9, 3.70711, 14.5]},
			"faces": {
				"north": {"uv": [3.5, 1.5, 4.994, 1.999], "texture": "#0"},
				"east": {"uv": [2.5, 1.5, 2.999, 1.999], "texture": "#0"},
				"south": {"uv": [3.5, 1, 4.998, 1.497], "texture": "#0"},
				"west": {"uv": [2.5, 1.5, 2.999, 1.999], "texture": "#0"},
				"up": {"uv": [9.5, 1.5, 10.998, 2.999], "texture": "#0"},
				"down": {"uv": [3.5, 0, 5, 1.499], "texture": "#0"}
			}
		},
		{
			"from": [6.51, 2.91421, 16.70711],
			"to": [9.49, 4.91421, 17.70711],
			"rotation": {"angle": 45, "axis": "x", "origin": [7.5, 4.41421, 17.20711]},
			"faces": {
				"north": {"uv": [3.5, 1, 4.994, 1.499], "texture": "#0"},
				"east": {"uv": [2.5, 1.5, 2.999, 1.999], "texture": "#0"},
				"south": {"uv": [3, 1, 4.498, 1.497], "texture": "#0"},
				"west": {"uv": [2.5, 1.5, 2.999, 1.999], "texture": "#0"},
				"up": {"uv": [9.5, 1.5, 10.998, 2.999], "texture": "#0"},
				"down": {"uv": [3, 0, 4.5, 1.499], "texture": "#0"}
			}
		},
		{
			"from": [9.5, 4, 14],
			"to": [10.5, 7, 17],
			"rotation": {"angle": 45, "axis": "x", "origin": [10, 5.5, 15.5]},
			"faces": {
				"north": {"uv": [14.5, 6, 14.994, 7.499], "texture": "#0"},
				"east": {"uv": [8, 6.5, 9.499, 7.999], "texture": "#0"},
				"south": {"uv": [14.5, 8, 14.998, 9.497], "texture": "#0"},
				"west": {"uv": [8, 6.5, 9.499, 7.999], "texture": "#0"},
				"up": {"uv": [14, 6, 14.498, 7.499], "texture": "#0"},
				"down": {"uv": [10.5, 14.5, 11, 15.999], "texture": "#0"}
			}
		},
		{
			"from": [7, 5.5, -9],
			"to": [9, 7.5, 14],
			"rotation": {"angle": 0, "axis": "y", "origin": [0, 0, -2]},
			"faces": {
				"north": {"uv": [6.5, 6.5, 7.997, 7.995], "texture": "#0"},
				"east": {"uv": [0, 15, 11.5, 16], "texture": "#0"},
				"south": {"uv": [6.5, 6.5, 8, 8], "texture": "#0"},
				"west": {"uv": [0, 14, 11.5, 15], "texture": "#0"},
				"up": {"uv": [14, 0, 15, 11.5], "texture": "#0"},
				"down": {"uv": [15, 0, 16, 11.5], "texture": "#0"}
			}
		},
		{
			"from": [5.25, 7.6, 9.75],
			"to": [7.25, 9.6, 15.75],
			"rotation": {"angle": 0, "axis": "y", "origin": [0, 0, -2]},
			"faces": {
				"north": {"uv": [13, 7, 14, 8], "texture": "#0"},
				"east": {"uv": [3, 10, 6, 11], "texture": "#0"},
				"south": {"uv": [12.5, 9, 14, 10.5], "texture": "#0"},
				"west": {"uv": [8, 11, 11, 12], "texture": "#0"},
				"up": {"uv": [14, 5, 13, 8], "texture": "#0"},
				"down": {"uv": [12, 0, 13, 3], "texture": "#0"}
			}
		},
		{
			"from": [5.15, 7.5, -1.1],
			"to": [7.35, 9.7, 10.1],
			"rotation": {"angle": 0, "axis": "y", "origin": [0, 0, -2]},
			"faces": {
				"north": {"uv": [13, 8, 14, 9], "texture": "#0"},
				"east": {"uv": [6, 10, 11, 11], "texture": "#0"},
				"south": {"uv": [13, 7, 14, 8], "texture": "#0"},
				"west": {"uv": [3, 11, 8, 12], "texture": "#0"},
				"up": {"uv": [14, 0, 13, 5], "texture": "#0"},
				"down": {"uv": [12, 3, 13, 8], "texture": "#0"}
			}
		},
		{
			"from": [6.5, 4.5, -5],
			"to": [9.5, 6.5, 14],
			"rotation": {"angle": 0, "axis": "y", "origin": [0, 0, -1]},
			"faces": {
				"north": {"uv": [0, 2, 1.499, 3], "texture": "#0"},
				"east": {"uv": [3, 13, 12.5, 13.999], "texture": "#0"},
				"south": {"uv": [0, 0, 0.499, 0.5], "texture": "#0"},
				"west": {"uv": [3, 12, 12.5, 12.999], "texture": "#0"},
				"up": {"uv": [0, 4.5, 1.499, 13.997], "texture": "#0"},
				"down": {"uv": [1.5, 4.5, 2.997, 13.997], "texture": "#0"}
			}
		},
		{
			"from": [7.5, 4.25, -6],
			"to": [8.5, 5.25, 14],
			"rotation": {"angle": 0, "axis": "y", "origin": [0, 0, -1]},
			"faces": {
				"north": {"uv": [1, 14, 1.5, 14.5], "texture": "#0"},
				"east": {"uv": [0.5, 14, 1, 14.5], "texture": "#0"},
				"south": {"uv": [-5.5, 0, -5, 0.5], "texture": "#0"},
				"west": {"uv": [0.5, 14, 1, 14.498], "texture": "#0"},
				"up": {"uv": [0.5, 14, 1, 14.5], "texture": "#0"},
				"down": {"uv": [0.5, 14.5, 0.998, 15], "texture": "#0"}
			}
		},
		{
			"from": [8, 0, 17],
			"to": [8.01, 4, 24],
			"rotation": {"angle": 0, "axis": "y", "origin": [0, 0, -3]},
			"faces": {
				"north": {"uv": [0, 0, 0.5, 0.5], "texture": "#0"},
				"east": {"uv": [5, 2, 1.5, 4], "texture": "#0"},
				"south": {"uv": [0, 0, 0.5, 0.5], "texture": "#0"},
				"west": {"uv": [1.5, 2, 4.997, 3.997], "texture": "#0"},
				"up": {"uv": [0, 0, 0.5, 0.5], "texture": "#0"},
				"down": {"uv": [0, 0, 0.5, 0.5], "texture": "#0"}
			}
		},
		{
			"from": [6.05585, 5, 12.31492],
			"to": [6.06585, 9, 14.31492],
			"rotation": {"angle": 22.5, "axis": "y", "origin": [9.5, 5.5, 4]},
			"faces": {
				"north": {"uv": [0, 0, 0.5, 0.5], "texture": "#0"},
				"east": {"uv": [4, 4, 3, 6], "texture": "#0"},
				"south": {"uv": [0, 0, 0.5, 0.5], "texture": "#0"},
				"west": {"uv": [3, 4, 3.999, 6], "texture": "#0"},
				"up": {"uv": [0, 0, 0.5, 0.5], "texture": "#0"},
				"down": {"uv": [0, 0, 0.5, 0.5], "texture": "#0"}
			}
		}
	],
	"display": {
		"thirdperson_righthand": {
			"rotation": [-7, 0, 0],
			"translation": [0, 1.75, -5],
			"scale": [0.5, 0.5, 0.5]
		},
		"thirdperson_lefthand": {
			"rotation": [-7, 0, 0],
			"translation": [0, 1.75, -5],
			"scale": [0.5, 0.5, 0.5]
		},
		"firstperson_righthand": {
			"rotation": [0, 5, 0],
			"translation": [1, 4.5, -4.5],
			"scale": [0.75, 0.75, 0.7]
		},
		"firstperson_lefthand": {
			"rotation": [0, 5, 0],
			"translation": [1, 4.5, -4.5],
			"scale": [0.75, 0.75, 0.7]
		},
		"ground": {
			"rotation": [0, 0, 90],
			"translation": [-1.5, -1, -2.25],
			"scale": [0.6, 0.6, 0.6]
		},
		"gui": {
			"rotation": [13, 123, -4],
			"translation": [-1.75, -0.2, 0],
			"scale": [0.67, 0.67, 0.67]
		},
		"head": {
			"rotation": [0, 90, 0],
			"translation": [-2.25, 2.75, 0]
		},
		"fixed": {
			"rotation": [0, 90, 0],
			"translation": [-5.75, 3, -1.75],
			"scale": [1.63, 1.63, 1.63]
		}
	}
}