{
	"credit": "Made By Ubalube",
	"textures": {
		"texture": "guns/gray5",
		"texture1": "guns/red1",
		"texture2": "guns/scope2",
		"texture3": "guns/gray1",
		"texture4": "guns/gray7",
		"particle": "blocks/e_particle"
	},
	"elements": [
		{
			"name": "Box1",
			"from": [11, 10.5, 3.5],
			"to": [12.5, 12.5, 5],
			"faces": {
				"north": {"uv": [3.5, 3.5, 5, 5.5], "texture": "#texture3"},
				"east": {"uv": [11, 3.5, 12.5, 5.5], "texture": "#texture3"},
				"south": {"uv": [11, 3.5, 12.5, 5.5], "texture": "#texture3"},
				"west": {"uv": [3.5, 3.5, 5, 5.5], "texture": "#texture3"},
				"up": {"uv": [11, 3.5, 12.5, 5], "texture": "#texture3"},
				"down": {"uv": [11, 11, 12.5, 12.5], "texture": "#texture3"}
			}
		},
		{
			"name": "Box2",
			"from": [12, 7.5, 3.75],
			"to": [14.5, 11, 4.75],
			"rotation": {"angle": 22.5, "axis": "z", "origin": [12, 7.5, 3.75]},
			"faces": {
				"north": {"uv": [3, 5, 5.5, 8.5], "texture": "#texture"},
				"east": {"uv": [1, 5, 2, 8.5], "texture": "#texture"},
				"south": {"uv": [10.5, 5, 13, 8.5], "texture": "#texture"},
				"west": {"uv": [14, 5, 15, 8.5], "texture": "#texture"},
				"up": {"uv": [10.5, 14, 13, 15], "texture": "#texture"},
				"down": {"uv": [10.5, 1, 13, 2], "texture": "#texture"}
			}
		},
		{
			"name": "Box3",
			"from": [8.25, 11.5, 3.5],
			"to": [11, 12, 5],
			"faces": {
				"north": {"uv": [5, 4, 7.75, 4.5], "texture": "#texture"},
				"east": {"uv": [11, 4, 12.5, 4.5], "texture": "#texture"},
				"south": {"uv": [8.25, 4, 11, 4.5], "texture": "#texture"},
				"west": {"uv": [3.5, 4, 5, 4.5], "texture": "#texture"},
				"up": {"uv": [8.25, 3.5, 11, 5], "texture": "#texture"},
				"down": {"uv": [8.25, 11, 11, 12.5], "texture": "#texture"}
			}
		},
		{
			"name": "Box5",
			"from": [13, 11.5, 3.5],
			"to": [13.5, 13, 5],
			"rotation": {"angle": -45, "axis": "z", "origin": [13, 11.5, 3.5]},
			"faces": {
				"north": {"uv": [3, 3.5, 3.5, 5], "texture": "#texture"},
				"east": {"uv": [1, 3.5, 2, 5], "texture": "#texture"},
				"south": {"uv": [12.5, 3.5, 13, 5], "texture": "#texture"},
				"west": {"uv": [14, 3.5, 15, 5], "texture": "#texture"},
				"up": {"uv": [12.5, 14, 13, 15], "texture": "#texture"},
				"down": {"uv": [12.5, 1, 13, 2], "texture": "#texture"}
			}
		},
		{
			"name": "Box6",
			"from": [12.5, 11.5, 3.5],
			"to": [13.5, 12.5, 5],
			"faces": {
				"north": {"uv": [2.5, 3.5, 3.5, 4.5], "texture": "#texture3"},
				"east": {"uv": [11, 3.5, 12.5, 4.5], "texture": "#texture3"},
				"south": {"uv": [12.5, 3.5, 13.5, 4.5], "texture": "#texture3"},
				"west": {"uv": [3.5, 3.5, 5, 4.5], "texture": "#texture3"},
				"up": {"uv": [12.5, 3.5, 13.5, 5], "texture": "#texture3"},
				"down": {"uv": [12.5, 11, 13.5, 12.5], "texture": "#texture3"}
			}
		},
		{
			"name": "Box7",
			"from": [13, 11, 3.5],
			"to": [13.5, 11.5, 5],
			"faces": {
				"north": {"uv": [2.5, 4.5, 3, 5], "texture": "#texture"},
				"east": {"uv": [11, 4.5, 12.5, 5], "texture": "#texture"},
				"south": {"uv": [13, 4.5, 13.5, 5], "texture": "#texture"},
				"west": {"uv": [3.5, 4.5, 5, 5], "texture": "#texture"},
				"up": {"uv": [13, 3.5, 13.5, 5], "texture": "#texture"},
				"down": {"uv": [13, 11, 13.5, 12.5], "texture": "#texture"}
			}
		},
		{
			"name": "Box8",
			"from": [13.5, 12, 3.5],
			"to": [14.5, 12.5, 5],
			"faces": {
				"north": {"uv": [1.5, 3.5, 2.5, 4], "texture": "#texture"},
				"east": {"uv": [11, 3.5, 12.5, 4], "texture": "#texture"},
				"south": {"uv": [13.5, 3.5, 14.5, 4], "texture": "#texture"},
				"west": {"uv": [3.5, 3.5, 5, 4], "texture": "#texture"},
				"up": {"uv": [13.5, 3.5, 14.5, 5], "texture": "#texture"},
				"down": {"uv": [13.5, 11, 14.5, 12.5], "texture": "#texture"}
			}
		},
		{
			"name": "Box9",
			"from": [10.5, 10.5, 3.5],
			"to": [11, 11.5, 5],
			"faces": {
				"north": {"uv": [5, 4.5, 5.5, 5.5], "texture": "#texture"},
				"east": {"uv": [11, 4.5, 12.5, 5.5], "texture": "#texture"},
				"south": {"uv": [10.5, 4.5, 11, 5.5], "texture": "#texture"},
				"west": {"uv": [3.5, 4.5, 5, 5.5], "texture": "#texture"},
				"up": {"uv": [10.5, 3.5, 11, 5], "texture": "#texture"},
				"down": {"uv": [10.5, 11, 11, 12.5], "texture": "#texture"}
			}
		},
		{
			"name": "Box10",
			"from": [12, 7.5, 3.75],
			"to": [14, 8.5, 4.75],
			"faces": {
				"north": {"uv": [2, 7.5, 4, 8.5], "texture": "#texture"},
				"east": {"uv": [11.25, 7.5, 12.25, 8.5], "texture": "#texture"},
				"south": {"uv": [12, 7.5, 14, 8.5], "texture": "#texture"},
				"west": {"uv": [3.75, 7.5, 4.75, 8.5], "texture": "#texture"},
				"up": {"uv": [12, 3.75, 14, 4.75], "texture": "#texture"},
				"down": {"uv": [12, 11.25, 14, 12.25], "texture": "#texture"}
			}
		},
		{
			"name": "Box11",
			"from": [13.5, 7.7, 3.75],
			"to": [14, 8.7, 4.75],
			"rotation": {"angle": -22.5, "axis": "z", "origin": [13.5, 7.7, 3.75]},
			"faces": {
				"north": {"uv": [1.5, 7.5, 2, 8.5], "texture": "#texture"},
				"east": {"uv": [1, 7.5, 2, 8.5], "texture": "#texture"},
				"south": {"uv": [14, 7.5, 14.5, 8.5], "texture": "#texture"},
				"west": {"uv": [14, 7.5, 15, 8.5], "texture": "#texture"},
				"up": {"uv": [14, 14, 14.5, 15], "texture": "#texture"},
				"down": {"uv": [14, 1, 14.5, 2], "texture": "#texture"}
			}
		},
		{
			"name": "Box11",
			"from": [10, 7.5, 4],
			"to": [12, 8, 4.5],
			"faces": {
				"north": {"uv": [9.5, 8, 12.5, 8.5], "texture": "#texture"},
				"east": {"uv": [14, 8, 15, 8.5], "texture": "#texture"},
				"south": {"uv": [3.5, 8, 6.5, 8.5], "texture": "#texture"},
				"west": {"uv": [1, 8, 2, 8.5], "texture": "#texture"},
				"up": {"uv": [9.5, 14, 12.5, 15], "rotation": 180, "texture": "#texture"},
				"down": {"uv": [9.5, 1, 12.5, 2], "rotation": 180, "texture": "#texture"}
			}
		},
		{
			"name": "Box12",
			"from": [10, 7.5, 3.75],
			"to": [10.5, 8.5, 4.75],
			"rotation": {"angle": 22.5, "axis": "z", "origin": [10, 7.5, 3.75]},
			"faces": {
				"north": {"uv": [5.5, 7.5, 6, 8.5], "texture": "#texture"},
				"east": {"uv": [1, 7.5, 2, 8.5], "texture": "#texture"},
				"south": {"uv": [10, 7.5, 10.5, 8.5], "texture": "#texture"},
				"west": {"uv": [14, 7.5, 15, 8.5], "texture": "#texture"},
				"up": {"uv": [10, 14, 10.5, 15], "texture": "#texture"},
				"down": {"uv": [10, 1, 10.5, 2], "texture": "#texture"}
			}
		},
		{
			"name": "Box13",
			"from": [9.5, 8, 3.6],
			"to": [10.5, 11, 4.95],
			"rotation": {"angle": 22.5, "axis": "z", "origin": [9.5, 8, 3.6]},
			"faces": {
				"north": {"uv": [6, 4.5, 7, 7.5], "texture": "#texture"},
				"east": {"uv": [1, 4.5, 2, 7.5], "texture": "#texture"},
				"south": {"uv": [9, 4.5, 10, 7.5], "texture": "#texture"},
				"west": {"uv": [14, 4.5, 15, 7.5], "texture": "#texture"},
				"up": {"uv": [9, 14, 10, 15], "texture": "#texture"},
				"down": {"uv": [9, 1, 10, 2], "texture": "#texture"}
			}
		},
		{
			"name": "Box14",
			"from": [8.25, 10.5, 3.5],
			"to": [9.25, 11.5, 5],
			"faces": {
				"north": {"uv": [6.75, 4.5, 7.75, 5.5], "texture": "#texture"},
				"east": {"uv": [11, 4.5, 12.5, 5.5], "texture": "#texture"},
				"south": {"uv": [8.25, 4.5, 9.25, 5.5], "texture": "#texture"},
				"west": {"uv": [3.5, 4.5, 5, 5.5], "texture": "#texture"},
				"up": {"uv": [8.25, 3.5, 9.25, 5], "texture": "#texture"},
				"down": {"uv": [8.25, 11, 9.25, 12.5], "texture": "#texture"}
			}
		},
		{
			"name": "Box15",
			"from": [9.5, 10, 4],
			"to": [11, 10.5, 4.5],
			"rotation": {"angle": 22.5, "axis": "z", "origin": [9.5, 10, 4]},
			"faces": {
				"north": {"uv": [5, 5.5, 6.5, 6], "texture": "#texture"},
				"east": {"uv": [1, 5.5, 2, 6], "texture": "#texture"},
				"south": {"uv": [9.5, 5.5, 11, 6], "texture": "#texture"},
				"west": {"uv": [14, 5.5, 15, 6], "texture": "#texture"},
				"up": {"uv": [9.5, 14, 11, 15], "texture": "#texture"},
				"down": {"uv": [9.5, 1, 11, 2], "texture": "#texture"}
			}
		},
		{
			"name": "Box16",
			"from": [8, 12, 3.5],
			"to": [11, 12.5, 5],
			"faces": {
				"north": {"uv": [5, 3.5, 8, 4], "texture": "#texture"},
				"east": {"uv": [11, 3.5, 12.5, 4], "texture": "#texture"},
				"south": {"uv": [8, 3.5, 11, 4], "texture": "#texture"},
				"west": {"uv": [3.5, 3.5, 5, 4], "texture": "#texture"},
				"up": {"uv": [8, 3.5, 11, 5], "texture": "#texture"},
				"down": {"uv": [8, 11, 11, 12.5], "texture": "#texture"}
			}
		},
		{
			"name": "Box17",
			"from": [14.5, 12, 3.75],
			"to": [15, 13.5, 4.75],
			"rotation": {"angle": 22.5, "axis": "z", "origin": [14.5, 12, 3.75]},
			"faces": {
				"north": {"uv": [1, 2.5, 1.5, 4], "texture": "#texture"},
				"east": {"uv": [1, 2.5, 2, 4], "texture": "#texture"},
				"south": {"uv": [14.5, 2.5, 15, 4], "texture": "#texture"},
				"west": {"uv": [14, 2.5, 15, 4], "texture": "#texture"},
				"up": {"uv": [14.5, 14, 15, 15], "texture": "#texture"},
				"down": {"uv": [14.5, 1, 15, 2], "texture": "#texture"}
			}
		},
		{
			"name": "Box18",
			"from": [13.5, 12.5, 3.75],
			"to": [14.5, 13.5, 4.75],
			"faces": {
				"north": {"uv": [1.5, 2.5, 2.5, 3.5], "texture": "#texture"},
				"east": {"uv": [11.25, 2.5, 12.25, 3.5], "texture": "#texture"},
				"south": {"uv": [13.5, 2.5, 14.5, 3.5], "texture": "#texture"},
				"west": {"uv": [3.75, 2.5, 4.75, 3.5], "texture": "#texture"},
				"up": {"uv": [13.5, 3.75, 14.5, 4.75], "texture": "#texture"},
				"down": {"uv": [13.5, 11.25, 14.5, 12.25], "texture": "#texture"}
			}
		},
		{
			"name": "Box19",
			"from": [8, 12.5, 3.5],
			"to": [11.5, 13.5, 4.5],
			"rotation": {"angle": 22.5, "axis": "x", "origin": [8, 12.5, 3.5]},
			"faces": {
				"north": {"uv": [2.5, 2.5, 8, 3.5], "texture": "#texture3"},
				"east": {"uv": [11.5, 2.5, 12.5, 3.5], "texture": "#texture3"},
				"south": {"uv": [8, 2.5, 13.5, 3.5], "texture": "#texture3"},
				"west": {"uv": [3.5, 2.5, 4.5, 3.5], "texture": "#texture3"},
				"up": {"uv": [8, 3.5, 13.5, 4.5], "texture": "#texture3"},
				"down": {"uv": [8, 11.5, 13.5, 12.5], "texture": "#texture3"}
			}
		},
		{
			"name": "Box19",
			"from": [12.5, 12.5, 4],
			"to": [13.5, 13.5, 5],
			"rotation": {"angle": -22.5, "axis": "x", "origin": [13.5, 12.5, 5]},
			"faces": {
				"north": {"uv": [8, 2.5, 13.5, 3.5], "texture": "#texture3"},
				"east": {"uv": [3.5, 2.5, 4.5, 3.5], "texture": "#texture3"},
				"south": {"uv": [2.5, 2.5, 8, 3.5], "texture": "#texture3"},
				"west": {"uv": [11.5, 2.5, 12.5, 3.5], "texture": "#texture3"},
				"up": {"uv": [8, 3.5, 13.5, 4.5], "rotation": 180, "texture": "#texture3"},
				"down": {"uv": [8, 11.5, 13.5, 12.5], "rotation": 180, "texture": "#texture3"}
			}
		},
		{
			"name": "Box21",
			"from": [8, 13, 3.75],
			"to": [13.5, 13.5, 4.75],
			"faces": {
				"north": {"uv": [2.5, 2.5, 8, 3], "texture": "#texture"},
				"east": {"uv": [11.25, 2.5, 12.25, 3], "texture": "#texture"},
				"south": {"uv": [8, 2.5, 13.5, 3], "texture": "#texture"},
				"west": {"uv": [3.75, 2.5, 4.75, 3], "texture": "#texture"},
				"up": {"uv": [8, 3.75, 13.5, 4.75], "texture": "#texture"},
				"down": {"uv": [8, 11.25, 13.5, 12.25], "texture": "#texture"}
			}
		},
		{
			"name": "Box22",
			"from": [5, 12, 3.35],
			"to": [7.5, 15.5, 3.85],
			"faces": {
				"north": {"uv": [8.5, 0.5, 11, 4], "texture": "#texture1"},
				"east": {"uv": [12.15, 0.5, 12.65, 4], "texture": "#texture1"},
				"south": {"uv": [5, 0.5, 7.5, 4], "texture": "#texture1"},
				"west": {"uv": [3.35, 0.5, 3.85, 4], "texture": "#texture1"},
				"up": {"uv": [5, 3.35, 7.5, 3.85], "texture": "#texture1"},
				"down": {"uv": [5, 12.15, 7.5, 12.65], "texture": "#texture1"}
			}
		},
		{
			"name": "Box23",
			"from": [6.5, 12, 3.45],
			"to": [7.5, 15.5, 3.9],
			"rotation": {"angle": 22.5, "axis": "z", "origin": [7.5, 15.5, 3.45]},
			"faces": {
				"north": {"uv": [8.5, 4, 7.5, 0.5], "texture": "#texture1"},
				"east": {"uv": [3, 0.5, 3.5, 4], "rotation": 180, "texture": "#texture1"},
				"south": {"uv": [8.5, 4, 7.5, 0.5], "texture": "#texture1"},
				"west": {"uv": [12.5, 0.5, 13, 4], "rotation": 180, "texture": "#texture1"},
				"up": {"uv": [7.5, 12.5, 8.5, 13], "rotation": 180, "texture": "#texture1"},
				"down": {"uv": [7.5, 3, 8.5, 3.5], "rotation": 180, "texture": "#texture1"}
			}
		},
		{
			"name": "Box24",
			"from": [7.5, 12, 3.35],
			"to": [8, 13, 3.85],
			"faces": {
				"north": {"uv": [8, 3, 8.5, 4], "texture": "#texture1"},
				"east": {"uv": [12.15, 3, 12.65, 4], "texture": "#texture1"},
				"south": {"uv": [7.5, 3, 8, 4], "texture": "#texture1"},
				"west": {"uv": [3.35, 3, 3.85, 4], "texture": "#texture1"},
				"up": {"uv": [7.5, 3.35, 8, 3.85], "texture": "#texture1"},
				"down": {"uv": [7.5, 12.15, 8, 12.65], "texture": "#texture1"}
			}
		},
		{
			"name": "Box24",
			"from": [7.5, 12, 4.65],
			"to": [8, 13, 5.15],
			"faces": {
				"north": {"uv": [8, 3, 8.5, 4], "texture": "#texture1"},
				"east": {"uv": [10.85, 3, 11.35, 4], "texture": "#texture1"},
				"south": {"uv": [7.5, 3, 8, 4], "texture": "#texture1"},
				"west": {"uv": [4.65, 3, 5.15, 4], "texture": "#texture1"},
				"up": {"uv": [7.5, 4.65, 8, 5.15], "texture": "#texture1"},
				"down": {"uv": [7.5, 10.85, 8, 11.35], "texture": "#texture1"}
			}
		},
		{
			"name": "Box23",
			"from": [6.5, 12, 4.6],
			"to": [7.5, 15.5, 5.05],
			"rotation": {"angle": 22.5, "axis": "z", "origin": [7.5, 15.5, 4.6]},
			"faces": {
				"north": {"uv": [8.5, 4, 7.5, 0.5], "texture": "#texture1"},
				"east": {"uv": [3, 0.5, 3.5, 4], "rotation": 180, "texture": "#texture1"},
				"south": {"uv": [8.5, 4, 7.5, 0.5], "texture": "#texture1"},
				"west": {"uv": [12.5, 0.5, 13, 4], "rotation": 180, "texture": "#texture1"},
				"up": {"uv": [7.5, 12.5, 8.5, 13], "rotation": 180, "texture": "#texture1"},
				"down": {"uv": [7.5, 3, 8.5, 3.5], "rotation": 180, "texture": "#texture1"}
			}
		},
		{
			"name": "Box22",
			"from": [5, 12, 4.65],
			"to": [7.5, 15.5, 5.15],
			"faces": {
				"north": {"uv": [8.5, 0.5, 11, 4], "texture": "#texture1"},
				"east": {"uv": [10.85, 0.5, 11.35, 4], "texture": "#texture1"},
				"south": {"uv": [5, 0.5, 7.5, 4], "texture": "#texture1"},
				"west": {"uv": [4.65, 0.5, 5.15, 4], "texture": "#texture1"},
				"up": {"uv": [5, 4.65, 7.5, 5.15], "texture": "#texture1"},
				"down": {"uv": [5, 10.85, 7.5, 11.35], "texture": "#texture1"}
			}
		},
		{
			"name": "Box28",
			"from": [7.5, 13.5, 3.5],
			"to": [8.5, 14.5, 5],
			"faces": {
				"north": {"uv": [7.5, 1.5, 8.5, 2.5], "texture": "#texture1"},
				"east": {"uv": [11, 1.5, 12.5, 2.5], "texture": "#texture1"},
				"south": {"uv": [7.5, 1.5, 8.5, 2.5], "texture": "#texture1"},
				"west": {"uv": [3.5, 1.5, 5, 2.5], "texture": "#texture1"},
				"up": {"uv": [7.5, 3.5, 8.5, 5], "texture": "#texture1"},
				"down": {"uv": [7.5, 11, 8.5, 12.5], "texture": "#texture1"}
			}
		},
		{
			"name": "Box30",
			"from": [7.5, 14.5, 3.5],
			"to": [8.5, 15.5, 5],
			"rotation": {"angle": 45, "axis": "z", "origin": [8.5, 14.5, 5]},
			"faces": {
				"north": {"uv": [7.5, 0.5, 8.5, 1.5], "texture": "#texture1"},
				"east": {"uv": [14, 0.5, 15, 1.5], "texture": "#texture1"},
				"south": {"uv": [7.5, 0.5, 8.5, 1.5], "texture": "#texture1"},
				"west": {"uv": [1, 0.5, 2, 1.5], "texture": "#texture1"},
				"up": {"uv": [7.5, 14, 8.5, 15], "rotation": 180, "texture": "#texture1"},
				"down": {"uv": [7.5, 1, 8.5, 2], "rotation": 180, "texture": "#texture1"}
			}
		},
		{
			"name": "Box31",
			"from": [7.5, 14.5, 3.75],
			"to": [8, 15.5, 4.75],
			"rotation": {"angle": 22.5, "axis": "z", "origin": [7.5, 14.5, 3.75]},
			"faces": {
				"north": {"uv": [8, 0.5, 8.5, 1.5], "texture": "#texture1"},
				"east": {"uv": [11.25, 0.5, 12.25, 1.5], "texture": "#texture1"},
				"south": {"uv": [7.5, 0.5, 8, 1.5], "texture": "#texture1"},
				"west": {"uv": [3.75, 0.5, 4.75, 1.5], "texture": "#texture1"},
				"up": {"uv": [7.5, 3.75, 8, 4.75], "texture": "#texture1"},
				"down": {"uv": [7.5, 11.25, 8, 12.25], "texture": "#texture1"}
			}
		},
		{
			"name": "Box31",
			"from": [8.5, 13.5, 3.75],
			"to": [8.501, 14.5, 4.75],
			"faces": {
				"north": {"uv": [7.499, 1.5, 7.5, 2.5], "texture": "#texture2"},
				"east": {"uv": [11.25, 1.5, 12.25, 2.5], "texture": "#texture2"},
				"south": {"uv": [8.5, 1.5, 8.501, 2.5], "texture": "#texture2"},
				"west": {"uv": [3.75, 1.5, 4.75, 2.5], "texture": "#texture2"},
				"up": {"uv": [8.5, 3.75, 8.501, 4.75], "texture": "#texture2"},
				"down": {"uv": [8.5, 11.25, 8.501, 12.25], "texture": "#texture2"}
			}
		},
		{
			"name": "Box31",
			"from": [8.5, 14.5, 3.75],
			"to": [8.501, 15.5, 4.75],
			"rotation": {"angle": 45, "axis": "z", "origin": [8.5, 14.5, 3.75]},
			"faces": {
				"north": {"uv": [7.499, 0.5, 7.5, 1.5], "texture": "#texture2"},
				"east": {"uv": [11, 0.5, 12, 1.5], "texture": "#texture2"},
				"south": {"uv": [8.5, 0.5, 8.501, 1.5], "texture": "#texture2"},
				"west": {"uv": [4, 0.5, 5, 1.5], "texture": "#texture2"},
				"up": {"uv": [8.5, 4, 8.501, 5], "texture": "#texture2"},
				"down": {"uv": [8.5, 11, 8.501, 12], "texture": "#texture2"}
			}
		},
		{
			"name": "Box33",
			"from": [5, 11.5, 3.5],
			"to": [8.5, 12, 5],
			"faces": {
				"north": {"uv": [7.5, 4, 11, 4.5], "texture": "#texture1"},
				"east": {"uv": [11, 4, 12.5, 4.5], "texture": "#texture1"},
				"south": {"uv": [5, 4, 8.5, 4.5], "texture": "#texture1"},
				"west": {"uv": [3.5, 4, 5, 4.5], "texture": "#texture1"},
				"up": {"uv": [5, 3.5, 8.5, 5], "texture": "#texture1"},
				"down": {"uv": [5, 11, 8.5, 12.5], "texture": "#texture1"}
			}
		},
		{
			"name": "Box34",
			"from": [3, 11.5, 3.25],
			"to": [5, 12.5, 5.25],
			"faces": {
				"north": {"uv": [11, 3.5, 13, 4.5], "texture": "#texture1"},
				"east": {"uv": [10.75, 3.5, 12.75, 4.5], "texture": "#texture1"},
				"south": {"uv": [3, 3.5, 5, 4.5], "texture": "#texture1"},
				"west": {"uv": [3.25, 3.5, 5.25, 4.5], "texture": "#texture1"},
				"up": {"uv": [3, 3.25, 5, 5.25], "texture": "#texture1"},
				"down": {"uv": [3, 10.75, 5, 12.75], "texture": "#texture1"}
			}
		},
		{
			"name": "Box35",
			"from": [5, 12, 3.25],
			"to": [7, 12.5, 5.25],
			"faces": {
				"north": {"uv": [9, 3.5, 11, 4], "texture": "#texture1"},
				"east": {"uv": [10.75, 3.5, 12.75, 4], "texture": "#texture1"},
				"south": {"uv": [5, 3.5, 7, 4], "texture": "#texture1"},
				"west": {"uv": [3.25, 3.5, 5.25, 4], "texture": "#texture1"},
				"up": {"uv": [5, 3.25, 7, 5.25], "texture": "#texture1"},
				"down": {"uv": [5, 10.75, 7, 12.75], "texture": "#texture1"}
			}
		},
		{
			"name": "Box36",
			"from": [4.5, 12, 3.35],
			"to": [5.5, 15, 3.85],
			"rotation": {"angle": 22.5, "axis": "z", "origin": [4.5, 12, 3.35]},
			"faces": {
				"north": {"uv": [11, 0.5, 12, 3.5], "texture": "#texture1"},
				"east": {"uv": [1, 0.5, 2, 3.5], "texture": "#texture1"},
				"south": {"uv": [4, 0.5, 5, 3.5], "texture": "#texture1"},
				"west": {"uv": [14, 0.5, 15, 3.5], "texture": "#texture1"},
				"up": {"uv": [4, 14, 5, 15], "texture": "#texture1"},
				"down": {"uv": [4, 1, 5, 2], "texture": "#texture1"}
			}
		},
		{
			"name": "Box37",
			"from": [4, 13.5, 3.5],
			"to": [5, 15.5, 5],
			"faces": {
				"north": {"uv": [11, 0.5, 12, 2.5], "texture": "#texture1"},
				"east": {"uv": [11, 0.5, 12.5, 2.5], "texture": "#texture1"},
				"south": {"uv": [4, 0.5, 5, 2.5], "texture": "#texture1"},
				"west": {"uv": [3.5, 0.5, 5, 2.5], "texture": "#texture1"},
				"up": {"uv": [4, 3.5, 5, 5], "texture": "#texture1"},
				"down": {"uv": [4, 11, 5, 12.5], "texture": "#texture1"}
			}
		},
		{
			"name": "Box36",
			"from": [4.5, 12, 4.605],
			"to": [5.5, 15, 5.105],
			"rotation": {"angle": 22.5, "axis": "z", "origin": [4.5, 12, 4.605]},
			"faces": {
				"north": {"uv": [11, 0.5, 12, 3.5], "texture": "#texture1"},
				"east": {"uv": [1, 0.5, 2, 3.5], "texture": "#texture1"},
				"south": {"uv": [4, 0.5, 5, 3.5], "texture": "#texture1"},
				"west": {"uv": [14, 0.5, 15, 3.5], "texture": "#texture1"},
				"up": {"uv": [4, 14, 5, 15], "texture": "#texture1"},
				"down": {"uv": [4, 1, 5, 2], "texture": "#texture1"}
			}
		},
		{
			"name": "Box38",
			"from": [3.5, 14.5, 3.5],
			"to": [4, 15.5, 5],
			"faces": {
				"north": {"uv": [12, 0.5, 12.5, 1.5], "texture": "#texture1"},
				"east": {"uv": [11, 0.5, 12.5, 1.5], "texture": "#texture1"},
				"south": {"uv": [3.5, 0.5, 4, 1.5], "texture": "#texture1"},
				"west": {"uv": [3.5, 0.5, 5, 1.5], "texture": "#texture1"},
				"up": {"uv": [3.5, 3.5, 4, 5], "texture": "#texture1"},
				"down": {"uv": [3.5, 11, 4, 12.5], "texture": "#texture1"}
			}
		},
		{
			"name": "Box41",
			"from": [2, 13.5, 3.5],
			"to": [4.5, 14.5, 4.5],
			"rotation": {"angle": 45, "axis": "x", "origin": [2, 13.5, 3.5]},
			"faces": {
				"north": {"uv": [11.5, 2, 14, 3], "texture": "#texture"},
				"east": {"uv": [1, 2, 2, 3], "texture": "#texture"},
				"south": {"uv": [2, 2, 4.5, 3], "texture": "#texture"},
				"west": {"uv": [14, 2, 15, 3], "texture": "#texture"},
				"up": {"uv": [2, 14, 4.5, 15], "texture": "#texture"},
				"down": {"uv": [2, 1, 4.5, 2], "texture": "#texture"}
			}
		},
		{
			"name": "Box42",
			"from": [2.5, 14.5, 3.5],
			"to": [3.5, 15.5, 5],
			"faces": {
				"north": {"uv": [12.5, 0.5, 13.5, 1.5], "texture": "#texture1"},
				"east": {"uv": [11, 0.5, 12.5, 1.5], "texture": "#texture1"},
				"south": {"uv": [2.5, 0.5, 3.5, 1.5], "texture": "#texture1"},
				"west": {"uv": [3.5, 0.5, 5, 1.5], "texture": "#texture1"},
				"up": {"uv": [2.5, 3.5, 3.5, 5], "texture": "#texture1"},
				"down": {"uv": [2.5, 11, 3.5, 12.5], "texture": "#texture1"}
			}
		},
		{
			"name": "Box43",
			"from": [3, 12.5, 3.75],
			"to": [4, 13.5, 4.75],
			"rotation": {"angle": 22.5, "axis": "z", "origin": [4, 12.5, 4.75]},
			"faces": {
				"north": {"uv": [3, 2.5, 4, 3.5], "texture": "#texture1"},
				"east": {"uv": [14, 2.5, 15, 3.5], "texture": "#texture1"},
				"south": {"uv": [12, 2.5, 13, 3.5], "texture": "#texture1"},
				"west": {"uv": [1, 2.5, 2, 3.5], "texture": "#texture1"},
				"up": {"uv": [3, 14, 4, 15], "rotation": 180, "texture": "#texture1"},
				"down": {"uv": [3, 1, 4, 2], "rotation": 180, "texture": "#texture1"}
			}
		},
		{
			"name": "Box44",
			"from": [2.75, 13, 3.75],
			"to": [3.75, 14.5, 4.75],
			"faces": {
				"north": {"uv": [12.25, 1.5, 13.25, 3], "texture": "#texture1"},
				"east": {"uv": [11.25, 1.5, 12.25, 3], "texture": "#texture1"},
				"south": {"uv": [2.75, 1.5, 3.75, 3], "texture": "#texture1"},
				"west": {"uv": [3.75, 1.5, 4.75, 3], "texture": "#texture1"},
				"up": {"uv": [2.75, 3.75, 3.75, 4.75], "texture": "#texture1"},
				"down": {"uv": [2.75, 11.25, 3.75, 12.25], "texture": "#texture1"}
			}
		},
		{
			"name": "Box45",
			"from": [4, 11, 3.75],
			"to": [7.5, 11.5, 4.75],
			"faces": {
				"north": {"uv": [8.5, 4.5, 12, 5], "texture": "#texture1"},
				"east": {"uv": [11.25, 4.5, 12.25, 5], "texture": "#texture1"},
				"south": {"uv": [4, 4.5, 7.5, 5], "texture": "#texture1"},
				"west": {"uv": [3.75, 4.5, 4.75, 5], "texture": "#texture1"},
				"up": {"uv": [4, 3.75, 7.5, 4.75], "texture": "#texture1"},
				"down": {"uv": [4, 11.25, 7.5, 12.25], "texture": "#texture1"}
			}
		},
		{
			"name": "Box46",
			"from": [3, 11, 3.75],
			"to": [4, 11.5, 4.75],
			"rotation": {"angle": -22.5, "axis": "z", "origin": [4, 11, 4.75]},
			"faces": {
				"north": {"uv": [3, 4.5, 4, 5], "texture": "#texture1"},
				"east": {"uv": [14, 4.5, 15, 5], "texture": "#texture1"},
				"south": {"uv": [12, 4.5, 13, 5], "texture": "#texture1"},
				"west": {"uv": [1, 4.5, 2, 5], "texture": "#texture1"},
				"up": {"uv": [3, 14, 4, 15], "rotation": 180, "texture": "#texture1"},
				"down": {"uv": [3, 1, 4, 2], "rotation": 180, "texture": "#texture1"}
			}
		},
		{
			"name": "Box48",
			"from": [4, 14.85, 3.75],
			"to": [7.5, 15.35, 4.75],
			"faces": {
				"north": {"uv": [8.5, 0.65, 12, 1.15], "texture": "#texture1"},
				"east": {"uv": [11.25, 0.65, 12.25, 1.15], "texture": "#texture1"},
				"south": {"uv": [4, 0.65, 7.5, 1.15], "texture": "#texture1"},
				"west": {"uv": [3.75, 0.65, 4.75, 1.15], "texture": "#texture1"},
				"up": {"uv": [4, 3.75, 7.5, 4.75], "texture": "#texture1"},
				"down": {"uv": [4, 11.25, 7.5, 12.25], "texture": "#texture1"}
			}
		},
		{
			"name": "Box49",
			"from": [6.5, 15.25, 3.75],
			"to": [7.5, 15.75, 4.75],
			"faces": {
				"north": {"uv": [8.5, 0.25, 9.5, 0.75], "texture": "#texture"},
				"east": {"uv": [11.25, 0.25, 12.25, 0.75], "texture": "#texture"},
				"south": {"uv": [6.5, 0.25, 7.5, 0.75], "texture": "#texture"},
				"west": {"uv": [3.75, 0.25, 4.75, 0.75], "texture": "#texture"},
				"up": {"uv": [6.5, 3.75, 7.5, 4.75], "texture": "#texture"},
				"down": {"uv": [6.5, 11.25, 7.5, 12.25], "texture": "#texture"}
			}
		},
		{
			"name": "Box50",
			"from": [6.5, 15.75, 3.75],
			"to": [7.5, 16.25, 4.25],
			"rotation": {"angle": 22.5, "axis": "x", "origin": [6.5, 15.75, 3.75]},
			"faces": {
				"north": {"uv": [8.5, 15.5, 9.5, 16], "texture": "#texture"},
				"east": {"uv": [12, 15.5, 12.5, 16], "texture": "#texture"},
				"south": {"uv": [6.5, 15.5, 7.5, 16], "texture": "#texture"},
				"west": {"uv": [3.5, 15.5, 4, 16], "texture": "#texture"},
				"up": {"uv": [6.5, 3.5, 7.5, 4], "texture": "#texture"},
				"down": {"uv": [6.5, 12, 7.5, 12.5], "texture": "#texture"}
			}
		},
		{
			"name": "Box50",
			"from": [6.5, 15.75, 4.25],
			"to": [7.5, 16.25, 4.75],
			"rotation": {"angle": -22.5, "axis": "x", "origin": [7.5, 15.75, 4.75]},
			"faces": {
				"north": {"uv": [6.5, 15.5, 7.5, 16], "texture": "#texture"},
				"east": {"uv": [3.5, 15.5, 4, 16], "texture": "#texture"},
				"south": {"uv": [8.5, 15.5, 9.5, 16], "texture": "#texture"},
				"west": {"uv": [12, 15.5, 12.5, 16], "texture": "#texture"},
				"up": {"uv": [6.5, 3.5, 7.5, 4], "rotation": 180, "texture": "#texture"},
				"down": {"uv": [6.5, 12, 7.5, 12.5], "rotation": 180, "texture": "#texture"}
			}
		},
		{
			"name": "Box52",
			"from": [6.5, 15.75, 4],
			"to": [7.5, 16.25, 4.5],
			"faces": {
				"north": {"uv": [8.5, 0, 9.5, 0.25], "texture": "#texture"},
				"east": {"uv": [11.5, 0, 12, 0.25], "texture": "#texture"},
				"south": {"uv": [6.5, 0, 7.5, 0.25], "texture": "#texture"},
				"west": {"uv": [4, 0, 4.5, 0.25], "texture": "#texture"},
				"up": {"uv": [6.5, 4, 7.5, 4.5], "texture": "#texture"},
				"down": {"uv": [6.5, 11.5, 7.5, 12], "texture": "#texture"}
			}
		},
		{
			"name": "Box53",
			"from": [6.25, 15.75, 3.9],
			"to": [6.75, 16.25, 4.4],
			"rotation": {"angle": 45, "axis": "x", "origin": [6.25, 15.75, 3.9]},
			"faces": {
				"north": {"uv": [0.5, 14, 1, 14.5], "texture": "#texture"},
				"east": {"uv": [1.5, 14, 2, 14.5], "texture": "#texture"},
				"south": {"uv": [15, 14, 15.5, 14.5], "texture": "#texture"},
				"west": {"uv": [14, 14, 14.5, 14.5], "texture": "#texture"},
				"up": {"uv": [15, 14, 15.5, 14.5], "texture": "#texture"},
				"down": {"uv": [15, 1.5, 15.5, 2], "texture": "#texture"}
			}
		},
		{
			"name": "Box54",
			"from": [13, 6, 3.85],
			"to": [14.5, 8, 4.65],
			"rotation": {"angle": 22.5, "axis": "z", "origin": [13, 6, 3.85]},
			"faces": {
				"north": {"uv": [2.5, 8.5, 4, 10.5], "texture": "#texture3"},
				"east": {"uv": [1, 8.5, 2, 10.5], "texture": "#texture3"},
				"south": {"uv": [12, 8.5, 13.5, 10.5], "texture": "#texture3"},
				"west": {"uv": [14, 8.5, 15, 10.5], "texture": "#texture3"},
				"up": {"uv": [12, 14, 13.5, 15], "texture": "#texture3"},
				"down": {"uv": [12, 1, 13.5, 2], "texture": "#texture3"}
			}
		},
		{
			"name": "Box55",
			"from": [13, 5.5, 3.75],
			"to": [15, 6, 4.75],
			"rotation": {"angle": 22.5, "axis": "z", "origin": [13, 5.5, 3.75]},
			"faces": {
				"north": {"uv": [1.5, 9.5, 3.5, 10], "texture": "#texture3"},
				"east": {"uv": [1, 9.5, 2, 10], "texture": "#texture3"},
				"south": {"uv": [12.5, 9.5, 14.5, 10], "texture": "#texture3"},
				"west": {"uv": [14, 9.5, 15, 10], "texture": "#texture3"},
				"up": {"uv": [12.5, 14, 14.5, 15], "texture": "#texture3"},
				"down": {"uv": [12.5, 1, 14.5, 2], "texture": "#texture3"}
			}
		},
		{
			"name": "Box56",
			"from": [12.5, 8, 3.5],
			"to": [14, 11, 4],
			"rotation": {"angle": 22.5, "axis": "z", "origin": [12.5, 8, 3.5]},
			"faces": {
				"north": {"uv": [2, 5, 3.5, 8], "texture": "#texture3"},
				"east": {"uv": [1, 5, 2, 8], "texture": "#texture3"},
				"south": {"uv": [12.5, 5, 14, 8], "texture": "#texture3"},
				"west": {"uv": [14, 5, 15, 8], "texture": "#texture3"},
				"up": {"uv": [12.5, 14, 14, 15], "texture": "#texture3"},
				"down": {"uv": [12.5, 1, 14, 2], "texture": "#texture3"}
			}
		},
		{
			"name": "Box56",
			"from": [12.5, 8, 4.5],
			"to": [14, 11, 5],
			"rotation": {"angle": 22.5, "axis": "z", "origin": [12.5, 8, 4.5]},
			"faces": {
				"north": {"uv": [2, 5, 3.5, 8], "texture": "#texture3"},
				"east": {"uv": [1, 5, 2, 8], "texture": "#texture3"},
				"south": {"uv": [12.5, 5, 14, 8], "texture": "#texture3"},
				"west": {"uv": [14, 5, 15, 8], "texture": "#texture3"},
				"up": {"uv": [12.5, 14, 14, 15], "texture": "#texture3"},
				"down": {"uv": [12.5, 1, 14, 2], "texture": "#texture3"}
			}
		},
		{
			"name": "Box19",
			"from": [8.5, 12.5, 4],
			"to": [11.5, 13.5, 5],
			"rotation": {"angle": -22.5, "axis": "x", "origin": [11.5, 12.5, 5]},
			"faces": {
				"north": {"uv": [8, 2.5, 13.5, 3.5], "texture": "#texture3"},
				"east": {"uv": [3.5, 2.5, 4.5, 3.5], "texture": "#texture3"},
				"south": {"uv": [2.5, 2.5, 8, 3.5], "texture": "#texture3"},
				"west": {"uv": [11.5, 2.5, 12.5, 3.5], "texture": "#texture3"},
				"up": {"uv": [8, 3.5, 13.5, 4.5], "rotation": 180, "texture": "#texture3"},
				"down": {"uv": [8, 11.5, 13.5, 12.5], "rotation": 180, "texture": "#texture3"}
			}
		},
		{
			"name": "Box19",
			"from": [12.5, 12.5, 3.5],
			"to": [13.5, 13.5, 4.5],
			"rotation": {"angle": 22.5, "axis": "x", "origin": [12.5, 12.5, 3.5]},
			"faces": {
				"north": {"uv": [2.5, 2.5, 8, 3.5], "texture": "#texture3"},
				"east": {"uv": [11.5, 2.5, 12.5, 3.5], "texture": "#texture3"},
				"south": {"uv": [8, 2.5, 13.5, 3.5], "texture": "#texture3"},
				"west": {"uv": [3.5, 2.5, 4.5, 3.5], "texture": "#texture3"},
				"up": {"uv": [8, 3.5, 13.5, 4.5], "texture": "#texture3"},
				"down": {"uv": [8, 11.5, 13.5, 12.5], "texture": "#texture3"}
			}
		},
		{
			"name": "Box19",
			"from": [11.5, 12.5, 3.5],
			"to": [12.5, 13.5, 4.5],
			"rotation": {"angle": 22.5, "axis": "x", "origin": [11.5, 12.5, 3.5]},
			"faces": {
				"north": {"uv": [2.5, 2.5, 8, 3.5], "texture": "#texture4"},
				"east": {"uv": [11.5, 2.5, 12.5, 3.5], "texture": "#texture4"},
				"south": {"uv": [8, 2.5, 13.5, 3.5], "texture": "#texture4"},
				"west": {"uv": [3.5, 2.5, 4.5, 3.5], "texture": "#texture4"},
				"up": {"uv": [8, 3.5, 13.5, 4.5], "texture": "#texture4"},
				"down": {"uv": [8, 11.5, 13.5, 12.5], "texture": "#texture4"}
			}
		},
		{
			"name": "Box19",
			"from": [11.5, 12.5, 4],
			"to": [12.5, 13.5, 5],
			"rotation": {"angle": -22.5, "axis": "x", "origin": [12.5, 12.5, 5]},
			"faces": {
				"north": {"uv": [8, 2.5, 13.5, 3.5], "texture": "#texture4"},
				"east": {"uv": [3.5, 2.5, 4.5, 3.5], "texture": "#texture4"},
				"south": {"uv": [2.5, 2.5, 8, 3.5], "texture": "#texture4"},
				"west": {"uv": [11.5, 2.5, 12.5, 3.5], "texture": "#texture4"},
				"up": {"uv": [8, 3.5, 13.5, 4.5], "rotation": 180, "texture": "#texture4"},
				"down": {"uv": [8, 11.5, 13.5, 12.5], "rotation": 180, "texture": "#texture4"}
			}
		},
		{
			"name": "Box66",
			"from": [8, 11.5, 3.25],
			"to": [9, 12.5, 3.75],
			"faces": {
				"north": {"uv": [7, 3.5, 8, 4.5], "texture": "#texture1"},
				"east": {"uv": [12.25, 3.5, 12.75, 4.5], "texture": "#texture1"},
				"south": {"uv": [8, 3.5, 9, 4.5], "texture": "#texture1"},
				"west": {"uv": [3.25, 3.5, 3.75, 4.5], "texture": "#texture1"},
				"up": {"uv": [8, 3.25, 9, 3.75], "texture": "#texture1"},
				"down": {"uv": [8, 12.25, 9, 12.75], "texture": "#texture1"}
			}
		},
		{
			"name": "Box66",
			"from": [8, 11.5, 4.75],
			"to": [9, 12.5, 5.25],
			"faces": {
				"north": {"uv": [7, 3.5, 8, 4.5], "texture": "#texture1"},
				"east": {"uv": [10.75, 3.5, 11.25, 4.5], "texture": "#texture1"},
				"south": {"uv": [8, 3.5, 9, 4.5], "texture": "#texture1"},
				"west": {"uv": [4.75, 3.5, 5.25, 4.5], "texture": "#texture1"},
				"up": {"uv": [8, 4.75, 9, 5.25], "texture": "#texture1"},
				"down": {"uv": [8, 10.75, 9, 11.25], "texture": "#texture1"}
			}
		},
		{
			"name": "Box62",
			"from": [9, 13.25, 3.75],
			"to": [14, 13.75, 4.75],
			"faces": {
				"north": {"uv": [2, 2, 7, 2.5], "texture": "#texture"},
				"east": {"uv": [11.5, 2, 12, 2.5], "texture": "#texture"},
				"south": {"uv": [9, 2, 14, 2.5], "texture": "#texture"},
				"west": {"uv": [4, 2, 4.5, 2.5], "texture": "#texture"},
				"up": {"uv": [9, 4, 14, 4.5], "texture": "#texture"},
				"down": {"uv": [9, 11.5, 14, 12], "texture": "#texture"}
			}
		}
	],
	"display": {
		"thirdperson_righthand": {
			"rotation": [0, -90, 0],
			"translation": [-2.781, -2.781, -0.695],
			"scale": [0.8, 0.8, 0.8]
		},
		"thirdperson_lefthand": {
			"rotation": [0, 90, 0],
			"translation": [2.78, -2.781, -0.695],
			"scale": [0.8, 0.8, 0.8]
		},
		"firstperson_righthand": {
			"rotation": [0, -90, 0],
			"translation": [-6.26, -0.695, 0]
		},
		"firstperson_lefthand": {
			"rotation": [0, 90, 0],
			"translation": [-6.26, -0.695, 0]
		},
		"ground": {
			"rotation": [-90, 0, 0]
		},
		"gui": {
			"rotation": [31, -30, 33],
			"translation": [0, -3.478, 0],
			"scale": [0.8, 0.8, 0.8]
		},
		"head": {
			"translation": [0, -1.75, 3],
			"scale": [0.8, 0.8, 0.8]
		},
		"fixed": {
			"rotation": [0, -180, 0],
			"translation": [0, -2.782, -3.478]
		}
	}
}