{
	"credit": "Kosantu's 3D AKS",
	"texture_size": [8, 8],
	"textures": {
		"1": "modeltextures/concrete_brown",
		"2": "modeltextures/anvil_base"
	},
	"elements": [
		{
			"name": "tari",
			"from": [3.075, 6.725, 9],
			"to": [4.45, 7.2, 10],
			"rotation": {"angle": 0, "axis": "y", "origin": [3.7, 6.5, 9.5]},
			"faces": {
				"north": {"uv": [2, 0, 4, 2], "texture": "#1"},
				"east": {"uv": [4, 0, 6, 2], "texture": "#1"},
				"south": {"uv": [4, 2, 6.75, 2.95], "texture": "#1"},
				"west": {"uv": [2, 6, 4, 8], "texture": "#1"},
				"up": {"uv": [8, 8, 6, 6], "texture": "#1"},
				"down": {"uv": [8, 0, 6, 2], "texture": "#1"}
			}
		},
		{
			"name": "tari",
			"from": [2.95, 6.975, 9.025],
			"to": [3.35, 7.2, 9.975],
			"rotation": {"angle": 0, "axis": "y", "origin": [3.575, 6.525, 9.5]},
			"faces": {
				"north": {"uv": [6, 2, 8, 4], "texture": "#1"},
				"east": {"uv": [6, 4, 8, 6], "texture": "#1"},
				"south": {"uv": [0, 8, 0.8, 8.45], "texture": "#1"},
				"west": {"uv": [2, 8, 4, 10], "texture": "#1"},
				"up": {"uv": [6, 10, 4, 8], "texture": "#1"},
				"down": {"uv": [8, 8, 6, 10], "texture": "#1"}
			}
		},
		{
			"name": "tari",
			"from": [2.65894, 4.89972, 8.975],
			"to": [3.75894, 7.04972, 10.025],
			"rotation": {"angle": -22.5, "axis": "z", "origin": [3.25894, 5.49972, 9.5]},
			"faces": {
				"north": {"uv": [0, 0, 2, 4], "texture": "#1"},
				"east": {"uv": [2, 2, 4, 6], "texture": "#1"},
				"south": {"uv": [0, 4, 2.2, 8.3], "texture": "#1"},
				"west": {"uv": [4, 4, 6, 8], "texture": "#1"},
				"up": {"uv": [10, 10, 8, 8], "texture": "#1"},
				"down": {"uv": [10, 0, 8, 2], "texture": "#1"}
			}
		},
		{
			"name": "tari",
			"from": [2.52286, 4.93438, 9],
			"to": [2.82286, 5.20938, 10],
			"rotation": {"angle": 22.5, "axis": "z", "origin": [2.58536, 5.07188, 9.5]},
			"faces": {
				"north": {"uv": [8, 2, 10, 4], "texture": "#1"},
				"east": {"uv": [8, 4, 10, 6], "texture": "#1"},
				"south": {"uv": [8, 6, 8.6, 6.55], "texture": "#1"},
				"west": {"uv": [0, 10, 2, 12], "texture": "#1"},
				"up": {"uv": [4, 12, 2, 10], "texture": "#1"},
				"down": {"uv": [6, 10, 4, 12], "texture": "#1"}
			}
		},
		{
			"name": "tari",
			"from": [2.75, 4.65, 9],
			"to": [3.75, 5.25, 10],
			"rotation": {"angle": 0, "axis": "y", "origin": [3.25, 5, 9.5]},
			"faces": {
				"north": {"uv": [6, 10, 8, 12], "texture": "#1"},
				"east": {"uv": [8, 10, 10, 12], "texture": "#1"},
				"south": {"uv": [10, 10, 12, 11.2], "texture": "#1"},
				"west": {"uv": [10, 0, 12, 2], "texture": "#1"},
				"up": {"uv": [12, 4, 10, 2], "texture": "#1"},
				"down": {"uv": [12, 4, 10, 6], "texture": "#1"}
			}
		},
		{
			"name": "tari",
			"from": [2.55064, 4.77212, 9.075],
			"to": [2.82564, 5.07212, 9.975],
			"rotation": {"angle": -22.5, "axis": "z", "origin": [2.68814, 4.82212, 9.5]},
			"faces": {
				"north": {"uv": [10, 6, 12, 8], "texture": "#1"},
				"east": {"uv": [10, 8, 12, 10], "texture": "#1"},
				"south": {"uv": [0, 12, 0.55, 12.6], "texture": "#1"},
				"west": {"uv": [2, 12, 4, 14], "texture": "#1"},
				"up": {"uv": [6, 14, 4, 12], "texture": "#1"},
				"down": {"uv": [8, 12, 6, 14], "texture": "#1"}
			}
		},
		{
			"name": "tari",
			"from": [2.9, 7.2, 9],
			"to": [4.45, 7.425, 10],
			"rotation": {"angle": 0, "axis": "y", "origin": [3.7, 6.725, 9.5]},
			"faces": {
				"north": {"uv": [0, 0, 3.1, 0.45], "texture": "#2"},
				"east": {"uv": [0, 0, 2, 0.45], "texture": "#2"},
				"south": {"uv": [0, 0, 3.1, 0.45], "texture": "#2"},
				"west": {"uv": [0, 0, 2, 0.45], "texture": "#2"},
				"up": {"uv": [0, 0, 3.1, 2], "texture": "#2"},
				"down": {"uv": [0, 0, 3.1, 2], "texture": "#2"}
			}
		},
		{
			"name": "tari",
			"from": [4.45, 7.025, 9],
			"to": [4.475, 7.425, 10],
			"rotation": {"angle": 0, "axis": "y", "origin": [3.725, 6.725, 9.5]},
			"faces": {
				"north": {"uv": [0, 0, 0.05, 0.8], "texture": "#2"},
				"east": {"uv": [0, 0, 2, 0.8], "texture": "#2"},
				"south": {"uv": [0, 0, 0.05, 0.8], "texture": "#2"},
				"west": {"uv": [0, 0, 2, 0.8], "texture": "#2"},
				"up": {"uv": [0, 0, 0.05, 2], "texture": "#2"},
				"down": {"uv": [0, 0, 0.05, 2], "texture": "#2"}
			}
		},
		{
			"name": "tari",
			"from": [4.49963, 6.74979, 9],
			"to": [4.54963, 7.04979, 10],
			"rotation": {"angle": 22.5, "axis": "z", "origin": [4.52463, 6.84979, 9.5]},
			"faces": {
				"north": {"uv": [0, 0, 0.1, 0.6], "texture": "#2"},
				"east": {"uv": [0, 0, 2, 0.6], "texture": "#2"},
				"south": {"uv": [0, 0, 0.1, 0.6], "texture": "#2"},
				"west": {"uv": [0, 0, 2, 0.6], "texture": "#2"},
				"up": {"uv": [0, 0, 0.1, 2], "texture": "#2"},
				"down": {"uv": [0, 0, 0.1, 2], "texture": "#2"}
			}
		},
		{
			"name": "tari",
			"from": [4.6739, 6.64909, 9],
			"to": [4.7239, 6.82409, 10],
			"rotation": {"angle": 45, "axis": "z", "origin": [4.6989, 6.62409, 9.5]},
			"faces": {
				"north": {"uv": [0, 0, 0.1, 0.35], "texture": "#2"},
				"east": {"uv": [0, 0, 2, 0.35], "texture": "#2"},
				"south": {"uv": [0, 0, 0.1, 0.35], "texture": "#2"},
				"west": {"uv": [0, 0, 2, 0.35], "texture": "#2"},
				"up": {"uv": [0, 0, 0.1, 2], "texture": "#2"},
				"down": {"uv": [0, 0, 0.1, 2], "texture": "#2"}
			}
		},
		{
			"name": "tari",
			"from": [4.66355, 6.62409, 9],
			"to": [5.71355, 6.67409, 10],
			"rotation": {"angle": 0, "axis": "y", "origin": [4.86355, 6.64909, 9.5]},
			"faces": {
				"north": {"uv": [0, 0, 0.1, 2.1], "rotation": 90, "texture": "#2"},
				"east": {"uv": [0, 0, 0.1, 2], "rotation": 270, "texture": "#2"},
				"south": {"uv": [0, 0, 0.1, 2.1], "rotation": 270, "texture": "#2"},
				"west": {"uv": [0, 0, 0.1, 2], "rotation": 270, "texture": "#2"},
				"up": {"uv": [0, 0, 2, 2.1], "rotation": 270, "texture": "#2"},
				"down": {"uv": [0, 0, 2, 2.1], "rotation": 270, "texture": "#2"}
			}
		},
		{
			"name": "tari",
			"from": [5.69352, 6.67481, 9],
			"to": [5.84352, 6.72481, 10],
			"rotation": {"angle": 22.5, "axis": "z", "origin": [5.83102, 6.69981, 9.5]},
			"faces": {
				"north": {"uv": [0, 0, 0.1, 0.3], "rotation": 90, "texture": "#2"},
				"east": {"uv": [0, 0, 0.1, 2], "rotation": 270, "texture": "#2"},
				"south": {"uv": [0, 0, 0.1, 0.3], "rotation": 270, "texture": "#2"},
				"west": {"uv": [0, 0, 0.1, 2], "rotation": 270, "texture": "#2"},
				"up": {"uv": [0, 0, 2, 0.3], "rotation": 270, "texture": "#2"},
				"down": {"uv": [0, 0, 2, 0.3], "rotation": 270, "texture": "#2"}
			}
		},
		{
			"name": "tari",
			"from": [5.81249, 6.72721, 9],
			"to": [5.91249, 6.77721, 10],
			"rotation": {"angle": 45, "axis": "z", "origin": [5.88749, 6.75221, 9.5]},
			"faces": {
				"north": {"uv": [0, 0, 0.1, 0.2], "rotation": 90, "texture": "#2"},
				"east": {"uv": [0, 0, 0.1, 2], "rotation": 270, "texture": "#2"},
				"south": {"uv": [0, 0, 0.1, 0.2], "rotation": 270, "texture": "#2"},
				"west": {"uv": [0, 0, 0.1, 2], "rotation": 270, "texture": "#2"},
				"up": {"uv": [0, 0, 2, 0.2], "rotation": 270, "texture": "#2"},
				"down": {"uv": [0, 0, 2, 0.2], "rotation": 270, "texture": "#2"}
			}
		},
		{
			"name": "tari",
			"from": [5.87284, 6.75221, 9],
			"to": [5.92284, 7.47721, 10],
			"rotation": {"angle": 0, "axis": "y", "origin": [5.89784, 6.80221, 9.5]},
			"faces": {
				"north": {"uv": [0, 0, 0.1, 1.45], "texture": "#2"},
				"east": {"uv": [0, 0, 2, 1.45], "texture": "#2"},
				"south": {"uv": [0, 0, 0.1, 1.45], "texture": "#2"},
				"west": {"uv": [0, 0, 2, 1.45], "texture": "#2"},
				"up": {"uv": [0, 0, 0.1, 2], "texture": "#2"},
				"down": {"uv": [0, 0, 0.1, 2], "texture": "#2"}
			}
		},
		{
			"name": "tari",
			"from": [5.92284, 6.80221, 9],
			"to": [6.39784, 7.42721, 10],
			"rotation": {"angle": 0, "axis": "y", "origin": [6.17284, 6.75221, 9.5]},
			"faces": {
				"north": {"uv": [0, 0, 0.95, 1.25], "texture": "#2"},
				"east": {"uv": [0, 0, 2, 1.25], "texture": "#2"},
				"south": {"uv": [0, 0, 0.95, 1.25], "texture": "#2"},
				"west": {"uv": [0, 0, 2, 1.25], "texture": "#2"},
				"up": {"uv": [0, 0, 0.95, 2], "texture": "#2"},
				"down": {"uv": [0, 0, 0.95, 2], "texture": "#2"}
			}
		},
		{
			"name": "tari",
			"from": [6.12284, 6.50221, 9.275],
			"to": [6.29784, 6.82721, 9.775],
			"rotation": {"angle": 0, "axis": "y", "origin": [6.22284, 6.50221, 9.5]},
			"faces": {
				"north": {"uv": [0, 0, 0.35, 0.65], "texture": "#2"},
				"east": {"uv": [0, 0, 1, 0.65], "texture": "#2"},
				"south": {"uv": [0, 0, 0.35, 0.65], "texture": "#2"},
				"west": {"uv": [0, 0, 1, 0.65], "texture": "#2"},
				"up": {"uv": [0, 0, 0.35, 1], "texture": "#2"},
				"down": {"uv": [0, 0, 0.35, 1], "texture": "#2"}
			}
		},
		{
			"name": "tari",
			"from": [4.57284, 7.20221, 9.25],
			"to": [5.07284, 7.47721, 9.75],
			"rotation": {"angle": 0, "axis": "y", "origin": [4.84784, 6.80221, 9.475]},
			"faces": {
				"north": {"uv": [0, 0, 1, 0.55], "texture": "#2"},
				"east": {"uv": [0, 0, 1, 0.55], "texture": "#2"},
				"south": {"uv": [0, 0, 1, 0.55], "texture": "#2"},
				"west": {"uv": [0, 0, 1, 0.55], "texture": "#2"},
				"up": {"uv": [0, 0, 1, 1], "texture": "#2"},
				"down": {"uv": [0, 0, 1, 1], "texture": "#2"}
			}
		},
		{
			"name": "tari",
			"from": [4.79784, 7.07721, 9.375],
			"to": [4.87284, 7.20221, 9.6],
			"rotation": {"angle": 0, "axis": "y", "origin": [4.92284, 6.52721, 9.475]},
			"faces": {
				"north": {"uv": [0, 0, 0.15, 0.25], "texture": "#2"},
				"east": {"uv": [0, 0, 0.45, 0.25], "texture": "#2"},
				"south": {"uv": [0, 0, 0.15, 0.25], "texture": "#2"},
				"west": {"uv": [0, 0, 0.45, 0.25], "texture": "#2"},
				"up": {"uv": [0, 0, 0.15, 0.45], "texture": "#2"},
				"down": {"uv": [0, 0, 0.15, 0.45], "texture": "#2"}
			}
		},
		{
			"name": "tari",
			"from": [4.82657, 6.93278, 9.375],
			"to": [4.90157, 7.10778, 9.6],
			"rotation": {"angle": 22.5, "axis": "z", "origin": [4.88907, 7.02028, 9.4875]},
			"faces": {
				"north": {"uv": [0, 0, 0.15, 0.35], "texture": "#2"},
				"east": {"uv": [0, 0, 0.45, 0.35], "texture": "#2"},
				"south": {"uv": [0, 0, 0.15, 0.35], "texture": "#2"},
				"west": {"uv": [0, 0, 0.45, 0.35], "texture": "#2"},
				"up": {"uv": [0, 0, 0.15, 0.45], "texture": "#2"},
				"down": {"uv": [0, 0, 0.15, 0.45], "texture": "#2"}
			}
		},
		{
			"name": "tari",
			"from": [4.90838, 6.81035, 9.375],
			"to": [4.98338, 6.98535, 9.6],
			"rotation": {"angle": 45, "axis": "z", "origin": [4.97088, 6.89785, 9.4875]},
			"faces": {
				"north": {"uv": [0, 0, 0.15, 0.35], "texture": "#2"},
				"east": {"uv": [0, 0, 0.45, 0.35], "texture": "#2"},
				"south": {"uv": [0, 0, 0.15, 0.35], "texture": "#2"},
				"west": {"uv": [0, 0, 0.45, 0.35], "texture": "#2"},
				"up": {"uv": [0, 0, 0.15, 0.45], "texture": "#2"},
				"down": {"uv": [0, 0, 0.15, 0.45], "texture": "#2"}
			}
		},
		{
			"name": "tari",
			"from": [4.98855, 6.79178, 9.375],
			"to": [5.23855, 6.86678, 9.6],
			"rotation": {"angle": 0, "axis": "y", "origin": [5.07605, 6.85428, 9.4875]},
			"faces": {
				"north": {"uv": [0, 0, 0.15, 0.5], "rotation": 90, "texture": "#2"},
				"east": {"uv": [0, 0, 0.15, 0.45], "rotation": 270, "texture": "#2"},
				"south": {"uv": [0, 0, 0.15, 0.5], "rotation": 270, "texture": "#2"},
				"west": {"uv": [0, 0, 0.15, 0.45], "rotation": 270, "texture": "#2"},
				"up": {"uv": [0, 0, 0.45, 0.5], "rotation": 270, "texture": "#2"},
				"down": {"uv": [0, 0, 0.45, 0.5], "rotation": 270, "texture": "#2"}
			}
		},
		{
			"name": "mtavarinawili",
			"from": [2.9, 7.425, 9],
			"to": [9.55, 8.525, 10],
			"rotation": {"angle": 0, "axis": "y", "origin": [5.3, 6.95, 9.5]},
			"faces": {
				"north": {"uv": [1, 10, 14.3, 12.2], "texture": "#2"},
				"east": {"uv": [4, 7, 6, 9.2], "texture": "#2"},
				"south": {"uv": [0, 0, 13.3, 2.2], "texture": "#2"},
				"west": {"uv": [0, 0, 2, 2.2], "texture": "#2"},
				"up": {"uv": [0, 0, 13.3, 2], "texture": "#2"},
				"down": {"uv": [0, 0, 13.3, 2], "texture": "#2"}
			}
		},
		{
			"name": "mwidi",
			"from": [6.425, 6.6, 9.125],
			"to": [8.2, 7.425, 9.875],
			"rotation": {"angle": 0, "axis": "y", "origin": [4.3, 5.85, 9.5]},
			"faces": {
				"north": {"uv": [0, 0, 3.55, 1.65], "texture": "#2"},
				"east": {"uv": [0, 0, 1.5, 1.65], "texture": "#2"},
				"south": {"uv": [0, 0, 3.55, 1.65], "texture": "#2"},
				"west": {"uv": [0, 0, 1.5, 1.65], "texture": "#2"},
				"up": {"uv": [0, 0, 3.55, 1.5], "texture": "#2"},
				"down": {"uv": [0, 0, 3.55, 1.5], "texture": "#2"}
			}
		},
		{
			"name": "mwidi",
			"from": [6.5153, 5.77103, 9.15],
			"to": [8.2903, 6.97103, 9.85],
			"rotation": {"angle": 22.5, "axis": "z", "origin": [7.4028, 6.55853, 9.5]},
			"faces": {
				"north": {"uv": [0, 0, 3.55, 2.4], "texture": "#2"},
				"east": {"uv": [0, 0, 1.4, 2.4], "texture": "#2"},
				"south": {"uv": [0, 0, 3.55, 2.4], "texture": "#2"},
				"west": {"uv": [0, 0, 1.4, 2.4], "texture": "#2"},
				"up": {"uv": [0, 0, 3.55, 1.4], "texture": "#2"},
				"down": {"uv": [0, 0, 3.55, 1.4], "texture": "#2"}
			}
		},
		{
			"name": "mwidi",
			"from": [6.91596, 4.36472, 9.175],
			"to": [8.69096, 6.23972, 9.825],
			"rotation": {"angle": 45, "axis": "z", "origin": [7.80346, 5.82722, 9.5]},
			"faces": {
				"north": {"uv": [0, 0, 3.55, 3.75], "texture": "#2"},
				"east": {"uv": [0, 0, 1.3, 3.75], "texture": "#2"},
				"south": {"uv": [0, 0, 3.55, 3.75], "texture": "#2"},
				"west": {"uv": [0, 0, 1.3, 3.75], "texture": "#2"},
				"up": {"uv": [0, 0, 3.55, 1.3], "texture": "#2"},
				"down": {"uv": [0, 0, 3.55, 1.3], "texture": "#2"}
			}
		},
		{
			"name": "wina mxare",
			"from": [9.55, 7.65, 9],
			"to": [13.425, 8.575, 10],
			"rotation": {"angle": 0, "axis": "y", "origin": [11.95, 6.95, 9.5]},
			"faces": {
				"north": {"uv": [1, 10, 14.3, 12.2], "texture": "#1"},
				"east": {"uv": [4, 7, 6, 9.2], "texture": "#1"},
				"south": {"uv": [5, 5, 12.75, 6.85], "texture": "#1"},
				"west": {"uv": [0, 0, 2, 2.2], "texture": "#1"},
				"up": {"uv": [0, 0, 13.3, 2], "texture": "#1"},
				"down": {"uv": [0, 0, 13.3, 2], "texture": "#1"}
			}
		},
		{
			"name": "wina mxare",
			"from": [9.55, 7.45, 9],
			"to": [10.35, 7.725, 10],
			"rotation": {"angle": 0, "axis": "y", "origin": [11.95, 6.725, 9.5]},
			"faces": {
				"north": {"uv": [1, 10, 14.3, 12.2], "texture": "#1"},
				"east": {"uv": [4, 7, 6, 9.2], "texture": "#1"},
				"south": {"uv": [0, 0, 1.6, 0.55], "texture": "#1"},
				"west": {"uv": [0, 0, 2, 2.2], "texture": "#1"},
				"up": {"uv": [0, 0, 13.3, 2], "texture": "#1"},
				"down": {"uv": [0, 0, 13.3, 2], "texture": "#1"}
			}
		},
		{
			"name": "wina mxare",
			"from": [10.775, 8.825, 9],
			"to": [13.45, 9.45, 10],
			"rotation": {"angle": 0, "axis": "y", "origin": [11.95, 7.825, 9.5]},
			"faces": {
				"north": {"uv": [1, 10, 14.3, 12.2], "texture": "#2"},
				"east": {"uv": [4, 7, 6, 9.2], "texture": "#2"},
				"south": {"uv": [0, 0, 5.35, 1.25], "texture": "#2"},
				"west": {"uv": [0, 0, 2, 2.2], "texture": "#2"},
				"up": {"uv": [0, 0, 13.3, 2], "texture": "#2"},
				"down": {"uv": [0, 0, 13.3, 2], "texture": "#2"}
			}
		},
		{
			"name": "wina mxare",
			"from": [10.625, 8.7, 9],
			"to": [10.8, 9.5, 10],
			"rotation": {"angle": 0, "axis": "y", "origin": [11.725, 7.825, 9.5]},
			"faces": {
				"north": {"uv": [1, 10, 14.3, 12.2], "texture": "#2"},
				"east": {"uv": [4, 7, 6, 9.2], "texture": "#2"},
				"south": {"uv": [0, 0, 0.35, 1.6], "texture": "#2"},
				"west": {"uv": [0, 0, 2, 2.2], "texture": "#2"},
				"up": {"uv": [0, 0, 13.3, 2], "texture": "#2"},
				"down": {"uv": [0, 0, 13.3, 2], "texture": "#2"}
			}
		},
		{
			"name": "wina mxare",
			"from": [10.475, 8.7, 9],
			"to": [10.625, 9.35, 10],
			"rotation": {"angle": 0, "axis": "y", "origin": [11.575, 7.75, 9.5]},
			"faces": {
				"north": {"uv": [1, 10, 14.3, 12.2], "texture": "#2"},
				"east": {"uv": [4, 7, 6, 9.2], "texture": "#2"},
				"south": {"uv": [0, 0, 0.3, 1.3], "texture": "#2"},
				"west": {"uv": [0, 0, 2, 2.2], "texture": "#2"},
				"up": {"uv": [0, 0, 13.3, 2], "texture": "#2"},
				"down": {"uv": [0, 0, 13.3, 2], "texture": "#2"}
			}
		},
		{
			"name": "wina mxare",
			"from": [8.875, 8.525, 9],
			"to": [10.8, 8.7, 10],
			"rotation": {"angle": 0, "axis": "y", "origin": [11.575, 7.675, 9.5]},
			"faces": {
				"north": {"uv": [1, 10, 14.3, 12.2], "texture": "#1"},
				"east": {"uv": [4, 7, 6, 9.2], "texture": "#1"},
				"south": {"uv": [0, 0, 3.85, 0.35], "texture": "#1"},
				"west": {"uv": [0, 0, 2, 2.2], "texture": "#1"},
				"up": {"uv": [0, 0, 13.3, 2], "texture": "#1"},
				"down": {"uv": [0, 0, 13.3, 2], "texture": "#1"}
			}
		},
		{
			"name": "wina mxare",
			"from": [13.425, 7.825, 9],
			"to": [13.625, 9.5, 10],
			"rotation": {"angle": 0, "axis": "y", "origin": [12.15, 7.825, 9.5]},
			"faces": {
				"north": {"uv": [1, 10, 14.3, 12.2], "texture": "#2"},
				"east": {"uv": [4, 7, 6, 9.2], "texture": "#2"},
				"south": {"uv": [0, 0, 0.4, 3.35], "texture": "#2"},
				"west": {"uv": [0, 0, 2, 2.2], "texture": "#2"},
				"up": {"uv": [0, 0, 13.3, 2], "texture": "#2"},
				"down": {"uv": [0, 0, 13.3, 2], "texture": "#2"}
			}
		},
		{
			"name": "wina mxare",
			"from": [13.625, 8.725, 8.95],
			"to": [14, 9.375, 10.05],
			"rotation": {"angle": 0, "axis": "y", "origin": [12.525, 7.825, 9.5]},
			"faces": {
				"north": {"uv": [1, 10, 14.3, 12.2], "texture": "#2"},
				"east": {"uv": [4, 7, 6, 9.2], "texture": "#2"},
				"south": {"uv": [0, 0, 0.75, 1.3], "texture": "#2"},
				"west": {"uv": [0, 0, 2, 2.2], "texture": "#2"},
				"up": {"uv": [0, 0, 13.3, 2], "texture": "#2"},
				"down": {"uv": [0, 0, 13.3, 2], "texture": "#2"}
			}
		},
		{
			"name": "wina mxare",
			"from": [13.625, 8.025, 8.95],
			"to": [13.9, 8.7, 10.05],
			"rotation": {"angle": 0, "axis": "y", "origin": [12.525, 7.1, 9.5]},
			"faces": {
				"north": {"uv": [1, 10, 14.3, 12.2], "texture": "#2"},
				"east": {"uv": [4, 7, 6, 9.2], "texture": "#2"},
				"south": {"uv": [0, 0, 0.55, 1.35], "texture": "#2"},
				"west": {"uv": [0, 0, 2, 2.2], "texture": "#2"},
				"up": {"uv": [0, 0, 13.3, 2], "texture": "#2"},
				"down": {"uv": [0, 0, 13.3, 2], "texture": "#2"}
			}
		},
		{
			"name": "wina mxare",
			"from": [13.9, 8.15, 9],
			"to": [15.625, 8.65, 10],
			"rotation": {"angle": 0, "axis": "y", "origin": [12.8, 7.1, 9.5]},
			"faces": {
				"north": {"uv": [1, 10, 14.3, 12.2], "texture": "#2"},
				"east": {"uv": [4, 7, 6, 9.2], "texture": "#2"},
				"south": {"uv": [0, 0, 3.45, 1], "texture": "#2"},
				"west": {"uv": [0, 0, 2, 2.2], "texture": "#2"},
				"up": {"uv": [0, 0, 13.3, 2], "texture": "#2"},
				"down": {"uv": [0, 0, 13.3, 2], "texture": "#2"}
			}
		},
		{
			"name": "wina mxare",
			"from": [15.625, 8.2, 8.95],
			"to": [15.725, 8.65, 10.05],
			"rotation": {"angle": 0, "axis": "y", "origin": [12.9, 7.1, 9.5]},
			"faces": {
				"north": {"uv": [1, 10, 14.3, 12.2], "texture": "#2"},
				"east": {"uv": [4, 7, 6, 9.2], "texture": "#2"},
				"south": {"uv": [0, 0, 0.2, 0.9], "texture": "#2"},
				"west": {"uv": [0, 0, 2, 2.2], "texture": "#2"},
				"up": {"uv": [0, 0, 13.3, 2], "texture": "#2"},
				"down": {"uv": [0, 0, 13.3, 2], "texture": "#2"}
			}
		},
		{
			"name": "wina mxare",
			"from": [15.725, 8.125, 8.95],
			"to": [15.85, 8.7, 10.025],
			"rotation": {"angle": 0, "axis": "y", "origin": [13, 7.1, 9.5]},
			"faces": {
				"north": {"uv": [1, 10, 14.3, 12.2], "texture": "#2"},
				"east": {"uv": [4, 7, 6, 9.2], "texture": "#2"},
				"south": {"uv": [0, 0, 0.25, 1.15], "texture": "#2"},
				"west": {"uv": [0, 0, 2, 2.2], "texture": "#2"},
				"up": {"uv": [0, 0, 13.3, 2], "texture": "#2"},
				"down": {"uv": [0, 0, 13.3, 2], "texture": "#2"}
			}
		},
		{
			"name": "wina mxare",
			"from": [15.85, 8.15, 9.2],
			"to": [16.625, 8.575, 9.775],
			"rotation": {"angle": 0, "axis": "y", "origin": [13.775, 7.1, 9.5]},
			"faces": {
				"north": {"uv": [1, 10, 14.3, 12.2], "texture": "#2"},
				"east": {"uv": [4, 7, 6, 9.2], "texture": "#2"},
				"south": {"uv": [0, 0, 1.55, 0.85], "texture": "#2"},
				"west": {"uv": [0, 0, 2, 2.2], "texture": "#2"},
				"up": {"uv": [0, 0, 13.3, 2], "texture": "#2"},
				"down": {"uv": [0, 0, 13.3, 2], "texture": "#2"}
			}
		},
		{
			"name": "wina mxare",
			"from": [15.85, 8.55, 9.2],
			"to": [16.125, 8.875, 9.775],
			"rotation": {"angle": 0, "axis": "y", "origin": [13.775, 7.575, 9.5]},
			"faces": {
				"north": {"uv": [1, 10, 14.3, 12.2], "texture": "#2"},
				"east": {"uv": [4, 7, 6, 9.2], "texture": "#2"},
				"south": {"uv": [0, 0, 0.55, 0.65], "texture": "#2"},
				"west": {"uv": [0, 0, 2, 2.2], "texture": "#2"},
				"up": {"uv": [0, 0, 13.3, 2], "texture": "#2"},
				"down": {"uv": [0, 0, 13.3, 2], "texture": "#2"}
			}
		},
		{
			"name": "wina mxare",
			"from": [16.1, 8.55, 9.2],
			"to": [16.225, 8.75, 9.775],
			"rotation": {"angle": 0, "axis": "y", "origin": [14.025, 7.575, 9.5]},
			"faces": {
				"north": {"uv": [1, 10, 14.3, 12.2], "texture": "#2"},
				"east": {"uv": [4, 7, 6, 9.2], "texture": "#2"},
				"south": {"uv": [0, 0, 0.25, 0.4], "texture": "#2"},
				"west": {"uv": [0, 0, 2, 2.2], "texture": "#2"},
				"up": {"uv": [0, 0, 13.3, 2], "texture": "#2"},
				"down": {"uv": [0, 0, 13.3, 2], "texture": "#2"}
			}
		},
		{
			"name": "wina mxare",
			"from": [16.225, 8.55, 9.2],
			"to": [16.375, 8.65, 9.775],
			"rotation": {"angle": 0, "axis": "y", "origin": [14.175, 7.575, 9.5]},
			"faces": {
				"north": {"uv": [1, 10, 14.3, 12.2], "texture": "#2"},
				"east": {"uv": [4, 7, 6, 9.2], "texture": "#2"},
				"south": {"uv": [0, 0, 0.3, 0.2], "texture": "#2"},
				"west": {"uv": [0, 0, 2, 2.2], "texture": "#2"},
				"up": {"uv": [0, 0, 13.3, 2], "texture": "#2"},
				"down": {"uv": [0, 0, 13.3, 2], "texture": "#2"}
			}
		},
		{
			"name": "wina mxare",
			"from": [15.85, 8.875, 9.2],
			"to": [15.925, 9.2, 9.775],
			"rotation": {"angle": 0, "axis": "y", "origin": [13.775, 7.9, 9.5]},
			"faces": {
				"north": {"uv": [1, 10, 14.3, 12.2], "texture": "#2"},
				"east": {"uv": [4, 7, 6, 9.2], "texture": "#2"},
				"south": {"uv": [0, 0, 0.15, 0.65], "texture": "#2"},
				"west": {"uv": [0, 0, 2, 2.2], "texture": "#2"},
				"up": {"uv": [0, 0, 13.3, 2], "texture": "#2"},
				"down": {"uv": [0, 0, 13.3, 2], "texture": "#2"}
			}
		},
		{
			"name": "wina mxare",
			"from": [15.9, 8.875, 9.2],
			"to": [16, 8.95, 9.775],
			"rotation": {"angle": 0, "axis": "y", "origin": [13.825, 7.9, 9.5]},
			"faces": {
				"north": {"uv": [1, 10, 14.3, 12.2], "texture": "#2"},
				"east": {"uv": [4, 7, 6, 9.2], "texture": "#2"},
				"south": {"uv": [0, 0, 0.2, 0.15], "texture": "#2"},
				"west": {"uv": [0, 0, 2, 2.2], "texture": "#2"},
				"up": {"uv": [0, 0, 13.3, 2], "texture": "#2"},
				"down": {"uv": [0, 0, 13.3, 2], "texture": "#2"}
			}
		},
		{
			"name": "wina mxare",
			"from": [15.86478, 8.94797, 9.225],
			"to": [15.98978, 9.37297, 9.8],
			"rotation": {"angle": 22.5, "axis": "z", "origin": [15.92728, 9.08547, 9.5125]},
			"faces": {
				"north": {"uv": [1, 10, 14.3, 12.2], "texture": "#2"},
				"east": {"uv": [4, 7, 6, 9.2], "texture": "#2"},
				"south": {"uv": [0, 0, 0.25, 0.85], "texture": "#2"},
				"west": {"uv": [0, 0, 2, 2.2], "texture": "#2"},
				"up": {"uv": [0, 0, 13.3, 2], "texture": "#2"},
				"down": {"uv": [0, 0, 13.3, 2], "texture": "#2"}
			}
		},
		{
			"name": "wina mxare",
			"from": [15.88214, 8.71292, 9.225],
			"to": [16.30714, 8.83792, 9.8],
			"rotation": {"angle": -45, "axis": "z", "origin": [16.16964, 8.77542, 9.5125]},
			"faces": {
				"north": {"uv": [1, 10, 14.3, 12.2], "rotation": 90, "texture": "#2"},
				"east": {"uv": [0, 0, 13.3, 2], "rotation": 270, "texture": "#2"},
				"south": {"uv": [0, 0, 0.25, 0.85], "rotation": 270, "texture": "#2"},
				"west": {"uv": [0, 0, 13.3, 2], "rotation": 270, "texture": "#2"},
				"up": {"uv": [4, 7, 6, 9.2], "rotation": 270, "texture": "#2"},
				"down": {"uv": [0, 0, 2, 2.2], "rotation": 270, "texture": "#2"}
			}
		},
		{
			"name": "wina mxare",
			"from": [16.22471, 8.51922, 9.225],
			"to": [16.64971, 8.64422, 9.8],
			"rotation": {"angle": -22.5, "axis": "z", "origin": [16.51221, 8.58172, 9.5125]},
			"faces": {
				"north": {"uv": [1, 10, 14.3, 12.2], "rotation": 90, "texture": "#2"},
				"east": {"uv": [0, 0, 13.3, 2], "rotation": 270, "texture": "#2"},
				"south": {"uv": [0, 0, 0.25, 0.85], "rotation": 270, "texture": "#2"},
				"west": {"uv": [0, 0, 13.3, 2], "rotation": 270, "texture": "#2"},
				"up": {"uv": [4, 7, 6, 9.2], "rotation": 270, "texture": "#2"},
				"down": {"uv": [0, 0, 2, 2.2], "rotation": 270, "texture": "#2"}
			}
		},
		{
			"name": "wina mxare",
			"from": [16.61532, 8.19635, 9.225],
			"to": [18.06532, 8.64635, 9.8],
			"rotation": {"angle": 0, "axis": "z", "origin": [16.90282, 8.53385, 9.5125]},
			"faces": {
				"north": {"uv": [1, 10, 14.3, 12.2], "rotation": 90, "texture": "#2"},
				"east": {"uv": [0, 0, 13.3, 2], "rotation": 270, "texture": "#2"},
				"south": {"uv": [0, 0, 0.9, 2.9], "rotation": 270, "texture": "#2"},
				"west": {"uv": [0, 0, 13.3, 2], "rotation": 270, "texture": "#2"},
				"up": {"uv": [4, 7, 6, 9.2], "rotation": 270, "texture": "#2"},
				"down": {"uv": [0, 0, 2, 2.2], "rotation": 270, "texture": "#2"}
			}
		},
		{
			"name": "wina mxare",
			"from": [18.06532, 8.19635, 9.225],
			"to": [18.86532, 8.64635, 9.8],
			"rotation": {"angle": 0, "axis": "z", "origin": [18.35282, 8.53385, 9.5125]},
			"faces": {
				"north": {"uv": [1, 10, 14.3, 12.2], "rotation": 90, "texture": "#2"},
				"east": {"uv": [0, 0, 13.3, 2], "rotation": 270, "texture": "#2"},
				"south": {"uv": [0, 0, 0.9, 1.6], "rotation": 270, "texture": "#2"},
				"west": {"uv": [0, 0, 13.3, 2], "rotation": 270, "texture": "#2"},
				"up": {"uv": [4, 7, 6, 9.2], "rotation": 270, "texture": "#2"},
				"down": {"uv": [0, 0, 2, 2.2], "rotation": 270, "texture": "#2"}
			}
		},
		{
			"name": "wina mxare",
			"from": [18.86532, 8.19635, 9.25],
			"to": [19.09032, 8.67135, 9.725],
			"rotation": {"angle": 0, "axis": "z", "origin": [18.77782, 8.53385, 9.5125]},
			"faces": {
				"north": {"uv": [1, 10, 14.3, 12.2], "rotation": 90, "texture": "#2"},
				"east": {"uv": [0, 0, 13.3, 2], "rotation": 270, "texture": "#2"},
				"south": {"uv": [0, 0, 0.95, 0.45], "rotation": 270, "texture": "#2"},
				"west": {"uv": [0, 0, 13.3, 2], "rotation": 270, "texture": "#2"},
				"up": {"uv": [4, 7, 6, 9.2], "rotation": 270, "texture": "#2"},
				"down": {"uv": [0, 0, 2, 2.2], "rotation": 270, "texture": "#2"}
			}
		},
		{
			"name": "wina mxare",
			"from": [19.09032, 8.19635, 9.275],
			"to": [19.26532, 8.67135, 9.675],
			"rotation": {"angle": 0, "axis": "z", "origin": [18.95282, 8.53385, 9.5125]},
			"faces": {
				"north": {"uv": [1, 10, 14.3, 12.2], "rotation": 90, "texture": "#2"},
				"east": {"uv": [0, 0, 13.3, 2], "rotation": 270, "texture": "#2"},
				"south": {"uv": [0, 0, 0.95, 0.35], "rotation": 270, "texture": "#2"},
				"west": {"uv": [0, 0, 13.3, 2], "rotation": 270, "texture": "#2"},
				"up": {"uv": [4, 7, 6, 9.2], "rotation": 270, "texture": "#2"},
				"down": {"uv": [0, 0, 2, 2.2], "rotation": 270, "texture": "#2"}
			}
		},
		{
			"name": "wina mxare",
			"from": [18.39032, 8.07135, 9.225],
			"to": [18.86532, 8.19635, 9.8],
			"rotation": {"angle": 0, "axis": "z", "origin": [18.35282, 8.40885, 9.5125]},
			"faces": {
				"north": {"uv": [1, 10, 14.3, 12.2], "rotation": 90, "texture": "#2"},
				"east": {"uv": [0, 0, 13.3, 2], "rotation": 270, "texture": "#2"},
				"south": {"uv": [0, 0, 0.25, 0.95], "rotation": 270, "texture": "#2"},
				"west": {"uv": [0, 0, 13.3, 2], "rotation": 270, "texture": "#2"},
				"up": {"uv": [4, 7, 6, 9.2], "rotation": 270, "texture": "#2"},
				"down": {"uv": [0, 0, 2, 2.2], "rotation": 270, "texture": "#2"}
			}
		},
		{
			"name": "wina mxare",
			"from": [15.96532, 7.94635, 9.225],
			"to": [18.49032, 8.07135, 9.8],
			"rotation": {"angle": 0, "axis": "z", "origin": [17.97782, 8.28385, 9.5125]},
			"faces": {
				"north": {"uv": [1, 10, 14.3, 12.2], "rotation": 90, "texture": "#2"},
				"east": {"uv": [0, 0, 13.3, 2], "rotation": 270, "texture": "#2"},
				"south": {"uv": [0, 0, 0.25, 5.05], "rotation": 270, "texture": "#2"},
				"west": {"uv": [0, 0, 13.3, 2], "rotation": 270, "texture": "#2"},
				"up": {"uv": [4, 7, 6, 9.2], "rotation": 270, "texture": "#2"},
				"down": {"uv": [0, 0, 2, 2.2], "rotation": 270, "texture": "#2"}
			}
		},
		{
			"name": "wina mxare",
			"from": [13.64032, 7.94635, 9.225],
			"to": [15.71532, 8.07135, 9.8],
			"rotation": {"angle": 0, "axis": "z", "origin": [15.60282, 8.28385, 9.5125]},
			"faces": {
				"north": {"uv": [1, 10, 14.3, 12.2], "rotation": 90, "texture": "#2"},
				"east": {"uv": [0, 0, 13.3, 2], "rotation": 270, "texture": "#2"},
				"south": {"uv": [0, 0, 0.25, 4.15], "rotation": 270, "texture": "#2"},
				"west": {"uv": [0, 0, 13.3, 2], "rotation": 270, "texture": "#2"},
				"up": {"uv": [4, 7, 6, 9.2], "rotation": 270, "texture": "#2"},
				"down": {"uv": [0, 0, 2, 2.2], "rotation": 270, "texture": "#2"}
			}
		},
		{
			"name": "wina mxare",
			"from": [15.66532, 7.89635, 9.225],
			"to": [15.99032, 8.17135, 9.8],
			"rotation": {"angle": 0, "axis": "z", "origin": [16.82782, 8.28385, 9.5125]},
			"faces": {
				"north": {"uv": [1, 10, 14.3, 12.2], "rotation": 90, "texture": "#2"},
				"east": {"uv": [0, 0, 13.3, 2], "rotation": 270, "texture": "#2"},
				"south": {"uv": [0, 0, 0.55, 0.65], "rotation": 270, "texture": "#2"},
				"west": {"uv": [0, 0, 13.3, 2], "rotation": 270, "texture": "#2"},
				"up": {"uv": [4, 7, 6, 9.2], "rotation": 270, "texture": "#2"},
				"down": {"uv": [0, 0, 2, 2.2], "rotation": 270, "texture": "#2"}
			}
		},
		{
			"name": "wina mxare",
			"from": [18.49032, 7.92135, 9.225],
			"to": [18.84032, 8.07135, 9.8],
			"rotation": {"angle": 0, "axis": "z", "origin": [18.35282, 8.28385, 9.5125]},
			"faces": {
				"north": {"uv": [1, 10, 14.3, 12.2], "rotation": 90, "texture": "#2"},
				"east": {"uv": [0, 0, 13.3, 2], "rotation": 270, "texture": "#2"},
				"south": {"uv": [0, 0, 0.3, 0.7], "rotation": 270, "texture": "#2"},
				"west": {"uv": [0, 0, 13.3, 2], "rotation": 270, "texture": "#2"},
				"up": {"uv": [4, 7, 6, 9.2], "rotation": 270, "texture": "#2"},
				"down": {"uv": [0, 0, 2, 2.2], "rotation": 270, "texture": "#2"}
			}
		},
		{
			"name": "wina mxare",
			"from": [15.225, 8.725, 8.95],
			"to": [15.875, 9.375, 10.05],
			"rotation": {"angle": 0, "axis": "y", "origin": [14.125, 7.85, 9.5]},
			"faces": {
				"north": {"uv": [1, 10, 14.3, 12.2], "texture": "#2"},
				"east": {"uv": [4, 7, 6, 9.2], "texture": "#2"},
				"south": {"uv": [0, 0, 1.3, 1.3], "texture": "#2"},
				"west": {"uv": [0, 0, 2, 2.2], "texture": "#2"},
				"up": {"uv": [0, 0, 13.3, 2], "texture": "#2"},
				"down": {"uv": [0, 0, 13.3, 2], "texture": "#2"}
			}
		},
		{
			"name": "wina mxare",
			"from": [15.075, 8.725, 9],
			"to": [15.225, 9.325, 10],
			"rotation": {"angle": 0, "axis": "y", "origin": [13.975, 7.85, 9.5]},
			"faces": {
				"north": {"uv": [1, 10, 14.3, 12.2], "texture": "#2"},
				"east": {"uv": [4, 7, 6, 9.2], "texture": "#2"},
				"south": {"uv": [0, 0, 0.3, 1.2], "texture": "#2"},
				"west": {"uv": [0, 0, 2, 2.2], "texture": "#2"},
				"up": {"uv": [0, 0, 13.3, 2], "texture": "#2"},
				"down": {"uv": [0, 0, 13.3, 2], "texture": "#2"}
			}
		},
		{
			"name": "wina mxare",
			"from": [14, 8.825, 9],
			"to": [15.1, 9.325, 10],
			"rotation": {"angle": 0, "axis": "y", "origin": [12.9, 7.85, 9.5]},
			"faces": {
				"north": {"uv": [1, 10, 14.3, 12.2], "texture": "#2"},
				"east": {"uv": [4, 7, 6, 9.2], "texture": "#2"},
				"south": {"uv": [0, 0, 2.2, 1], "texture": "#2"},
				"west": {"uv": [0, 0, 2, 2.2], "texture": "#2"},
				"up": {"uv": [0, 0, 13.3, 2], "texture": "#2"},
				"down": {"uv": [0, 0, 13.3, 2], "texture": "#2"}
			}
		},
		{
			"name": "wina mxare",
			"from": [11.75, 8.575, 9],
			"to": [12.3, 8.825, 10],
			"rotation": {"angle": 0, "axis": "y", "origin": [14.15, 7.875, 9.5]},
			"faces": {
				"north": {"uv": [1, 10, 14.3, 12.2], "texture": "#1"},
				"east": {"uv": [4, 7, 6, 9.2], "texture": "#1"},
				"south": {"uv": [5, 5, 6.1, 5.5], "texture": "#1"},
				"west": {"uv": [0, 0, 2, 2.2], "texture": "#1"},
				"up": {"uv": [0, 0, 13.3, 2], "texture": "#1"},
				"down": {"uv": [0, 0, 13.3, 2], "texture": "#1"}
			}
		},
		{
			"name": "wina mxare",
			"from": [10.8, 8.575, 9],
			"to": [10.975, 8.825, 10],
			"rotation": {"angle": 0, "axis": "y", "origin": [12.825, 7.875, 9.5]},
			"faces": {
				"north": {"uv": [1, 10, 14.3, 12.2], "texture": "#1"},
				"east": {"uv": [4, 7, 6, 9.2], "texture": "#1"},
				"south": {"uv": [0, 0, 0.35, 0.5], "texture": "#1"},
				"west": {"uv": [0, 0, 2, 2.2], "texture": "#1"},
				"up": {"uv": [0, 0, 13.3, 2], "texture": "#1"},
				"down": {"uv": [0, 0, 13.3, 2], "texture": "#1"}
			}
		},
		{
			"name": "wina mxare",
			"from": [13.025, 8.575, 9],
			"to": [13.45, 8.825, 10],
			"rotation": {"angle": 0, "axis": "y", "origin": [15.3, 7.875, 9.5]},
			"faces": {
				"north": {"uv": [1, 10, 14.3, 12.2], "texture": "#1"},
				"east": {"uv": [4, 7, 6, 9.2], "texture": "#1"},
				"south": {"uv": [5, 5, 5.85, 5.5], "texture": "#1"},
				"west": {"uv": [0, 0, 2, 2.2], "texture": "#1"},
				"up": {"uv": [0, 0, 13.3, 2], "texture": "#1"},
				"down": {"uv": [0, 0, 13.3, 2], "texture": "#1"}
			}
		},
		{
			"name": "wina mxare",
			"from": [18.79032, 8.64635, 9.65],
			"to": [18.86532, 9.69635, 9.8],
			"rotation": {"angle": 0, "axis": "z", "origin": [18.35282, 8.98385, 9.5125]},
			"faces": {
				"north": {"uv": [1, 10, 14.3, 12.2], "rotation": 90, "texture": "#2"},
				"east": {"uv": [0, 0, 13.3, 2], "rotation": 270, "texture": "#2"},
				"south": {"uv": [4, 4, 6.1, 4.15], "rotation": 270, "texture": "#2"},
				"west": {"uv": [0, 0, 13.3, 2], "rotation": 270, "texture": "#2"},
				"up": {"uv": [4, 7, 6, 9.2], "rotation": 270, "texture": "#2"},
				"down": {"uv": [0, 0, 2, 2.2], "rotation": 270, "texture": "#2"}
			}
		},
		{
			"name": "wina mxare",
			"from": [18.39032, 9.39635, 9.65],
			"to": [18.86532, 9.72135, 9.8],
			"rotation": {"angle": 0, "axis": "z", "origin": [18.20282, 8.98385, 9.5125]},
			"faces": {
				"north": {"uv": [1, 10, 14.3, 12.2], "rotation": 90, "texture": "#2"},
				"east": {"uv": [0, 0, 13.3, 2], "rotation": 270, "texture": "#2"},
				"south": {"uv": [4, 4, 4.65, 4.95], "rotation": 270, "texture": "#2"},
				"west": {"uv": [0, 0, 13.3, 2], "rotation": 270, "texture": "#2"},
				"up": {"uv": [4, 7, 6, 9.2], "rotation": 270, "texture": "#2"},
				"down": {"uv": [0, 0, 2, 2.2], "rotation": 270, "texture": "#2"}
			}
		},
		{
			"name": "wina mxare",
			"from": [18.39032, 9.39635, 9.25],
			"to": [18.86532, 9.72135, 9.4],
			"rotation": {"angle": 0, "axis": "z", "origin": [18.20282, 8.98385, 9.1125]},
			"faces": {
				"north": {"uv": [1, 10, 14.3, 12.2], "rotation": 90, "texture": "#2"},
				"east": {"uv": [0, 0, 13.3, 2], "rotation": 270, "texture": "#2"},
				"south": {"uv": [4, 4, 4.65, 4.95], "rotation": 270, "texture": "#2"},
				"west": {"uv": [0, 0, 13.3, 2], "rotation": 270, "texture": "#2"},
				"up": {"uv": [4, 7, 6, 9.2], "rotation": 270, "texture": "#2"},
				"down": {"uv": [0, 0, 2, 2.2], "rotation": 270, "texture": "#2"}
			}
		},
		{
			"name": "wina mxare",
			"from": [18.46532, 9.07135, 9.3],
			"to": [18.81532, 9.54635, 9.8],
			"rotation": {"angle": 0, "axis": "z", "origin": [18.02782, 8.98385, 9.5125]},
			"faces": {
				"north": {"uv": [1, 10, 14.3, 12.2], "rotation": 90, "texture": "#2"},
				"east": {"uv": [0, 0, 13.3, 2], "rotation": 270, "texture": "#2"},
				"south": {"uv": [4, 4, 4.95, 4.7], "rotation": 270, "texture": "#2"},
				"west": {"uv": [0, 0, 13.3, 2], "rotation": 270, "texture": "#2"},
				"up": {"uv": [4, 7, 6, 9.2], "rotation": 270, "texture": "#2"},
				"down": {"uv": [0, 0, 2, 2.2], "rotation": 270, "texture": "#2"}
			}
		},
		{
			"name": "wina mxare",
			"from": [18.09032, 8.64635, 9.275],
			"to": [18.79032, 8.82135, 9.775],
			"rotation": {"angle": 0, "axis": "z", "origin": [18.27782, 8.98385, 9.5125]},
			"faces": {
				"north": {"uv": [1, 10, 14.3, 12.2], "rotation": 90, "texture": "#2"},
				"east": {"uv": [0, 0, 13.3, 2], "rotation": 270, "texture": "#2"},
				"south": {"uv": [4, 4, 4.35, 5.4], "rotation": 270, "texture": "#2"},
				"west": {"uv": [0, 0, 13.3, 2], "rotation": 270, "texture": "#2"},
				"up": {"uv": [4, 7, 6, 9.2], "rotation": 270, "texture": "#2"},
				"down": {"uv": [0, 0, 2, 2.2], "rotation": 270, "texture": "#2"}
			}
		},
		{
			"name": "wina mxare",
			"from": [18.79032, 8.64635, 9.4],
			"to": [18.86532, 9.49635, 9.65],
			"rotation": {"angle": 0, "axis": "z", "origin": [18.35282, 8.98385, 9.5125]},
			"faces": {
				"north": {"uv": [1, 10, 14.3, 12.2], "rotation": 90, "texture": "#2"},
				"east": {"uv": [0, 0, 13.3, 2], "rotation": 270, "texture": "#2"},
				"south": {"uv": [4, 4, 5.7, 4.15], "rotation": 270, "texture": "#2"},
				"west": {"uv": [0, 0, 13.3, 2], "rotation": 270, "texture": "#2"},
				"up": {"uv": [4, 7, 6, 9.2], "rotation": 270, "texture": "#2"},
				"down": {"uv": [0, 0, 2, 2.2], "rotation": 270, "texture": "#2"}
			}
		},
		{
			"name": "wina mxare",
			"from": [18.79032, 8.64635, 9.25],
			"to": [18.86532, 9.69635, 9.4],
			"rotation": {"angle": 0, "axis": "z", "origin": [18.35282, 8.98385, 9.1125]},
			"faces": {
				"north": {"uv": [1, 10, 14.3, 12.2], "rotation": 90, "texture": "#2"},
				"east": {"uv": [0, 0, 13.3, 2], "rotation": 270, "texture": "#2"},
				"south": {"uv": [4, 4, 6.1, 4.15], "rotation": 270, "texture": "#2"},
				"west": {"uv": [0, 0, 13.3, 2], "rotation": 270, "texture": "#2"},
				"up": {"uv": [4, 7, 6, 9.2], "rotation": 270, "texture": "#2"},
				"down": {"uv": [0, 0, 2, 2.2], "rotation": 270, "texture": "#2"}
			}
		},
		{
			"name": "wina mxare",
			"from": [18.28838, 8.59204, 9.275],
			"to": [18.46338, 9.64204, 9.425],
			"rotation": {"angle": -22.5, "axis": "z", "origin": [18.32588, 9.11704, 9.35]},
			"faces": {
				"north": {"uv": [1, 10, 14.3, 12.2], "rotation": 90, "texture": "#2"},
				"east": {"uv": [0, 0, 13.3, 2], "rotation": 270, "texture": "#2"},
				"south": {"uv": [4, 4, 6.1, 4.35], "rotation": 270, "texture": "#2"},
				"west": {"uv": [0, 0, 13.3, 2], "rotation": 270, "texture": "#2"},
				"up": {"uv": [4, 7, 6, 9.2], "rotation": 270, "texture": "#2"},
				"down": {"uv": [0, 0, 2, 2.2], "rotation": 270, "texture": "#2"}
			}
		},
		{
			"name": "wina mxare",
			"from": [18.28838, 8.59204, 9.425],
			"to": [18.46338, 9.64204, 9.625],
			"rotation": {"angle": -22.5, "axis": "z", "origin": [18.32588, 9.11704, 9.525]},
			"faces": {
				"north": {"uv": [1, 10, 14.3, 12.2], "rotation": 90, "texture": "#2"},
				"east": {"uv": [0, 0, 13.3, 2], "rotation": 270, "texture": "#2"},
				"south": {"uv": [4, 4, 6.1, 4.35], "rotation": 270, "texture": "#2"},
				"west": {"uv": [0, 0, 13.3, 2], "rotation": 270, "texture": "#2"},
				"up": {"uv": [4, 7, 6, 9.2], "rotation": 270, "texture": "#2"},
				"down": {"uv": [0, 0, 2, 2.2], "rotation": 270, "texture": "#2"}
			}
		},
		{
			"name": "wina mxare",
			"from": [18.28838, 8.59204, 9.625],
			"to": [18.46338, 9.64204, 9.775],
			"rotation": {"angle": -22.5, "axis": "z", "origin": [18.32588, 9.11704, 9.7]},
			"faces": {
				"north": {"uv": [1, 10, 14.3, 12.2], "rotation": 90, "texture": "#2"},
				"east": {"uv": [0, 0, 13.3, 2], "rotation": 270, "texture": "#2"},
				"south": {"uv": [4, 4, 6.1, 4.35], "rotation": 270, "texture": "#2"},
				"west": {"uv": [0, 0, 13.3, 2], "rotation": 270, "texture": "#2"},
				"up": {"uv": [4, 7, 6, 9.2], "rotation": 270, "texture": "#2"},
				"down": {"uv": [0, 0, 2, 2.2], "rotation": 270, "texture": "#2"}
			}
		},
		{
			"name": "zeda nawili",
			"from": [8.85, 8.7, 9],
			"to": [10.475, 9.45, 10],
			"rotation": {"angle": 0, "axis": "y", "origin": [8.975, 7.825, 9.5]},
			"faces": {
				"north": {"uv": [1, 10, 14.3, 12.2], "texture": "#2"},
				"east": {"uv": [4, 7, 6, 9.2], "texture": "#2"},
				"south": {"uv": [0, 0, 3.25, 1.5], "texture": "#2"},
				"west": {"uv": [0, 0, 2, 2.2], "texture": "#2"},
				"up": {"uv": [0, 0, 13.3, 2], "texture": "#2"},
				"down": {"uv": [0, 0, 13.3, 2], "texture": "#2"}
			}
		},
		{
			"name": "zeda nawili",
			"from": [8.575, 9.45, 9.075],
			"to": [11.275, 9.625, 9.9],
			"rotation": {"angle": 0, "axis": "y", "origin": [8.975, 7.975, 9.6]},
			"faces": {
				"north": {"uv": [1, 10, 14.3, 12.2], "texture": "#2"},
				"east": {"uv": [4, 7, 6, 9.2], "texture": "#2"},
				"south": {"uv": [0, 0, 5.4, 0.35], "texture": "#2"},
				"west": {"uv": [0, 0, 2, 2.2], "texture": "#2"},
				"up": {"uv": [0, 0, 13.3, 2], "texture": "#2"},
				"down": {"uv": [0, 0, 13.3, 2], "texture": "#2"}
			}
		},
		{
			"name": "zeda nawili",
			"from": [8.8, 9.625, 9.025],
			"to": [9.075, 9.675, 9.275],
			"rotation": {"angle": 0, "axis": "y", "origin": [8.975, 8.15, 9.275]},
			"faces": {
				"north": {"uv": [1, 10, 14.3, 12.2], "texture": "#2"},
				"east": {"uv": [4, 7, 6, 9.2], "texture": "#2"},
				"south": {"uv": [0, 0, 0.55, 0.1], "texture": "#2"},
				"west": {"uv": [0, 0, 2, 2.2], "texture": "#2"},
				"up": {"uv": [0, 0, 13.3, 2], "texture": "#2"},
				"down": {"uv": [0, 0, 13.3, 2], "texture": "#2"}
			}
		},
		{
			"name": "zeda nawili",
			"from": [8.8, 9.625, 9.675],
			"to": [9.075, 9.675, 9.925],
			"rotation": {"angle": 0, "axis": "y", "origin": [8.975, 8.15, 9.925]},
			"faces": {
				"north": {"uv": [1, 10, 14.3, 12.2], "texture": "#2"},
				"east": {"uv": [4, 7, 6, 9.2], "texture": "#2"},
				"south": {"uv": [0, 0, 0.55, 0.1], "texture": "#2"},
				"west": {"uv": [0, 0, 2, 2.2], "texture": "#2"},
				"up": {"uv": [0, 0, 13.3, 2], "texture": "#2"},
				"down": {"uv": [0, 0, 13.3, 2], "texture": "#2"}
			}
		},
		{
			"name": "zeda nawili",
			"from": [9.075, 9.625, 9.525],
			"to": [10.15, 9.675, 9.675],
			"rotation": {"angle": 0, "axis": "y", "origin": [9.25, 8.15, 9.775]},
			"faces": {
				"north": {"uv": [1, 10, 14.3, 12.2], "texture": "#2"},
				"east": {"uv": [4, 7, 6, 9.2], "texture": "#2"},
				"south": {"uv": [0, 0, 2.15, 0.1], "texture": "#2"},
				"west": {"uv": [0, 0, 2, 2.2], "texture": "#2"},
				"up": {"uv": [0, 0, 13.3, 2], "texture": "#2"},
				"down": {"uv": [0, 0, 13.3, 2], "texture": "#2"}
			}
		},
		{
			"name": "zeda nawili",
			"from": [9.075, 9.625, 9.275],
			"to": [10.15, 9.675, 9.425],
			"rotation": {"angle": 0, "axis": "y", "origin": [9.25, 8.15, 9.525]},
			"faces": {
				"north": {"uv": [1, 10, 14.3, 12.2], "texture": "#2"},
				"east": {"uv": [4, 7, 6, 9.2], "texture": "#2"},
				"south": {"uv": [0, 0, 2.15, 0.1], "texture": "#2"},
				"west": {"uv": [0, 0, 2, 2.2], "texture": "#2"},
				"up": {"uv": [0, 0, 13.3, 2], "texture": "#2"},
				"down": {"uv": [0, 0, 13.3, 2], "texture": "#2"}
			}
		},
		{
			"name": "zeda nawili",
			"from": [3.3, 8.525, 9],
			"to": [8.875, 9.375, 10],
			"rotation": {"angle": 0, "axis": "y", "origin": [7.325, 7.65, 9.5]},
			"faces": {
				"north": {"uv": [1, 10, 14.3, 12.2], "texture": "#2"},
				"east": {"uv": [4, 7, 6, 9.2], "texture": "#2"},
				"south": {"uv": [0, 0, 11.15, 1.7], "texture": "#2"},
				"west": {"uv": [0, 0, 2, 2.2], "texture": "#2"},
				"up": {"uv": [0, 0, 13.3, 2], "texture": "#2"},
				"down": {"uv": [0, 0, 13.3, 2], "texture": "#2"}
			}
		},
		{
			"name": "zeda nawili",
			"from": [8.625, 8.875, 10.125],
			"to": [8.825, 9.05, 10.525],
			"rotation": {"angle": 0, "axis": "y", "origin": [7.325, 7.45, 10.5]},
			"faces": {
				"north": {"uv": [1, 10, 14.3, 12.2], "texture": "#2"},
				"east": {"uv": [4, 7, 6, 9.2], "texture": "#2"},
				"south": {"uv": [0, 0, 0.4, 0.35], "texture": "#2"},
				"west": {"uv": [0, 0, 2, 2.2], "texture": "#2"},
				"up": {"uv": [0, 0, 13.3, 2], "texture": "#2"},
				"down": {"uv": [0, 0, 13.3, 2], "texture": "#2"}
			}
		},
		{
			"name": "zeda nawili",
			"from": [6.05, 8.775, 10],
			"to": [8.825, 9.175, 10.125],
			"rotation": {"angle": 0, "axis": "y", "origin": [7.325, 7.45, 10.5]},
			"faces": {
				"north": {"uv": [1, 10, 14.3, 12.2], "texture": "#2"},
				"east": {"uv": [4, 7, 6, 9.2], "texture": "#2"},
				"south": {"uv": [0, 0, 5.55, 0.8], "texture": "#2"},
				"west": {"uv": [0, 0, 2, 2.2], "texture": "#2"},
				"up": {"uv": [0, 0, 13.3, 2], "texture": "#2"},
				"down": {"uv": [0, 0, 13.3, 2], "texture": "#2"}
			}
		},
		{
			"name": "zeda nawili",
			"from": [2.9226, 8.18886, 9.05],
			"to": [3.5726, 9.31386, 9.95],
			"rotation": {"angle": -45, "axis": "z", "origin": [3.1851, 8.88886, 9.5]},
			"faces": {
				"north": {"uv": [1, 10, 14.3, 12.2], "texture": "#2"},
				"east": {"uv": [4, 7, 6, 9.2], "texture": "#2"},
				"south": {"uv": [0, 0, 1.3, 2.25], "texture": "#2"},
				"west": {"uv": [0, 0, 2, 2.2], "texture": "#2"},
				"up": {"uv": [0, 0, 13.3, 2], "texture": "#2"},
				"down": {"uv": [0, 0, 13.3, 2], "texture": "#2"}
			}
		},
		{
			"name": "zeda nawili",
			"from": [2.69503, 7.62169, 9.025],
			"to": [3.34503, 8.74669, 9.975],
			"rotation": {"angle": 22.5, "axis": "z", "origin": [3.02003, 8.18419, 9.5]},
			"faces": {
				"north": {"uv": [1, 10, 14.3, 12.2], "rotation": 180, "texture": "#2"},
				"east": {"uv": [0, 0, 2, 2.2], "rotation": 180, "texture": "#2"},
				"south": {"uv": [0, 0, 1.3, 2.25], "rotation": 180, "texture": "#2"},
				"west": {"uv": [4, 7, 6, 9.2], "rotation": 180, "texture": "#2"},
				"up": {"uv": [0, 0, 13.3, 2], "rotation": 180, "texture": "#2"},
				"down": {"uv": [0, 0, 13.3, 2], "rotation": 180, "texture": "#2"}
			}
		},
		{
			"name": "zeda nawili",
			"from": [3.1, 7.425, 10],
			"to": [3.925, 8.25, 10.175],
			"rotation": {"angle": 0, "axis": "y", "origin": [7.375, 6.55, 10.5]},
			"faces": {
				"north": {"uv": [1, 10, 14.3, 12.2], "texture": "#2"},
				"east": {"uv": [4, 7, 6, 9.2], "texture": "#2"},
				"south": {"uv": [0, 0, 1.65, 1.65], "texture": "#2"},
				"west": {"uv": [0, 0, 2, 2.2], "texture": "#2"},
				"up": {"uv": [0, 0, 13.3, 2], "texture": "#2"},
				"down": {"uv": [0, 0, 13.3, 2], "texture": "#2"}
			}
		},
		{
			"name": "zeda nawili",
			"from": [3.1, 7.425, 8.825],
			"to": [3.925, 8.25, 8.975],
			"rotation": {"angle": 0, "axis": "y", "origin": [7.375, 6.55, 9.3]},
			"faces": {
				"north": {"uv": [1, 10, 14.3, 12.2], "texture": "#2"},
				"east": {"uv": [4, 7, 6, 9.2], "texture": "#2"},
				"south": {"uv": [0, 0, 1.65, 1.65], "texture": "#2"},
				"west": {"uv": [0, 0, 2, 2.2], "texture": "#2"},
				"up": {"uv": [0, 0, 13.3, 2], "texture": "#2"},
				"down": {"uv": [0, 0, 13.3, 2], "texture": "#2"}
			}
		},
		{
			"name": "zeda nawili",
			"from": [3.325, 7.65, 8.6],
			"to": [3.725, 8.05, 8.825],
			"rotation": {"angle": 0, "axis": "y", "origin": [7.375, 6.775, 9.15]},
			"faces": {
				"north": {"uv": [1, 10, 14.3, 12.2], "texture": "#2"},
				"east": {"uv": [4, 7, 6, 9.2], "texture": "#2"},
				"south": {"uv": [0, 0, 0.8, 0.8], "texture": "#2"},
				"west": {"uv": [0, 0, 2, 2.2], "texture": "#2"},
				"up": {"uv": [0, 0, 13.3, 2], "texture": "#2"},
				"down": {"uv": [0, 0, 13.3, 2], "texture": "#2"}
			}
		},
		{
			"name": "zeda nawili",
			"from": [3.225, 7.55, 10.175],
			"to": [3.825, 8.15, 10.35],
			"rotation": {"angle": 0, "axis": "y", "origin": [7.375, 6.675, 10.675]},
			"faces": {
				"north": {"uv": [1, 10, 14.3, 12.2], "texture": "#2"},
				"east": {"uv": [4, 7, 6, 9.2], "texture": "#2"},
				"south": {"uv": [0, 0, 1.2, 1.2], "texture": "#2"},
				"west": {"uv": [0, 0, 2, 2.2], "texture": "#2"},
				"up": {"uv": [0, 0, 13.3, 2], "texture": "#2"},
				"down": {"uv": [0, 0, 13.3, 2], "texture": "#2"}
			}
		},
		{
			"name": "zeda nawili",
			"from": [-3.3, 7.6, 10.175],
			"to": [3.225, 8.2, 10.35],
			"rotation": {"angle": 0, "axis": "z", "origin": [2.925, 7.9, 10.2625]},
			"faces": {
				"north": {"uv": [1, 10, 14.3, 12.2], "texture": "#2"},
				"east": {"uv": [4, 7, 6, 9.2], "texture": "#2"},
				"south": {"uv": [0, 0, 13.05, 1.2], "texture": "#2"},
				"west": {"uv": [0, 0, 2, 2.2], "texture": "#2"},
				"up": {"uv": [0, 0, 13.3, 2], "texture": "#2"},
				"down": {"uv": [0, 0, 13.3, 2], "texture": "#2"}
			}
		},
		{
			"name": "zeda nawili",
			"from": [-3.2, 7.6, 8.825],
			"to": [3.1, 8.2, 9],
			"rotation": {"angle": 0, "axis": "z", "origin": [2.8, 7.9, 8.9125]},
			"faces": {
				"north": {"uv": [1, 10, 14.3, 12.2], "texture": "#2"},
				"east": {"uv": [4, 7, 6, 9.2], "texture": "#2"},
				"south": {"uv": [0, 0, 12.6, 1.2], "texture": "#2"},
				"west": {"uv": [0, 0, 2, 2.2], "texture": "#2"},
				"up": {"uv": [0, 0, 13.3, 2], "texture": "#2"},
				"down": {"uv": [0, 0, 13.3, 2], "texture": "#2"}
			}
		},
		{
			"name": "zeda nawili",
			"from": [-3.0188, 8.51505, 8.85],
			"to": [-2.6438, 9.49005, 10.3],
			"rotation": {"angle": -22.5, "axis": "z", "origin": [-2.5938, 9.46505, 9.575]},
			"faces": {
				"north": {"uv": [1, 10, 14.3, 12.2], "texture": "#2"},
				"east": {"uv": [4, 7, 6, 9.2], "texture": "#2"},
				"south": {"uv": [0, 0, 0.75, 1.95], "texture": "#2"},
				"west": {"uv": [0, 0, 2, 2.2], "texture": "#2"},
				"up": {"uv": [0, 0, 13.3, 2], "texture": "#2"},
				"down": {"uv": [0, 0, 13.3, 2], "texture": "#2"}
			}
		},
		{
			"name": "zeda nawili",
			"from": [-3.23884, 5.86619, 8.85],
			"to": [-2.78884, 7.04119, 10.3],
			"rotation": {"angle": 22.5, "axis": "z", "origin": [-2.81384, 6.66619, 9.575]},
			"faces": {
				"north": {"uv": [1, 10, 14.3, 12.2], "texture": "#2"},
				"east": {"uv": [4, 7, 6, 9.2], "texture": "#2"},
				"south": {"uv": [0, 0, 0.9, 2.35], "texture": "#2"},
				"west": {"uv": [0, 0, 2, 2.2], "texture": "#2"},
				"up": {"uv": [0, 0, 13.3, 2], "texture": "#2"},
				"down": {"uv": [0, 0, 13.3, 2], "texture": "#2"}
			}
		},
		{
			"name": "zeda nawili",
			"from": [-3.35, 6.85, 8.85],
			"to": [-2.95, 8.75, 10.3],
			"rotation": {"angle": 0, "axis": "z", "origin": [-2.925, 7.8, 9.575]},
			"faces": {
				"north": {"uv": [1, 10, 14.3, 12.2], "texture": "#2"},
				"east": {"uv": [4, 7, 6, 9.2], "texture": "#2"},
				"south": {"uv": [0, 0, 0.8, 3.8], "texture": "#2"},
				"west": {"uv": [0, 0, 2, 2.2], "texture": "#2"},
				"up": {"uv": [0, 0, 13.3, 2], "texture": "#2"},
				"down": {"uv": [0, 0, 13.3, 2], "texture": "#2"}
			}
		}
	],
	"display": {
		"thirdperson_righthand": {
			"rotation": [0, 90, 0],
			"translation": [-1.75, 0.75, -2.75]
		},
		"thirdperson_lefthand": {
			"rotation": [0, -90, 0],
			"translation": [1.5, 1.25, -3.75]
		},
		"firstperson_righthand": {
			"rotation": [0, 90, 0],
			"translation": [-2.25, 3, -3],
			"scale": [1.5, 1.5, 1.5]
		},
		"firstperson_lefthand": {
			"rotation": [0, -90, 0],
			"translation": [-0.25, 3, -3],
			"scale": [1.5, 1.5, 1.5]
		},
		"ground": {
			"rotation": [90, 0, 0],
			"translation": [0, -1.25, 0]
		},
		"gui": {
			"rotation": [0, 0, 39.25],
			"translation": [-0.5, 0.25, 0],
			"scale": [0.8, 0.8, 0.8]
		},
		"head": {
			"rotation": [0, 180, 0],
			"translation": [0, 0, 1.5]
		},
		"fixed": {
			"rotation": [0, 0, 45],
			"translation": [0, -0.25, -1.5]
		}
	},
	"groups": [
		{
			"name": "tari",
			"origin": [8, 8, 8],
			"color": 0,
			"children": [0, 1, 2, 3, 4, 5]
		},
		{
			"name": "sasxleti",
			"origin": [3.7, 6.725, 9.5],
			"color": 0,
			"children": [6, 7, 8, 9, 10, 11, 12, 13, 14, 15, 16, 17, 18, 19, 20]
		},
		{
			"name": "mtavarinawili",
			"origin": [5.89784, 6.80221, 9.5],
			"color": 0,
			"children": [21]
		},
		{
			"name": "mwidi",
			"origin": [8, 8, 8],
			"color": 0,
			"children": [22, 23, 24]
		},
		{
			"name": "wina mxare",
			"origin": [8, 8, 8],
			"color": 0,
			"children": [25, 26, 27, 28, 29, 30, 31, 32, 33, 34, 35, 36, 37, 38, 39, 40, 41, 42, 43, 44, 45, 46, 47, 48, 49, 50, 51, 52, 53, 54, 55, 56, 57, 58, 59, 60]
		},
		{
			"name": "samizne",
			"origin": [18.35282, 8.53385, 9.5125],
			"color": 0,
			"children": [61, 62, 63, 64, 65, 66, 67, 68, 69, 70]
		},
		{
			"name": "zeda nawili",
			"origin": [3.25894, 5.49972, 9.5],
			"color": 0,
			"children": [71, 72, 73, 74, 75, 76, 77, 78, 79, 80, 81]
		},
		{
			"name": "misayrdnobis damweri",
			"origin": [8, 8, 8],
			"color": 0,
			"children": [82, 83, 84, 85]
		},
		{
			"name": "misayrdnobi",
			"origin": [8, 8, 8],
			"color": 0,
			"children": [86, 87, 88, 89, 90]
		}
	]
}