{
	"credit": "Kosantu's Glock17",
	"textures": {
		"0": "modeltextures/anvil_base",
		"2": "modeltextures/clay",
		"3": "modeltextures/bedrock",
		"particle": "modeltextures/anvil_base"
	},
	"elements": [
		{
			"name": "saxeluri",
			"from": [0.825, 4.775, -0.1],
			"to": [2.8, 4.875, 1.075],
			"rotation": {"angle": 0, "axis": "z", "origin": [1.975, 5.275, 0.5]},
			"faces": {
				"north": {"uv": [0, 0, 1.975, 0.1], "texture": "#0"},
				"east": {"uv": [0, 0, 1.175, 0.1], "texture": "#0"},
				"south": {"uv": [0, 0, 1.975, 0.1], "texture": "#0"},
				"west": {"uv": [0, 0, 1.175, 0.1], "texture": "#0"},
				"up": {"uv": [0, 0, 1.975, 1.175], "texture": "#0"},
				"down": {"uv": [3, 2, 5.125, 3.3], "texture": "#0"}
			}
		},
		{
			"name": "saxeluri",
			"from": [0.275, 4.875, -0.175],
			"to": [3.2, 5.625, 1.175],
			"rotation": {"angle": 0, "axis": "z", "origin": [2.675, 5.425, 0.5]},
			"faces": {
				"north": {"uv": [0, 0, 2.925, 0.75], "texture": "#0"},
				"east": {"uv": [0, 0, 1.35, 0.75], "texture": "#0"},
				"south": {"uv": [0, 0, 2.925, 0.75], "texture": "#0"},
				"west": {"uv": [0, 0, 1.35, 0.75], "texture": "#0"},
				"up": {"uv": [0, 0, 2.925, 1.35], "texture": "#0"},
				"down": {"uv": [0, 0, 2.925, 1.35], "texture": "#0"}
			}
		},
		{
			"name": "saxeluri",
			"from": [1.725, 8.2, -0.175],
			"to": [4.5, 9.35, 1.175],
			"rotation": {"angle": 0, "axis": "z", "origin": [3.975, 8.7, 0.5]},
			"faces": {
				"north": {"uv": [3, 4, 5.775, 5.15], "texture": "#0"},
				"east": {"uv": [0, 0, 1, 1.925], "texture": "#0"},
				"south": {"uv": [0, 0, 2.775, 1.925], "texture": "#0"},
				"west": {"uv": [0, 0, 1, 1.925], "texture": "#0"},
				"up": {"uv": [0, 0, 2.775, 1], "texture": "#0"},
				"down": {"uv": [3, 2, 5.125, 3.3], "texture": "#0"}
			}
		},
		{
			"name": "saxeluri",
			"from": [1.725, 9.35, -0.175],
			"to": [4.5, 10.125, 1.175],
			"rotation": {"angle": 0, "axis": "z", "origin": [3.975, 9.45, 0.5]},
			"faces": {
				"north": {"uv": [0, 0, 2.775, 0.775], "texture": "#0"},
				"east": {"uv": [0, 0, 1, 1.925], "texture": "#0"},
				"south": {"uv": [0, 0, 2.775, 1.925], "texture": "#0"},
				"west": {"uv": [0, 0, 1, 1.925], "texture": "#0"},
				"up": {"uv": [0, 0, 2.775, 1], "texture": "#0"},
				"down": {"uv": [3, 2, 5.125, 3.3], "texture": "#0"}
			}
		},
		{
			"name": "saxeluri",
			"from": [0.925, 9.6, 0],
			"to": [1.75, 10.125, 1],
			"rotation": {"angle": 0, "axis": "z", "origin": [3.175, 8.7, 0.5]},
			"faces": {
				"north": {"uv": [0, 0, 0.825, 0.525], "texture": "#0"},
				"east": {"uv": [0, 0, 1, 0.525], "texture": "#0"},
				"south": {"uv": [0, 0, 0.825, 0.525], "texture": "#0"},
				"west": {"uv": [0, 0, 1, 0.525], "texture": "#0"},
				"up": {"uv": [0, 0, 0.825, 1], "texture": "#0"},
				"down": {"uv": [3, 2, 5.125, 3.3], "texture": "#0"}
			}
		},
		{
			"name": "saxeluri",
			"from": [1.175, 9.375, 0.025],
			"to": [2.15, 9.6, 0.975],
			"rotation": {"angle": -22.5, "axis": "z", "origin": [1.7375, 9.6375, 0.5]},
			"faces": {
				"north": {"uv": [0, 0, 0.975, 0.225], "texture": "#0"},
				"east": {"uv": [0, 0, 0.95, 0.225], "texture": "#0"},
				"south": {"uv": [0, 0, 0.975, 0.225], "texture": "#0"},
				"west": {"uv": [0, 0, 0.95, 0.225], "texture": "#0"},
				"up": {"uv": [0, 0, 0.975, 0.95], "texture": "#0"},
				"down": {"uv": [3, 2, 5.125, 3.3], "texture": "#0"}
			}
		},
		{
			"name": "saxeluri",
			"from": [0.3141, 4.82157, -0.15],
			"to": [2.2891, 8.62157, 1.15],
			"rotation": {"angle": -22.5, "axis": "z", "origin": [2.3141, 5.32157, 0.5]},
			"faces": {
				"north": {"uv": [0, 0, 1.975, 3.8], "texture": "#0"},
				"east": {"uv": [0, 0, 1.3, 3.8], "texture": "#0"},
				"south": {"uv": [0, 0, 1.975, 3.8], "texture": "#0"},
				"west": {"uv": [0, 0, 1.3, 3.8], "texture": "#0"},
				"up": {"uv": [0, 0, 1.975, 1.3], "texture": "#0"},
				"down": {"uv": [0, 0, 1.975, 1.3], "texture": "#0"}
			}
		},
		{
			"name": "saxeluri",
			"from": [2.3391, 4.82157, -0.15],
			"to": [3.0891, 8.59657, 1.15],
			"rotation": {"angle": -22.5, "axis": "z", "origin": [3.1141, 5.32157, 0.5]},
			"faces": {
				"north": {"uv": [0, 0, 0.75, 3.775], "texture": "#0"},
				"east": {"uv": [0, 0, 1.3, 3.775], "texture": "#0"},
				"south": {"uv": [0, 0, 0.75, 3.775], "texture": "#0"},
				"west": {"uv": [0, 0, 1.3, 3.775], "texture": "#0"},
				"up": {"uv": [0, 0, 0.75, 1.3], "texture": "#0"},
				"down": {"uv": [0, 0, 0.75, 1.3], "texture": "#0"}
			}
		},
		{
			"name": "saxeluri",
			"from": [0.7, 4.4, -0.175],
			"to": [2.825, 4.8, 1.125],
			"rotation": {"angle": 0, "axis": "z", "origin": [2.3, 5, 0.5]},
			"faces": {
				"north": {"uv": [0, 0, 2.125, 0.4], "texture": "#0"},
				"east": {"uv": [0, 0, 1.3, 0.4], "texture": "#0"},
				"south": {"uv": [0, 0, 2.125, 0.4], "texture": "#0"},
				"west": {"uv": [0, 0, 1.3, 0.4], "texture": "#0"},
				"up": {"uv": [0, 0, 2.125, 1.3], "texture": "#0"},
				"down": {"uv": [3, 2, 5.125, 3.3], "texture": "#0"}
			}
		},
		{
			"name": "saxeluri",
			"from": [4.125, 7.925, 0.15],
			"to": [4.625, 8.225, 0.8],
			"rotation": {"angle": 0, "axis": "z", "origin": [4.975, 7.7, 0.5]},
			"faces": {
				"north": {"uv": [1, 2, 1.3, 2.5], "rotation": 90, "texture": "#0"},
				"east": {"uv": [0, 0, 0.3, 0.65], "rotation": 270, "texture": "#0"},
				"south": {"uv": [0, 0, 0.3, 0.5], "rotation": 270, "texture": "#0"},
				"west": {"uv": [0, 0, 0.3, 0.65], "rotation": 270, "texture": "#0"},
				"up": {"uv": [0, 0, 0.65, 0.5], "rotation": 270, "texture": "#0"},
				"down": {"uv": [0, 0, 0.65, 0.5], "rotation": 270, "texture": "#0"}
			}
		},
		{
			"name": "saxeluri",
			"from": [4.96257, 7.7334, 0.15],
			"to": [6.96257, 8.0334, 0.8],
			"rotation": {"angle": 0, "axis": "z", "origin": [5.81257, 7.5084, 0.5]},
			"faces": {
				"north": {"uv": [1, 2, 1.3, 4], "rotation": 90, "texture": "#0"},
				"east": {"uv": [0, 0, 0.3, 0.65], "rotation": 270, "texture": "#0"},
				"south": {"uv": [0, 0, 0.3, 2], "rotation": 270, "texture": "#0"},
				"west": {"uv": [0, 0, 0.3, 0.65], "rotation": 270, "texture": "#0"},
				"up": {"uv": [0, 0, 0.65, 2], "rotation": 270, "texture": "#0"},
				"down": {"uv": [0, 0, 0.65, 2], "rotation": 270, "texture": "#0"}
			}
		},
		{
			"name": "saxeluri",
			"from": [6.61257, 8.0334, 0.15],
			"to": [6.93757, 9.4834, 0.8],
			"rotation": {"angle": 0, "axis": "z", "origin": [5.81257, 7.8084, 0.5]},
			"faces": {
				"north": {"uv": [1, 2, 2.45, 2.325], "rotation": 90, "texture": "#0"},
				"east": {"uv": [0, 0, 1.45, 0.65], "rotation": 270, "texture": "#0"},
				"south": {"uv": [0, 0, 1.45, 0.325], "rotation": 270, "texture": "#0"},
				"west": {"uv": [0, 0, 1.45, 0.65], "rotation": 270, "texture": "#0"},
				"up": {"uv": [0, 0, 0.65, 0.325], "rotation": 270, "texture": "#0"},
				"down": {"uv": [0, 0, 0.65, 0.325], "rotation": 270, "texture": "#0"}
			}
		},
		{
			"name": "saxeluri",
			"from": [4.86257, 8.6334, 0.325],
			"to": [5.18757, 9.1834, 0.625],
			"rotation": {"angle": 0, "axis": "z", "origin": [4.06257, 8.4084, 0.5]},
			"faces": {
				"north": {"uv": [1, 2, 1.55, 2.325], "rotation": 90, "texture": "#0"},
				"east": {"uv": [0, 0, 0.55, 0.3], "rotation": 270, "texture": "#0"},
				"south": {"uv": [0, 0, 0.55, 0.325], "rotation": 270, "texture": "#0"},
				"west": {"uv": [0, 0, 0.55, 0.3], "rotation": 270, "texture": "#0"},
				"up": {"uv": [0, 0, 0.3, 0.325], "rotation": 270, "texture": "#0"},
				"down": {"uv": [0, 0, 0.3, 0.325], "rotation": 270, "texture": "#0"}
			}
		},
		{
			"name": "saxeluri",
			"from": [5.64489, 7.7447, 0.325],
			"to": [5.96989, 8.2947, 0.675],
			"rotation": {"angle": 45, "axis": "z", "origin": [4.84489, 7.5197, 0.525]},
			"faces": {
				"north": {"uv": [1, 2, 1.55, 2.325], "rotation": 90, "texture": "#0"},
				"east": {"uv": [0, 0, 0.55, 0.35], "rotation": 270, "texture": "#0"},
				"south": {"uv": [0, 0, 0.55, 0.325], "rotation": 270, "texture": "#0"},
				"west": {"uv": [0, 0, 0.55, 0.35], "rotation": 270, "texture": "#0"},
				"up": {"uv": [0, 0, 0.35, 0.325], "rotation": 270, "texture": "#0"},
				"down": {"uv": [0, 0, 0.35, 0.325], "rotation": 270, "texture": "#0"}
			}
		},
		{
			"name": "saxeluri",
			"from": [4.76196, 8.03354, 0.325],
			"to": [5.18696, 8.33354, 0.725],
			"rotation": {"angle": -22.5, "axis": "z", "origin": [5.53696, 6.90854, 0.55]},
			"faces": {
				"north": {"uv": [1, 2, 1.425, 2.3], "rotation": 180, "texture": "#0"},
				"east": {"uv": [0, 0, 0.4, 0.3], "rotation": 180, "texture": "#0"},
				"south": {"uv": [0, 0, 0.425, 0.3], "rotation": 180, "texture": "#0"},
				"west": {"uv": [0, 0, 0.4, 0.3], "rotation": 180, "texture": "#0"},
				"up": {"uv": [0, 0, 0.425, 0.4], "rotation": 180, "texture": "#0"},
				"down": {"uv": [0, 0, 0.425, 0.4], "rotation": 180, "texture": "#0"}
			}
		},
		{
			"name": "saxeluri",
			"from": [4.39766, 7.60707, 0.15],
			"to": [4.89766, 7.88207, 0.8],
			"rotation": {"angle": -22.5, "axis": "z", "origin": [5.24766, 7.50707, 0.5]},
			"faces": {
				"north": {"uv": [1, 2, 1.275, 2.5], "rotation": 90, "texture": "#0"},
				"east": {"uv": [0, 0, 0.275, 0.65], "rotation": 270, "texture": "#0"},
				"south": {"uv": [0, 0, 0.275, 0.5], "rotation": 270, "texture": "#0"},
				"west": {"uv": [0, 0, 0.275, 0.65], "rotation": 270, "texture": "#0"},
				"up": {"uv": [0, 0, 0.65, 0.5], "rotation": 270, "texture": "#0"},
				"down": {"uv": [0, 0, 0.65, 0.5], "rotation": 270, "texture": "#0"}
			}
		},
		{
			"name": "saxeluri",
			"from": [4.5, 9.475, -0.2],
			"to": [10.775, 10.125, 1.15],
			"rotation": {"angle": 0, "axis": "z", "origin": [6.75, 8.7, 0.5]},
			"faces": {
				"north": {"uv": [0, 0, 6.275, 0.65], "texture": "#0"},
				"east": {"uv": [0, 0, 1.35, 0.65], "texture": "#0"},
				"south": {"uv": [0, 0, 6.275, 0.65], "texture": "#0"},
				"west": {"uv": [0, 0, 1.35, 0.65], "texture": "#0"},
				"up": {"uv": [0, 0, 6.275, 1.35], "texture": "#0"},
				"down": {"uv": [0, 0, 6.275, 1.35], "texture": "#0"}
			}
		},
		{
			"name": "saxeluri",
			"from": [10.775, 9.6, 0.25],
			"to": [10.9, 10.125, 0.75],
			"rotation": {"angle": 0, "axis": "z", "origin": [7.025, 8.7, 0.5]},
			"faces": {
				"north": {"uv": [0, 0, 0.125, 0.525], "texture": "#0"},
				"east": {"uv": [0, 0, 0.5, 0.525], "texture": "#0"},
				"south": {"uv": [0, 0, 0.125, 0.525], "texture": "#0"},
				"west": {"uv": [0, 0, 0.5, 0.525], "texture": "#0"},
				"up": {"uv": [0, 0, 0.125, 0.5], "texture": "#0"},
				"down": {"uv": [0, 0, 0.125, 0.5], "texture": "#0"}
			}
		},
		{
			"name": "saxeluri",
			"from": [4.5, 9.075, 0.15],
			"to": [5.425, 9.225, 0.8],
			"rotation": {"angle": 0, "axis": "z", "origin": [6.925, 8.2, 0.5]},
			"faces": {
				"north": {"uv": [0, 0, 0.925, 0.15], "texture": "#0"},
				"east": {"uv": [0, 0, 0.65, 0.15], "texture": "#0"},
				"south": {"uv": [0, 0, 0.925, 0.15], "texture": "#0"},
				"west": {"uv": [0, 0, 0.65, 0.15], "texture": "#0"},
				"up": {"uv": [0, 0, 0.925, 0.65], "texture": "#0"},
				"down": {"uv": [0, 0, 0.925, 0.65], "texture": "#0"}
			}
		},
		{
			"name": "saxeluri",
			"from": [5.425, 9.15, 0.15],
			"to": [6.6, 9.225, 0.8],
			"rotation": {"angle": 0, "axis": "z", "origin": [8.1, 8.2, 0.5]},
			"faces": {
				"north": {"uv": [0, 0, 1.175, 0.075], "texture": "#0"},
				"east": {"uv": [0, 0, 0.65, 0.075], "texture": "#0"},
				"south": {"uv": [0, 0, 1.175, 0.075], "texture": "#0"},
				"west": {"uv": [0, 0, 0.65, 0.075], "texture": "#0"},
				"up": {"uv": [0, 0, 1.175, 0.65], "texture": "#0"},
				"down": {"uv": [0, 0, 1.175, 0.65], "texture": "#0"}
			}
		},
		{
			"name": "saxeluri",
			"from": [4.5, 9.225, 0],
			"to": [6.925, 9.475, 1],
			"rotation": {"angle": 0, "axis": "z", "origin": [6.925, 8.45, 0.5]},
			"faces": {
				"north": {"uv": [0, 0, 2.425, 0.25], "texture": "#0"},
				"east": {"uv": [0, 0, 1, 0.25], "texture": "#0"},
				"south": {"uv": [0, 0, 2.425, 0.25], "texture": "#0"},
				"west": {"uv": [0, 0, 1, 0.25], "texture": "#0"},
				"up": {"uv": [0, 0, 2.425, 1], "texture": "#0"},
				"down": {"uv": [0, 0, 2.425, 1], "texture": "#0"}
			}
		},
		{
			"name": "saxeluri",
			"from": [6.925, 9.225, 0],
			"to": [9.45, 9.475, 1],
			"rotation": {"angle": 0, "axis": "z", "origin": [9.35, 8.45, 0.5]},
			"faces": {
				"north": {"uv": [0, 0, 2.525, 0.25], "texture": "#0"},
				"east": {"uv": [0, 0, 1, 0.25], "texture": "#0"},
				"south": {"uv": [0, 0, 2.525, 0.25], "texture": "#0"},
				"west": {"uv": [0, 0, 1, 0.25], "texture": "#0"},
				"up": {"uv": [0, 0, 2.525, 1], "texture": "#0"},
				"down": {"uv": [0, 0, 2.525, 1], "texture": "#0"}
			}
		},
		{
			"name": "saxeluri",
			"from": [9.45, 9.375, 0],
			"to": [10.75, 9.475, 1],
			"rotation": {"angle": 0, "axis": "z", "origin": [10.275, 8.45, 0.5]},
			"faces": {
				"north": {"uv": [0, 0, 1.3, 0.1], "texture": "#0"},
				"east": {"uv": [0, 0, 1, 0.1], "texture": "#0"},
				"south": {"uv": [0, 0, 1.3, 0.1], "texture": "#0"},
				"west": {"uv": [0, 0, 1, 0.1], "texture": "#0"},
				"up": {"uv": [0, 0, 1.3, 1], "texture": "#0"},
				"down": {"uv": [0, 0, 1.3, 1], "texture": "#0"}
			}
		},
		{
			"name": "saxeluri",
			"from": [9.675, 9.25, 0],
			"to": [10.75, 9.375, 1],
			"rotation": {"angle": 0, "axis": "z", "origin": [10.275, 8.45, 0.5]},
			"faces": {
				"north": {"uv": [0, 0, 1.075, 0.125], "texture": "#0"},
				"east": {"uv": [0, 0, 1, 0.125], "texture": "#0"},
				"south": {"uv": [0, 0, 1.075, 0.125], "texture": "#0"},
				"west": {"uv": [0, 0, 1, 0.125], "texture": "#0"},
				"up": {"uv": [0, 0, 1.075, 1], "texture": "#0"},
				"down": {"uv": [0, 0, 1.075, 1], "texture": "#0"}
			}
		},
		{
			"name": "saxeluri",
			"from": [1.025, 10.125, -0.2],
			"to": [10.775, 11.15, 1.15],
			"rotation": {"angle": 0, "axis": "z", "origin": [6.75, 9.375, 0.5]},
			"faces": {
				"north": {"uv": [1, 0, 10.75, 1.024], "texture": "#2"},
				"east": {"uv": [0, 0, 1.35, 1.025], "texture": "#2"},
				"south": {"uv": [0, 0, 9.75, 1.025], "texture": "#2"},
				"west": {"uv": [4, 0, 5.35, 1.024], "texture": "#2"},
				"up": {"uv": [0, 0, 9.75, 1.35], "texture": "#2"},
				"down": {"uv": [0, 0, 9.75, 1.35], "texture": "#2"}
			}
		},
		{
			"name": "saxeluri",
			"from": [10.775, 10.225, 0.05],
			"to": [10.95, 10.975, 0.875],
			"rotation": {"angle": 0, "axis": "z", "origin": [6.9, 9.375, 0.5]},
			"faces": {
				"north": {"uv": [0, 0, 0.175, 0.75], "texture": "#0"},
				"east": {"uv": [0, 0, 0.825, 0.75], "texture": "#0"},
				"south": {"uv": [0, 0, 0.175, 0.75], "texture": "#0"},
				"west": {"uv": [0, 0, 0.825, 0.75], "texture": "#0"},
				"up": {"uv": [0, 0, 0.175, 0.825], "texture": "#0"},
				"down": {"uv": [0, 0, 0.175, 0.825], "texture": "#0"}
			}
		},
		{
			"name": "saxeluri",
			"from": [10.25, 11.15, 0.35],
			"to": [10.625, 11.3, 0.55],
			"rotation": {"angle": 0, "axis": "z", "origin": [6.4, 9.775, 0.375]},
			"faces": {
				"north": {"uv": [0, 0, 0.375, 0.15], "texture": "#0"},
				"east": {"uv": [0, 0, 0.2, 0.15], "texture": "#0"},
				"south": {"uv": [0, 0, 0.375, 0.15], "texture": "#0"},
				"west": {"uv": [0, 0, 0.2, 0.15], "texture": "#0"},
				"up": {"uv": [0, 0, 0.375, 0.2], "texture": "#0"},
				"down": {"uv": [0, 0, 0.375, 0.2], "texture": "#0"}
			}
		},
		{
			"name": "saxeluri",
			"from": [1.45, 11.15, 0.15],
			"to": [1.775, 11.375, 0.35],
			"rotation": {"angle": 0, "axis": "z", "origin": [6, 9.775, 0.175]},
			"faces": {
				"north": {"uv": [0, 0, 0.325, 0.225], "texture": "#0"},
				"east": {"uv": [0, 0, 0.2, 0.225], "texture": "#0"},
				"south": {"uv": [0, 0, 0.325, 0.225], "texture": "#0"},
				"west": {"uv": [0, 0, 0.2, 0.225], "texture": "#0"},
				"up": {"uv": [0, 0, 0.325, 0.2], "texture": "#0"},
				"down": {"uv": [0, 0, 0.325, 0.2], "texture": "#0"}
			}
		},
		{
			"name": "saxeluri",
			"from": [1.45, 11.15, 0.55],
			"to": [1.775, 11.375, 0.75],
			"rotation": {"angle": 0, "axis": "z", "origin": [6, 9.775, 0.575]},
			"faces": {
				"north": {"uv": [0, 0, 0.325, 0.225], "texture": "#0"},
				"east": {"uv": [0, 0, 0.2, 0.225], "texture": "#0"},
				"south": {"uv": [0, 0, 0.325, 0.225], "texture": "#0"},
				"west": {"uv": [0, 0, 0.2, 0.225], "texture": "#0"},
				"up": {"uv": [0, 0, 0.325, 0.2], "texture": "#0"},
				"down": {"uv": [0, 0, 0.325, 0.2], "texture": "#0"}
			}
		},
		{
			"name": "saxeluri",
			"from": [1.4, 10.125, -0.25],
			"to": [1.525, 11.125, 1.2],
			"rotation": {"angle": 0, "axis": "z", "origin": [5.8, 9.375, 0.5]},
			"faces": {
				"north": {"uv": [0, 0, 0.125, 1], "texture": "#2"},
				"east": {"uv": [0, 0, 1.45, 1], "texture": "#2"},
				"south": {"uv": [0, 0, 0.125, 1], "texture": "#2"},
				"west": {"uv": [0, 0, 1.45, 1], "texture": "#2"},
				"up": {"uv": [0, 0, 0.125, 1.45], "texture": "#2"},
				"down": {"uv": [0, 0, 0.125, 1.45], "texture": "#2"}
			}
		},
		{
			"name": "saxeluri",
			"from": [1.575, 10.125, -0.25],
			"to": [1.775, 11.125, 1.2],
			"rotation": {"angle": 0, "axis": "z", "origin": [5.975, 9.375, 0.5]},
			"faces": {
				"north": {"uv": [0, 0, 0.2, 1], "texture": "#2"},
				"east": {"uv": [0, 0, 1.45, 1], "texture": "#2"},
				"south": {"uv": [0, 0, 0.2, 1], "texture": "#2"},
				"west": {"uv": [0, 0, 1.45, 1], "texture": "#2"},
				"up": {"uv": [0, 0, 0.2, 1.45], "texture": "#2"},
				"down": {"uv": [0, 0, 0.2, 1.45], "texture": "#2"}
			}
		},
		{
			"name": "saxeluri",
			"from": [1.825, 10.125, -0.25],
			"to": [2.025, 11.125, 1.2],
			"rotation": {"angle": 0, "axis": "z", "origin": [6.225, 9.375, 0.5]},
			"faces": {
				"north": {"uv": [0, 0, 0.2, 1], "texture": "#2"},
				"east": {"uv": [0, 0, 1.45, 1], "texture": "#2"},
				"south": {"uv": [0, 0, 0.2, 1], "texture": "#2"},
				"west": {"uv": [0, 0, 1.45, 1], "texture": "#2"},
				"up": {"uv": [0, 0, 0.2, 1.45], "texture": "#2"},
				"down": {"uv": [0, 0, 0.2, 1.45], "texture": "#2"}
			}
		},
		{
			"name": "saxeluri",
			"from": [2.075, 10.125, -0.25],
			"to": [2.275, 11.125, 1.2],
			"rotation": {"angle": 0, "axis": "z", "origin": [6.475, 9.375, 0.5]},
			"faces": {
				"north": {"uv": [0, 0, 0.2, 1], "texture": "#2"},
				"east": {"uv": [0, 0, 1.45, 1], "texture": "#2"},
				"south": {"uv": [0, 0, 0.2, 1], "texture": "#2"},
				"west": {"uv": [0, 0, 1.45, 1], "texture": "#2"},
				"up": {"uv": [0, 0, 0.2, 1.45], "texture": "#2"},
				"down": {"uv": [0, 0, 0.2, 1.45], "texture": "#2"}
			}
		},
		{
			"name": "saxeluri",
			"from": [2.325, 10.125, -0.25],
			"to": [2.525, 11.125, 1.2],
			"rotation": {"angle": 0, "axis": "z", "origin": [6.725, 9.375, 0.5]},
			"faces": {
				"north": {"uv": [0, 0, 0.2, 1], "texture": "#2"},
				"east": {"uv": [0, 0, 1.45, 1], "texture": "#2"},
				"south": {"uv": [0, 0, 0.2, 1], "texture": "#2"},
				"west": {"uv": [0, 0, 1.45, 1], "texture": "#2"},
				"up": {"uv": [0, 0, 0.2, 1.45], "texture": "#2"},
				"down": {"uv": [0, 0, 0.2, 1.45], "texture": "#2"}
			}
		},
		{
			"name": "saxeluri",
			"from": [2.6, 10.125, -0.25],
			"to": [2.825, 11.125, 1.2],
			"rotation": {"angle": 0, "axis": "z", "origin": [7.025, 9.375, 0.5]},
			"faces": {
				"north": {"uv": [0, 0, 0.225, 1], "texture": "#2"},
				"east": {"uv": [0, 0, 1.45, 1], "texture": "#2"},
				"south": {"uv": [0, 0, 0.225, 1], "texture": "#2"},
				"west": {"uv": [0, 0, 1.45, 1], "texture": "#2"},
				"up": {"uv": [0, 0, 0.225, 1.45], "texture": "#2"},
				"down": {"uv": [0, 0, 0.225, 1.45], "texture": "#2"}
			}
		},
		{
			"name": "saxeluri",
			"from": [2.875, 10.125, -0.25],
			"to": [3.075, 11.125, 1.2],
			"rotation": {"angle": 0, "axis": "z", "origin": [7.275, 9.375, 0.5]},
			"faces": {
				"north": {"uv": [0, 0, 0.2, 1], "texture": "#2"},
				"east": {"uv": [0, 0, 1.45, 1], "texture": "#2"},
				"south": {"uv": [0, 0, 0.2, 1], "texture": "#2"},
				"west": {"uv": [0, 0, 1.45, 1], "texture": "#2"},
				"up": {"uv": [0, 0, 0.2, 1.45], "texture": "#2"},
				"down": {"uv": [0, 0, 0.2, 1.45], "texture": "#2"}
			}
		},
		{
			"name": "saxeluri",
			"from": [3.125, 10.125, -0.25],
			"to": [3.2, 11.125, 1.2],
			"rotation": {"angle": 0, "axis": "z", "origin": [7.525, 9.375, 0.5]},
			"faces": {
				"north": {"uv": [0, 0, 0.075, 1], "texture": "#2"},
				"east": {"uv": [0, 0, 1.45, 1], "texture": "#2"},
				"south": {"uv": [0, 0, 0.075, 1], "texture": "#2"},
				"west": {"uv": [0, 0, 1.45, 1], "texture": "#2"},
				"up": {"uv": [0, 0, 0.075, 1.45], "texture": "#2"},
				"down": {"uv": [0, 0, 0.075, 1.45], "texture": "#2"}
			}
		},
		{
			"name": "saxeluri",
			"from": [4.8, 10.65, 0.125],
			"to": [6.375, 11.225, 1.2],
			"rotation": {"angle": 0, "axis": "z", "origin": [6.75, 9.375, 0.5]},
			"faces": {
				"north": {"uv": [0, 0, 1.575, 0.575], "texture": "#3"},
				"east": {"uv": [0, 0, 1.075, 0.575], "texture": "#3"},
				"south": {"uv": [0, 0, 1.575, 0.575], "texture": "#3"},
				"west": {"uv": [0, 0, 1.075, 0.575], "texture": "#3"},
				"up": {"uv": [10, 5, 11.575, 6.075], "texture": "#3"},
				"down": {"uv": [0, 0, 1.575, 1.075], "texture": "#3"}
			}
		},
		{
			"name": "saxeluri",
			"from": [4.1, 10.65, 0.125],
			"to": [4.825, 11.2, 1.175],
			"rotation": {"angle": 0, "axis": "z", "origin": [6.05, 9.375, 0.5]},
			"faces": {
				"north": {"uv": [0, 0, 0.725, 0.55], "texture": "#3"},
				"east": {"uv": [0, 0, 1.05, 0.55], "texture": "#3"},
				"south": {"uv": [0, 0, 0.725, 0.55], "texture": "#3"},
				"west": {"uv": [0, 0, 1.05, 0.55], "texture": "#3"},
				"up": {"uv": [10, 5, 11.575, 6.075], "texture": "#3"},
				"down": {"uv": [0, 0, 0.725, 1.05], "texture": "#3"}
			}
		}
	],
	"display": {
		"thirdperson_righthand": {
			"rotation": [8, 90, 0],
			"translation": [7.25, -0.5, -2.75]
		},
		"thirdperson_lefthand": {
			"rotation": [-3, -90, 0],
			"translation": [-7.75, -1, -2.25]
		},
		"firstperson_righthand": {
			"rotation": [0, 90, 0],
			"translation": [2.75, 2.5, 0],
			"scale": [0.8, 0.9, 0.9]
		},
		"firstperson_lefthand": {
			"rotation": [0, -90, 0],
			"translation": [-10.75, 2.25, 0.25],
			"scale": [0.9, 0.9, 0.9]
		},
		"ground": {
			"rotation": [87.25, 0, 0],
			"translation": [2.5, -10.75, 0]
		},
		"gui": {
			"rotation": [0, 0, 31.5],
			"translation": [2.75, 1.25, 0]
		},
		"head": {
			"rotation": [0, 180, 0],
			"translation": [-2.75, 1.5, -7.75]
		},
		"fixed": {
			"rotation": [0, -180, 35.25],
			"translation": [-3.25, 2.25, -9]
		}
	},
	"groups": [
		{
			"name": "saxeluri",
			"origin": [8, 8, 8],
			"color": 0,
			"children": [0, 1, 2, 3, 4, 5, 6, 7, 8]
		},
		{
			"name": "qvedanawili da sasxleti",
			"origin": [3.975, 8.7, 0.5],
			"color": 0,
			"children": [
				{
					"name": "sasxleti",
					"origin": [3.975, 8.7, 0.5],
					"color": 0,
					"children": [9, 10, 11, 12, 13, 14, 15]
				},
				{
					"name": "qveda nawili",
					"origin": [5.81257, 7.8084, 0.5],
					"color": 0,
					"children": [16, 17, 18, 19, 20, 21, 22, 23]
				}
			]
		},
		{
			"name": "zeda nawili",
			"origin": [8, 8, 8],
			"color": 0,
			"children": [24, 25, 26, 27, 28, 29, 30, 31, 32, 33, 34, 35, 36]
		},
		{
			"name": "damatebiti",
			"origin": [8, 8, 8],
			"color": 0,
			"children": [37, 38]
		}
	]
}