{
	"credit": "Designed by Sgeorge1970 with Cubik Studio - https://cubik.studio",
	"textures": {
		"texture": "guns/tan5",
		"texture1": "guns/gray6",
		"texture2": "guns/gray7",
		"texture3": "guns/graygreen2",
		"texture4": "guns/gray2",
		"particle": "blocks/e_particle"
	},
	"elements": [
		{
			"name": "Box1",
			"from": [-14.5, 8, 6.5],
			"to": [-7.5, 9, 7.5],
			"faces": {
				"north": {"uv": [7.5, 7, 14.5, 8], "texture": "#texture1"},
				"east": {"uv": [8.5, 7, 9.5, 8], "texture": "#texture1"},
				"south": {"uv": [1.5, 7, 8.5, 8], "texture": "#texture1"},
				"west": {"uv": [6.5, 7, 7.5, 8], "texture": "#texture1"},
				"up": {"uv": [1.5, 6.5, 8.5, 7.5], "texture": "#texture1"},
				"down": {"uv": [1.5, 8.5, 8.5, 9.5], "texture": "#texture1"}
			}
		},
		{
			"name": "Box10",
			"from": [-11, 8.5, 8],
			"to": [-10.5, 9, 8.5],
			"faces": {
				"north": {"uv": [10.5, 7, 11, 7.5], "texture": "#texture"},
				"east": {"uv": [7.5, 7, 8, 7.5], "texture": "#texture"},
				"south": {"uv": [5, 7, 5.5, 7.5], "texture": "#texture"},
				"west": {"uv": [8, 7, 8.5, 7.5], "texture": "#texture"},
				"up": {"uv": [5, 8, 5.5, 8.5], "texture": "#texture"},
				"down": {"uv": [5, 7.5, 5.5, 8], "texture": "#texture"}
			}
		},
		{
			"name": "Box15",
			"from": [-11, 6.5, 6],
			"to": [-7.5, 7.5, 8],
			"faces": {
				"north": {"uv": [7.5, 8.5, 11, 9.5], "texture": "#texture"},
				"east": {"uv": [8, 8.5, 10, 9.5], "texture": "#texture"},
				"south": {"uv": [5, 8.5, 8.5, 9.5], "texture": "#texture"},
				"west": {"uv": [6, 8.5, 8, 9.5], "texture": "#texture"},
				"up": {"uv": [5, 6, 8.5, 8], "texture": "#texture"},
				"down": {"uv": [5, 8, 8.5, 10], "texture": "#texture"}
			}
		},
		{
			"name": "Box16",
			"from": [-10.5, 7.5, 6],
			"to": [-8.5, 8, 6.5],
			"faces": {
				"north": {"uv": [8.5, 8, 10.5, 8.5], "texture": "#texture"},
				"east": {"uv": [9.5, 8, 10, 8.5], "texture": "#texture"},
				"south": {"uv": [5.5, 8, 7.5, 8.5], "texture": "#texture"},
				"west": {"uv": [6, 8, 6.5, 8.5], "texture": "#texture"},
				"up": {"uv": [5.5, 6, 7.5, 6.5], "texture": "#texture"},
				"down": {"uv": [5.5, 9.5, 7.5, 10], "texture": "#texture"}
			}
		},
		{
			"name": "Box16",
			"from": [-10.5, 7.5, 7.5],
			"to": [-8.5, 8, 8],
			"faces": {
				"north": {"uv": [8.5, 8, 10.5, 8.5], "texture": "#texture"},
				"east": {"uv": [8, 8, 8.5, 8.5], "texture": "#texture"},
				"south": {"uv": [5.5, 8, 7.5, 8.5], "texture": "#texture"},
				"west": {"uv": [7.5, 8, 8, 8.5], "texture": "#texture"},
				"up": {"uv": [5.5, 7.5, 7.5, 8], "texture": "#texture"},
				"down": {"uv": [5.5, 8, 7.5, 8.5], "texture": "#texture"}
			}
		},
		{
			"name": "Box10",
			"from": [-10, 8.5, 8],
			"to": [-9.5, 9, 8.5],
			"faces": {
				"north": {"uv": [9.5, 7, 10, 7.5], "texture": "#texture"},
				"east": {"uv": [7.5, 7, 8, 7.5], "texture": "#texture"},
				"south": {"uv": [6, 7, 6.5, 7.5], "texture": "#texture"},
				"west": {"uv": [8, 7, 8.5, 7.5], "texture": "#texture"},
				"up": {"uv": [6, 8, 6.5, 8.5], "texture": "#texture"},
				"down": {"uv": [6, 7.5, 6.5, 8], "texture": "#texture"}
			}
		},
		{
			"name": "Box10",
			"from": [-9, 8.5, 8],
			"to": [-8.5, 9, 8.5],
			"faces": {
				"north": {"uv": [8.5, 7, 9, 7.5], "texture": "#texture"},
				"east": {"uv": [7.5, 7, 8, 7.5], "texture": "#texture"},
				"south": {"uv": [7, 7, 7.5, 7.5], "texture": "#texture"},
				"west": {"uv": [8, 7, 8.5, 7.5], "texture": "#texture"},
				"up": {"uv": [7, 8, 7.5, 8.5], "texture": "#texture"},
				"down": {"uv": [7, 7.5, 7.5, 8], "texture": "#texture"}
			}
		},
		{
			"name": "Box10",
			"from": [-8, 8.5, 8],
			"to": [-7.5, 9, 8.5],
			"faces": {
				"north": {"uv": [7.5, 7, 8, 7.5], "texture": "#texture"},
				"east": {"uv": [7.5, 7, 8, 7.5], "texture": "#texture"},
				"south": {"uv": [8, 7, 8.5, 7.5], "texture": "#texture"},
				"west": {"uv": [8, 7, 8.5, 7.5], "texture": "#texture"},
				"up": {"uv": [8, 8, 8.5, 8.5], "texture": "#texture"},
				"down": {"uv": [8, 7.5, 8.5, 8], "texture": "#texture"}
			}
		},
		{
			"name": "Box10",
			"from": [-11, 8.5, 5.5],
			"to": [-10.5, 9, 6],
			"faces": {
				"north": {"uv": [10.5, 7, 11, 7.5], "texture": "#texture"},
				"east": {"uv": [10, 7, 10.5, 7.5], "texture": "#texture"},
				"south": {"uv": [5, 7, 5.5, 7.5], "texture": "#texture"},
				"west": {"uv": [5.5, 7, 6, 7.5], "texture": "#texture"},
				"up": {"uv": [5, 5.5, 5.5, 6], "texture": "#texture"},
				"down": {"uv": [5, 10, 5.5, 10.5], "texture": "#texture"}
			}
		},
		{
			"name": "Box10",
			"from": [-10, 8.5, 5.5],
			"to": [-9.5, 9, 6],
			"faces": {
				"north": {"uv": [9.5, 7, 10, 7.5], "texture": "#texture"},
				"east": {"uv": [10, 7, 10.5, 7.5], "texture": "#texture"},
				"south": {"uv": [6, 7, 6.5, 7.5], "texture": "#texture"},
				"west": {"uv": [5.5, 7, 6, 7.5], "texture": "#texture"},
				"up": {"uv": [6, 5.5, 6.5, 6], "texture": "#texture"},
				"down": {"uv": [6, 10, 6.5, 10.5], "texture": "#texture"}
			}
		},
		{
			"name": "Box10",
			"from": [-9, 8.5, 5.5],
			"to": [-8.5, 9, 6],
			"faces": {
				"north": {"uv": [8.5, 7, 9, 7.5], "texture": "#texture"},
				"east": {"uv": [10, 7, 10.5, 7.5], "texture": "#texture"},
				"south": {"uv": [7, 7, 7.5, 7.5], "texture": "#texture"},
				"west": {"uv": [5.5, 7, 6, 7.5], "texture": "#texture"},
				"up": {"uv": [7, 5.5, 7.5, 6], "texture": "#texture"},
				"down": {"uv": [7, 10, 7.5, 10.5], "texture": "#texture"}
			}
		},
		{
			"name": "Box10",
			"from": [-8, 8.5, 5.5],
			"to": [-7.5, 9, 6],
			"faces": {
				"north": {"uv": [7.5, 7, 8, 7.5], "texture": "#texture"},
				"east": {"uv": [10, 7, 10.5, 7.5], "texture": "#texture"},
				"south": {"uv": [8, 7, 8.5, 7.5], "texture": "#texture"},
				"west": {"uv": [5.5, 7, 6, 7.5], "texture": "#texture"},
				"up": {"uv": [8, 5.5, 8.5, 6], "texture": "#texture"},
				"down": {"uv": [8, 10, 8.5, 10.5], "texture": "#texture"}
			}
		},
		{
			"name": "Box14",
			"from": [-11, 7, 5.5],
			"to": [-7.5, 8.5, 6],
			"faces": {
				"north": {"uv": [7.5, 7.5, 11, 9], "texture": "#texture"},
				"east": {"uv": [10, 7.5, 10.5, 9], "texture": "#texture"},
				"south": {"uv": [5, 7.5, 8.5, 9], "texture": "#texture"},
				"west": {"uv": [5.5, 7.5, 6, 9], "texture": "#texture"},
				"up": {"uv": [5, 5.5, 8.5, 6], "texture": "#texture"},
				"down": {"uv": [5, 10, 8.5, 10.5], "texture": "#texture"}
			}
		},
		{
			"name": "Box14",
			"from": [-11, 7, 8],
			"to": [-7.5, 8.5, 8.5],
			"faces": {
				"north": {"uv": [7.5, 7.5, 11, 9], "texture": "#texture"},
				"east": {"uv": [7.5, 7.5, 8, 9], "texture": "#texture"},
				"south": {"uv": [5, 7.5, 8.5, 9], "texture": "#texture"},
				"west": {"uv": [8, 7.5, 8.5, 9], "texture": "#texture"},
				"up": {"uv": [5, 8, 8.5, 8.5], "texture": "#texture"},
				"down": {"uv": [5, 7.5, 8.5, 8], "texture": "#texture"}
			}
		},
		{
			"name": "Box16",
			"from": [-11, 9, 5.5],
			"to": [-7, 9.5, 6],
			"faces": {
				"north": {"uv": [7, 6.5, 11, 7], "texture": "#texture"},
				"east": {"uv": [10, 6.5, 10.5, 7], "texture": "#texture"},
				"south": {"uv": [5, 6.5, 9, 7], "texture": "#texture"},
				"west": {"uv": [5.5, 6.5, 6, 7], "texture": "#texture"},
				"up": {"uv": [5, 5.5, 9, 6], "texture": "#texture"},
				"down": {"uv": [5, 10, 9, 10.5], "texture": "#texture"}
			}
		},
		{
			"name": "Box16",
			"from": [-11, 9, 8],
			"to": [-7, 9.5, 8.5],
			"faces": {
				"north": {"uv": [7, 6.5, 11, 7], "texture": "#texture"},
				"east": {"uv": [7.5, 6.5, 8, 7], "texture": "#texture"},
				"south": {"uv": [5, 6.5, 9, 7], "texture": "#texture"},
				"west": {"uv": [8, 6.5, 8.5, 7], "texture": "#texture"},
				"up": {"uv": [5, 8, 9, 8.5], "texture": "#texture"},
				"down": {"uv": [5, 7.5, 9, 8], "texture": "#texture"}
			}
		},
		{
			"name": "Box19",
			"from": [-7.5, 6.5, 5.5],
			"to": [-1, 9, 8.5],
			"faces": {
				"north": {"uv": [1, 7, 7.5, 9.5], "texture": "#texture"},
				"east": {"uv": [7.5, 7, 10.5, 9.5], "texture": "#texture"},
				"south": {"uv": [8.5, 7, 15, 9.5], "texture": "#texture"},
				"west": {"uv": [5.5, 7, 8.5, 9.5], "texture": "#texture"},
				"up": {"uv": [8.5, 5.5, 15, 8.5], "texture": "#texture"},
				"down": {"uv": [8.5, 7.5, 15, 10.5], "texture": "#texture"}
			}
		},
		{
			"name": "Box20",
			"from": [-7, 9, 6],
			"to": [-1, 11, 8],
			"faces": {
				"north": {"uv": [1, 5, 7, 7], "texture": "#texture"},
				"east": {"uv": [8, 5, 10, 7], "texture": "#texture"},
				"south": {"uv": [9, 5, 15, 7], "texture": "#texture"},
				"west": {"uv": [6, 5, 8, 7], "texture": "#texture"},
				"up": {"uv": [9, 6, 15, 8], "texture": "#texture"},
				"down": {"uv": [9, 8, 15, 10], "texture": "#texture"}
			}
		},
		{
			"name": "Box21",
			"from": [-7.625, 9.875, 6.75],
			"to": [-6.625, 10.375, 7.25],
			"faces": {
				"north": {"uv": [6.625, 5.625, 7.625, 6.125], "texture": "#texture1"},
				"east": {"uv": [8.75, 5.625, 9.25, 6.125], "texture": "#texture1"},
				"south": {"uv": [8.375, 5.625, 9.375, 6.125], "texture": "#texture1"},
				"west": {"uv": [6.75, 5.625, 7.25, 6.125], "texture": "#texture1"},
				"up": {"uv": [8.375, 6.75, 9.375, 7.25], "texture": "#texture1"},
				"down": {"uv": [8.375, 8.75, 9.375, 9.25], "texture": "#texture1"}
			}
		},
		{
			"name": "Box22",
			"from": [-7, 9, 5.5],
			"to": [-6.5, 9.5, 6],
			"faces": {
				"north": {"uv": [6.5, 6.5, 7, 7], "texture": "#texture"},
				"east": {"uv": [10, 6.5, 10.5, 7], "texture": "#texture"},
				"south": {"uv": [9, 6.5, 9.5, 7], "texture": "#texture"},
				"west": {"uv": [5.5, 6.5, 6, 7], "texture": "#texture"},
				"up": {"uv": [9, 5.5, 9.5, 6], "texture": "#texture"},
				"down": {"uv": [9, 10, 9.5, 10.5], "texture": "#texture"}
			}
		},
		{
			"name": "Box22",
			"from": [-6, 9, 5.5],
			"to": [-5.5, 9.5, 6],
			"faces": {
				"north": {"uv": [5.5, 6.5, 6, 7], "texture": "#texture"},
				"east": {"uv": [10, 6.5, 10.5, 7], "texture": "#texture"},
				"south": {"uv": [10, 6.5, 10.5, 7], "texture": "#texture"},
				"west": {"uv": [5.5, 6.5, 6, 7], "texture": "#texture"},
				"up": {"uv": [10, 5.5, 10.5, 6], "texture": "#texture"},
				"down": {"uv": [10, 10, 10.5, 10.5], "texture": "#texture"}
			}
		},
		{
			"name": "Box22",
			"from": [-5, 9, 5.5],
			"to": [-4.5, 9.5, 6],
			"faces": {
				"north": {"uv": [4.5, 6.5, 5, 7], "texture": "#texture"},
				"east": {"uv": [10, 6.5, 10.5, 7], "texture": "#texture"},
				"south": {"uv": [11, 6.5, 11.5, 7], "texture": "#texture"},
				"west": {"uv": [5.5, 6.5, 6, 7], "texture": "#texture"},
				"up": {"uv": [11, 5.5, 11.5, 6], "texture": "#texture"},
				"down": {"uv": [11, 10, 11.5, 10.5], "texture": "#texture"}
			}
		},
		{
			"name": "Box22",
			"from": [-4, 9, 5.5],
			"to": [-3.5, 9.5, 6],
			"faces": {
				"north": {"uv": [3.5, 6.5, 4, 7], "texture": "#texture"},
				"east": {"uv": [10, 6.5, 10.5, 7], "texture": "#texture"},
				"south": {"uv": [12, 6.5, 12.5, 7], "texture": "#texture"},
				"west": {"uv": [5.5, 6.5, 6, 7], "texture": "#texture"},
				"up": {"uv": [12, 5.5, 12.5, 6], "texture": "#texture"},
				"down": {"uv": [12, 10, 12.5, 10.5], "texture": "#texture"}
			}
		},
		{
			"name": "Box22",
			"from": [-3, 9, 5.5],
			"to": [-2.5, 9.5, 6],
			"faces": {
				"north": {"uv": [2.5, 6.5, 3, 7], "texture": "#texture"},
				"east": {"uv": [10, 6.5, 10.5, 7], "texture": "#texture"},
				"south": {"uv": [13, 6.5, 13.5, 7], "texture": "#texture"},
				"west": {"uv": [5.5, 6.5, 6, 7], "texture": "#texture"},
				"up": {"uv": [13, 5.5, 13.5, 6], "texture": "#texture"},
				"down": {"uv": [13, 10, 13.5, 10.5], "texture": "#texture"}
			}
		},
		{
			"name": "Box22",
			"from": [-2, 9, 5.5],
			"to": [-1, 9.5, 6],
			"faces": {
				"north": {"uv": [1, 6.5, 2, 7], "texture": "#texture"},
				"east": {"uv": [10, 6.5, 10.5, 7], "texture": "#texture"},
				"south": {"uv": [14, 6.5, 15, 7], "texture": "#texture"},
				"west": {"uv": [5.5, 6.5, 6, 7], "texture": "#texture"},
				"up": {"uv": [14, 5.5, 15, 6], "texture": "#texture"},
				"down": {"uv": [14, 10, 15, 10.5], "texture": "#texture"}
			}
		},
		{
			"name": "Box28",
			"from": [-7, 9.5, 5.5],
			"to": [-1, 10, 6],
			"faces": {
				"north": {"uv": [1, 6, 7, 6.5], "texture": "#texture"},
				"east": {"uv": [10, 6, 10.5, 6.5], "texture": "#texture"},
				"south": {"uv": [9, 6, 15, 6.5], "texture": "#texture"},
				"west": {"uv": [5.5, 6, 6, 6.5], "texture": "#texture"},
				"up": {"uv": [9, 5.5, 15, 6], "texture": "#texture"},
				"down": {"uv": [9, 10, 15, 10.5], "texture": "#texture"}
			}
		},
		{
			"name": "Box22",
			"from": [-2, 9, 8],
			"to": [-1, 9.5, 8.5],
			"faces": {
				"north": {"uv": [1, 6.5, 2, 7], "texture": "#texture"},
				"east": {"uv": [7.5, 6.5, 8, 7], "texture": "#texture"},
				"south": {"uv": [14, 6.5, 15, 7], "texture": "#texture"},
				"west": {"uv": [8, 6.5, 8.5, 7], "texture": "#texture"},
				"up": {"uv": [14, 8, 15, 8.5], "texture": "#texture"},
				"down": {"uv": [14, 7.5, 15, 8], "texture": "#texture"}
			}
		},
		{
			"name": "Box22",
			"from": [-3, 9, 8],
			"to": [-2.5, 9.5, 8.5],
			"faces": {
				"north": {"uv": [2.5, 6.5, 3, 7], "texture": "#texture"},
				"east": {"uv": [7.5, 6.5, 8, 7], "texture": "#texture"},
				"south": {"uv": [13, 6.5, 13.5, 7], "texture": "#texture"},
				"west": {"uv": [8, 6.5, 8.5, 7], "texture": "#texture"},
				"up": {"uv": [13, 8, 13.5, 8.5], "texture": "#texture"},
				"down": {"uv": [13, 7.5, 13.5, 8], "texture": "#texture"}
			}
		},
		{
			"name": "Box22",
			"from": [-4, 9, 8],
			"to": [-3.5, 9.5, 8.5],
			"faces": {
				"north": {"uv": [3.5, 6.5, 4, 7], "texture": "#texture"},
				"east": {"uv": [7.5, 6.5, 8, 7], "texture": "#texture"},
				"south": {"uv": [12, 6.5, 12.5, 7], "texture": "#texture"},
				"west": {"uv": [8, 6.5, 8.5, 7], "texture": "#texture"},
				"up": {"uv": [12, 8, 12.5, 8.5], "texture": "#texture"},
				"down": {"uv": [12, 7.5, 12.5, 8], "texture": "#texture"}
			}
		},
		{
			"name": "Box22",
			"from": [-5, 9, 8],
			"to": [-4.5, 9.5, 8.5],
			"faces": {
				"north": {"uv": [4.5, 6.5, 5, 7], "texture": "#texture"},
				"east": {"uv": [7.5, 6.5, 8, 7], "texture": "#texture"},
				"south": {"uv": [11, 6.5, 11.5, 7], "texture": "#texture"},
				"west": {"uv": [8, 6.5, 8.5, 7], "texture": "#texture"},
				"up": {"uv": [11, 8, 11.5, 8.5], "texture": "#texture"},
				"down": {"uv": [11, 7.5, 11.5, 8], "texture": "#texture"}
			}
		},
		{
			"name": "Box22",
			"from": [-6, 9, 8],
			"to": [-5.5, 9.5, 8.5],
			"faces": {
				"north": {"uv": [5.5, 6.5, 6, 7], "texture": "#texture"},
				"east": {"uv": [7.5, 6.5, 8, 7], "texture": "#texture"},
				"south": {"uv": [10, 6.5, 10.5, 7], "texture": "#texture"},
				"west": {"uv": [8, 6.5, 8.5, 7], "texture": "#texture"},
				"up": {"uv": [10, 8, 10.5, 8.5], "texture": "#texture"},
				"down": {"uv": [10, 7.5, 10.5, 8], "texture": "#texture"}
			}
		},
		{
			"name": "Box22",
			"from": [-7, 9, 8],
			"to": [-6.5, 9.5, 8.5],
			"faces": {
				"north": {"uv": [6.5, 6.5, 7, 7], "texture": "#texture"},
				"east": {"uv": [7.5, 6.5, 8, 7], "texture": "#texture"},
				"south": {"uv": [9, 6.5, 9.5, 7], "texture": "#texture"},
				"west": {"uv": [8, 6.5, 8.5, 7], "texture": "#texture"},
				"up": {"uv": [9, 8, 9.5, 8.5], "texture": "#texture"},
				"down": {"uv": [9, 7.5, 9.5, 8], "texture": "#texture"}
			}
		},
		{
			"name": "Box28",
			"from": [-7, 9.5, 8],
			"to": [-1, 10, 8.5],
			"faces": {
				"north": {"uv": [1, 6, 7, 6.5], "texture": "#texture"},
				"east": {"uv": [7.5, 6, 8, 6.5], "texture": "#texture"},
				"south": {"uv": [9, 6, 15, 6.5], "texture": "#texture"},
				"west": {"uv": [8, 6, 8.5, 6.5], "texture": "#texture"},
				"up": {"uv": [9, 8, 15, 8.5], "texture": "#texture"},
				"down": {"uv": [9, 7.5, 15, 8], "texture": "#texture"}
			}
		},
		{
			"name": "Box36",
			"from": [-10.5, 7, 8.5],
			"to": [-1, 8.5, 9],
			"faces": {
				"north": {"uv": [1, 7.5, 10.5, 9], "texture": "#texture"},
				"east": {"uv": [7, 7.5, 7.5, 9], "texture": "#texture"},
				"south": {"uv": [5.5, 7.5, 15, 9], "texture": "#texture"},
				"west": {"uv": [8.5, 7.5, 9, 9], "texture": "#texture"},
				"up": {"uv": [5.5, 8.5, 15, 9], "texture": "#texture"},
				"down": {"uv": [5.5, 7, 15, 7.5], "texture": "#texture"}
			}
		},
		{
			"name": "Box36",
			"from": [-10.5, 7, 5],
			"to": [-1, 8.5, 5.5],
			"faces": {
				"north": {"uv": [1, 7.5, 10.5, 9], "texture": "#texture"},
				"east": {"uv": [10.5, 7.5, 11, 9], "texture": "#texture"},
				"south": {"uv": [5.5, 7.5, 15, 9], "texture": "#texture"},
				"west": {"uv": [5, 7.5, 5.5, 9], "texture": "#texture"},
				"up": {"uv": [5.5, 5, 15, 5.5], "texture": "#texture"},
				"down": {"uv": [5.5, 10.5, 15, 11], "texture": "#texture"}
			}
		},
		{
			"name": "Box38",
			"from": [-10, 7.25, 8.75],
			"to": [-9.5, 8.25, 9.25],
			"faces": {
				"north": {"uv": [9.5, 7.75, 10, 8.75], "texture": "#texture"},
				"east": {"uv": [6.75, 7.75, 7.25, 8.75], "texture": "#texture"},
				"south": {"uv": [6, 7.75, 6.5, 8.75], "texture": "#texture"},
				"west": {"uv": [8.75, 7.75, 9.25, 8.75], "texture": "#texture"},
				"up": {"uv": [6, 8.75, 6.5, 9.25], "texture": "#texture"},
				"down": {"uv": [6, 6.75, 6.5, 7.25], "texture": "#texture"}
			}
		},
		{
			"name": "Box38",
			"from": [-9, 7.25, 8.75],
			"to": [-8.5, 8.25, 9.25],
			"faces": {
				"north": {"uv": [8.5, 7.75, 9, 8.75], "texture": "#texture"},
				"east": {"uv": [6.75, 7.75, 7.25, 8.75], "texture": "#texture"},
				"south": {"uv": [7, 7.75, 7.5, 8.75], "texture": "#texture"},
				"west": {"uv": [8.75, 7.75, 9.25, 8.75], "texture": "#texture"},
				"up": {"uv": [7, 8.75, 7.5, 9.25], "texture": "#texture"},
				"down": {"uv": [7, 6.75, 7.5, 7.25], "texture": "#texture"}
			}
		},
		{
			"name": "Box38",
			"from": [-8, 7.25, 8.75],
			"to": [-7.5, 8.25, 9.25],
			"faces": {
				"north": {"uv": [7.5, 7.75, 8, 8.75], "texture": "#texture"},
				"east": {"uv": [6.75, 7.75, 7.25, 8.75], "texture": "#texture"},
				"south": {"uv": [8, 7.75, 8.5, 8.75], "texture": "#texture"},
				"west": {"uv": [8.75, 7.75, 9.25, 8.75], "texture": "#texture"},
				"up": {"uv": [8, 8.75, 8.5, 9.25], "texture": "#texture"},
				"down": {"uv": [8, 6.75, 8.5, 7.25], "texture": "#texture"}
			}
		},
		{
			"name": "Box38",
			"from": [-7, 7.25, 8.75],
			"to": [-6.5, 8.25, 9.25],
			"faces": {
				"north": {"uv": [6.5, 7.75, 7, 8.75], "texture": "#texture"},
				"east": {"uv": [6.75, 7.75, 7.25, 8.75], "texture": "#texture"},
				"south": {"uv": [9, 7.75, 9.5, 8.75], "texture": "#texture"},
				"west": {"uv": [8.75, 7.75, 9.25, 8.75], "texture": "#texture"},
				"up": {"uv": [9, 8.75, 9.5, 9.25], "texture": "#texture"},
				"down": {"uv": [9, 6.75, 9.5, 7.25], "texture": "#texture"}
			}
		},
		{
			"name": "Box38",
			"from": [-6, 7.25, 8.75],
			"to": [-5.5, 8.25, 9.25],
			"faces": {
				"north": {"uv": [5.5, 7.75, 6, 8.75], "texture": "#texture"},
				"east": {"uv": [6.75, 7.75, 7.25, 8.75], "texture": "#texture"},
				"south": {"uv": [10, 7.75, 10.5, 8.75], "texture": "#texture"},
				"west": {"uv": [8.75, 7.75, 9.25, 8.75], "texture": "#texture"},
				"up": {"uv": [10, 8.75, 10.5, 9.25], "texture": "#texture"},
				"down": {"uv": [10, 6.75, 10.5, 7.25], "texture": "#texture"}
			}
		},
		{
			"name": "Box38",
			"from": [-5, 7.25, 8.75],
			"to": [-4.5, 8.25, 9.25],
			"faces": {
				"north": {"uv": [4.5, 7.75, 5, 8.75], "texture": "#texture"},
				"east": {"uv": [6.75, 7.75, 7.25, 8.75], "texture": "#texture"},
				"south": {"uv": [11, 7.75, 11.5, 8.75], "texture": "#texture"},
				"west": {"uv": [8.75, 7.75, 9.25, 8.75], "texture": "#texture"},
				"up": {"uv": [11, 8.75, 11.5, 9.25], "texture": "#texture"},
				"down": {"uv": [11, 6.75, 11.5, 7.25], "texture": "#texture"}
			}
		},
		{
			"name": "Box38",
			"from": [-4, 7.25, 8.75],
			"to": [-3.5, 8.25, 9.25],
			"faces": {
				"north": {"uv": [3.5, 7.75, 4, 8.75], "texture": "#texture"},
				"east": {"uv": [6.75, 7.75, 7.25, 8.75], "texture": "#texture"},
				"south": {"uv": [12, 7.75, 12.5, 8.75], "texture": "#texture"},
				"west": {"uv": [8.75, 7.75, 9.25, 8.75], "texture": "#texture"},
				"up": {"uv": [12, 8.75, 12.5, 9.25], "texture": "#texture"},
				"down": {"uv": [12, 6.75, 12.5, 7.25], "texture": "#texture"}
			}
		},
		{
			"name": "Box38",
			"from": [-3, 7.25, 8.75],
			"to": [-2.5, 8.25, 9.25],
			"faces": {
				"north": {"uv": [2.5, 7.75, 3, 8.75], "texture": "#texture"},
				"east": {"uv": [6.75, 7.75, 7.25, 8.75], "texture": "#texture"},
				"south": {"uv": [13, 7.75, 13.5, 8.75], "texture": "#texture"},
				"west": {"uv": [8.75, 7.75, 9.25, 8.75], "texture": "#texture"},
				"up": {"uv": [13, 8.75, 13.5, 9.25], "texture": "#texture"},
				"down": {"uv": [13, 6.75, 13.5, 7.25], "texture": "#texture"}
			}
		},
		{
			"name": "Box38",
			"from": [-2, 7.25, 8.75],
			"to": [-1.5, 8.25, 9.25],
			"faces": {
				"north": {"uv": [1.5, 7.75, 2, 8.75], "texture": "#texture"},
				"east": {"uv": [6.75, 7.75, 7.25, 8.75], "texture": "#texture"},
				"south": {"uv": [14, 7.75, 14.5, 8.75], "texture": "#texture"},
				"west": {"uv": [8.75, 7.75, 9.25, 8.75], "texture": "#texture"},
				"up": {"uv": [14, 8.75, 14.5, 9.25], "texture": "#texture"},
				"down": {"uv": [14, 6.75, 14.5, 7.25], "texture": "#texture"}
			}
		},
		{
			"name": "Box38",
			"from": [-2, 7.25, 4.75],
			"to": [-1.5, 8.25, 5.25],
			"faces": {
				"north": {"uv": [1.5, 7.75, 2, 8.75], "texture": "#texture"},
				"east": {"uv": [10.75, 7.75, 11.25, 8.75], "texture": "#texture"},
				"south": {"uv": [14, 7.75, 14.5, 8.75], "texture": "#texture"},
				"west": {"uv": [4.75, 7.75, 5.25, 8.75], "texture": "#texture"},
				"up": {"uv": [14, 4.75, 14.5, 5.25], "texture": "#texture"},
				"down": {"uv": [14, 10.75, 14.5, 11.25], "texture": "#texture"}
			}
		},
		{
			"name": "Box38",
			"from": [-3, 7.25, 4.75],
			"to": [-2.5, 8.25, 5.25],
			"faces": {
				"north": {"uv": [2.5, 7.75, 3, 8.75], "texture": "#texture"},
				"east": {"uv": [10.75, 7.75, 11.25, 8.75], "texture": "#texture"},
				"south": {"uv": [13, 7.75, 13.5, 8.75], "texture": "#texture"},
				"west": {"uv": [4.75, 7.75, 5.25, 8.75], "texture": "#texture"},
				"up": {"uv": [13, 4.75, 13.5, 5.25], "texture": "#texture"},
				"down": {"uv": [13, 10.75, 13.5, 11.25], "texture": "#texture"}
			}
		},
		{
			"name": "Box38",
			"from": [-4, 7.25, 4.75],
			"to": [-3.5, 8.25, 5.25],
			"faces": {
				"north": {"uv": [3.5, 7.75, 4, 8.75], "texture": "#texture"},
				"east": {"uv": [10.75, 7.75, 11.25, 8.75], "texture": "#texture"},
				"south": {"uv": [12, 7.75, 12.5, 8.75], "texture": "#texture"},
				"west": {"uv": [4.75, 7.75, 5.25, 8.75], "texture": "#texture"},
				"up": {"uv": [12, 4.75, 12.5, 5.25], "texture": "#texture"},
				"down": {"uv": [12, 10.75, 12.5, 11.25], "texture": "#texture"}
			}
		},
		{
			"name": "Box38",
			"from": [-5, 7.25, 4.75],
			"to": [-4.5, 8.25, 5.25],
			"faces": {
				"north": {"uv": [4.5, 7.75, 5, 8.75], "texture": "#texture"},
				"east": {"uv": [10.75, 7.75, 11.25, 8.75], "texture": "#texture"},
				"south": {"uv": [11, 7.75, 11.5, 8.75], "texture": "#texture"},
				"west": {"uv": [4.75, 7.75, 5.25, 8.75], "texture": "#texture"},
				"up": {"uv": [11, 4.75, 11.5, 5.25], "texture": "#texture"},
				"down": {"uv": [11, 10.75, 11.5, 11.25], "texture": "#texture"}
			}
		},
		{
			"name": "Box38",
			"from": [-6, 7.25, 4.75],
			"to": [-5.5, 8.25, 5.25],
			"faces": {
				"north": {"uv": [5.5, 7.75, 6, 8.75], "texture": "#texture"},
				"east": {"uv": [10.75, 7.75, 11.25, 8.75], "texture": "#texture"},
				"south": {"uv": [10, 7.75, 10.5, 8.75], "texture": "#texture"},
				"west": {"uv": [4.75, 7.75, 5.25, 8.75], "texture": "#texture"},
				"up": {"uv": [10, 4.75, 10.5, 5.25], "texture": "#texture"},
				"down": {"uv": [10, 10.75, 10.5, 11.25], "texture": "#texture"}
			}
		},
		{
			"name": "Box38",
			"from": [-7, 7.25, 4.75],
			"to": [-6.5, 8.25, 5.25],
			"faces": {
				"north": {"uv": [6.5, 7.75, 7, 8.75], "texture": "#texture"},
				"east": {"uv": [10.75, 7.75, 11.25, 8.75], "texture": "#texture"},
				"south": {"uv": [9, 7.75, 9.5, 8.75], "texture": "#texture"},
				"west": {"uv": [4.75, 7.75, 5.25, 8.75], "texture": "#texture"},
				"up": {"uv": [9, 4.75, 9.5, 5.25], "texture": "#texture"},
				"down": {"uv": [9, 10.75, 9.5, 11.25], "texture": "#texture"}
			}
		},
		{
			"name": "Box38",
			"from": [-8, 7.25, 4.75],
			"to": [-7.5, 8.25, 5.25],
			"faces": {
				"north": {"uv": [7.5, 7.75, 8, 8.75], "texture": "#texture"},
				"east": {"uv": [10.75, 7.75, 11.25, 8.75], "texture": "#texture"},
				"south": {"uv": [8, 7.75, 8.5, 8.75], "texture": "#texture"},
				"west": {"uv": [4.75, 7.75, 5.25, 8.75], "texture": "#texture"},
				"up": {"uv": [8, 4.75, 8.5, 5.25], "texture": "#texture"},
				"down": {"uv": [8, 10.75, 8.5, 11.25], "texture": "#texture"}
			}
		},
		{
			"name": "Box38",
			"from": [-9, 7.25, 4.75],
			"to": [-8.5, 8.25, 5.25],
			"faces": {
				"north": {"uv": [8.5, 7.75, 9, 8.75], "texture": "#texture"},
				"east": {"uv": [10.75, 7.75, 11.25, 8.75], "texture": "#texture"},
				"south": {"uv": [7, 7.75, 7.5, 8.75], "texture": "#texture"},
				"west": {"uv": [4.75, 7.75, 5.25, 8.75], "texture": "#texture"},
				"up": {"uv": [7, 4.75, 7.5, 5.25], "texture": "#texture"},
				"down": {"uv": [7, 10.75, 7.5, 11.25], "texture": "#texture"}
			}
		},
		{
			"name": "Box38",
			"from": [-10, 7.25, 4.75],
			"to": [-9.5, 8.25, 5.25],
			"faces": {
				"north": {"uv": [9.5, 7.75, 10, 8.75], "texture": "#texture"},
				"east": {"uv": [10.75, 7.75, 11.25, 8.75], "texture": "#texture"},
				"south": {"uv": [6, 7.75, 6.5, 8.75], "texture": "#texture"},
				"west": {"uv": [4.75, 7.75, 5.25, 8.75], "texture": "#texture"},
				"up": {"uv": [6, 4.75, 6.5, 5.25], "texture": "#texture"},
				"down": {"uv": [6, 10.75, 6.5, 11.25], "texture": "#texture"}
			}
		},
		{
			"name": "Box56",
			"from": [-3.5, 10, 5.5],
			"to": [-1, 11, 6],
			"faces": {
				"north": {"uv": [1, 5, 3.5, 6], "texture": "#texture"},
				"east": {"uv": [10, 5, 10.5, 6], "texture": "#texture"},
				"south": {"uv": [12.5, 5, 15, 6], "texture": "#texture"},
				"west": {"uv": [5.5, 5, 6, 6], "texture": "#texture"},
				"up": {"uv": [12.5, 5.5, 15, 6], "texture": "#texture"},
				"down": {"uv": [12.5, 10, 15, 10.5], "texture": "#texture"}
			}
		},
		{
			"name": "Box56",
			"from": [-3.5, 10, 8],
			"to": [-1, 11, 8.5],
			"faces": {
				"north": {"uv": [1, 5, 3.5, 6], "texture": "#texture"},
				"east": {"uv": [7.5, 5, 8, 6], "texture": "#texture"},
				"south": {"uv": [12.5, 5, 15, 6], "texture": "#texture"},
				"west": {"uv": [8, 5, 8.5, 6], "texture": "#texture"},
				"up": {"uv": [12.5, 8, 15, 8.5], "texture": "#texture"},
				"down": {"uv": [12.5, 7.5, 15, 8], "texture": "#texture"}
			}
		},
		{
			"name": "Box58",
			"from": [-5, 10, 5.5],
			"to": [-3.5, 10.5, 6],
			"faces": {
				"north": {"uv": [3.5, 5.5, 5, 6], "texture": "#texture"},
				"east": {"uv": [10, 5.5, 10.5, 6], "texture": "#texture"},
				"south": {"uv": [11, 5.5, 12.5, 6], "texture": "#texture"},
				"west": {"uv": [5.5, 5.5, 6, 6], "texture": "#texture"},
				"up": {"uv": [11, 5.5, 12.5, 6], "texture": "#texture"},
				"down": {"uv": [11, 10, 12.5, 10.5], "texture": "#texture"}
			}
		},
		{
			"name": "Box58",
			"from": [-5, 10, 8],
			"to": [-3.5, 10.5, 8.5],
			"faces": {
				"north": {"uv": [3.5, 5.5, 5, 6], "texture": "#texture"},
				"east": {"uv": [7.5, 5.5, 8, 6], "texture": "#texture"},
				"south": {"uv": [11, 5.5, 12.5, 6], "texture": "#texture"},
				"west": {"uv": [8, 5.5, 8.5, 6], "texture": "#texture"},
				"up": {"uv": [11, 8, 12.5, 8.5], "texture": "#texture"},
				"down": {"uv": [11, 7.5, 12.5, 8], "texture": "#texture"}
			}
		},
		{
			"name": "Box60",
			"from": [-15.375, 7.75, 7.25],
			"to": [-13.375, 8.25, 7.75],
			"faces": {
				"north": {"uv": [13.375, 7.75, 15.375, 8.25], "texture": "#texture2"},
				"east": {"uv": [8.25, 7.75, 8.75, 8.25], "texture": "#texture2"},
				"south": {"uv": [0.625, 7.75, 2.625, 8.25], "texture": "#texture2"},
				"west": {"uv": [7.25, 7.75, 7.75, 8.25], "texture": "#texture2"},
				"up": {"uv": [0.625, 7.25, 2.625, 7.75], "texture": "#texture2"},
				"down": {"uv": [0.625, 8.25, 2.625, 8.75], "texture": "#texture2"}
			}
		},
		{
			"name": "Box61",
			"from": [-15.375, 8.25, 7.25],
			"to": [-14.875, 8.75, 7.75],
			"faces": {
				"north": {"uv": [14.875, 7.25, 15.375, 7.75], "texture": "#texture2"},
				"east": {"uv": [8.25, 7.25, 8.75, 7.75], "texture": "#texture2"},
				"south": {"uv": [0.625, 7.25, 1.125, 7.75], "texture": "#texture2"},
				"west": {"uv": [7.25, 7.25, 7.75, 7.75], "texture": "#texture2"},
				"up": {"uv": [0.625, 7.25, 1.125, 7.75], "texture": "#texture2"},
				"down": {"uv": [0.625, 8.25, 1.125, 8.75], "texture": "#texture2"}
			}
		},
		{
			"name": "Box61",
			"from": [-13.875, 8.25, 7.25],
			"to": [-13.375, 8.75, 7.75],
			"faces": {
				"north": {"uv": [13.375, 7.25, 13.875, 7.75], "texture": "#texture2"},
				"east": {"uv": [8.25, 7.25, 8.75, 7.75], "texture": "#texture2"},
				"south": {"uv": [2.125, 7.25, 2.625, 7.75], "texture": "#texture2"},
				"west": {"uv": [7.25, 7.25, 7.75, 7.75], "texture": "#texture2"},
				"up": {"uv": [2.125, 7.25, 2.625, 7.75], "texture": "#texture2"},
				"down": {"uv": [2.125, 8.25, 2.625, 8.75], "texture": "#texture2"}
			}
		},
		{
			"name": "Box60",
			"from": [-15.375, 7.75, 6.25],
			"to": [-13.375, 8.25, 6.75],
			"faces": {
				"north": {"uv": [13.375, 7.75, 15.375, 8.25], "texture": "#texture2"},
				"east": {"uv": [9.25, 7.75, 9.75, 8.25], "texture": "#texture2"},
				"south": {"uv": [0.625, 7.75, 2.625, 8.25], "texture": "#texture2"},
				"west": {"uv": [6.25, 7.75, 6.75, 8.25], "texture": "#texture2"},
				"up": {"uv": [0.625, 6.25, 2.625, 6.75], "texture": "#texture2"},
				"down": {"uv": [0.625, 9.25, 2.625, 9.75], "texture": "#texture2"}
			}
		},
		{
			"name": "Box61",
			"from": [-13.875, 8.25, 6.25],
			"to": [-13.375, 8.75, 6.75],
			"faces": {
				"north": {"uv": [13.375, 7.25, 13.875, 7.75], "texture": "#texture2"},
				"east": {"uv": [9.25, 7.25, 9.75, 7.75], "texture": "#texture2"},
				"south": {"uv": [2.125, 7.25, 2.625, 7.75], "texture": "#texture2"},
				"west": {"uv": [6.25, 7.25, 6.75, 7.75], "texture": "#texture2"},
				"up": {"uv": [2.125, 6.25, 2.625, 6.75], "texture": "#texture2"},
				"down": {"uv": [2.125, 9.25, 2.625, 9.75], "texture": "#texture2"}
			}
		},
		{
			"name": "Box61",
			"from": [-15.375, 8.25, 6.25],
			"to": [-14.875, 8.75, 6.75],
			"faces": {
				"north": {"uv": [14.875, 7.25, 15.375, 7.75], "texture": "#texture2"},
				"east": {"uv": [9.25, 7.25, 9.75, 7.75], "texture": "#texture2"},
				"south": {"uv": [0.625, 7.25, 1.125, 7.75], "texture": "#texture2"},
				"west": {"uv": [6.25, 7.25, 6.75, 7.75], "texture": "#texture2"},
				"up": {"uv": [0.625, 6.25, 1.125, 6.75], "texture": "#texture2"},
				"down": {"uv": [0.625, 9.25, 1.125, 9.75], "texture": "#texture2"}
			}
		},
		{
			"name": "Box61",
			"from": [-13.875, 7.75, 6.75],
			"to": [-13.375, 8.25, 7.25],
			"faces": {
				"north": {"uv": [13.375, 7.75, 13.875, 8.25], "texture": "#texture2"},
				"east": {"uv": [8.75, 7.75, 9.25, 8.25], "texture": "#texture2"},
				"south": {"uv": [2.125, 7.75, 2.625, 8.25], "texture": "#texture2"},
				"west": {"uv": [6.75, 7.75, 7.25, 8.25], "texture": "#texture2"},
				"up": {"uv": [2.125, 6.75, 2.625, 7.25], "texture": "#texture2"},
				"down": {"uv": [2.125, 8.75, 2.625, 9.25], "texture": "#texture2"}
			}
		},
		{
			"name": "Box61",
			"from": [-15.375, 7.75, 6.75],
			"to": [-14.875, 8.25, 7.25],
			"faces": {
				"north": {"uv": [14.875, 7.75, 15.375, 8.25], "texture": "#texture2"},
				"east": {"uv": [8.75, 7.75, 9.25, 8.25], "texture": "#texture2"},
				"south": {"uv": [0.625, 7.75, 1.125, 8.25], "texture": "#texture2"},
				"west": {"uv": [6.75, 7.75, 7.25, 8.25], "texture": "#texture2"},
				"up": {"uv": [0.625, 6.75, 1.125, 7.25], "texture": "#texture2"},
				"down": {"uv": [0.625, 8.75, 1.125, 9.25], "texture": "#texture2"}
			}
		},
		{
			"name": "Box60",
			"from": [-15.375, 8.75, 7.25],
			"to": [-13.375, 9.25, 7.75],
			"faces": {
				"north": {"uv": [13.375, 6.75, 15.375, 7.25], "texture": "#texture2"},
				"east": {"uv": [8.25, 6.75, 8.75, 7.25], "texture": "#texture2"},
				"south": {"uv": [0.625, 6.75, 2.625, 7.25], "texture": "#texture2"},
				"west": {"uv": [7.25, 6.75, 7.75, 7.25], "texture": "#texture2"},
				"up": {"uv": [0.625, 7.25, 2.625, 7.75], "texture": "#texture2"},
				"down": {"uv": [0.625, 8.25, 2.625, 8.75], "texture": "#texture2"}
			}
		},
		{
			"name": "Box60",
			"from": [-15.375, 8.75, 6.25],
			"to": [-13.375, 9.25, 6.75],
			"faces": {
				"north": {"uv": [13.375, 6.75, 15.375, 7.25], "texture": "#texture2"},
				"east": {"uv": [9.25, 6.75, 9.75, 7.25], "texture": "#texture2"},
				"south": {"uv": [0.625, 6.75, 2.625, 7.25], "texture": "#texture2"},
				"west": {"uv": [6.25, 6.75, 6.75, 7.25], "texture": "#texture2"},
				"up": {"uv": [0.625, 6.25, 2.625, 6.75], "texture": "#texture2"},
				"down": {"uv": [0.625, 9.25, 2.625, 9.75], "texture": "#texture2"}
			}
		},
		{
			"name": "Box61",
			"from": [-15.375, 8.75, 6.75],
			"to": [-14.875, 9.25, 7.25],
			"faces": {
				"north": {"uv": [14.875, 6.75, 15.375, 7.25], "texture": "#texture2"},
				"east": {"uv": [8.75, 6.75, 9.25, 7.25], "texture": "#texture2"},
				"south": {"uv": [0.625, 6.75, 1.125, 7.25], "texture": "#texture2"},
				"west": {"uv": [6.75, 6.75, 7.25, 7.25], "texture": "#texture2"},
				"up": {"uv": [0.625, 6.75, 1.125, 7.25], "texture": "#texture2"},
				"down": {"uv": [0.625, 8.75, 1.125, 9.25], "texture": "#texture2"}
			}
		},
		{
			"name": "Box61",
			"from": [-13.875, 8.75, 6.75],
			"to": [-13.375, 9.25, 7.25],
			"faces": {
				"north": {"uv": [13.375, 6.75, 13.875, 7.25], "texture": "#texture2"},
				"east": {"uv": [8.75, 6.75, 9.25, 7.25], "texture": "#texture2"},
				"south": {"uv": [2.125, 6.75, 2.625, 7.25], "texture": "#texture2"},
				"west": {"uv": [6.75, 6.75, 7.25, 7.25], "texture": "#texture2"},
				"up": {"uv": [2.125, 6.75, 2.625, 7.25], "texture": "#texture2"},
				"down": {"uv": [2.125, 8.75, 2.625, 9.25], "texture": "#texture2"}
			}
		},
		{
			"name": "Box72",
			"from": [-1, 6.5, 5],
			"to": [1, 9.5, 9],
			"faces": {
				"north": {"uv": [15, 6.5, 16, 9.5], "texture": "#texture"},
				"east": {"uv": [7, 6.5, 11, 9.5], "texture": "#texture"},
				"south": {"uv": [0, 6.5, 1, 9.5], "texture": "#texture"},
				"west": {"uv": [5, 6.5, 9, 9.5], "texture": "#texture"},
				"up": {"uv": [0, 5, 1, 9], "texture": "#texture"},
				"down": {"uv": [0, 7, 1, 11], "texture": "#texture"}
			}
		},
		{
			"name": "Box73",
			"from": [-1, 9.5, 5.25],
			"to": [1, 11, 8.75],
			"faces": {
				"north": {"uv": [15, 5, 16, 6.5], "texture": "#texture"},
				"east": {"uv": [7.25, 5, 10.75, 6.5], "texture": "#texture"},
				"south": {"uv": [0, 5, 1, 6.5], "texture": "#texture"},
				"west": {"uv": [5.25, 5, 8.75, 6.5], "texture": "#texture"},
				"up": {"uv": [0, 5.25, 1, 8.75], "texture": "#texture"},
				"down": {"uv": [0, 7.25, 1, 10.75], "texture": "#texture"}
			}
		},
		{
			"name": "Box74",
			"from": [-7, 11, 6.5],
			"to": [-6, 12.5, 7.5],
			"faces": {
				"north": {"uv": [6, 3.5, 7, 5], "texture": "#texture1"},
				"east": {"uv": [8.5, 3.5, 9.5, 5], "texture": "#texture1"},
				"south": {"uv": [9, 3.5, 10, 5], "texture": "#texture1"},
				"west": {"uv": [6.5, 3.5, 7.5, 5], "texture": "#texture1"},
				"up": {"uv": [9, 6.5, 10, 7.5], "texture": "#texture1"},
				"down": {"uv": [9, 8.5, 10, 9.5], "texture": "#texture1"}
			}
		},
		{
			"name": "Box75",
			"from": [-7.25, 11.5, 6.25],
			"to": [-5.75, 12, 7.75],
			"faces": {
				"north": {"uv": [5.75, 4, 7.25, 4.5], "texture": "#texture1"},
				"east": {"uv": [8.25, 4, 9.75, 4.5], "texture": "#texture1"},
				"south": {"uv": [8.75, 4, 10.25, 4.5], "texture": "#texture1"},
				"west": {"uv": [6.25, 4, 7.75, 4.5], "texture": "#texture1"},
				"up": {"uv": [8.75, 6.25, 10.25, 7.75], "texture": "#texture1"},
				"down": {"uv": [8.75, 8.25, 10.25, 9.75], "texture": "#texture1"}
			}
		},
		{
			"name": "Box76",
			"from": [-7, 12.5, 6.25],
			"to": [-6, 15, 7.75],
			"faces": {
				"north": {"uv": [6, 1, 7, 3.5], "texture": "#texture1"},
				"east": {"uv": [8.25, 1, 9.75, 3.5], "texture": "#texture1"},
				"south": {"uv": [9, 1, 10, 3.5], "texture": "#texture1"},
				"west": {"uv": [6.25, 1, 7.75, 3.5], "texture": "#texture1"},
				"up": {"uv": [9, 6.25, 10, 7.75], "texture": "#texture1"},
				"down": {"uv": [9, 8.25, 10, 9.75], "texture": "#texture1"}
			}
		},
		{
			"name": "Box77",
			"from": [-7, 15, 6],
			"to": [-6, 16, 6.5],
			"faces": {
				"north": {"uv": [6, 0, 7, 1], "texture": "#texture1"},
				"east": {"uv": [9.5, 0, 10, 1], "texture": "#texture1"},
				"south": {"uv": [9, 0, 10, 1], "texture": "#texture1"},
				"west": {"uv": [6, 0, 6.5, 1], "texture": "#texture1"},
				"up": {"uv": [9, 6, 10, 6.5], "texture": "#texture1"},
				"down": {"uv": [9, 9.5, 10, 10], "texture": "#texture1"}
			}
		},
		{
			"name": "Box77",
			"from": [-7, 15, 7.5],
			"to": [-6, 16, 8],
			"faces": {
				"north": {"uv": [6, 0, 7, 1], "texture": "#texture1"},
				"east": {"uv": [8, 0, 8.5, 1], "texture": "#texture1"},
				"south": {"uv": [9, 0, 10, 1], "texture": "#texture1"},
				"west": {"uv": [7.5, 0, 8, 1], "texture": "#texture1"},
				"up": {"uv": [9, 7.5, 10, 8], "texture": "#texture1"},
				"down": {"uv": [9, 8, 10, 8.5], "texture": "#texture1"}
			}
		},
		{
			"name": "Box79",
			"from": [-6.75, 15, 6.75],
			"to": [-6.25, 15.5, 7.25],
			"faces": {
				"north": {"uv": [6.25, 0.5, 6.75, 1], "texture": "#texture1"},
				"east": {"uv": [8.75, 0.5, 9.25, 1], "texture": "#texture1"},
				"south": {"uv": [9.25, 0.5, 9.75, 1], "texture": "#texture1"},
				"west": {"uv": [6.75, 0.5, 7.25, 1], "texture": "#texture1"},
				"up": {"uv": [9.25, 6.75, 9.75, 7.25], "texture": "#texture1"},
				"down": {"uv": [9.25, 8.75, 9.75, 9.25], "texture": "#texture1"}
			}
		},
		{
			"name": "Box80",
			"from": [-5, 11, 6.25],
			"to": [1, 11.5, 7.75],
			"faces": {
				"north": {"uv": [15, 4.5, 16, 5], "texture": "#texture"},
				"east": {"uv": [8.25, 4.5, 9.75, 5], "texture": "#texture"},
				"south": {"uv": [0, 4.5, 1, 5], "texture": "#texture"},
				"west": {"uv": [6.25, 4.5, 7.75, 5], "texture": "#texture"},
				"up": {"uv": [0, 6.25, 1, 7.75], "texture": "#texture"},
				"down": {"uv": [0, 8.25, 1, 9.75], "texture": "#texture"}
			}
		},
		{
			"name": "Box81",
			"from": [1, 6.5, 5],
			"to": [3, 11, 9],
			"faces": {
				"north": {"uv": [13, 5, 15, 9.5], "texture": "#texture2"},
				"east": {"uv": [7, 5, 11, 9.5], "texture": "#texture2"},
				"south": {"uv": [1, 5, 3, 9.5], "texture": "#texture2"},
				"west": {"uv": [5, 5, 9, 9.5], "texture": "#texture2"},
				"up": {"uv": [1, 5, 3, 9], "texture": "#texture2"},
				"down": {"uv": [1, 7, 3, 11], "texture": "#texture2"}
			}
		},
		{
			"name": "Box81",
			"from": [9.5, 6.5, 5],
			"to": [11, 11, 9],
			"faces": {
				"north": {"uv": [5, 5, 6.5, 9.5], "texture": "#texture2"},
				"east": {"uv": [7, 5, 11, 9.5], "texture": "#texture2"},
				"south": {"uv": [9.5, 5, 11, 9.5], "texture": "#texture2"},
				"west": {"uv": [5, 5, 9, 9.5], "texture": "#texture2"},
				"up": {"uv": [9.5, 5, 11, 9], "texture": "#texture2"},
				"down": {"uv": [9.5, 7, 11, 11], "texture": "#texture2"}
			}
		},
		{
			"name": "Box83",
			"from": [3, 6.5, 5],
			"to": [9.5, 9, 9],
			"faces": {
				"north": {"uv": [6.5, 7, 13, 9.5], "texture": "#texture2"},
				"east": {"uv": [7, 7, 11, 9.5], "texture": "#texture2"},
				"south": {"uv": [3, 7, 9.5, 9.5], "texture": "#texture2"},
				"west": {"uv": [5, 7, 9, 9.5], "texture": "#texture2"},
				"up": {"uv": [3, 5, 9.5, 9], "texture": "#texture2"},
				"down": {"uv": [3, 7, 9.5, 11], "texture": "#texture2"}
			}
		},
		{
			"name": "Box84",
			"from": [3, 10, 5],
			"to": [9.5, 11, 9],
			"faces": {
				"north": {"uv": [6.5, 5, 13, 6], "texture": "#texture2"},
				"east": {"uv": [7, 5, 11, 6], "texture": "#texture2"},
				"south": {"uv": [3, 5, 9.5, 6], "texture": "#texture2"},
				"west": {"uv": [5, 5, 9, 6], "texture": "#texture2"},
				"up": {"uv": [3, 5, 9.5, 9], "texture": "#texture2"},
				"down": {"uv": [3, 7, 9.5, 11], "texture": "#texture2"}
			}
		},
		{
			"name": "Box85",
			"from": [4, 9, 5.5],
			"to": [4.5, 10, 8.5],
			"faces": {
				"north": {"uv": [11.5, 6, 12, 7], "texture": "#texture2"},
				"east": {"uv": [7.5, 6, 10.5, 7], "texture": "#texture2"},
				"south": {"uv": [4, 6, 4.5, 7], "texture": "#texture2"},
				"west": {"uv": [5.5, 6, 8.5, 7], "texture": "#texture2"},
				"up": {"uv": [4, 5.5, 4.5, 8.5], "texture": "#texture2"},
				"down": {"uv": [4, 7.5, 4.5, 10.5], "texture": "#texture2"}
			}
		},
		{
			"name": "Box85",
			"from": [5.5, 9, 5.5],
			"to": [7, 10, 8.5],
			"faces": {
				"north": {"uv": [9, 6, 10.5, 7], "texture": "#texture2"},
				"east": {"uv": [7.5, 6, 10.5, 7], "texture": "#texture2"},
				"south": {"uv": [5.5, 6, 7, 7], "texture": "#texture2"},
				"west": {"uv": [5.5, 6, 8.5, 7], "texture": "#texture2"},
				"up": {"uv": [5.5, 5.5, 7, 8.5], "texture": "#texture2"},
				"down": {"uv": [5.5, 7.5, 7, 10.5], "texture": "#texture2"}
			}
		},
		{
			"name": "Box85",
			"from": [8, 9, 5.5],
			"to": [8.5, 10, 8.5],
			"faces": {
				"north": {"uv": [7.5, 6, 8, 7], "texture": "#texture2"},
				"east": {"uv": [7.5, 6, 10.5, 7], "texture": "#texture2"},
				"south": {"uv": [8, 6, 8.5, 7], "texture": "#texture2"},
				"west": {"uv": [5.5, 6, 8.5, 7], "texture": "#texture2"},
				"up": {"uv": [8, 5.5, 8.5, 8.5], "texture": "#texture2"},
				"down": {"uv": [8, 7.5, 8.5, 10.5], "texture": "#texture2"}
			}
		},
		{
			"name": "Box88",
			"from": [6, 9, 5],
			"to": [7, 10, 5.5],
			"faces": {
				"north": {"uv": [9, 6, 10, 7], "texture": "#texture2"},
				"east": {"uv": [10.5, 6, 11, 7], "texture": "#texture2"},
				"south": {"uv": [6, 6, 7, 7], "texture": "#texture2"},
				"west": {"uv": [5, 6, 5.5, 7], "texture": "#texture2"},
				"up": {"uv": [6, 5, 7, 5.5], "texture": "#texture2"},
				"down": {"uv": [6, 10.5, 7, 11], "texture": "#texture2"}
			}
		},
		{
			"name": "Box88",
			"from": [6, 9, 8.5],
			"to": [7, 10, 9],
			"faces": {
				"north": {"uv": [9, 6, 10, 7], "texture": "#texture2"},
				"east": {"uv": [7, 6, 7.5, 7], "texture": "#texture2"},
				"south": {"uv": [6, 6, 7, 7], "texture": "#texture2"},
				"west": {"uv": [8.5, 6, 9, 7], "texture": "#texture2"},
				"up": {"uv": [6, 8.5, 7, 9], "texture": "#texture2"},
				"down": {"uv": [6, 7, 7, 7.5], "texture": "#texture2"}
			}
		},
		{
			"name": "Box90",
			"from": [7, 9, 5.5],
			"to": [7.5, 9.5, 8.5],
			"faces": {
				"north": {"uv": [8.5, 6.5, 9, 7], "texture": "#texture2"},
				"east": {"uv": [7.5, 6.5, 10.5, 7], "texture": "#texture2"},
				"south": {"uv": [7, 6.5, 7.5, 7], "texture": "#texture2"},
				"west": {"uv": [5.5, 6.5, 8.5, 7], "texture": "#texture2"},
				"up": {"uv": [7, 5.5, 7.5, 8.5], "texture": "#texture2"},
				"down": {"uv": [7, 7.5, 7.5, 10.5], "texture": "#texture2"}
			}
		},
		{
			"name": "Box90",
			"from": [5, 9.5, 6],
			"to": [5.5, 10, 8],
			"faces": {
				"north": {"uv": [10.5, 6, 11, 6.5], "texture": "#texture2"},
				"east": {"uv": [8, 6, 10, 6.5], "texture": "#texture2"},
				"south": {"uv": [5, 6, 5.5, 6.5], "texture": "#texture2"},
				"west": {"uv": [6, 6, 8, 6.5], "texture": "#texture2"},
				"up": {"uv": [5, 6, 5.5, 8], "texture": "#texture2"},
				"down": {"uv": [5, 8, 5.5, 10], "texture": "#texture2"}
			}
		},
		{
			"name": "Box92",
			"from": [3, 11, 5.5],
			"to": [11, 11.5, 8.5],
			"faces": {
				"north": {"uv": [5, 4.5, 13, 5], "texture": "#texture2"},
				"east": {"uv": [7.5, 4.5, 10.5, 5], "texture": "#texture2"},
				"south": {"uv": [3, 4.5, 11, 5], "texture": "#texture2"},
				"west": {"uv": [5.5, 4.5, 8.5, 5], "texture": "#texture2"},
				"up": {"uv": [3, 5.5, 11, 8.5], "texture": "#texture2"},
				"down": {"uv": [3, 7.5, 11, 10.5], "texture": "#texture2"}
			}
		},
		{
			"name": "Box93",
			"from": [4.5, 4.5, 6],
			"to": [7.5, 6.5, 8],
			"faces": {
				"north": {"uv": [8.5, 9.5, 11.5, 11.5], "texture": "#texture3"},
				"east": {"uv": [8, 9.5, 10, 11.5], "texture": "#texture3"},
				"south": {"uv": [4.5, 9.5, 7.5, 11.5], "texture": "#texture3"},
				"west": {"uv": [6, 9.5, 8, 11.5], "texture": "#texture3"},
				"up": {"uv": [4.5, 6, 7.5, 8], "texture": "#texture3"},
				"down": {"uv": [4.5, 8, 7.5, 10], "texture": "#texture3"}
			}
		},
		{
			"name": "Box94",
			"from": [6, 4.5, 5.625],
			"to": [7.5, 6.5, 6.125],
			"faces": {
				"north": {"uv": [8.5, 9.5, 10, 11.5], "texture": "#texture3"},
				"east": {"uv": [9.875, 9.5, 10.375, 11.5], "texture": "#texture3"},
				"south": {"uv": [6, 9.5, 7.5, 11.5], "texture": "#texture3"},
				"west": {"uv": [5.625, 9.5, 6.125, 11.5], "texture": "#texture3"},
				"up": {"uv": [6, 5.625, 7.5, 6.125], "texture": "#texture3"},
				"down": {"uv": [6, 9.875, 7.5, 10.375], "texture": "#texture3"}
			}
		},
		{
			"name": "Box94",
			"from": [6, 4.5, 7.875],
			"to": [7.5, 6.5, 8.375],
			"faces": {
				"north": {"uv": [8.5, 9.5, 10, 11.5], "texture": "#texture3"},
				"east": {"uv": [7.625, 9.5, 8.125, 11.5], "texture": "#texture3"},
				"south": {"uv": [6, 9.5, 7.5, 11.5], "texture": "#texture3"},
				"west": {"uv": [7.875, 9.5, 8.375, 11.5], "texture": "#texture3"},
				"up": {"uv": [6, 7.875, 7.5, 8.375], "texture": "#texture3"},
				"down": {"uv": [6, 7.625, 7.5, 8.125], "texture": "#texture3"}
			}
		},
		{
			"name": "Box96",
			"from": [4.5, 0, 5.5],
			"to": [7.5, 4.5, 8.5],
			"rotation": {"angle": 22.5, "axis": "z", "origin": [4.5, 4.5, 8.5]},
			"faces": {
				"north": {"uv": [10.5, 16, 7.5, 11.5], "texture": "#texture3"},
				"east": {"uv": [1, 11.5, 2, 16], "rotation": 180, "texture": "#texture3"},
				"south": {"uv": [8.5, 16, 5.5, 11.5], "texture": "#texture3"},
				"west": {"uv": [14, 11.5, 15, 16], "rotation": 180, "texture": "#texture3"},
				"up": {"uv": [7.5, 1, 10.5, 2], "texture": "#texture3"},
				"down": {"uv": [7.5, 14, 10.5, 15], "texture": "#texture3"}
			}
		},
		{
			"name": "Box97",
			"from": [2, 4, 6.5],
			"to": [4, 4.5, 7.5],
			"faces": {
				"north": {"uv": [12, 11.5, 14, 12], "texture": "#texture3"},
				"east": {"uv": [8.5, 11.5, 9.5, 12], "texture": "#texture3"},
				"south": {"uv": [2, 11.5, 4, 12], "texture": "#texture3"},
				"west": {"uv": [6.5, 11.5, 7.5, 12], "texture": "#texture3"},
				"up": {"uv": [2, 6.5, 4, 7.5], "texture": "#texture3"},
				"down": {"uv": [2, 8.5, 4, 9.5], "texture": "#texture3"}
			}
		},
		{
			"name": "Box98",
			"from": [4, 4, 6.5],
			"to": [5.5, 4.5, 7.5],
			"rotation": {"angle": 45, "axis": "z", "origin": [4, 4, 6.5]},
			"faces": {
				"north": {"uv": [10.5, 11.5, 12, 12], "texture": "#texture3"},
				"east": {"uv": [1, 11.5, 2, 12], "texture": "#texture3"},
				"south": {"uv": [4, 11.5, 5.5, 12], "texture": "#texture3"},
				"west": {"uv": [14, 11.5, 15, 12], "texture": "#texture3"},
				"up": {"uv": [4, 14, 5.5, 15], "texture": "#texture3"},
				"down": {"uv": [4, 1, 5.5, 2], "texture": "#texture3"}
			}
		},
		{
			"name": "Box99",
			"from": [2, 4, 6.5],
			"to": [2.5, 5, 7.5],
			"rotation": {"angle": 45, "axis": "z", "origin": [2, 4, 6.5]},
			"faces": {
				"north": {"uv": [13.5, 11, 14, 12], "texture": "#texture3"},
				"east": {"uv": [1, 11, 2, 12], "texture": "#texture3"},
				"south": {"uv": [2, 11, 2.5, 12], "texture": "#texture3"},
				"west": {"uv": [14, 11, 15, 12], "texture": "#texture3"},
				"up": {"uv": [2, 14, 2.5, 15], "texture": "#texture3"},
				"down": {"uv": [2, 1, 2.5, 2], "texture": "#texture3"}
			}
		},
		{
			"name": "Box100",
			"from": [1.5, 4.5, 6.5],
			"to": [2, 6.5, 7.5],
			"faces": {
				"north": {"uv": [14, 9.5, 14.5, 11.5], "texture": "#texture3"},
				"east": {"uv": [8.5, 9.5, 9.5, 11.5], "texture": "#texture3"},
				"south": {"uv": [1.5, 9.5, 2, 11.5], "texture": "#texture3"},
				"west": {"uv": [6.5, 9.5, 7.5, 11.5], "texture": "#texture3"},
				"up": {"uv": [1.5, 6.5, 2, 7.5], "texture": "#texture3"},
				"down": {"uv": [1.5, 8.5, 2, 9.5], "texture": "#texture3"}
			}
		},
		{
			"name": "Box99",
			"from": [6, 0, 5.75],
			"to": [9, 1.5, 8.25],
			"faces": {
				"north": {"uv": [7, 14.5, 10, 16], "texture": "#texture3"},
				"east": {"uv": [7.75, 14.5, 10.25, 16], "texture": "#texture3"},
				"south": {"uv": [6, 14.5, 9, 16], "texture": "#texture3"},
				"west": {"uv": [5.75, 14.5, 8.25, 16], "texture": "#texture3"},
				"up": {"uv": [6, 5.75, 9, 8.25], "texture": "#texture3"},
				"down": {"uv": [6, 7.75, 9, 10.25], "texture": "#texture3"}
			}
		},
		{
			"name": "Box100",
			"from": [-9.5, 6, 6.5],
			"to": [-7, 6.5, 7.5],
			"faces": {
				"north": {"uv": [7, 9.5, 9.5, 10], "texture": "#texture"},
				"east": {"uv": [8.5, 9.5, 9.5, 10], "texture": "#texture"},
				"south": {"uv": [6.5, 9.5, 9, 10], "texture": "#texture"},
				"west": {"uv": [6.5, 9.5, 7.5, 10], "texture": "#texture"},
				"up": {"uv": [6.5, 6.5, 9, 7.5], "texture": "#texture"},
				"down": {"uv": [6.5, 8.5, 9, 9.5], "texture": "#texture"}
			}
		},
		{
			"name": "Box101",
			"from": [-7, 6, 6],
			"to": [-0.5, 6.5, 8],
			"faces": {
				"north": {"uv": [0.5, 9.5, 7, 10], "texture": "#texture"},
				"east": {"uv": [8, 9.5, 10, 10], "texture": "#texture"},
				"south": {"uv": [9, 9.5, 15.5, 10], "texture": "#texture"},
				"west": {"uv": [6, 9.5, 8, 10], "texture": "#texture"},
				"up": {"uv": [9, 6, 15.5, 8], "texture": "#texture"},
				"down": {"uv": [9, 8, 15.5, 10], "texture": "#texture"}
			}
		},
		{
			"name": "Box102",
			"from": [11, 5.5, 5.25],
			"to": [19.5, 11.5, 8.75],
			"faces": {
				"north": {"uv": [0, 4.5, 5, 10.5], "texture": "#texture2"},
				"east": {"uv": [7.25, 4.5, 10.75, 10.5], "texture": "#texture2"},
				"south": {"uv": [11, 4.5, 16, 10.5], "texture": "#texture2"},
				"west": {"uv": [5.25, 4.5, 8.75, 10.5], "texture": "#texture2"},
				"up": {"uv": [11, 5.25, 16, 8.75], "texture": "#texture2"},
				"down": {"uv": [11, 7.25, 16, 10.75], "texture": "#texture2"}
			}
		},
		{
			"name": "Box103",
			"from": [12, 5, 5.5],
			"to": [14.5, 5.5, 8.5],
			"faces": {
				"north": {"uv": [1.5, 10.5, 4, 11], "texture": "#texture2"},
				"east": {"uv": [7.5, 10.5, 10.5, 11], "texture": "#texture2"},
				"south": {"uv": [12, 10.5, 14.5, 11], "texture": "#texture2"},
				"west": {"uv": [5.5, 10.5, 8.5, 11], "texture": "#texture2"},
				"up": {"uv": [12, 5.5, 14.5, 8.5], "texture": "#texture2"},
				"down": {"uv": [12, 7.5, 14.5, 10.5], "texture": "#texture2"}
			}
		},
		{
			"name": "Box104",
			"from": [14.5, 4, 5.75],
			"to": [16, 5.5, 8.25],
			"faces": {
				"north": {"uv": [0, 10.5, 1.5, 12], "texture": "#texture2"},
				"east": {"uv": [7.75, 10.5, 10.25, 12], "texture": "#texture2"},
				"south": {"uv": [14.5, 10.5, 16, 12], "texture": "#texture2"},
				"west": {"uv": [5.75, 10.5, 8.25, 12], "texture": "#texture2"},
				"up": {"uv": [14.5, 5.75, 16, 8.25], "texture": "#texture2"},
				"down": {"uv": [14.5, 7.75, 16, 10.25], "texture": "#texture2"}
			}
		},
		{
			"name": "Box105",
			"from": [16, 3.5, 5.75],
			"to": [19.5, 5.5, 8.25],
			"faces": {
				"north": {"uv": [12.5, 10.5, 16, 12.5], "texture": "#texture2"},
				"east": {"uv": [7.75, 10.5, 10.25, 12.5], "texture": "#texture2"},
				"south": {"uv": [0, 10.5, 3.5, 12.5], "texture": "#texture2"},
				"west": {"uv": [5.75, 10.5, 8.25, 12.5], "texture": "#texture2"},
				"up": {"uv": [0, 5.75, 3.5, 8.25], "texture": "#texture2"},
				"down": {"uv": [0, 7.75, 3.5, 10.25], "texture": "#texture2"}
			}
		},
		{
			"name": "Box106",
			"from": [15, 5, 5.5],
			"to": [16, 5.5, 6],
			"faces": {
				"north": {"uv": [0, 10.5, 1, 11], "texture": "#texture2"},
				"east": {"uv": [10, 10.5, 10.5, 11], "texture": "#texture2"},
				"south": {"uv": [15, 10.5, 16, 11], "texture": "#texture2"},
				"west": {"uv": [5.5, 10.5, 6, 11], "texture": "#texture2"},
				"up": {"uv": [15, 5.5, 16, 6], "texture": "#texture2"},
				"down": {"uv": [15, 10, 16, 10.5], "texture": "#texture2"}
			}
		},
		{
			"name": "Box106",
			"from": [15, 5, 8],
			"to": [16, 5.5, 8.5],
			"faces": {
				"north": {"uv": [0, 10.5, 1, 11], "texture": "#texture2"},
				"east": {"uv": [7.5, 10.5, 8, 11], "texture": "#texture2"},
				"south": {"uv": [15, 10.5, 16, 11], "texture": "#texture2"},
				"west": {"uv": [8, 10.5, 8.5, 11], "texture": "#texture2"},
				"up": {"uv": [15, 8, 16, 8.5], "texture": "#texture2"},
				"down": {"uv": [15, 7.5, 16, 8], "texture": "#texture2"}
			}
		},
		{
			"name": "Box108",
			"from": [16, 4.5, 5.5],
			"to": [16.5, 5.5, 6],
			"faces": {
				"north": {"uv": [15.5, 10.5, 16, 11.5], "texture": "#texture2"},
				"east": {"uv": [10, 10.5, 10.5, 11.5], "texture": "#texture2"},
				"south": {"uv": [0, 10.5, 0.5, 11.5], "texture": "#texture2"},
				"west": {"uv": [5.5, 10.5, 6, 11.5], "texture": "#texture2"},
				"up": {"uv": [0, 5.5, 0.5, 6], "texture": "#texture2"},
				"down": {"uv": [0, 10, 0.5, 10.5], "texture": "#texture2"}
			}
		},
		{
			"name": "Box108",
			"from": [16, 4.5, 8],
			"to": [16.5, 5.5, 8.5],
			"faces": {
				"north": {"uv": [15.5, 10.5, 16, 11.5], "texture": "#texture2"},
				"east": {"uv": [7.5, 10.5, 8, 11.5], "texture": "#texture2"},
				"south": {"uv": [0, 10.5, 0.5, 11.5], "texture": "#texture2"},
				"west": {"uv": [8, 10.5, 8.5, 11.5], "texture": "#texture2"},
				"up": {"uv": [0, 8, 0.5, 8.5], "texture": "#texture2"},
				"down": {"uv": [0, 7.5, 0.5, 8], "texture": "#texture2"}
			}
		},
		{
			"name": "Box110",
			"from": [16.5, 4, 5.5],
			"to": [19.5, 5.5, 6],
			"faces": {
				"north": {"uv": [12.5, 10.5, 15.5, 12], "texture": "#texture2"},
				"east": {"uv": [10, 10.5, 10.5, 12], "texture": "#texture2"},
				"south": {"uv": [0.5, 10.5, 3.5, 12], "texture": "#texture2"},
				"west": {"uv": [5.5, 10.5, 6, 12], "texture": "#texture2"},
				"up": {"uv": [0.5, 5.5, 3.5, 6], "texture": "#texture2"},
				"down": {"uv": [0.5, 10, 3.5, 10.5], "texture": "#texture2"}
			}
		},
		{
			"name": "Box110",
			"from": [16.5, 4, 8],
			"to": [19.5, 5.5, 8.5],
			"faces": {
				"north": {"uv": [12.5, 10.5, 15.5, 12], "texture": "#texture2"},
				"east": {"uv": [7.5, 10.5, 8, 12], "texture": "#texture2"},
				"south": {"uv": [0.5, 10.5, 3.5, 12], "texture": "#texture2"},
				"west": {"uv": [8, 10.5, 8.5, 12], "texture": "#texture2"},
				"up": {"uv": [0.5, 8, 3.5, 8.5], "texture": "#texture2"},
				"down": {"uv": [0.5, 7.5, 3.5, 8], "texture": "#texture2"}
			}
		},
		{
			"name": "Box112",
			"from": [15, 0.5, 6.5],
			"to": [18.5, 7.5, 7.5],
			"faces": {
				"north": {"uv": [0, 8.5, 1, 15.5], "texture": "#texture4"},
				"east": {"uv": [8.5, 8.5, 9.5, 15.5], "texture": "#texture4"},
				"south": {"uv": [15, 8.5, 16, 15.5], "texture": "#texture4"},
				"west": {"uv": [6.5, 8.5, 7.5, 15.5], "texture": "#texture4"},
				"up": {"uv": [15, 6.5, 16, 7.5], "texture": "#texture4"},
				"down": {"uv": [15, 8.5, 16, 9.5], "texture": "#texture4"}
			}
		},
		{
			"name": "Box113",
			"from": [15, -0.5, 6.5],
			"to": [18, 0.5, 7.5],
			"faces": {
				"north": {"uv": [0, 15.5, 1, 16], "texture": "#texture4"},
				"east": {"uv": [8.5, 15.5, 9.5, 16], "texture": "#texture4"},
				"south": {"uv": [15, 15.5, 16, 16], "texture": "#texture4"},
				"west": {"uv": [6.5, 15.5, 7.5, 16], "texture": "#texture4"},
				"up": {"uv": [15, 6.5, 16, 7.5], "texture": "#texture4"},
				"down": {"uv": [15, 8.5, 16, 9.5], "texture": "#texture4"}
			}
		},
		{
			"name": "Box114",
			"from": [14, -1.5, 6.5],
			"to": [15, 2.5, 7.5],
			"faces": {
				"north": {"uv": [1, 13.5, 2, 16], "texture": "#texture4"},
				"east": {"uv": [8.5, 13.5, 9.5, 16], "texture": "#texture4"},
				"south": {"uv": [14, 13.5, 15, 16], "texture": "#texture4"},
				"west": {"uv": [6.5, 13.5, 7.5, 16], "texture": "#texture4"},
				"up": {"uv": [14, 6.5, 15, 7.5], "texture": "#texture4"},
				"down": {"uv": [14, 8.5, 15, 9.5], "texture": "#texture4"}
			}
		},
		{
			"name": "Box115",
			"from": [15, -1.5, 6.5],
			"to": [17, -0.5, 7.5],
			"faces": {
				"north": {"uv": [0, 0.5, 1, 1.5], "texture": "#texture4"},
				"east": {"uv": [8.5, 0.5, 9.5, 1.5], "texture": "#texture4"},
				"south": {"uv": [15, 0.5, 16, 1.5], "texture": "#texture4"},
				"west": {"uv": [6.5, 0.5, 7.5, 1.5], "texture": "#texture4"},
				"up": {"uv": [15, 6.5, 16, 7.5], "texture": "#texture4"},
				"down": {"uv": [15, 8.5, 16, 9.5], "texture": "#texture4"}
			}
		},
		{
			"name": "Box116",
			"from": [13, -2.5, 6.5],
			"to": [14, 0.5, 7.5],
			"faces": {
				"north": {"uv": [2, 15.5, 3, 16], "texture": "#texture4"},
				"east": {"uv": [8.5, 15.5, 9.5, 16], "texture": "#texture4"},
				"south": {"uv": [13, 15.5, 14, 16], "texture": "#texture4"},
				"west": {"uv": [6.5, 15.5, 7.5, 16], "texture": "#texture4"},
				"up": {"uv": [13, 6.5, 14, 7.5], "texture": "#texture4"},
				"down": {"uv": [13, 8.5, 14, 9.5], "texture": "#texture4"}
			}
		},
		{
			"name": "Box117",
			"from": [14, -2.5, 6.5],
			"to": [16, -1.5, 7.5],
			"faces": {
				"north": {"uv": [0, 1.5, 2, 2.5], "texture": "#texture4"},
				"east": {"uv": [8.5, 1.5, 9.5, 2.5], "texture": "#texture4"},
				"south": {"uv": [14, 1.5, 16, 2.5], "texture": "#texture4"},
				"west": {"uv": [6.5, 1.5, 7.5, 2.5], "texture": "#texture4"},
				"up": {"uv": [14, 6.5, 16, 7.5], "texture": "#texture4"},
				"down": {"uv": [14, 8.5, 16, 9.5], "texture": "#texture4"}
			}
		},
		{
			"name": "Box118",
			"from": [12.5, -2, 6.5],
			"to": [13, 0, 7.5],
			"faces": {
				"north": {"uv": [3, 0, 3.5, 2], "texture": "#texture4"},
				"east": {"uv": [8.5, 0, 9.5, 2], "texture": "#texture4"},
				"south": {"uv": [12.5, 0, 13, 2], "texture": "#texture4"},
				"west": {"uv": [6.5, 0, 7.5, 2], "texture": "#texture4"},
				"up": {"uv": [12.5, 6.5, 13, 7.5], "texture": "#texture4"},
				"down": {"uv": [12.5, 8.5, 13, 9.5], "texture": "#texture4"}
			}
		},
		{
			"name": "Box121",
			"from": [13, -2, 6],
			"to": [15.5, 0, 8],
			"faces": {
				"north": {"uv": [0.5, 0, 3, 2], "texture": "#texture4"},
				"east": {"uv": [8, 0, 10, 2], "texture": "#texture4"},
				"south": {"uv": [13, 0, 15.5, 2], "texture": "#texture4"},
				"west": {"uv": [6, 0, 8, 2], "texture": "#texture4"},
				"up": {"uv": [13, 6, 15.5, 8], "texture": "#texture4"},
				"down": {"uv": [13, 8, 15.5, 10], "texture": "#texture4"}
			}
		},
		{
			"name": "Box122",
			"from": [15, -1, 6],
			"to": [16.5, 0, 8],
			"faces": {
				"north": {"uv": [0, 0, 1, 1], "texture": "#texture4"},
				"east": {"uv": [8, 0, 10, 1], "texture": "#texture4"},
				"south": {"uv": [15, 0, 16, 1], "texture": "#texture4"},
				"west": {"uv": [6, 0, 8, 1], "texture": "#texture4"},
				"up": {"uv": [15, 6, 16, 8], "texture": "#texture4"},
				"down": {"uv": [15, 8, 16, 10], "texture": "#texture4"}
			}
		},
		{
			"name": "Box123",
			"from": [14.5, 0, 6],
			"to": [17.5, 2, 8],
			"faces": {
				"north": {"uv": [0, 14, 1.5, 16], "texture": "#texture4"},
				"east": {"uv": [8, 14, 10, 16], "texture": "#texture4"},
				"south": {"uv": [14.5, 14, 16, 16], "texture": "#texture4"},
				"west": {"uv": [6, 14, 8, 16], "texture": "#texture4"},
				"up": {"uv": [14.5, 6, 16, 8], "texture": "#texture4"},
				"down": {"uv": [14.5, 8, 16, 10], "texture": "#texture4"}
			}
		},
		{
			"name": "Box124",
			"from": [15.5, 2, 6],
			"to": [18, 5.5, 8],
			"faces": {
				"north": {"uv": [0, 10.5, 0.5, 14], "texture": "#texture4"},
				"east": {"uv": [8, 10.5, 10, 14], "texture": "#texture4"},
				"south": {"uv": [15.5, 10.5, 16, 14], "texture": "#texture4"},
				"west": {"uv": [6, 10.5, 8, 14], "texture": "#texture4"},
				"up": {"uv": [15.5, 6, 16, 8], "texture": "#texture4"},
				"down": {"uv": [15.5, 8, 16, 10], "texture": "#texture4"}
			}
		},
		{
			"name": "Box125",
			"from": [3.375, 5, 6.75],
			"to": [3.875, 7, 7.25],
			"rotation": {"angle": 22.5, "axis": "z", "origin": [3.375, 5, 6.75]},
			"faces": {
				"north": {"uv": [13, 9, 13.5, 11], "texture": "#texture1"},
				"east": {"uv": [1, 9, 2, 11], "texture": "#texture1"},
				"south": {"uv": [2.5, 9, 3, 11], "texture": "#texture1"},
				"west": {"uv": [14, 9, 15, 11], "texture": "#texture1"},
				"up": {"uv": [2.5, 14, 3, 15], "texture": "#texture1"},
				"down": {"uv": [2.5, 1, 3, 2], "texture": "#texture1"}
			}
		},
		{
			"name": "Box126",
			"from": [19.5, 3, 5.25],
			"to": [25, 11.5, 8.75],
			"faces": {
				"north": {"uv": [7, 4.5, 12.5, 13], "texture": "#texture2"},
				"east": {"uv": [7.25, 4.5, 10.75, 13], "texture": "#texture2"},
				"south": {"uv": [3.5, 4.5, 9, 13], "texture": "#texture2"},
				"west": {"uv": [5.25, 4.5, 8.75, 13], "texture": "#texture2"},
				"up": {"uv": [3.5, 5.25, 9, 8.75], "texture": "#texture2"},
				"down": {"uv": [3.5, 7.25, 9, 10.75], "texture": "#texture2"}
			}
		},
		{
			"name": "Box127",
			"from": [25, 6, 5.5],
			"to": [26, 11, 8.5],
			"faces": {
				"north": {"uv": [6, 5, 7, 10], "texture": "#texture2"},
				"east": {"uv": [7.5, 5, 10.5, 10], "texture": "#texture2"},
				"south": {"uv": [9, 5, 10, 10], "texture": "#texture2"},
				"west": {"uv": [5.5, 5, 8.5, 10], "texture": "#texture2"},
				"up": {"uv": [9, 5.5, 10, 8.5], "texture": "#texture2"},
				"down": {"uv": [9, 7.5, 10, 10.5], "texture": "#texture2"}
			}
		},
		{
			"name": "Box128",
			"from": [26, 8.5, 6],
			"to": [26.5, 11, 8],
			"faces": {
				"north": {"uv": [5.5, 5, 6, 7.5], "texture": "#texture2"},
				"east": {"uv": [8, 5, 10, 7.5], "texture": "#texture2"},
				"south": {"uv": [10, 5, 10.5, 7.5], "texture": "#texture2"},
				"west": {"uv": [6, 5, 8, 7.5], "texture": "#texture2"},
				"up": {"uv": [10, 6, 10.5, 8], "texture": "#texture2"},
				"down": {"uv": [10, 8, 10.5, 10], "texture": "#texture2"}
			}
		},
		{
			"name": "Box129",
			"from": [25, 3, 5],
			"to": [26, 6, 9],
			"faces": {
				"north": {"uv": [6, 10, 7, 13], "texture": "#texture3"},
				"east": {"uv": [7, 10, 11, 13], "texture": "#texture3"},
				"south": {"uv": [9, 10, 10, 13], "texture": "#texture3"},
				"west": {"uv": [5, 10, 9, 13], "texture": "#texture3"},
				"up": {"uv": [9, 5, 10, 9], "texture": "#texture3"},
				"down": {"uv": [9, 7, 10, 11], "texture": "#texture3"}
			}
		},
		{
			"name": "Box129",
			"from": [26, 6, 5],
			"to": [27, 8.5, 9],
			"faces": {
				"north": {"uv": [5, 7.5, 6, 10], "texture": "#texture3"},
				"east": {"uv": [7, 7.5, 11, 10], "texture": "#texture3"},
				"south": {"uv": [10, 7.5, 11, 10], "texture": "#texture3"},
				"west": {"uv": [5, 7.5, 9, 10], "texture": "#texture3"},
				"up": {"uv": [10, 5, 11, 9], "texture": "#texture3"},
				"down": {"uv": [10, 7, 11, 11], "texture": "#texture3"}
			}
		},
		{
			"name": "Box129",
			"from": [26.5, 8.5, 5],
			"to": [27.5, 11, 9],
			"faces": {
				"north": {"uv": [4.5, 5, 5.5, 7.5], "texture": "#texture3"},
				"east": {"uv": [7, 5, 11, 7.5], "texture": "#texture3"},
				"south": {"uv": [10.5, 5, 11.5, 7.5], "texture": "#texture3"},
				"west": {"uv": [5, 5, 9, 7.5], "texture": "#texture3"},
				"up": {"uv": [10.5, 5, 11.5, 9], "texture": "#texture3"},
				"down": {"uv": [10.5, 7, 11.5, 11], "texture": "#texture3"}
			}
		},
		{
			"name": "Box132",
			"from": [25, 11, 5],
			"to": [27.5, 11.5, 9],
			"faces": {
				"north": {"uv": [4.5, 4.5, 7, 5], "texture": "#texture3"},
				"east": {"uv": [7, 4.5, 11, 5], "texture": "#texture3"},
				"south": {"uv": [9, 4.5, 11.5, 5], "texture": "#texture3"},
				"west": {"uv": [5, 4.5, 9, 5], "texture": "#texture3"},
				"up": {"uv": [9, 5, 11.5, 9], "texture": "#texture3"},
				"down": {"uv": [9, 7, 11.5, 11], "texture": "#texture3"}
			}
		},
		{
			"name": "Box133",
			"from": [18, 9.125, 8.5],
			"to": [23.5, 11.625, 9],
			"faces": {
				"north": {"uv": [8.5, 4.375, 14, 6.875], "texture": "#texture3"},
				"east": {"uv": [7, 4.375, 7.5, 6.875], "texture": "#texture3"},
				"south": {"uv": [2, 4.375, 7.5, 6.875], "texture": "#texture3"},
				"west": {"uv": [8.5, 4.375, 9, 6.875], "texture": "#texture3"},
				"up": {"uv": [2, 8.5, 7.5, 9], "texture": "#texture3"},
				"down": {"uv": [2, 7, 7.5, 7.5], "texture": "#texture3"}
			}
		},
		{
			"name": "Box133",
			"from": [18, 9.125, 5],
			"to": [23.5, 11.625, 5.5],
			"faces": {
				"north": {"uv": [8.5, 4.375, 14, 6.875], "texture": "#texture3"},
				"east": {"uv": [10.5, 4.375, 11, 6.875], "texture": "#texture3"},
				"south": {"uv": [2, 4.375, 7.5, 6.875], "texture": "#texture3"},
				"west": {"uv": [5, 4.375, 5.5, 6.875], "texture": "#texture3"},
				"up": {"uv": [2, 5, 7.5, 5.5], "texture": "#texture3"},
				"down": {"uv": [2, 10.5, 7.5, 11], "texture": "#texture3"}
			}
		},
		{
			"name": "Box135",
			"from": [18, 11.125, 5.25],
			"to": [23.5, 11.625, 8.75],
			"faces": {
				"north": {"uv": [8.5, 4.375, 14, 4.875], "texture": "#texture3"},
				"east": {"uv": [7.25, 4.375, 10.75, 4.875], "texture": "#texture3"},
				"south": {"uv": [2, 4.375, 7.5, 4.875], "texture": "#texture3"},
				"west": {"uv": [5.25, 4.375, 8.75, 4.875], "texture": "#texture3"},
				"up": {"uv": [2, 5.25, 7.5, 8.75], "texture": "#texture3"},
				"down": {"uv": [2, 7.25, 7.5, 10.75], "texture": "#texture3"}
			}
		},
		{
			"name": "Box136",
			"from": [6.125, 10.125, 5.825],
			"to": [13.325, 10.725, 8.225],
			"faces": {
				"north": {"uv": [2.675, 5.275, 9.875, 5.875], "texture": "#texture"},
				"east": {"uv": [7.775, 5.275, 10.175, 5.875], "texture": "#texture"},
				"south": {"uv": [6.125, 5.275, 13.325, 5.875], "texture": "#texture"},
				"west": {"uv": [5.825, 5.275, 8.225, 5.875], "texture": "#texture"},
				"up": {"uv": [6.125, 5.825, 13.325, 8.225], "texture": "#texture"},
				"down": {"uv": [6.125, 7.775, 13.325, 10.175], "texture": "#texture"}
			}
		},
		{
			"name": "Box137",
			"from": [5.525, 10.725, 6.125],
			"to": [6.725, 11.925, 7.925],
			"faces": {
				"north": {"uv": [9.275, 4.075, 10.475, 5.275], "texture": "#texture1"},
				"east": {"uv": [8.075, 4.075, 9.875, 5.275], "texture": "#texture1"},
				"south": {"uv": [5.525, 4.075, 6.725, 5.275], "texture": "#texture1"},
				"west": {"uv": [6.125, 4.075, 7.925, 5.275], "texture": "#texture1"},
				"up": {"uv": [5.525, 6.125, 6.725, 7.925], "texture": "#texture1"},
				"down": {"uv": [5.525, 8.075, 6.725, 9.875], "texture": "#texture1"}
			}
		},
		{
			"name": "Box138",
			"from": [4.925, 11.325, 6.125],
			"to": [5.525, 12.525, 7.925],
			"faces": {
				"north": {"uv": [10.475, 3.475, 11.075, 4.675], "texture": "#texture1"},
				"east": {"uv": [8.075, 3.475, 9.875, 4.675], "texture": "#texture1"},
				"south": {"uv": [4.925, 3.475, 5.525, 4.675], "texture": "#texture1"},
				"west": {"uv": [6.125, 3.475, 7.925, 4.675], "texture": "#texture1"},
				"up": {"uv": [4.925, 6.125, 5.525, 7.925], "texture": "#texture1"},
				"down": {"uv": [4.925, 8.075, 5.525, 9.875], "texture": "#texture1"}
			}
		},
		{
			"name": "Box139",
			"from": [4.325, 11.925, 6.125],
			"to": [4.925, 13.725, 7.925],
			"faces": {
				"north": {"uv": [11.075, 2.275, 11.675, 4.075], "texture": "#texture1"},
				"east": {"uv": [8.075, 2.275, 9.875, 4.075], "texture": "#texture1"},
				"south": {"uv": [4.325, 2.275, 4.925, 4.075], "texture": "#texture1"},
				"west": {"uv": [6.125, 2.275, 7.925, 4.075], "texture": "#texture1"},
				"up": {"uv": [4.325, 6.125, 4.925, 7.925], "texture": "#texture1"},
				"down": {"uv": [4.325, 8.075, 4.925, 9.875], "texture": "#texture1"}
			}
		},
		{
			"name": "Box145",
			"from": [13.325, 10.125, 6.125],
			"to": [14.525, 14.325, 7.925],
			"faces": {
				"north": {"uv": [1.475, 1.675, 2.675, 5.875], "texture": "#texture1"},
				"east": {"uv": [8.075, 1.675, 9.875, 5.875], "texture": "#texture1"},
				"south": {"uv": [13.325, 1.675, 14.525, 5.875], "texture": "#texture1"},
				"west": {"uv": [6.125, 1.675, 7.925, 5.875], "texture": "#texture1"},
				"up": {"uv": [13.325, 6.125, 14.525, 7.925], "texture": "#texture1"},
				"down": {"uv": [13.325, 8.075, 14.525, 9.875], "texture": "#texture1"}
			}
		},
		{
			"name": "Box146",
			"from": [6.725, 10.725, 6.125],
			"to": [10.925, 11.325, 7.925],
			"faces": {
				"north": {"uv": [5.075, 4.675, 9.275, 5.275], "texture": "#texture"},
				"east": {"uv": [8.075, 4.675, 9.875, 5.275], "texture": "#texture"},
				"south": {"uv": [6.725, 4.675, 10.925, 5.275], "texture": "#texture"},
				"west": {"uv": [6.125, 4.675, 7.925, 5.275], "texture": "#texture"},
				"up": {"uv": [6.725, 6.125, 10.925, 7.925], "texture": "#texture"},
				"down": {"uv": [6.725, 8.075, 10.925, 9.875], "texture": "#texture"}
			}
		},
		{
			"name": "Box147",
			"from": [12.125, 14.325, 5.825],
			"to": [13.325, 16.125, 6.425],
			"faces": {
				"north": {"uv": [2.675, 0, 3.875, 1.675], "texture": "#texture1"},
				"east": {"uv": [9.575, 0, 10.175, 1.675], "texture": "#texture1"},
				"south": {"uv": [12.125, 0, 13.325, 1.675], "texture": "#texture1"},
				"west": {"uv": [5.825, 0, 6.425, 1.675], "texture": "#texture1"},
				"up": {"uv": [12.125, 5.825, 13.325, 6.425], "texture": "#texture1"},
				"down": {"uv": [12.125, 9.575, 13.325, 10.175], "texture": "#texture1"}
			}
		},
		{
			"name": "Box147",
			"from": [12.125, 14.325, 7.625],
			"to": [13.325, 16.125, 8.225],
			"faces": {
				"north": {"uv": [2.675, 0, 3.875, 1.675], "texture": "#texture1"},
				"east": {"uv": [7.775, 0, 8.375, 1.675], "texture": "#texture1"},
				"south": {"uv": [12.125, 0, 13.325, 1.675], "texture": "#texture1"},
				"west": {"uv": [7.625, 0, 8.225, 1.675], "texture": "#texture1"},
				"up": {"uv": [12.125, 7.625, 13.325, 8.225], "texture": "#texture1"},
				"down": {"uv": [12.125, 7.775, 13.325, 8.375], "texture": "#texture1"}
			}
		},
		{
			"name": "Box149",
			"from": [12.25, 16, 6.25],
			"to": [13.25, 16.5, 7.75],
			"faces": {
				"north": {"uv": [2.75, 15.5, 3.75, 16], "texture": "#texture1"},
				"east": {"uv": [8.25, 15.5, 9.75, 16], "texture": "#texture1"},
				"south": {"uv": [12.25, 15.5, 13.25, 16], "texture": "#texture1"},
				"west": {"uv": [6.25, 15.5, 7.75, 16], "texture": "#texture1"},
				"up": {"uv": [12.25, 6.25, 13.25, 7.75], "texture": "#texture1"},
				"down": {"uv": [12.25, 8.25, 13.25, 9.75], "texture": "#texture1"}
			}
		},
		{
			"name": "Box150",
			"from": [4.325, 13.725, 6.125],
			"to": [4.925, 14.325, 7.925],
			"faces": {
				"north": {"uv": [11.075, 1.675, 11.675, 2.275], "texture": "#texture1"},
				"east": {"uv": [8.075, 1.675, 9.875, 2.275], "texture": "#texture1"},
				"south": {"uv": [4.325, 1.675, 4.925, 2.275], "texture": "#texture1"},
				"west": {"uv": [6.125, 1.675, 7.925, 2.275], "texture": "#texture1"},
				"up": {"uv": [4.325, 6.125, 4.925, 7.925], "texture": "#texture1"},
				"down": {"uv": [4.325, 8.075, 4.925, 9.875], "texture": "#texture1"}
			}
		},
		{
			"name": "Box151",
			"from": [4.925, 14.025, 6.125],
			"to": [9.125, 14.625, 7.925],
			"faces": {
				"north": {"uv": [6.875, 1.375, 11.075, 1.975], "texture": "#texture1"},
				"east": {"uv": [8.075, 1.375, 9.875, 1.975], "texture": "#texture1"},
				"south": {"uv": [4.925, 1.375, 9.125, 1.975], "texture": "#texture1"},
				"west": {"uv": [6.125, 1.375, 7.925, 1.975], "texture": "#texture1"},
				"up": {"uv": [4.925, 6.125, 9.125, 7.925], "texture": "#texture1"},
				"down": {"uv": [4.925, 8.075, 9.125, 9.875], "texture": "#texture1"}
			}
		},
		{
			"name": "Box152",
			"from": [7.925, 14.325, 6.125],
			"to": [12.725, 14.925, 7.925],
			"faces": {
				"north": {"uv": [3.275, 1.075, 8.075, 1.675], "texture": "#texture1"},
				"east": {"uv": [8.075, 1.075, 9.875, 1.675], "texture": "#texture1"},
				"south": {"uv": [7.925, 1.075, 12.725, 1.675], "texture": "#texture1"},
				"west": {"uv": [6.125, 1.075, 7.925, 1.675], "texture": "#texture1"},
				"up": {"uv": [7.925, 6.125, 12.725, 7.925], "texture": "#texture1"},
				"down": {"uv": [7.925, 8.075, 12.725, 9.875], "texture": "#texture1"}
			}
		},
		{
			"name": "Box153",
			"from": [3.725, 12.525, 6.425],
			"to": [4.325, 13.725, 7.625],
			"faces": {
				"north": {"uv": [11.675, 2.275, 12.275, 3.475], "texture": "#texture1"},
				"east": {"uv": [8.375, 2.275, 9.575, 3.475], "texture": "#texture1"},
				"south": {"uv": [3.725, 2.275, 4.325, 3.475], "texture": "#texture1"},
				"west": {"uv": [6.425, 2.275, 7.625, 3.475], "texture": "#texture1"},
				"up": {"uv": [3.725, 6.425, 4.325, 7.625], "texture": "#texture1"},
				"down": {"uv": [3.725, 8.375, 4.325, 9.575], "texture": "#texture1"}
			}
		},
		{
			"name": "Box154",
			"from": [4.925, 12.525, 6.425],
			"to": [5.525, 14.325, 7.625],
			"faces": {
				"north": {"uv": [10.475, 1.675, 11.075, 3.475], "texture": "#texture1"},
				"east": {"uv": [8.375, 1.675, 9.575, 3.475], "texture": "#texture1"},
				"south": {"uv": [4.925, 1.675, 5.525, 3.475], "texture": "#texture1"},
				"west": {"uv": [6.425, 1.675, 7.625, 3.475], "texture": "#texture1"},
				"up": {"uv": [4.925, 6.425, 5.525, 7.625], "texture": "#texture1"},
				"down": {"uv": [4.925, 8.375, 5.525, 9.575], "texture": "#texture1"}
			}
		},
		{
			"name": "Box155",
			"from": [5.525, 13.725, 6.425],
			"to": [9.125, 14.325, 7.625],
			"faces": {
				"north": {"uv": [6.875, 1.675, 10.475, 2.275], "texture": "#texture1"},
				"east": {"uv": [8.375, 1.675, 9.575, 2.275], "texture": "#texture1"},
				"south": {"uv": [5.525, 1.675, 9.125, 2.275], "texture": "#texture1"},
				"west": {"uv": [6.425, 1.675, 7.625, 2.275], "texture": "#texture1"},
				"up": {"uv": [5.525, 6.425, 9.125, 7.625], "texture": "#texture1"},
				"down": {"uv": [5.525, 8.375, 9.125, 9.575], "texture": "#texture1"}
			}
		},
		{
			"name": "Box156",
			"from": [9.125, 14.025, 6.425],
			"to": [12.725, 14.625, 7.625],
			"faces": {
				"north": {"uv": [3.275, 1.375, 6.875, 1.975], "texture": "#texture1"},
				"east": {"uv": [8.375, 1.375, 9.575, 1.975], "texture": "#texture1"},
				"south": {"uv": [9.125, 1.375, 12.725, 1.975], "texture": "#texture1"},
				"west": {"uv": [6.425, 1.375, 7.625, 1.975], "texture": "#texture1"},
				"up": {"uv": [9.125, 6.425, 12.725, 7.625], "texture": "#texture1"},
				"down": {"uv": [9.125, 8.375, 12.725, 9.575], "texture": "#texture1"}
			}
		},
		{
			"name": "Box157",
			"from": [12.725, 10.725, 6.425],
			"to": [13.325, 14.325, 7.625],
			"faces": {
				"north": {"uv": [2.675, 1.675, 3.275, 5.275], "texture": "#texture1"},
				"east": {"uv": [8.375, 1.675, 9.575, 5.275], "texture": "#texture1"},
				"south": {"uv": [12.725, 1.675, 13.325, 5.275], "texture": "#texture1"},
				"west": {"uv": [6.425, 1.675, 7.625, 5.275], "texture": "#texture1"},
				"up": {"uv": [12.725, 6.425, 13.325, 7.625], "texture": "#texture1"},
				"down": {"uv": [12.725, 8.375, 13.325, 9.575], "texture": "#texture1"}
			}
		},
		{
			"name": "Box158",
			"from": [5.525, 11.925, 6.425],
			"to": [6.725, 12.525, 7.625],
			"faces": {
				"north": {"uv": [9.275, 3.475, 10.475, 4.075], "texture": "#texture1"},
				"east": {"uv": [8.375, 3.475, 9.575, 4.075], "texture": "#texture1"},
				"south": {"uv": [5.525, 3.475, 6.725, 4.075], "texture": "#texture1"},
				"west": {"uv": [6.425, 3.475, 7.625, 4.075], "texture": "#texture1"},
				"up": {"uv": [5.525, 6.425, 6.725, 7.625], "texture": "#texture1"},
				"down": {"uv": [5.525, 8.375, 6.725, 9.575], "texture": "#texture1"}
			}
		},
		{
			"name": "Box159",
			"from": [6.725, 11.325, 6.425],
			"to": [12.725, 11.825, 7.425],
			"faces": {
				"north": {"uv": [3.275, 4.175, 9.275, 4.675], "texture": "#texture1"},
				"east": {"uv": [8.575, 4.175, 9.575, 4.675], "texture": "#texture1"},
				"south": {"uv": [6.725, 4.175, 12.725, 4.675], "texture": "#texture1"},
				"west": {"uv": [6.425, 4.175, 7.425, 4.675], "texture": "#texture1"},
				"up": {"uv": [6.725, 6.425, 12.725, 7.425], "texture": "#texture1"},
				"down": {"uv": [6.725, 8.575, 12.725, 9.575], "texture": "#texture1"}
			}
		},
		{
			"name": "Box160",
			"from": [10.925, 10.725, 6.425],
			"to": [12.725, 11.325, 7.625],
			"faces": {
				"north": {"uv": [3.275, 4.675, 5.075, 5.275], "texture": "#texture"},
				"east": {"uv": [8.375, 4.675, 9.575, 5.275], "texture": "#texture"},
				"south": {"uv": [10.925, 4.675, 12.725, 5.275], "texture": "#texture"},
				"west": {"uv": [6.425, 4.675, 7.625, 5.275], "texture": "#texture"},
				"up": {"uv": [10.925, 6.425, 12.725, 7.625], "texture": "#texture"},
				"down": {"uv": [10.925, 8.375, 12.725, 9.575], "texture": "#texture"}
			}
		},
		{
			"name": "Box161",
			"from": [14.525, 10.125, 6.425],
			"to": [15.125, 13.725, 7.625],
			"faces": {
				"north": {"uv": [0.875, 2.275, 1.475, 5.875], "texture": "#texture1"},
				"east": {"uv": [8.375, 2.275, 9.575, 5.875], "texture": "#texture1"},
				"south": {"uv": [14.525, 2.275, 15.125, 5.875], "texture": "#texture1"},
				"west": {"uv": [6.425, 2.275, 7.625, 5.875], "texture": "#texture1"},
				"up": {"uv": [14.525, 6.425, 15.125, 7.625], "texture": "#texture1"},
				"down": {"uv": [14.525, 8.375, 15.125, 9.575], "texture": "#texture1"}
			}
		},
		{
			"name": "Box162",
			"from": [7.925, 14.325, 5.825],
			"to": [12.125, 15.525, 6.425],
			"faces": {
				"north": {"uv": [3.875, 0.475, 8.075, 1.675], "texture": "#texture1"},
				"east": {"uv": [9.575, 0.475, 10.175, 1.675], "texture": "#texture1"},
				"south": {"uv": [7.925, 0.475, 12.125, 1.675], "texture": "#texture1"},
				"west": {"uv": [5.825, 0.475, 6.425, 1.675], "texture": "#texture1"},
				"up": {"uv": [7.925, 5.825, 12.125, 6.425], "texture": "#texture1"},
				"down": {"uv": [7.925, 9.575, 12.125, 10.175], "texture": "#texture1"}
			}
		},
		{
			"name": "Box162",
			"from": [7.925, 14.325, 7.625],
			"to": [12.125, 15.525, 8.225],
			"faces": {
				"north": {"uv": [3.875, 0.475, 8.075, 1.675], "texture": "#texture1"},
				"east": {"uv": [7.775, 0.475, 8.375, 1.675], "texture": "#texture1"},
				"south": {"uv": [7.925, 0.475, 12.125, 1.675], "texture": "#texture1"},
				"west": {"uv": [7.625, 0.475, 8.225, 1.675], "texture": "#texture1"},
				"up": {"uv": [7.925, 7.625, 12.125, 8.225], "texture": "#texture1"},
				"down": {"uv": [7.925, 7.775, 12.125, 8.375], "texture": "#texture1"}
			}
		},
		{
			"name": "Box164",
			"from": [4.925, 13.725, 5.825],
			"to": [7.925, 14.925, 6.425],
			"faces": {
				"north": {"uv": [8.075, 1.075, 11.075, 2.275], "texture": "#texture1"},
				"east": {"uv": [9.575, 1.075, 10.175, 2.275], "texture": "#texture1"},
				"south": {"uv": [4.925, 1.075, 7.925, 2.275], "texture": "#texture1"},
				"west": {"uv": [5.825, 1.075, 6.425, 2.275], "texture": "#texture1"},
				"up": {"uv": [4.925, 5.825, 7.925, 6.425], "texture": "#texture1"},
				"down": {"uv": [4.925, 9.575, 7.925, 10.175], "texture": "#texture1"}
			}
		},
		{
			"name": "Box164",
			"from": [4.925, 13.725, 7.625],
			"to": [7.925, 14.925, 8.225],
			"faces": {
				"north": {"uv": [8.075, 1.075, 11.075, 2.275], "texture": "#texture1"},
				"east": {"uv": [7.775, 1.075, 8.375, 2.275], "texture": "#texture1"},
				"south": {"uv": [4.925, 1.075, 7.925, 2.275], "texture": "#texture1"},
				"west": {"uv": [7.625, 1.075, 8.225, 2.275], "texture": "#texture1"},
				"up": {"uv": [4.925, 7.625, 7.925, 8.225], "texture": "#texture1"},
				"down": {"uv": [4.925, 7.775, 7.925, 8.375], "texture": "#texture1"}
			}
		},
		{
			"name": "Box166",
			"from": [4.325, 13.725, 5.825],
			"to": [4.925, 14.925, 6.425],
			"faces": {
				"north": {"uv": [11.075, 1.075, 11.675, 2.275], "texture": "#texture1"},
				"east": {"uv": [9.575, 1.075, 10.175, 2.275], "texture": "#texture1"},
				"south": {"uv": [4.325, 1.075, 4.925, 2.275], "texture": "#texture1"},
				"west": {"uv": [5.825, 1.075, 6.425, 2.275], "texture": "#texture1"},
				"up": {"uv": [4.325, 5.825, 4.925, 6.425], "texture": "#texture1"},
				"down": {"uv": [4.325, 9.575, 4.925, 10.175], "texture": "#texture1"}
			}
		},
		{
			"name": "Box166",
			"from": [4.325, 13.725, 7.625],
			"to": [4.925, 14.925, 8.225],
			"faces": {
				"north": {"uv": [11.075, 1.075, 11.675, 2.275], "texture": "#texture1"},
				"east": {"uv": [7.775, 1.075, 8.375, 2.275], "texture": "#texture1"},
				"south": {"uv": [4.325, 1.075, 4.925, 2.275], "texture": "#texture1"},
				"west": {"uv": [7.625, 1.075, 8.225, 2.275], "texture": "#texture1"},
				"up": {"uv": [4.325, 7.625, 4.925, 8.225], "texture": "#texture1"},
				"down": {"uv": [4.325, 7.775, 4.925, 8.375], "texture": "#texture1"}
			}
		},
		{
			"name": "Box164",
			"from": [-4, 11.5, 6.5],
			"to": [-3.5, 12, 7.5],
			"faces": {
				"north": {"uv": [3.5, 4, 4, 4.5], "texture": "#texture"},
				"east": {"uv": [8.5, 4, 9.5, 4.5], "texture": "#texture"},
				"south": {"uv": [12, 4, 12.5, 4.5], "texture": "#texture"},
				"west": {"uv": [6.5, 4, 7.5, 4.5], "texture": "#texture"},
				"up": {"uv": [12, 6.5, 12.5, 7.5], "texture": "#texture"},
				"down": {"uv": [12, 8.5, 12.5, 9.5], "texture": "#texture"}
			}
		},
		{
			"name": "Box164",
			"from": [-3, 11.5, 6.5],
			"to": [-2.5, 12, 7.5],
			"faces": {
				"north": {"uv": [2.5, 4, 3, 4.5], "texture": "#texture"},
				"east": {"uv": [8.5, 4, 9.5, 4.5], "texture": "#texture"},
				"south": {"uv": [13, 4, 13.5, 4.5], "texture": "#texture"},
				"west": {"uv": [6.5, 4, 7.5, 4.5], "texture": "#texture"},
				"up": {"uv": [13, 6.5, 13.5, 7.5], "texture": "#texture"},
				"down": {"uv": [13, 8.5, 13.5, 9.5], "texture": "#texture"}
			}
		},
		{
			"name": "Box164",
			"from": [-2, 11.5, 6.5],
			"to": [-1.5, 12, 7.5],
			"faces": {
				"north": {"uv": [1.5, 4, 2, 4.5], "texture": "#texture"},
				"east": {"uv": [8.5, 4, 9.5, 4.5], "texture": "#texture"},
				"south": {"uv": [14, 4, 14.5, 4.5], "texture": "#texture"},
				"west": {"uv": [6.5, 4, 7.5, 4.5], "texture": "#texture"},
				"up": {"uv": [14, 6.5, 14.5, 7.5], "texture": "#texture"},
				"down": {"uv": [14, 8.5, 14.5, 9.5], "texture": "#texture"}
			}
		},
		{
			"name": "Box164",
			"from": [-1, 11.5, 6.5],
			"to": [-0.5, 12, 7.5],
			"faces": {
				"north": {"uv": [0.5, 4, 1, 4.5], "texture": "#texture"},
				"east": {"uv": [8.5, 4, 9.5, 4.5], "texture": "#texture"},
				"south": {"uv": [15, 4, 15.5, 4.5], "texture": "#texture"},
				"west": {"uv": [6.5, 4, 7.5, 4.5], "texture": "#texture"},
				"up": {"uv": [15, 6.5, 15.5, 7.5], "texture": "#texture"},
				"down": {"uv": [15, 8.5, 15.5, 9.5], "texture": "#texture"}
			}
		},
		{
			"name": "Box164",
			"from": [0, 11.5, 6.5],
			"to": [0.5, 12, 7.5],
			"faces": {
				"north": {"uv": [15.5, 4, 16, 4.5], "texture": "#texture"},
				"east": {"uv": [8.5, 4, 9.5, 4.5], "texture": "#texture"},
				"south": {"uv": [0, 4, 0.5, 4.5], "texture": "#texture"},
				"west": {"uv": [6.5, 4, 7.5, 4.5], "texture": "#texture"},
				"up": {"uv": [0, 6.5, 0.5, 7.5], "texture": "#texture"},
				"down": {"uv": [0, 8.5, 0.5, 9.5], "texture": "#texture"}
			}
		},
		{
			"name": "Box164",
			"from": [1, 11.5, 6.5],
			"to": [1.5, 12, 7.5],
			"faces": {
				"north": {"uv": [14.5, 4, 15, 4.5], "texture": "#texture"},
				"east": {"uv": [8.5, 4, 9.5, 4.5], "texture": "#texture"},
				"south": {"uv": [1, 4, 1.5, 4.5], "texture": "#texture"},
				"west": {"uv": [6.5, 4, 7.5, 4.5], "texture": "#texture"},
				"up": {"uv": [1, 6.5, 1.5, 7.5], "texture": "#texture"},
				"down": {"uv": [1, 8.5, 1.5, 9.5], "texture": "#texture"}
			}
		},
		{
			"name": "Box164",
			"from": [2, 11.5, 6.5],
			"to": [2.5, 12, 7.5],
			"faces": {
				"north": {"uv": [13.5, 4, 14, 4.5], "texture": "#texture"},
				"east": {"uv": [8.5, 4, 9.5, 4.5], "texture": "#texture"},
				"south": {"uv": [2, 4, 2.5, 4.5], "texture": "#texture"},
				"west": {"uv": [6.5, 4, 7.5, 4.5], "texture": "#texture"},
				"up": {"uv": [2, 6.5, 2.5, 7.5], "texture": "#texture"},
				"down": {"uv": [2, 8.5, 2.5, 9.5], "texture": "#texture"}
			}
		},
		{
			"name": "Box164",
			"from": [-3, 5.5, 6.5],
			"to": [-2.5, 6, 7.5],
			"faces": {
				"north": {"uv": [2.5, 10, 3, 10.5], "texture": "#texture"},
				"east": {"uv": [8.5, 10, 9.5, 10.5], "texture": "#texture"},
				"south": {"uv": [13, 10, 13.5, 10.5], "texture": "#texture"},
				"west": {"uv": [6.5, 10, 7.5, 10.5], "texture": "#texture"},
				"up": {"uv": [13, 6.5, 13.5, 7.5], "texture": "#texture"},
				"down": {"uv": [13, 8.5, 13.5, 9.5], "texture": "#texture"}
			}
		},
		{
			"name": "Box164",
			"from": [-4, 5.5, 6.5],
			"to": [-3.5, 6, 7.5],
			"faces": {
				"north": {"uv": [3.5, 10, 4, 10.5], "texture": "#texture"},
				"east": {"uv": [8.5, 10, 9.5, 10.5], "texture": "#texture"},
				"south": {"uv": [12, 10, 12.5, 10.5], "texture": "#texture"},
				"west": {"uv": [6.5, 10, 7.5, 10.5], "texture": "#texture"},
				"up": {"uv": [12, 6.5, 12.5, 7.5], "texture": "#texture"},
				"down": {"uv": [12, 8.5, 12.5, 9.5], "texture": "#texture"}
			}
		},
		{
			"name": "Box164",
			"from": [-5, 5.5, 6.5],
			"to": [-4.5, 6, 7.5],
			"faces": {
				"north": {"uv": [4.5, 10, 5, 10.5], "texture": "#texture"},
				"east": {"uv": [8.5, 10, 9.5, 10.5], "texture": "#texture"},
				"south": {"uv": [11, 10, 11.5, 10.5], "texture": "#texture"},
				"west": {"uv": [6.5, 10, 7.5, 10.5], "texture": "#texture"},
				"up": {"uv": [11, 6.5, 11.5, 7.5], "texture": "#texture"},
				"down": {"uv": [11, 8.5, 11.5, 9.5], "texture": "#texture"}
			}
		},
		{
			"name": "Box164",
			"from": [-6, 5.5, 6.5],
			"to": [-5.5, 6, 7.5],
			"faces": {
				"north": {"uv": [5.5, 10, 6, 10.5], "texture": "#texture"},
				"east": {"uv": [8.5, 10, 9.5, 10.5], "texture": "#texture"},
				"south": {"uv": [10, 10, 10.5, 10.5], "texture": "#texture"},
				"west": {"uv": [6.5, 10, 7.5, 10.5], "texture": "#texture"},
				"up": {"uv": [10, 6.5, 10.5, 7.5], "texture": "#texture"},
				"down": {"uv": [10, 8.5, 10.5, 9.5], "texture": "#texture"}
			}
		},
		{
			"name": "Box164",
			"from": [-7, 5.5, 6.5],
			"to": [-6.5, 6, 7.5],
			"faces": {
				"north": {"uv": [6.5, 10, 7, 10.5], "texture": "#texture"},
				"east": {"uv": [8.5, 10, 9.5, 10.5], "texture": "#texture"},
				"south": {"uv": [9, 10, 9.5, 10.5], "texture": "#texture"},
				"west": {"uv": [6.5, 10, 7.5, 10.5], "texture": "#texture"},
				"up": {"uv": [9, 6.5, 9.5, 7.5], "texture": "#texture"},
				"down": {"uv": [9, 8.5, 9.5, 9.5], "texture": "#texture"}
			}
		},
		{
			"name": "Box164",
			"from": [-8, 5.5, 6.5],
			"to": [-7.5, 6, 7.5],
			"faces": {
				"north": {"uv": [7.5, 10, 8, 10.5], "texture": "#texture"},
				"east": {"uv": [8.5, 10, 9.5, 10.5], "texture": "#texture"},
				"south": {"uv": [8, 10, 8.5, 10.5], "texture": "#texture"},
				"west": {"uv": [6.5, 10, 7.5, 10.5], "texture": "#texture"},
				"up": {"uv": [8, 6.5, 8.5, 7.5], "texture": "#texture"},
				"down": {"uv": [8, 8.5, 8.5, 9.5], "texture": "#texture"}
			}
		},
		{
			"name": "Box164",
			"from": [-9, 5.5, 6.5],
			"to": [-8.5, 6, 7.5],
			"faces": {
				"north": {"uv": [8.5, 10, 9, 10.5], "texture": "#texture"},
				"east": {"uv": [8.5, 10, 9.5, 10.5], "texture": "#texture"},
				"south": {"uv": [7, 10, 7.5, 10.5], "texture": "#texture"},
				"west": {"uv": [6.5, 10, 7.5, 10.5], "texture": "#texture"},
				"up": {"uv": [7, 6.5, 7.5, 7.5], "texture": "#texture"},
				"down": {"uv": [7, 8.5, 7.5, 9.5], "texture": "#texture"}
			}
		},
		{
			"name": "Box164",
			"from": [-2, 5.5, 6.5],
			"to": [-1.5, 6, 7.5],
			"faces": {
				"north": {"uv": [1.5, 10, 2, 10.5], "texture": "#texture"},
				"east": {"uv": [8.5, 10, 9.5, 10.5], "texture": "#texture"},
				"south": {"uv": [14, 10, 14.5, 10.5], "texture": "#texture"},
				"west": {"uv": [6.5, 10, 7.5, 10.5], "texture": "#texture"},
				"up": {"uv": [14, 6.5, 14.5, 7.5], "texture": "#texture"},
				"down": {"uv": [14, 8.5, 14.5, 9.5], "texture": "#texture"}
			}
		},
		{
			"name": "Box164",
			"from": [-1, 5.5, 6.5],
			"to": [-0.5, 6, 7.5],
			"faces": {
				"north": {"uv": [0.5, 10, 1, 10.5], "texture": "#texture"},
				"east": {"uv": [8.5, 10, 9.5, 10.5], "texture": "#texture"},
				"south": {"uv": [15, 10, 15.5, 10.5], "texture": "#texture"},
				"west": {"uv": [6.5, 10, 7.5, 10.5], "texture": "#texture"},
				"up": {"uv": [15, 6.5, 15.5, 7.5], "texture": "#texture"},
				"down": {"uv": [15, 8.5, 15.5, 9.5], "texture": "#texture"}
			}
		},
		{
			"name": "Box180",
			"from": [11, 8, 5],
			"to": [18, 11, 9],
			"faces": {
				"north": {"uv": [0, 5, 5, 8], "texture": "#texture2"},
				"east": {"uv": [7, 5, 11, 8], "texture": "#texture2"},
				"south": {"uv": [11, 5, 16, 8], "texture": "#texture2"},
				"west": {"uv": [5, 5, 9, 8], "texture": "#texture2"},
				"up": {"uv": [11, 5, 16, 9], "texture": "#texture2"},
				"down": {"uv": [11, 7, 16, 11], "texture": "#texture2"}
			}
		},
		{
			"name": "Box178",
			"from": [11, 7, 5],
			"to": [14.5, 8, 9],
			"faces": {
				"north": {"uv": [1.5, 8, 5, 9], "texture": "#texture2"},
				"east": {"uv": [7, 8, 11, 9], "texture": "#texture2"},
				"south": {"uv": [11, 8, 14.5, 9], "texture": "#texture2"},
				"west": {"uv": [5, 8, 9, 9], "texture": "#texture2"},
				"up": {"uv": [11, 5, 14.5, 9], "texture": "#texture2"},
				"down": {"uv": [11, 7, 14.5, 11], "texture": "#texture2"}
			}
		},
		{
			"name": "Box180",
			"from": [7.5, 5.5, 6],
			"to": [10, 6.5, 8],
			"rotation": {"angle": 22.5, "axis": "z", "origin": [7.5, 5.5, 6]},
			"faces": {
				"north": {"uv": [6.5, 9.5, 8.5, 10.5], "texture": "#texture3"},
				"east": {"uv": [8.5, 9.5, 9.5, 10.5], "texture": "#texture3"},
				"south": {"uv": [7.5, 9.5, 9.5, 10.5], "texture": "#texture3"},
				"west": {"uv": [6.5, 9.5, 7.5, 10.5], "texture": "#texture3"},
				"up": {"uv": [7.5, 6.5, 9.5, 7.5], "texture": "#texture3"},
				"down": {"uv": [7.5, 8.5, 9.5, 9.5], "texture": "#texture3"}
			}
		},
		{
			"name": "Box181",
			"from": [1, 11, 6],
			"to": [3, 11.5, 8],
			"faces": {
				"north": {"uv": [13, 4.5, 15, 5], "texture": "#texture"},
				"east": {"uv": [8, 4.5, 10, 5], "texture": "#texture"},
				"south": {"uv": [1, 4.5, 3, 5], "texture": "#texture"},
				"west": {"uv": [6, 4.5, 8, 5], "texture": "#texture"},
				"up": {"uv": [1, 6, 3, 8], "texture": "#texture"},
				"down": {"uv": [1, 8, 3, 10], "texture": "#texture"}
			}
		}
	],
	"overrides": [
		{"predicate": {"damage": 0, "damaged": 0}, "model": "item/golden_pickaxe"},
		{"predicate": {"damage": 0.0303, "damaged": 0}, "model": "item/alt/scope/l85_aim"},
		{"predicate": {"damage": 0, "damaged": 1}, "model": "item/golden_pickaxe"}
	],
	"display": {
		"thirdperson_righthand": {
			"rotation": [0, -90, 0],
			"translation": [-0.4, 0, 3.4782],
			"scale": [0.5, 0.5, 0.5]
		},
		"thirdperson_lefthand": {
			"rotation": [0, 90, 0],
			"translation": [0.4, 0, 3.4782],
			"scale": [0.5, 0.5, 0.5]
		},
		"firstperson_righthand": {
			"rotation": [0, -90, 0],
			"translation": [-1.391, -0.695, -3.477]
		},
		"firstperson_lefthand": {
			"rotation": [0, 90, 0],
			"translation": [-1.391, -0.695, -3.477]
		},
		"ground": {
			"rotation": [90, 0, 0],
			"scale": [0.4, 0.4, 0.4]
		},
		"gui": {
			"rotation": [13, 34, 0],
			"translation": [0.5, 0, 0],
			"scale": [0.4, 0.4, 0.4]
		},
		"head": {
			"translation": [0, 4.25, 0.75],
			"scale": [0.8, 0.8, 0.8]
		},
		"fixed": {
			"scale": [0.5, 0.5, 0.5]
		}
	}
}