{
	"credit": "Made with Blockbench",
	"texture_size": [32, 32],
	"textures": {
		"1": "item/greensniper"
	},
	"elements": [
		{
			"from": [8, 3.5, -8],
			"to": [9, 4.5, -7],
			"rotation": {"angle": -22.5, "axis": "x", "origin": [0, 0, -7]},
			"faces": {
				"north": {"uv": [7, 2.5, 7.5, 3], "texture": "#1"},
				"east": {"uv": [8, 12.5, 8.5, 13], "texture": "#1"},
				"south": {"uv": [13, 2.5, 13.5, 3], "texture": "#1"},
				"west": {"uv": [13, 3, 13.5, 3.5], "texture": "#1"},
				"up": {"uv": [4, 13.5, 3.5, 13], "texture": "#1"},
				"down": {"uv": [13.5, 3.5, 13, 4], "texture": "#1"}
			}
		},
		{
			"from": [8, 5.5, -8],
			"to": [9, 6.5, -7],
			"rotation": {"angle": -22.5, "axis": "x", "origin": [0, 0, -7]},
			"faces": {
				"north": {"uv": [4, 13, 4.5, 13.5], "texture": "#1"},
				"east": {"uv": [13, 4, 13.5, 4.5], "texture": "#1"},
				"south": {"uv": [13, 5.5, 13.5, 6], "texture": "#1"},
				"west": {"uv": [13, 6, 13.5, 6.5], "texture": "#1"},
				"up": {"uv": [13.5, 7, 13, 6.5], "texture": "#1"},
				"down": {"uv": [7.5, 13, 7, 13.5], "texture": "#1"}
			}
		},
		{
			"from": [7.5, 2, 0],
			"to": [9.5, 6, 1],
			"rotation": {"angle": -22.5, "axis": "x", "origin": [0, 0, -7]},
			"faces": {
				"north": {"uv": [9, 7, 10, 9], "texture": "#1"},
				"east": {"uv": [7, 11, 7.5, 13], "texture": "#1"},
				"south": {"uv": [7.5, 9, 8.5, 11], "texture": "#1"},
				"west": {"uv": [7.5, 11, 8, 13], "texture": "#1"},
				"up": {"uv": [12.5, 5, 11.5, 4.5], "texture": "#1"},
				"down": {"uv": [12.5, 5, 11.5, 5.5], "texture": "#1"}
			}
		},
		{
			"from": [7.5, 4, 3],
			"to": [9.5, 5, 4],
			"rotation": {"angle": -22.5, "axis": "x", "origin": [0, 0, -7]},
			"faces": {
				"north": {"uv": [11, 11.5, 12, 12], "texture": "#1"},
				"east": {"uv": [7.5, 13, 8, 13.5], "texture": "#1"},
				"south": {"uv": [0, 12, 1, 12.5], "texture": "#1"},
				"west": {"uv": [8, 13, 8.5, 13.5], "texture": "#1"},
				"up": {"uv": [2, 12.5, 1, 12], "texture": "#1"},
				"down": {"uv": [4, 12, 3, 12.5], "texture": "#1"}
			}
		},
		{
			"from": [7.5, 2, -9],
			"to": [9.5, 8, -8],
			"rotation": {"angle": -22.5, "axis": "x", "origin": [0, 0, -7]},
			"faces": {
				"north": {"uv": [7.5, 6, 8.5, 9], "texture": "#1"},
				"east": {"uv": [2.5, 10, 3, 13], "texture": "#1"},
				"south": {"uv": [6.5, 8, 7.5, 11], "texture": "#1"},
				"west": {"uv": [10, 8, 10.5, 11], "texture": "#1"},
				"up": {"uv": [13, 3.5, 12, 3], "texture": "#1"},
				"down": {"uv": [13, 3.5, 12, 4], "texture": "#1"}
			}
		},
		{
			"from": [7.5, 3, -7],
			"to": [9.5, 7, 0],
			"rotation": {"angle": -22.5, "axis": "x", "origin": [0, 0, -7]},
			"faces": {
				"north": {"uv": [9, 9, 10, 11], "texture": "#1"},
				"east": {"uv": [3, 3, 6.5, 5], "texture": "#1"},
				"south": {"uv": [4, 9.5, 5, 11.5], "texture": "#1"},
				"west": {"uv": [3, 5, 6.5, 7], "texture": "#1"},
				"up": {"uv": [6.5, 10.5, 5.5, 7], "texture": "#1"},
				"down": {"uv": [8.5, 2.5, 7.5, 6], "texture": "#1"}
			}
		},
		{
			"from": [7.5, 3, 1],
			"to": [9.5, 6, 2],
			"rotation": {"angle": -22.5, "axis": "x", "origin": [0, 0, -7]},
			"faces": {
				"north": {"uv": [10.5, 4, 11.5, 5.5], "texture": "#1"},
				"east": {"uv": [8, 11, 8.5, 12.5], "texture": "#1"},
				"south": {"uv": [5.5, 10.5, 6.5, 12], "texture": "#1"},
				"west": {"uv": [10, 11, 10.5, 12.5], "texture": "#1"},
				"up": {"uv": [13, 4.5, 12, 4], "texture": "#1"},
				"down": {"uv": [6.5, 12, 5.5, 12.5], "texture": "#1"}
			}
		},
		{
			"from": [7.5, 3, 2],
			"to": [9.5, 5, 3],
			"rotation": {"angle": -22.5, "axis": "x", "origin": [0, 0, -7]},
			"faces": {
				"north": {"uv": [9, 11, 10, 12], "texture": "#1"},
				"east": {"uv": [4.5, 11.5, 5, 12.5], "texture": "#1"},
				"south": {"uv": [11, 9.5, 12, 10.5], "texture": "#1"},
				"west": {"uv": [12, 5.5, 12.5, 6.5], "texture": "#1"},
				"up": {"uv": [13, 8.5, 12, 8], "texture": "#1"},
				"down": {"uv": [13, 8.5, 12, 9], "texture": "#1"}
			}
		},
		{
			"from": [7.5, 7, -2],
			"to": [9.5, 8, -1],
			"shade": false,
			"rotation": {"angle": -22.5, "axis": "x", "origin": [0, 0, -7]},
			"faces": {
				"north": {"uv": [9, 12, 10, 12.5], "texture": "#1"},
				"east": {"uv": [13, 8, 13.5, 8.5], "texture": "#1"},
				"south": {"uv": [12, 9.5, 13, 10], "texture": "#1"},
				"west": {"uv": [8.5, 13, 9, 13.5], "texture": "#1"},
				"up": {"uv": [13, 10.5, 12, 10], "texture": "#1"},
				"down": {"uv": [11.5, 12, 10.5, 12.5], "texture": "#1"}
			}
		},
		{
			"from": [7.5, 9.5, 2],
			"to": [8, 10.5, 4],
			"rotation": {"angle": 0, "axis": "y", "origin": [0, 0, -7]},
			"faces": {
				"north": {"uv": [13, 8.5, 13.5, 9], "texture": "#1"},
				"east": {"uv": [11.5, 12, 12.5, 12.5], "texture": "#1"},
				"south": {"uv": [9, 13, 9.5, 13.5], "texture": "#1"},
				"west": {"uv": [12, 11.5, 13, 12], "texture": "#1"},
				"up": {"uv": [0.5, 13.5, 0, 12.5], "texture": "#1"},
				"down": {"uv": [1, 12.5, 0.5, 13.5], "texture": "#1"}
			}
		},
		{
			"from": [9, 9.5, 2],
			"to": [9.5, 10.5, 5],
			"rotation": {"angle": 0, "axis": "y", "origin": [0, 0, -7]},
			"faces": {
				"north": {"uv": [13, 9, 13.5, 9.5], "texture": "#1"},
				"east": {"uv": [11.5, 2, 13, 2.5], "texture": "#1"},
				"south": {"uv": [9.5, 13, 10, 13.5], "texture": "#1"},
				"west": {"uv": [11.5, 2.5, 13, 3], "texture": "#1"},
				"up": {"uv": [12, 4.5, 11.5, 3], "texture": "#1"},
				"down": {"uv": [4.5, 11.5, 4, 13], "texture": "#1"}
			}
		},
		{
			"from": [7.5, 9.5, 5],
			"to": [9.5, 10.5, 15],
			"rotation": {"angle": 0, "axis": "y", "origin": [0, 0, -7]},
			"faces": {
				"north": {"uv": [1, 12.5, 2, 13], "texture": "#1"},
				"east": {"uv": [9, 1, 14, 1.5], "texture": "#1"},
				"south": {"uv": [3, 12.5, 4, 13], "texture": "#1"},
				"west": {"uv": [9, 1.5, 14, 2], "texture": "#1"},
				"up": {"uv": [7.5, 8, 6.5, 3], "texture": "#1"},
				"down": {"uv": [4, 7, 3, 12], "texture": "#1"}
			}
		},
		{
			"from": [7.5, 6.5, 15],
			"to": [9.5, 7.5, 19],
			"rotation": {"angle": 0, "axis": "y", "origin": [0, 0, -7]},
			"faces": {
				"north": {"uv": [12.5, 4.5, 13.5, 5], "texture": "#1"},
				"east": {"uv": [11, 10.5, 13, 11], "texture": "#1"},
				"south": {"uv": [12.5, 5, 13.5, 5.5], "texture": "#1"},
				"west": {"uv": [11, 11, 13, 11.5], "texture": "#1"},
				"up": {"uv": [1, 12, 0, 10], "texture": "#1"},
				"down": {"uv": [2, 10, 1, 12], "texture": "#1"}
			}
		},
		{
			"from": [7, 7.5, 15],
			"to": [10, 9.5, 20],
			"rotation": {"angle": 0, "axis": "y", "origin": [0, 0, -7]},
			"faces": {
				"north": {"uv": [10.5, 5.5, 12, 6.5], "texture": "#1"},
				"east": {"uv": [9, 2, 11.5, 3], "texture": "#1"},
				"south": {"uv": [10.5, 8, 12, 9], "texture": "#1"},
				"west": {"uv": [9, 3, 11.5, 4], "texture": "#1"},
				"up": {"uv": [8.5, 2.5, 7, 0], "texture": "#1"},
				"down": {"uv": [5.5, 7, 4, 9.5], "texture": "#1"}
			}
		},
		{
			"from": [7, 6.5, 1],
			"to": [10, 9.5, 15],
			"rotation": {"angle": 0, "axis": "y", "origin": [0, 0, -7]},
			"faces": {
				"north": {"uv": [9, 4, 10.5, 5.5], "texture": "#1"},
				"east": {"uv": [0, 0, 7, 1.5], "texture": "#1"},
				"south": {"uv": [9, 5.5, 10.5, 7], "texture": "#1"},
				"west": {"uv": [0, 1.5, 7, 3], "texture": "#1"},
				"up": {"uv": [1.5, 10, 0, 3], "texture": "#1"},
				"down": {"uv": [3, 3, 1.5, 10], "texture": "#1"}
			}
		},
		{
			"from": [8, 9.5, 15],
			"to": [9, 10.5, 20],
			"rotation": {"angle": 0, "axis": "y", "origin": [0, 0, -7]},
			"faces": {
				"north": {"uv": [13, 9.5, 13.5, 10], "texture": "#1"},
				"east": {"uv": [10.5, 6.5, 13, 7], "texture": "#1"},
				"south": {"uv": [10, 13, 10.5, 13.5], "texture": "#1"},
				"west": {"uv": [10.5, 9, 13, 9.5], "texture": "#1"},
				"up": {"uv": [11, 12, 10.5, 9.5], "texture": "#1"},
				"down": {"uv": [7, 11, 6.5, 13.5], "texture": "#1"}
			}
		},
		{
			"from": [8, 1, 4],
			"to": [9, 3, 4.5],
			"rotation": {"angle": -22.5, "axis": "x", "origin": [0, 0, -7]},
			"faces": {
				"north": {"uv": [4.5, 12.5, 5, 13.5], "texture": "#1"},
				"east": {"uv": [5.5, 12.5, 6, 13.5], "texture": "#1"},
				"south": {"uv": [12.5, 5.5, 13, 6.5], "texture": "#1"},
				"west": {"uv": [6, 12.5, 6.5, 13.5], "texture": "#1"},
				"up": {"uv": [13.5, 10.5, 13, 10], "texture": "#1"},
				"down": {"uv": [11, 13, 10.5, 13.5], "texture": "#1"}
			}
		},
		{
			"from": [4, 13, 12],
			"to": [4.25, 14, 12.5],
			"rotation": {"angle": -22.5, "axis": "z", "origin": [0, 0, 0]},
			"faces": {
				"north": {"uv": [0, 0, 0.125, 0.5], "texture": "#1"},
				"east": {"uv": [0, 0, 0.25, 0.5], "texture": "#1"},
				"south": {"uv": [0, 0, 0.125, 0.5], "texture": "#1"},
				"west": {"uv": [0, 0, 0.25, 0.5], "texture": "#1"},
				"up": {"uv": [0, 0, 0.125, 0.25], "texture": "#1"},
				"down": {"uv": [0, 0, 0.125, 0.25], "texture": "#1"}
			}
		},
		{
			"from": [8.5, 10.75, 25],
			"to": [8.75, 11, 25.5],
			"faces": {
				"north": {"uv": [8, 14, 8.125, 14.5], "texture": "#1"},
				"east": {"uv": [6.5, 13.5, 7, 14], "texture": "#1"},
				"south": {"uv": [7, 14.5, 7.125, 15], "texture": "#1"},
				"west": {"uv": [6, 13.5, 6.5, 14], "texture": "#1"},
				"up": {"uv": [6.5, 14.5, 6.625, 15], "texture": "#1"},
				"down": {"uv": [6, 14.5, 6.125, 15], "texture": "#1"}
			}
		},
		{
			"from": [8.5, 10, 25],
			"to": [8.75, 10.75, 25.5],
			"faces": {
				"north": {"uv": [8.5, 11, 8.625, 11.5], "texture": "#1"},
				"east": {"uv": [5, 12.5, 5.5, 13], "texture": "#1"},
				"south": {"uv": [5.5, 13, 5.625, 13.5], "texture": "#1"},
				"west": {"uv": [4.5, 12.5, 5, 13], "texture": "#1"},
				"up": {"uv": [6, 12.5, 6.125, 13], "texture": "#1"},
				"down": {"uv": [4.5, 13, 4.625, 13.5], "texture": "#1"}
			}
		},
		{
			"from": [11.5, 6.5, 12],
			"to": [11.75, 7.5, 12.5],
			"rotation": {"angle": 22.5, "axis": "z", "origin": [0, 0, 0]},
			"faces": {
				"north": {"uv": [0, 0, 0.125, 0.5], "texture": "#1"},
				"east": {"uv": [0, 0, 0.25, 0.5], "texture": "#1"},
				"south": {"uv": [0, 0, 0.125, 0.5], "texture": "#1"},
				"west": {"uv": [0, 0, 0.25, 0.5], "texture": "#1"},
				"up": {"uv": [0, 0, 0.125, 0.25], "texture": "#1"},
				"down": {"uv": [0, 0, 0.125, 0.25], "texture": "#1"}
			}
		},
		{
			"from": [8, 9, 20],
			"to": [9, 10, 32],
			"faces": {
				"north": {"uv": [13, 10.5, 13.5, 11], "texture": "#1"},
				"east": {"uv": [8.5, 0, 14.5, 0.5], "texture": "#1"},
				"south": {"uv": [11, 13, 11.5, 13.5], "texture": "#1"},
				"west": {"uv": [8.5, 0.5, 14.5, 1], "texture": "#1"},
				"up": {"uv": [9, 7, 8.5, 1], "texture": "#1"},
				"down": {"uv": [9, 7, 8.5, 13], "texture": "#1"}
			}
		},
		{
			"from": [8, 9.5, 1],
			"to": [9, 10.5, 9],
			"rotation": {"angle": 0, "axis": "y", "origin": [0, 0, 4]},
			"faces": {
				"north": {"uv": [13, 11, 13.5, 11.5], "texture": "#1"},
				"east": {"uv": [10, 7, 14, 7.5], "texture": "#1"},
				"south": {"uv": [11.5, 13, 12, 13.5], "texture": "#1"},
				"west": {"uv": [10, 7.5, 14, 8], "texture": "#1"},
				"up": {"uv": [5.5, 13.5, 5, 9.5], "texture": "#1"},
				"down": {"uv": [2.5, 10, 2, 14], "texture": "#1"}
			}
		},
		{
			"from": [7, 9.5, 4],
			"to": [8, 10.5, 5],
			"rotation": {"angle": 0, "axis": "y", "origin": [0, 0, 4]},
			"faces": {
				"north": {"uv": [13, 11.5, 13.5, 12], "texture": "#1"},
				"east": {"uv": [12, 13, 12.5, 13.5], "texture": "#1"},
				"south": {"uv": [12.5, 13, 13, 13.5], "texture": "#1"},
				"west": {"uv": [13, 12.5, 13.5, 13], "texture": "#1"},
				"up": {"uv": [13.5, 13.5, 13, 13], "texture": "#1"},
				"down": {"uv": [0.5, 13.5, 0, 14], "texture": "#1"}
			}
		},
		{
			"from": [10, 1.25, 4],
			"to": [12, 2.25, 5],
			"rotation": {"angle": 45, "axis": "z", "origin": [0, 0, 4]},
			"faces": {
				"north": {"uv": [9, 12.5, 10, 13], "texture": "#1"},
				"east": {"uv": [0.5, 13.5, 1, 14], "texture": "#1"},
				"south": {"uv": [10, 12.5, 11, 13], "texture": "#1"},
				"west": {"uv": [1, 13.5, 1.5, 14], "texture": "#1"},
				"up": {"uv": [12, 13, 11, 12.5], "texture": "#1"},
				"down": {"uv": [13, 12.5, 12, 13], "texture": "#1"}
			}
		},
		{
			"from": [9.9, 1.5, 3],
			"to": [11.4, 2.5, 4],
			"rotation": {"angle": 45, "axis": "z", "origin": [0, 0, 4]},
			"faces": {
				"north": {"uv": [12.5, 12, 13.5, 12.5], "texture": "#1"},
				"east": {"uv": [1.5, 13.5, 2, 14], "texture": "#1"},
				"south": {"uv": [1, 13, 2, 13.5], "texture": "#1"},
				"west": {"uv": [2.5, 13.5, 3, 14], "texture": "#1"},
				"up": {"uv": [14, 2.5, 13, 2], "texture": "#1"},
				"down": {"uv": [3.5, 13, 2.5, 13.5], "texture": "#1"}
			}
		},
		{
			"from": [10.25, 1.25, 3],
			"to": [11.25, 1.5, 4],
			"rotation": {"angle": 45, "axis": "z", "origin": [0, 0, 4]},
			"faces": {
				"north": {"uv": [13.5, 2.5, 14, 3], "texture": "#1"},
				"east": {"uv": [3, 13.5, 3.5, 14], "texture": "#1"},
				"south": {"uv": [13.5, 3, 14, 3.5], "texture": "#1"},
				"west": {"uv": [3.5, 13.5, 4, 14], "texture": "#1"},
				"up": {"uv": [14, 4, 13.5, 3.5], "texture": "#1"},
				"down": {"uv": [4.5, 13.5, 4, 14], "texture": "#1"}
			}
		},
		{
			"from": [10.25, 2.5, 3],
			"to": [11.25, 2.75, 4],
			"rotation": {"angle": 45, "axis": "z", "origin": [0, 0, 4]},
			"faces": {
				"north": {"uv": [13.5, 4, 14, 4.5], "texture": "#1"},
				"east": {"uv": [4.5, 13.5, 5, 14], "texture": "#1"},
				"south": {"uv": [13.5, 4.5, 14, 5], "texture": "#1"},
				"west": {"uv": [5, 13.5, 5.5, 14], "texture": "#1"},
				"up": {"uv": [14, 5.5, 13.5, 5], "texture": "#1"},
				"down": {"uv": [6, 13.5, 5.5, 14], "texture": "#1"}
			}
		}
	],
	"display": {
		"thirdperson_righthand": {
			"rotation": [-23, -180, 0],
			"translation": [0.25, -0.75, -2.5],
			"scale": [0.66, 0.5, 0.5]
		},
		"thirdperson_lefthand": {
			"rotation": [-23, -180, 0],
			"translation": [-0.25, -0.75, -2.5],
			"scale": [0.66, 0.5, 0.5]
		},
		"firstperson_righthand": {
			"rotation": [0, 172, 0],
			"translation": [-0.75, 5, 1.5],
			"scale": [0.5, 0.5, 0.5]
		},
		"firstperson_lefthand": {
			"rotation": [0, 172, 0],
			"translation": [-0.75, 5, 1.5],
			"scale": [0.5, 0.5, 0.5]
		},
		"ground": {
			"rotation": [0, 0, -90],
			"translation": [0, -3.75, 0]
		},
		"gui": {
			"rotation": [-90, 52.5, 90],
			"translation": [-0.5, 0, 0],
			"scale": [0.47, 0.47, 0.47]
		},
		"head": {
			"rotation": [0, -90, 0],
			"translation": [3.5, 0, 0],
			"scale": [0.5, 0.5, 0.68]
		},
		"fixed": {
			"rotation": [0, 91, 0],
			"translation": [0, 0, -0.75],
			"scale": [0.5, 0.5, 0.5]
		}
	},
	"groups": [
		{
			"name": "group",
			"origin": [8, 8, 8],
			"color": 0,
			"children": [
				{
					"name": "stock",
					"origin": [8, 8, 8],
					"color": 0,
					"children": [0, 1, 2, 3, 4, 5, 6, 7, 8]
				},
				{
					"name": "middle",
					"origin": [8, 8, 8],
					"color": 0,
					"children": [9, 10, 11, 12, 13, 14, 15, 16, 17, 18, 19, 20]
				},
				{
					"name": "barrel",
					"origin": [0, 0, 0],
					"color": 0,
					"children": [21]
				},
				{
					"name": "bolt",
					"origin": [8, 8, 8],
					"color": 0,
					"children": [22, 23, 24, 25, 26, 27]
				}
			]
		}
	]
}