{
	"credit": "Made by L33tfox with Blockbench",
	"texture_size": [64, 64],
	"textures": {
		"0": "item/awp",
		"particle": "item/awp"
	},
	"elements": [
		{
			"from": [6.5, 4, 17],
			"to": [10.5, 8, 20],
			"faces": {
				"north": {"uv": [1.5, 1, 2.5, 2], "texture": "#0"},
				"east": {"uv": [1.75, 3, 2.5, 4], "texture": "#0"},
				"south": {"uv": [1.5, 2, 2.5, 3], "texture": "#0"},
				"west": {"uv": [0, 3.25, 0.75, 4.25], "texture": "#0"},
				"up": {"uv": [4.25, 2.25, 3.25, 1.5], "texture": "#0"},
				"down": {"uv": [4.25, 2.25, 3.25, 3], "texture": "#0"}
			}
		},
		{
			"from": [7, 4, 20],
			"to": [10, 8, 20.5],
			"faces": {
				"north": {"uv": [2.25, 4.5, 3, 5.5], "texture": "#0"},
				"east": {"uv": [0.25, 7.25, 0.5, 8.25], "texture": "#0"},
				"south": {"uv": [4.5, 2.5, 5.25, 3.5], "texture": "#0"},
				"west": {"uv": [0.5, 7.25, 0.75, 8.25], "texture": "#0"},
				"up": {"uv": [3.75, 8.25, 3, 8], "texture": "#0"},
				"down": {"uv": [4.5, 8, 3.75, 8.25], "texture": "#0"}
			}
		},
		{
			"from": [7, 4, 9],
			"to": [10, 8, 10],
			"faces": {
				"north": {"uv": [0.75, 3.25, 1.5, 4.25], "texture": "#0"},
				"east": {"uv": [2.75, 6.75, 3, 7.75], "texture": "#0"},
				"south": {"uv": [3.25, 3, 4, 4], "texture": "#0"},
				"west": {"uv": [3, 6.75, 3.25, 7.75], "texture": "#0"},
				"up": {"uv": [5.5, 1, 4.75, 0.75], "texture": "#0"},
				"down": {"uv": [8, 4.75, 7.25, 5], "texture": "#0"}
			}
		},
		{
			"from": [7, 4, 14],
			"to": [10, 8, 15],
			"faces": {
				"north": {"uv": [3.25, 4, 4, 5], "texture": "#0"},
				"east": {"uv": [3.75, 6.75, 4, 7.75], "texture": "#0"},
				"south": {"uv": [0, 4.25, 0.75, 5.25], "texture": "#0"},
				"west": {"uv": [0, 7.25, 0.25, 8.25], "texture": "#0"},
				"up": {"uv": [8.25, 5.25, 7.5, 5], "texture": "#0"},
				"down": {"uv": [8.25, 5.25, 7.5, 5.5], "texture": "#0"}
			}
		},
		{
			"from": [7, 4, 13],
			"to": [10, 7, 14],
			"faces": {
				"north": {"uv": [4.75, 0, 5.5, 0.75], "texture": "#0"},
				"east": {"uv": [1.25, 7.25, 1.5, 8], "texture": "#0"},
				"south": {"uv": [4.75, 4.25, 5.5, 5], "texture": "#0"},
				"west": {"uv": [5.75, 7.25, 6, 8], "texture": "#0"},
				"up": {"uv": [8.25, 7.5, 7.5, 7.25], "texture": "#0"},
				"down": {"uv": [8.25, 7.5, 7.5, 7.75], "texture": "#0"}
			}
		},
		{
			"from": [7, 6, -4],
			"to": [10, 8, 9],
			"faces": {
				"north": {"uv": [0.75, 6, 1.5, 6.5], "texture": "#0"},
				"east": {"uv": [1.5, 0, 4.75, 0.5], "texture": "#0"},
				"south": {"uv": [6, 2.25, 6.75, 2.75], "texture": "#0"},
				"west": {"uv": [1.5, 0.5, 4.75, 1], "texture": "#0"},
				"up": {"uv": [0.75, 3.25, 0, 0], "texture": "#0"},
				"down": {"uv": [1.5, 0, 0.75, 3.25], "texture": "#0"}
			}
		},
		{
			"from": [7.75, 11, 6.5],
			"to": [9.25, 12.5, 9.5],
			"faces": {
				"north": {"uv": [1.75, 7.25, 2.25, 7.75], "texture": "#0"},
				"east": {"uv": [4.5, 6.25, 5.25, 6.75], "texture": "#0"},
				"south": {"uv": [2.25, 7.25, 2.75, 7.75], "texture": "#0"},
				"west": {"uv": [5.25, 6.25, 6, 6.75], "texture": "#0"},
				"up": {"uv": [6.75, 6.5, 6.25, 5.75], "texture": "#0"},
				"down": {"uv": [0.5, 6.5, 0, 7.25], "texture": "#0"}
			}
		},
		{
			"from": [7.5, 11, 2.5],
			"to": [9.5, 12.5, 6.5],
			"faces": {
				"north": {"uv": [0.75, 7.25, 1.25, 7.75], "texture": "#0"},
				"east": {"uv": [5.5, 0, 6.5, 0.5], "texture": "#0"},
				"south": {"uv": [7.25, 1, 7.75, 1.5], "texture": "#0"},
				"west": {"uv": [5.5, 0.5, 6.5, 1], "texture": "#0"},
				"up": {"uv": [4.75, 6.25, 4.25, 5.25], "texture": "#0"},
				"down": {"uv": [2.25, 5.5, 1.75, 6.5], "texture": "#0"}
			}
		},
		{
			"from": [7, 5, 15],
			"to": [10, 8, 17],
			"faces": {
				"north": {"uv": [4.5, 3.5, 5.25, 4.25], "texture": "#0"},
				"east": {"uv": [5.5, 5, 6, 5.75], "texture": "#0"},
				"south": {"uv": [4, 4.5, 4.75, 5.25], "texture": "#0"},
				"west": {"uv": [5.75, 1.5, 6.25, 2.25], "texture": "#0"},
				"up": {"uv": [3.5, 6.25, 2.75, 5.75], "texture": "#0"},
				"down": {"uv": [6.5, 3, 5.75, 3.5], "texture": "#0"}
			}
		},
		{
			"from": [7, 3, 10],
			"to": [10, 4, 12],
			"faces": {
				"north": {"uv": [5, 7.25, 5.75, 7.5], "texture": "#0"},
				"east": {"uv": [0.75, 7.75, 1.25, 8], "texture": "#0"},
				"south": {"uv": [7.25, 5.75, 8, 6], "texture": "#0"},
				"west": {"uv": [5.25, 7.75, 5.75, 8], "texture": "#0"},
				"up": {"uv": [6.5, 4, 5.75, 3.5], "texture": "#0"},
				"down": {"uv": [5.5, 5.75, 4.75, 6.25], "texture": "#0"}
			}
		},
		{
			"from": [7, 4, 10],
			"to": [10, 4.5, 13],
			"faces": {
				"north": {"uv": [7.75, 1.5, 8.5, 1.75], "texture": "#0"},
				"east": {"uv": [7.75, 1.75, 8.5, 2], "texture": "#0"},
				"south": {"uv": [7.75, 2, 8.5, 2.25], "texture": "#0"},
				"west": {"uv": [2.25, 7.75, 3, 8], "texture": "#0"},
				"up": {"uv": [5.5, 5.75, 4.75, 5], "texture": "#0"},
				"down": {"uv": [0.75, 5.25, 0, 6], "texture": "#0"}
			}
		},
		{
			"from": [7, 6.5, 10],
			"to": [10, 7, 13],
			"faces": {
				"north": {"uv": [7.75, 0.75, 8.5, 1], "texture": "#0"},
				"east": {"uv": [7.75, 1, 8.5, 1.25], "texture": "#0"},
				"south": {"uv": [7.75, 1.25, 8.5, 1.5], "texture": "#0"},
				"west": {"uv": [1.5, 7.75, 2.25, 8], "texture": "#0"},
				"up": {"uv": [5.75, 2.25, 5, 1.5], "texture": "#0"},
				"down": {"uv": [3.75, 5, 3, 5.75], "texture": "#0"}
			}
		},
		{
			"from": [7, 7, 10],
			"to": [10, 8, 14],
			"faces": {
				"north": {"uv": [7.5, 5.5, 8.25, 5.75], "texture": "#0"},
				"east": {"uv": [7, 0.5, 8, 0.75], "texture": "#0"},
				"south": {"uv": [6.75, 7.5, 7.5, 7.75], "texture": "#0"},
				"west": {"uv": [7, 4, 8, 4.25], "texture": "#0"},
				"up": {"uv": [1.5, 5.25, 0.75, 4.25], "texture": "#0"},
				"down": {"uv": [5, 1.5, 4.25, 2.5], "texture": "#0"}
			}
		},
		{
			"from": [7.5, 9, 5.5],
			"to": [8, 11, 6.5],
			"faces": {
				"north": {"uv": [2.25, 4, 2.5, 4.5], "texture": "#0"},
				"east": {"uv": [4.25, 2.5, 4.5, 3], "texture": "#0"},
				"south": {"uv": [3.5, 5.75, 3.75, 6.25], "texture": "#0"},
				"west": {"uv": [5, 8.25, 5.25, 8.75], "texture": "#0"},
				"up": {"uv": [8, 9, 7.75, 8.75], "texture": "#0"},
				"down": {"uv": [9, 7.75, 8.75, 8], "texture": "#0"}
			}
		},
		{
			"from": [7.25, 11, 9],
			"to": [7.75, 12.5, 10],
			"faces": {
				"north": {"uv": [7.75, 8.25, 8, 8.75], "texture": "#0"},
				"east": {"uv": [8, 8.25, 8.25, 8.75], "texture": "#0"},
				"south": {"uv": [8.25, 8.25, 8.5, 8.75], "texture": "#0"},
				"west": {"uv": [0, 8.5, 0.25, 9], "texture": "#0"},
				"up": {"uv": [2.25, 9.25, 2, 9], "texture": "#0"},
				"down": {"uv": [9.25, 2, 9, 2.25], "texture": "#0"}
			}
		},
		{
			"from": [7, 11.25, 4],
			"to": [7.5, 12.25, 5],
			"faces": {
				"north": {"uv": [9, 4.5, 9.25, 4.75], "texture": "#0"},
				"east": {"uv": [4.75, 9, 5, 9.25], "texture": "#0"},
				"south": {"uv": [5, 9, 5.25, 9.25], "texture": "#0"},
				"west": {"uv": [9, 5, 9.25, 5.25], "texture": "#0"},
				"up": {"uv": [5.5, 9.25, 5.25, 9], "texture": "#0"},
				"down": {"uv": [9.25, 5.25, 9, 5.5], "texture": "#0"}
			}
		},
		{
			"from": [7, 10.5, -1.5],
			"to": [7.5, 12.5, 0],
			"faces": {
				"north": {"uv": [4.75, 8.5, 5, 9], "texture": "#0"},
				"east": {"uv": [8.5, 5, 8.75, 5.5], "texture": "#0"},
				"south": {"uv": [8.5, 5.75, 8.75, 6.25], "texture": "#0"},
				"west": {"uv": [8.5, 6.25, 8.75, 6.75], "texture": "#0"},
				"up": {"uv": [6.75, 9.25, 6.5, 9], "texture": "#0"},
				"down": {"uv": [9.25, 6.5, 9, 6.75], "texture": "#0"}
			}
		},
		{
			"from": [9.5, 10.5, -1.5],
			"to": [10, 12.5, 0],
			"faces": {
				"north": {"uv": [3, 8.5, 3.25, 9], "texture": "#0"},
				"east": {"uv": [8.5, 3, 8.75, 3.5], "texture": "#0"},
				"south": {"uv": [3.25, 8.5, 3.5, 9], "texture": "#0"},
				"west": {"uv": [3.5, 8.5, 3.75, 9], "texture": "#0"},
				"up": {"uv": [6.5, 9.25, 6.25, 9], "texture": "#0"},
				"down": {"uv": [9.25, 6.25, 9, 6.5], "texture": "#0"}
			}
		},
		{
			"from": [9.5, 11.25, 4],
			"to": [10, 12.25, 5],
			"faces": {
				"north": {"uv": [5.5, 9, 5.75, 9.25], "texture": "#0"},
				"east": {"uv": [9, 5.5, 9.25, 5.75], "texture": "#0"},
				"south": {"uv": [5.75, 9, 6, 9.25], "texture": "#0"},
				"west": {"uv": [9, 5.75, 9.25, 6], "texture": "#0"},
				"up": {"uv": [6.25, 9.25, 6, 9], "texture": "#0"},
				"down": {"uv": [9.25, 6, 9, 6.25], "texture": "#0"}
			}
		},
		{
			"from": [9.25, 11, 9],
			"to": [9.75, 12.5, 10],
			"faces": {
				"north": {"uv": [0.25, 8.5, 0.5, 9], "texture": "#0"},
				"east": {"uv": [0.5, 8.5, 0.75, 9], "texture": "#0"},
				"south": {"uv": [0.75, 8.5, 1, 9], "texture": "#0"},
				"west": {"uv": [8.5, 0.75, 8.75, 1.25], "texture": "#0"},
				"up": {"uv": [2.5, 9.25, 2.25, 9], "texture": "#0"},
				"down": {"uv": [9.25, 2.25, 9, 2.5], "texture": "#0"}
			}
		},
		{
			"from": [7.5, 9, 2.5],
			"to": [8, 11, 3.5],
			"faces": {
				"north": {"uv": [8.25, 5, 8.5, 5.5], "texture": "#0"},
				"east": {"uv": [5.25, 8.25, 5.5, 8.75], "texture": "#0"},
				"south": {"uv": [5.5, 8.25, 5.75, 8.75], "texture": "#0"},
				"west": {"uv": [5.75, 8.25, 6, 8.75], "texture": "#0"},
				"up": {"uv": [8.25, 9, 8, 8.75], "texture": "#0"},
				"down": {"uv": [9, 8, 8.75, 8.25], "texture": "#0"}
			}
		},
		{
			"from": [9, 9, 5.5],
			"to": [9.5, 11, 6.5],
			"faces": {
				"north": {"uv": [7, 8.25, 7.25, 8.75], "texture": "#0"},
				"east": {"uv": [7.25, 8.25, 7.5, 8.75], "texture": "#0"},
				"south": {"uv": [8.25, 7.25, 8.5, 7.75], "texture": "#0"},
				"west": {"uv": [7.5, 8.25, 7.75, 8.75], "texture": "#0"},
				"up": {"uv": [9, 8.75, 8.75, 8.5], "texture": "#0"},
				"down": {"uv": [9, 8.75, 8.75, 9], "texture": "#0"}
			}
		},
		{
			"from": [9, 9, 2.5],
			"to": [9.5, 11, 3.5],
			"faces": {
				"north": {"uv": [6, 8.25, 6.25, 8.75], "texture": "#0"},
				"east": {"uv": [6.25, 8.25, 6.5, 8.75], "texture": "#0"},
				"south": {"uv": [6.5, 8.25, 6.75, 8.75], "texture": "#0"},
				"west": {"uv": [6.75, 8.25, 7, 8.75], "texture": "#0"},
				"up": {"uv": [8.5, 9, 8.25, 8.75], "texture": "#0"},
				"down": {"uv": [9, 8.25, 8.75, 8.5], "texture": "#0"}
			}
		},
		{
			"from": [7.5, 5, 3],
			"to": [9.5, 6, 6],
			"faces": {
				"north": {"uv": [8, 6, 8.5, 6.25], "texture": "#0"},
				"east": {"uv": [7.5, 0, 8.25, 0.25], "texture": "#0"},
				"south": {"uv": [8, 6.25, 8.5, 6.5], "texture": "#0"},
				"west": {"uv": [7.5, 0.25, 8.25, 0.5], "texture": "#0"},
				"up": {"uv": [6.5, 5.75, 6, 5], "texture": "#0"},
				"down": {"uv": [6.75, 1, 6.25, 1.75], "texture": "#0"}
			}
		},
		{
			"from": [7, 3.5, 12],
			"to": [10, 4, 14],
			"faces": {
				"north": {"uv": [7.25, 6, 8, 6.25], "texture": "#0"},
				"east": {"uv": [8, 5.75, 8.5, 6], "texture": "#0"},
				"south": {"uv": [7.25, 6.25, 8, 6.5], "texture": "#0"},
				"west": {"uv": [6, 8, 6.5, 8.25], "texture": "#0"},
				"up": {"uv": [6.25, 6.25, 5.5, 5.75], "texture": "#0"},
				"down": {"uv": [0.75, 6, 0, 6.5], "texture": "#0"}
			}
		},
		{
			"from": [7.5, 8, 2],
			"to": [9.5, 9, 8.5],
			"faces": {
				"north": {"uv": [0.5, 8.25, 1, 8.5], "texture": "#0"},
				"east": {"uv": [5.25, 4, 7, 4.25], "texture": "#0"},
				"south": {"uv": [1, 8.25, 1.5, 8.5], "texture": "#0"},
				"west": {"uv": [5.5, 4.25, 7.25, 4.5], "texture": "#0"},
				"up": {"uv": [3, 2.75, 2.5, 1], "texture": "#0"},
				"down": {"uv": [3, 2.75, 2.5, 4.5], "texture": "#0"}
			}
		},
		{
			"from": [9.5, 8, 6.5],
			"to": [11.5, 8.5, 7],
			"faces": {
				"north": {"uv": [8.75, 1, 9.25, 1.25], "texture": "#0"},
				"east": {"uv": [9.25, 0.5, 9.5, 0.75], "texture": "#0"},
				"south": {"uv": [1.25, 8.75, 1.75, 9], "texture": "#0"},
				"west": {"uv": [0.75, 9.25, 1, 9.5], "texture": "#0"},
				"up": {"uv": [2.25, 9, 1.75, 8.75], "texture": "#0"},
				"down": {"uv": [2.75, 8.75, 2.25, 9], "texture": "#0"}
			}
		},
		{
			"from": [11.5, 8, 7.5],
			"to": [12, 8.5, 8],
			"faces": {
				"north": {"uv": [9.25, 0.75, 9.5, 1], "texture": "#0"},
				"east": {"uv": [1, 9.25, 1.25, 9.5], "texture": "#0"},
				"south": {"uv": [9.25, 1, 9.5, 1.25], "texture": "#0"},
				"west": {"uv": [1.25, 9.25, 1.5, 9.5], "texture": "#0"},
				"up": {"uv": [9.5, 1.5, 9.25, 1.25], "texture": "#0"},
				"down": {"uv": [1.75, 9.25, 1.5, 9.5], "texture": "#0"}
			}
		},
		{
			"from": [11, 8, 7],
			"to": [12, 8.5, 7.5],
			"faces": {
				"north": {"uv": [9.25, 2.25, 9.5, 2.5], "texture": "#0"},
				"east": {"uv": [2.5, 9.25, 2.75, 9.5], "texture": "#0"},
				"south": {"uv": [9.25, 2.5, 9.5, 2.75], "texture": "#0"},
				"west": {"uv": [2.75, 9.25, 3, 9.5], "texture": "#0"},
				"up": {"uv": [9.5, 3, 9.25, 2.75], "texture": "#0"},
				"down": {"uv": [3.25, 9.25, 3, 9.5], "texture": "#0"}
			}
		},
		{
			"from": [11.25, 7.75, 8],
			"to": [12.25, 8.75, 9],
			"faces": {
				"north": {"uv": [9.25, 1.5, 9.5, 1.75], "texture": "#0"},
				"east": {"uv": [1.75, 9.25, 2, 9.5], "texture": "#0"},
				"south": {"uv": [9.25, 1.75, 9.5, 2], "texture": "#0"},
				"west": {"uv": [2, 9.25, 2.25, 9.5], "texture": "#0"},
				"up": {"uv": [9.5, 2.25, 9.25, 2], "texture": "#0"},
				"down": {"uv": [2.5, 9.25, 2.25, 9.5], "texture": "#0"}
			}
		},
		{
			"from": [7.5, 5, -4],
			"to": [9.5, 6, -2.5],
			"faces": {
				"north": {"uv": [8.25, 3.5, 8.75, 3.75], "texture": "#0"},
				"east": {"uv": [8.25, 3.75, 8.75, 4], "texture": "#0"},
				"south": {"uv": [4, 8.25, 4.5, 8.5], "texture": "#0"},
				"west": {"uv": [4.5, 8.25, 5, 8.5], "texture": "#0"},
				"up": {"uv": [5.5, 7.25, 5, 6.75], "texture": "#0"},
				"down": {"uv": [6, 6.75, 5.5, 7.25], "texture": "#0"}
			}
		},
		{
			"from": [8, 8, -16],
			"to": [9, 9, -3.5],
			"faces": {
				"north": {"uv": [9.25, 3, 9.5, 3.25], "texture": "#0"},
				"east": {"uv": [3, 1, 6.25, 1.25], "texture": "#0"},
				"south": {"uv": [3.25, 9.25, 3.5, 9.5], "texture": "#0"},
				"west": {"uv": [3, 1.25, 6.25, 1.5], "texture": "#0"},
				"up": {"uv": [1.75, 6.25, 1.5, 3], "texture": "#0"},
				"down": {"uv": [3.25, 1.5, 3, 4.75], "texture": "#0"}
			}
		},
		{
			"from": [7.5, 8, -3.5],
			"to": [9.5, 8.5, 2],
			"faces": {
				"north": {"uv": [1.5, 8.25, 2, 8.5], "texture": "#0"},
				"east": {"uv": [6, 2.75, 7.5, 3], "texture": "#0"},
				"south": {"uv": [2, 8.25, 2.5, 8.5], "texture": "#0"},
				"west": {"uv": [6.25, 1.75, 7.75, 2], "texture": "#0"},
				"up": {"uv": [2.25, 5.5, 1.75, 4], "texture": "#0"},
				"down": {"uv": [4.5, 3, 4, 4.5], "texture": "#0"}
			}
		},
		{
			"from": [7.5, 5, -9],
			"to": [8, 5.5, -4],
			"faces": {
				"north": {"uv": [5.5, 8.75, 5.75, 9], "texture": "#0"},
				"east": {"uv": [6.5, 0.75, 7.75, 1], "texture": "#0"},
				"south": {"uv": [8.75, 5.5, 9, 5.75], "texture": "#0"},
				"west": {"uv": [2.75, 6.5, 4, 6.75], "texture": "#0"},
				"up": {"uv": [6.25, 7.5, 6, 6.25], "texture": "#0"},
				"down": {"uv": [4.25, 6.5, 4, 7.75], "texture": "#0"}
			}
		},
		{
			"from": [9, 5, -9],
			"to": [9.5, 5.5, -4],
			"faces": {
				"north": {"uv": [5.75, 8.75, 6, 9], "texture": "#0"},
				"east": {"uv": [6.5, 3, 7.75, 3.25], "texture": "#0"},
				"south": {"uv": [8.75, 5.75, 9, 6], "texture": "#0"},
				"west": {"uv": [6.5, 3.25, 7.75, 3.5], "texture": "#0"},
				"up": {"uv": [6.5, 7.75, 6.25, 6.5], "texture": "#0"},
				"down": {"uv": [6.75, 6.5, 6.5, 7.75], "texture": "#0"}
			}
		},
		{
			"from": [8, 8.5, -3.5],
			"to": [9, 9, 3],
			"faces": {
				"north": {"uv": [5.25, 8.75, 5.5, 9], "texture": "#0"},
				"east": {"uv": [5.5, 4.5, 7.25, 4.75], "texture": "#0"},
				"south": {"uv": [8.75, 5.25, 9, 5.5], "texture": "#0"},
				"west": {"uv": [5.5, 4.75, 7.25, 5], "texture": "#0"},
				"up": {"uv": [2.5, 7.25, 2.25, 5.5], "texture": "#0"},
				"down": {"uv": [2.75, 5.5, 2.5, 7.25], "texture": "#0"}
			}
		},
		{
			"from": [8, 9, 2],
			"to": [9, 9.5, 7.5],
			"faces": {
				"north": {"uv": [7.5, 8.75, 7.75, 9], "texture": "#0"},
				"east": {"uv": [6.25, 2, 7.75, 2.25], "texture": "#0"},
				"south": {"uv": [8.75, 7.5, 9, 7.75], "texture": "#0"},
				"west": {"uv": [2.75, 6.25, 4.25, 6.5], "texture": "#0"},
				"up": {"uv": [1.75, 7.75, 1.5, 6.25], "texture": "#0"},
				"down": {"uv": [4.5, 6.25, 4.25, 7.75], "texture": "#0"}
			}
		},
		{
			"from": [8, 10, 5.5],
			"to": [9, 10.5, 6.5],
			"faces": {
				"north": {"uv": [0, 9, 0.25, 9.25], "texture": "#0"},
				"east": {"uv": [0.25, 9, 0.5, 9.25], "texture": "#0"},
				"south": {"uv": [0.5, 9, 0.75, 9.25], "texture": "#0"},
				"west": {"uv": [9, 0.5, 9.25, 0.75], "texture": "#0"},
				"up": {"uv": [1, 9.25, 0.75, 9], "texture": "#0"},
				"down": {"uv": [9.25, 0.75, 9, 1], "texture": "#0"}
			}
		},
		{
			"from": [8, 10, 2.5],
			"to": [9, 10.5, 3.5],
			"faces": {
				"north": {"uv": [1.25, 9, 1.5, 9.25], "texture": "#0"},
				"east": {"uv": [9, 1.25, 9.25, 1.5], "texture": "#0"},
				"south": {"uv": [1.5, 9, 1.75, 9.25], "texture": "#0"},
				"west": {"uv": [9, 1.5, 9.25, 1.75], "texture": "#0"},
				"up": {"uv": [2, 9.25, 1.75, 9], "texture": "#0"},
				"down": {"uv": [9.25, 1.75, 9, 2], "texture": "#0"}
			}
		},
		{
			"from": [7.5, 8, 13.5],
			"to": [9.5, 8.5, 17.5],
			"faces": {
				"north": {"uv": [8.25, 0, 8.75, 0.25], "texture": "#0"},
				"east": {"uv": [6.5, 5.5, 7.5, 5.75], "texture": "#0"},
				"south": {"uv": [8.25, 0.25, 8.75, 0.5], "texture": "#0"},
				"west": {"uv": [6.75, 1.5, 7.75, 1.75], "texture": "#0"},
				"up": {"uv": [5.75, 4, 5.25, 3], "texture": "#0"},
				"down": {"uv": [4.25, 5.25, 3.75, 6.25], "texture": "#0"}
			}
		},
		{
			"from": [7, 8, 17.5],
			"to": [10, 8.5, 20],
			"faces": {
				"north": {"uv": [8, 4, 8.75, 4.25], "texture": "#0"},
				"east": {"uv": [4.5, 8, 5.25, 8.25], "texture": "#0"},
				"south": {"uv": [8, 4.75, 8.75, 5], "texture": "#0"},
				"west": {"uv": [5.25, 8, 6, 8.25], "texture": "#0"},
				"up": {"uv": [1.5, 6, 0.75, 5.25], "texture": "#0"},
				"down": {"uv": [6, 2.25, 5.25, 3], "texture": "#0"}
			}
		},
		{
			"from": [7.5, 12.5, -1.5],
			"to": [9.5, 13, 0],
			"faces": {
				"north": {"uv": [8.5, 2, 9, 2.25], "texture": "#0"},
				"east": {"uv": [8.5, 2.25, 9, 2.5], "texture": "#0"},
				"south": {"uv": [2.5, 8.5, 3, 8.75], "texture": "#0"},
				"west": {"uv": [8.5, 2.5, 9, 2.75], "texture": "#0"},
				"up": {"uv": [7.25, 6.25, 6.75, 5.75], "texture": "#0"},
				"down": {"uv": [7.25, 6.25, 6.75, 6.75], "texture": "#0"}
			}
		},
		{
			"from": [7.5, 10, -1.5],
			"to": [9.5, 10.5, 0],
			"faces": {
				"north": {"uv": [3.75, 8.5, 4.25, 8.75], "texture": "#0"},
				"east": {"uv": [4.25, 8.5, 4.75, 8.75], "texture": "#0"},
				"south": {"uv": [8.5, 4.25, 9, 4.5], "texture": "#0"},
				"west": {"uv": [8.5, 4.5, 9, 4.75], "texture": "#0"},
				"up": {"uv": [7.25, 7.25, 6.75, 6.75], "texture": "#0"},
				"down": {"uv": [7.5, 0, 7, 0.5], "texture": "#0"}
			}
		},
		{
			"from": [7.5, 8, 8.5],
			"to": [9.5, 8.5, 9],
			"faces": {
				"north": {"uv": [2.5, 8.25, 3, 8.5], "texture": "#0"},
				"east": {"uv": [5, 8.75, 5.25, 9], "texture": "#0"},
				"south": {"uv": [8.25, 2.75, 8.75, 3], "texture": "#0"},
				"west": {"uv": [8.75, 5, 9, 5.25], "texture": "#0"},
				"up": {"uv": [3.5, 8.5, 3, 8.25], "texture": "#0"},
				"down": {"uv": [4, 8.25, 3.5, 8.5], "texture": "#0"}
			}
		},
		{
			"from": [7.75, 12.5, 9],
			"to": [9.25, 13, 10],
			"faces": {
				"north": {"uv": [8.25, 5.5, 8.75, 5.75], "texture": "#0"},
				"east": {"uv": [2.5, 9, 2.75, 9.25], "texture": "#0"},
				"south": {"uv": [8.25, 7.75, 8.75, 8], "texture": "#0"},
				"west": {"uv": [9, 2.5, 9.25, 2.75], "texture": "#0"},
				"up": {"uv": [1.5, 8.75, 1, 8.5], "texture": "#0"},
				"down": {"uv": [9, 1.25, 8.5, 1.5], "texture": "#0"}
			}
		},
		{
			"from": [8, 12.5, 4],
			"to": [9, 13.5, 5],
			"faces": {
				"north": {"uv": [9, 3.25, 9.25, 3.5], "texture": "#0"},
				"east": {"uv": [3.5, 9, 3.75, 9.25], "texture": "#0"},
				"south": {"uv": [9, 3.5, 9.25, 3.75], "texture": "#0"},
				"west": {"uv": [3.75, 9, 4, 9.25], "texture": "#0"},
				"up": {"uv": [4.25, 9.25, 4, 9], "texture": "#0"},
				"down": {"uv": [9.25, 4.25, 9, 4.5], "texture": "#0"}
			}
		},
		{
			"from": [7.75, 10.5, 9],
			"to": [9.25, 11, 10],
			"faces": {
				"north": {"uv": [1.5, 8.5, 2, 8.75], "texture": "#0"},
				"east": {"uv": [3, 9, 3.25, 9.25], "texture": "#0"},
				"south": {"uv": [8.5, 1.5, 9, 1.75], "texture": "#0"},
				"west": {"uv": [3.25, 9, 3.5, 9.25], "texture": "#0"},
				"up": {"uv": [9, 2, 8.5, 1.75], "texture": "#0"},
				"down": {"uv": [2.5, 8.5, 2, 8.75], "texture": "#0"}
			}
		},
		{
			"from": [7.75, 11.75, 9],
			"to": [9.25, 11.75, 9.6],
			"rotation": {"angle": 0, "axis": "y", "origin": [8.5, 11.75, 9.5]},
			"faces": {
				"north": {"uv": [4.25, 9.25, 4.75, 9.5], "texture": "#0"},
				"east": {"uv": [4.25, 9.25, 4.5, 9.5], "texture": "#0"},
				"south": {"uv": [4.25, 9.25, 4.75, 9.5], "texture": "#0"},
				"west": {"uv": [4.25, 9.25, 4.5, 9.5], "texture": "#0"},
				"up": {"uv": [4.75, 9.5, 4.25, 9.25], "texture": "#0"},
				"down": {"uv": [4.75, 9.25, 4.25, 9.5], "texture": "#0"}
			}
		},
		{
			"from": [8.5, 11, 9],
			"to": [8.5, 12.5, 9.6],
			"rotation": {"angle": 0, "axis": "y", "origin": [8.5, 11.75, 9.5]},
			"faces": {
				"north": {"uv": [4.25, 9.25, 4.75, 9.5], "rotation": 270, "texture": "#0"},
				"east": {"uv": [4.75, 9.5, 4.25, 9.25], "rotation": 90, "texture": "#0"},
				"south": {"uv": [4.25, 9.25, 4.75, 9.5], "rotation": 90, "texture": "#0"},
				"west": {"uv": [4.75, 9.25, 4.25, 9.5], "rotation": 90, "texture": "#0"},
				"up": {"uv": [4.25, 9.25, 4.5, 9.5], "rotation": 90, "texture": "#0"},
				"down": {"uv": [4.25, 9.25, 4.5, 9.5], "rotation": 90, "texture": "#0"}
			}
		},
		{
			"from": [7, 3.5, 9],
			"to": [10, 4, 10],
			"faces": {
				"north": {"uv": [7.25, 6.5, 8, 6.75], "texture": "#0"},
				"east": {"uv": [4.5, 4.25, 4.75, 4.5], "texture": "#0"},
				"south": {"uv": [6.75, 7.25, 7.5, 7.5], "texture": "#0"},
				"west": {"uv": [3, 4.75, 3.25, 5], "texture": "#0"},
				"up": {"uv": [8, 7, 7.25, 6.75], "texture": "#0"},
				"down": {"uv": [8, 7, 7.25, 7.25], "texture": "#0"}
			}
		},
		{
			"from": [7, 5, 8.5],
			"to": [10, 6, 9],
			"faces": {
				"north": {"uv": [7.5, 2.75, 8.25, 3], "texture": "#0"},
				"east": {"uv": [2.75, 5.5, 3, 5.75], "texture": "#0"},
				"south": {"uv": [7.5, 3.5, 8.25, 3.75], "texture": "#0"},
				"west": {"uv": [6, 7.5, 6.25, 7.75], "texture": "#0"},
				"up": {"uv": [8.25, 4, 7.5, 3.75], "texture": "#0"},
				"down": {"uv": [5.75, 7.5, 5, 7.75], "texture": "#0"}
			}
		},
		{
			"from": [7, 6, 10],
			"to": [10, 6.5, 10.5],
			"faces": {
				"north": {"uv": [7.75, 2.25, 8.5, 2.5], "texture": "#0"},
				"east": {"uv": [8.75, 9, 9, 9.25], "texture": "#0"},
				"south": {"uv": [7.75, 2.5, 8.5, 2.75], "texture": "#0"},
				"west": {"uv": [9, 8.75, 9.25, 9], "texture": "#0"},
				"up": {"uv": [3.75, 8, 3, 7.75], "texture": "#0"},
				"down": {"uv": [8.5, 3, 7.75, 3.25], "texture": "#0"}
			}
		},
		{
			"from": [7, 4.5, 10],
			"to": [10, 5, 10.5],
			"faces": {
				"north": {"uv": [7.75, 3.25, 8.5, 3.5], "texture": "#0"},
				"east": {"uv": [9, 9, 9.25, 9.25], "texture": "#0"},
				"south": {"uv": [3.75, 7.75, 4.5, 8], "texture": "#0"},
				"west": {"uv": [0, 9.25, 0.25, 9.5], "texture": "#0"},
				"up": {"uv": [8.5, 4.5, 7.75, 4.25], "texture": "#0"},
				"down": {"uv": [5.25, 7.75, 4.5, 8], "texture": "#0"}
			}
		},
		{
			"from": [7, 4.5, 12.5],
			"to": [10, 5, 13],
			"faces": {
				"north": {"uv": [7.75, 4.5, 8.5, 4.75], "texture": "#0"},
				"east": {"uv": [9.25, 0, 9.5, 0.25], "texture": "#0"},
				"south": {"uv": [6, 7.75, 6.75, 8], "texture": "#0"},
				"west": {"uv": [0.25, 9.25, 0.5, 9.5], "texture": "#0"},
				"up": {"uv": [7.5, 8, 6.75, 7.75], "texture": "#0"},
				"down": {"uv": [8.25, 7.75, 7.5, 8], "texture": "#0"}
			}
		},
		{
			"from": [7, 6, 12.5],
			"to": [10, 6.5, 13],
			"faces": {
				"north": {"uv": [8, 0.5, 8.75, 0.75], "texture": "#0"},
				"east": {"uv": [9.25, 0.25, 9.5, 0.5], "texture": "#0"},
				"south": {"uv": [0.75, 8, 1.5, 8.25], "texture": "#0"},
				"west": {"uv": [0.5, 9.25, 0.75, 9.5], "texture": "#0"},
				"up": {"uv": [2.25, 8.25, 1.5, 8], "texture": "#0"},
				"down": {"uv": [3, 8, 2.25, 8.25], "texture": "#0"}
			}
		},
		{
			"from": [7.5, 5.5, 1],
			"to": [9.5, 6, 3],
			"faces": {
				"north": {"uv": [6.5, 8, 7, 8.25], "texture": "#0"},
				"east": {"uv": [8, 6.5, 8.5, 6.75], "texture": "#0"},
				"south": {"uv": [8, 6.75, 8.5, 7], "texture": "#0"},
				"west": {"uv": [7, 8, 7.5, 8.25], "texture": "#0"},
				"up": {"uv": [7.25, 1.5, 6.75, 1], "texture": "#0"},
				"down": {"uv": [7.25, 2.25, 6.75, 2.75], "texture": "#0"}
			}
		},
		{
			"from": [7.5, 4, 3.5],
			"to": [9.5, 5, 5.5],
			"faces": {
				"north": {"uv": [8, 7, 8.5, 7.25], "texture": "#0"},
				"east": {"uv": [7.5, 8, 8, 8.25], "texture": "#0"},
				"south": {"uv": [8, 8, 8.5, 8.25], "texture": "#0"},
				"west": {"uv": [0, 8.25, 0.5, 8.5], "texture": "#0"},
				"up": {"uv": [3.75, 7.25, 3.25, 6.75], "texture": "#0"},
				"down": {"uv": [5, 6.75, 4.5, 7.25], "texture": "#0"}
			}
		},
		{
			"from": [8, 4.5, -3.5],
			"to": [9, 5, -2.5],
			"faces": {
				"north": {"uv": [6, 8.75, 6.25, 9], "texture": "#0"},
				"east": {"uv": [8.75, 6, 9, 6.25], "texture": "#0"},
				"south": {"uv": [6.25, 8.75, 6.5, 9], "texture": "#0"},
				"west": {"uv": [8.75, 6.25, 9, 6.5], "texture": "#0"},
				"up": {"uv": [6.75, 9, 6.5, 8.75], "texture": "#0"},
				"down": {"uv": [9, 6.5, 8.75, 6.75], "texture": "#0"}
			}
		},
		{
			"from": [8, 9, -14.5],
			"to": [9, 9.5, -13.5],
			"faces": {
				"north": {"uv": [9.25, 3.25, 9.5, 3.5], "texture": "#0"},
				"east": {"uv": [3.5, 9.25, 3.75, 9.5], "texture": "#0"},
				"south": {"uv": [9.25, 3.5, 9.5, 3.75], "texture": "#0"},
				"west": {"uv": [3.75, 9.25, 4, 9.5], "texture": "#0"},
				"up": {"uv": [9.5, 4, 9.25, 3.75], "texture": "#0"},
				"down": {"uv": [4.25, 9.25, 4, 9.5], "texture": "#0"}
			}
		},
		{
			"from": [8, 7.5, -14.5],
			"to": [9, 8, -13.5],
			"faces": {
				"north": {"uv": [6.75, 8.75, 7, 9], "texture": "#0"},
				"east": {"uv": [8.75, 6.75, 9, 7], "texture": "#0"},
				"south": {"uv": [7, 8.75, 7.25, 9], "texture": "#0"},
				"west": {"uv": [8.75, 7, 9, 7.25], "texture": "#0"},
				"up": {"uv": [7.5, 9, 7.25, 8.75], "texture": "#0"},
				"down": {"uv": [9, 7.25, 8.75, 7.5], "texture": "#0"}
			}
		},
		{
			"from": [6.5, 3.5, 19],
			"to": [10.5, 4, 20],
			"faces": {
				"north": {"uv": [6.5, 3.5, 7.5, 3.75], "texture": "#0"},
				"east": {"uv": [5, 2.25, 5.25, 2.5], "texture": "#0"},
				"south": {"uv": [6.5, 3.75, 7.5, 4], "texture": "#0"},
				"west": {"uv": [3.75, 5, 4, 5.25], "texture": "#0"},
				"up": {"uv": [7.5, 5.25, 6.5, 5], "texture": "#0"},
				"down": {"uv": [7.5, 5.25, 6.5, 5.5], "texture": "#0"}
			}
		},
		{
			"from": [8, 4.5, 6],
			"to": [9, 6.2, 6.5],
			"faces": {
				"north": {"uv": [8.5, 6.75, 8.75, 7.25], "texture": "#0"},
				"east": {"uv": [8.5, 7.25, 8.75, 7.75], "texture": "#0"},
				"south": {"uv": [8.5, 8, 8.75, 8.5], "texture": "#0"},
				"west": {"uv": [8.5, 8.5, 8.75, 9], "texture": "#0"},
				"up": {"uv": [7, 9.25, 6.75, 9], "texture": "#0"},
				"down": {"uv": [9.25, 6.75, 9, 7], "texture": "#0"}
			}
		},
		{
			"from": [8, 4.5, 8.5],
			"to": [9, 5, 9],
			"faces": {
				"north": {"uv": [7.25, 9, 7.5, 9.25], "texture": "#0"},
				"east": {"uv": [9, 7.25, 9.25, 7.5], "texture": "#0"},
				"south": {"uv": [7.5, 9, 7.75, 9.25], "texture": "#0"},
				"west": {"uv": [9, 7.5, 9.25, 7.75], "texture": "#0"},
				"up": {"uv": [8, 9.25, 7.75, 9], "texture": "#0"},
				"down": {"uv": [9.25, 7.75, 9, 8], "texture": "#0"}
			}
		},
		{
			"from": [7.5, 5, 7.5],
			"to": [8.5, 6, 8],
			"faces": {
				"north": {"uv": [8, 9, 8.25, 9.25], "texture": "#0"},
				"east": {"uv": [9, 8, 9.25, 8.25], "texture": "#0"},
				"south": {"uv": [8.25, 9, 8.5, 9.25], "texture": "#0"},
				"west": {"uv": [9, 8.25, 9.25, 8.5], "texture": "#0"},
				"up": {"uv": [8.75, 9.25, 8.5, 9], "texture": "#0"},
				"down": {"uv": [9.25, 8.5, 9, 8.75], "texture": "#0"}
			}
		},
		{
			"from": [8, 4.25, 6.5],
			"to": [9, 4.75, 8.5],
			"faces": {
				"north": {"uv": [7, 9, 7.25, 9.25], "texture": "#0"},
				"east": {"uv": [8.75, 0, 9.25, 0.25], "texture": "#0"},
				"south": {"uv": [9, 7, 9.25, 7.25], "texture": "#0"},
				"west": {"uv": [8.75, 0.25, 9.25, 0.5], "texture": "#0"},
				"up": {"uv": [9, 1, 8.75, 0.5], "texture": "#0"},
				"down": {"uv": [1.25, 8.75, 1, 9.25], "texture": "#0"}
			}
		},
		{
			"from": [7.5, 10.5, 0],
			"to": [7.5, 12.5, 1.5],
			"faces": {
				"north": {"uv": [0, 0, 0, 0.5], "texture": "#0"},
				"east": {"uv": [7.25, 2.25, 7.75, 2.75], "texture": "#0"},
				"south": {"uv": [0, 0, 0, 0.5], "texture": "#0"},
				"west": {"uv": [3.25, 7.25, 3.75, 7.75], "texture": "#0"},
				"up": {"uv": [0, 0.5, 0, 0], "texture": "#0"},
				"down": {"uv": [0, 0, 0, 0.5], "texture": "#0"}
			}
		},
		{
			"from": [7.5, 12.5, -1],
			"to": [9.5, 12.5, 1.5],
			"faces": {
				"north": {"uv": [0, 0, 0.5, 0], "texture": "#0"},
				"east": {"uv": [0, 0, 0.75, 0], "texture": "#0"},
				"south": {"uv": [0, 0, 0.5, 0], "texture": "#0"},
				"west": {"uv": [0, 0, 0.75, 0], "texture": "#0"},
				"up": {"uv": [7, 0.75, 6.5, 0], "texture": "#0"},
				"down": {"uv": [1, 6.5, 0.5, 7.25], "texture": "#0"}
			}
		},
		{
			"from": [7.5, 12.5, 1.5],
			"to": [9.5, 12.5, 2.5],
			"faces": {
				"north": {"uv": [0, 0, 0.5, 0], "texture": "#0"},
				"east": {"uv": [0, 0, 0.25, 0], "texture": "#0"},
				"south": {"uv": [0, 0, 0.5, 0], "texture": "#0"},
				"west": {"uv": [0, 0, 0.25, 0], "texture": "#0"},
				"up": {"uv": [9.25, 3, 8.75, 2.75], "texture": "#0"},
				"down": {"uv": [9.25, 3, 8.75, 3.25], "texture": "#0"}
			}
		},
		{
			"from": [7.5, 11, 1.5],
			"to": [7.5, 12.5, 2.5],
			"faces": {
				"north": {"uv": [0, 0, 0, 0.5], "texture": "#0"},
				"east": {"uv": [2.75, 8.75, 3, 9.25], "texture": "#0"},
				"south": {"uv": [0, 0, 0, 0.5], "texture": "#0"},
				"west": {"uv": [8.75, 3.25, 9, 3.75], "texture": "#0"},
				"up": {"uv": [0, 0.25, 0, 0], "texture": "#0"},
				"down": {"uv": [0, 0, 0, 0.25], "texture": "#0"}
			}
		},
		{
			"from": [9.5, 10.5, 0],
			"to": [9.5, 12.5, 1.5],
			"faces": {
				"north": {"uv": [0, 0, 0, 0.5], "texture": "#0"},
				"east": {"uv": [7.25, 4.25, 7.75, 4.75], "texture": "#0"},
				"south": {"uv": [0, 0, 0, 0.5], "texture": "#0"},
				"west": {"uv": [4.5, 7.25, 5, 7.75], "texture": "#0"},
				"up": {"uv": [0, 0.5, 0, 0], "texture": "#0"},
				"down": {"uv": [0, 0, 0, 0.5], "texture": "#0"}
			}
		},
		{
			"from": [7.5, 10.5, -1],
			"to": [9.5, 10.5, 1.5],
			"faces": {
				"north": {"uv": [0, 0, 0.5, 0], "texture": "#0"},
				"east": {"uv": [0, 0, 0.75, 0], "texture": "#0"},
				"south": {"uv": [0, 0, 0.5, 0], "texture": "#0"},
				"west": {"uv": [0, 0, 0.75, 0], "texture": "#0"},
				"up": {"uv": [1.5, 7.25, 1, 6.5], "texture": "#0"},
				"down": {"uv": [2.25, 6.5, 1.75, 7.25], "texture": "#0"}
			}
		},
		{
			"from": [7.5, 10.5, 1.5],
			"to": [9.5, 11, 1.5],
			"faces": {
				"north": {"uv": [3.75, 8.75, 4.25, 9], "texture": "#0"},
				"east": {"uv": [0, 0, 0, 0.25], "texture": "#0"},
				"south": {"uv": [8.75, 3.75, 9.25, 4], "texture": "#0"},
				"west": {"uv": [0, 0, 0, 0.25], "texture": "#0"},
				"up": {"uv": [0.5, 0, 0, 0], "texture": "#0"},
				"down": {"uv": [0.5, 0, 0, 0], "texture": "#0"}
			}
		},
		{
			"from": [9.5, 11, 1.5],
			"to": [9.5, 12.5, 2.5],
			"faces": {
				"north": {"uv": [0, 0, 0, 0.5], "texture": "#0"},
				"east": {"uv": [4.25, 8.75, 4.5, 9.25], "texture": "#0"},
				"south": {"uv": [0, 0, 0, 0.5], "texture": "#0"},
				"west": {"uv": [4.5, 8.75, 4.75, 9.25], "texture": "#0"},
				"up": {"uv": [0, 0.25, 0, 0], "texture": "#0"},
				"down": {"uv": [0, 0, 0, 0.25], "texture": "#0"}
			}
		},
		{
			"from": [7.5, 11, 1.5],
			"to": [9.5, 11, 2.5],
			"faces": {
				"north": {"uv": [0, 0, 0.5, 0], "texture": "#0"},
				"east": {"uv": [0, 0, 0.25, 0], "texture": "#0"},
				"south": {"uv": [0, 0, 0.5, 0], "texture": "#0"},
				"west": {"uv": [0, 0, 0.25, 0], "texture": "#0"},
				"up": {"uv": [9.25, 4.25, 8.75, 4], "texture": "#0"},
				"down": {"uv": [9.25, 4.75, 8.75, 5], "texture": "#0"}
			}
		}
	],
	"gui_light": "front",
	"overrides": [
		{"predicate": {"pulling": 1}, "model": "item/bow_pulling_0"},
		{"predicate": {"pulling": 1, "pull": 0.65}, "model": "item/bow_pulling_1"},
		{"predicate": {"pulling": 1, "pull": 0.9}, "model": "item/bow_pulling_2"}
	],
	"display": {
		"thirdperson_righthand": {
			"translation": [-0.25, 1, -2.25],
			"scale": [0.75, 0.75, 0.66]
		},
		"thirdperson_lefthand": {
			"translation": [-0.25, 1, -2.25],
			"scale": [0.75, 0.75, 0.66]
		},
		"firstperson_righthand": {
			"rotation": [0, 1, 0],
			"translation": [-0.25, 4, 1.63],
			"scale": [0.8, 0.8, 0.8]
		},
		"firstperson_lefthand": {
			"rotation": [0, 1, 0],
			"translation": [-0.25, 4, 1.63],
			"scale": [0.8, 0.8, 0.8]
		},
		"ground": {
			"rotation": [0, 0, 90]
		},
		"gui": {
			"rotation": [0, 90, 0],
			"translation": [2.5, 0, 0],
			"scale": [0.5, 0.5, 0.5]
		},
		"head": {
			"rotation": [0, 90, 0],
			"translation": [5.75, 1.5, 0]
		},
		"fixed": {
			"rotation": [0, -90, 0],
			"translation": [-3.5, 0, -0.25],
			"scale": [0.6, 0.6, 0.6]
		}
	}
}