{
	"credit": "Made with Blockbench",
	"texture_size": [32, 32],
	"textures": {
		"0": "item/crossbow_glow",
		"1": "item/crossbow_pulling",
		"particle": "item/crossbow_glow"
	},
	"elements": [
		{
			"name": "rod",
			"from": [7.5, 9.5, -5],
			"to": [8.5, 10.5, 12],
			"rotation": {"angle": 0, "axis": "y", "origin": [8, 10, 12]},
			"faces": {
				"north": {"uv": [13, 4.5, 13.5, 5], "rotation": 90, "texture": "#0"},
				"east": {"uv": [14, 4.5, 13.5, 13], "rotation": 90, "texture": "#0"},
				"south": {"uv": [13.5, 12.5, 14, 13], "rotation": 90, "texture": "#0"},
				"west": {"uv": [13.5, 4.5, 14, 13], "rotation": 270, "texture": "#0"},
				"up": {"uv": [13, 4.5, 13.5, 13], "texture": "#0"},
				"down": {"uv": [13.5, 4.5, 14, 13], "rotation": 180, "texture": "#0"}
			}
		},
		{
			"name": "limbs",
			"from": [-8.5, 7.5, -2],
			"to": [1.5, 10.5, -1],
			"rotation": {"angle": 45, "axis": "y", "origin": [1.5, 9, -2]},
			"faces": {
				"north": {"uv": [7.5, 5, 12.5, 6.5], "texture": "#0"},
				"east": {"uv": [12.5, 5, 13, 6.5], "texture": "#0"},
				"south": {"uv": [7.5, 7, 12.5, 8.5], "texture": "#0"},
				"west": {"uv": [7, 5, 7.5, 6.5], "texture": "#0"},
				"up": {"uv": [7.5, 4.5, 12.5, 5], "texture": "#0"},
				"down": {"uv": [7.5, 6.5, 12.5, 7], "rotation": 180, "texture": "#0"}
			}
		},
		{
			"name": "limbs",
			"from": [1.5, 7.5, -2],
			"to": [6.5, 10.5, -1],
			"rotation": {"angle": 0, "axis": "y", "origin": [8, 9, 13]},
			"faces": {
				"north": {"uv": [4.5, 5, 7, 6.5], "texture": "#0"},
				"east": {"uv": [4, 5, 4.5, 6.5], "texture": "#0"},
				"south": {"uv": [4.5, 7, 7, 8.5], "texture": "#0"},
				"west": {"uv": [7, 5, 7.5, 6.5], "texture": "#0"},
				"up": {"uv": [4.5, 4.5, 7, 5], "texture": "#0"},
				"down": {"uv": [4.5, 6.5, 7, 7], "rotation": 180, "texture": "#0"}
			}
		},
		{
			"name": "bridge",
			"from": [7, 8, 12],
			"to": [9, 11, 16],
			"rotation": {"angle": 0, "axis": "y", "origin": [8, 9, 13]},
			"faces": {
				"north": {"uv": [11, 2.5, 11.5, 4], "texture": "#0"},
				"east": {"uv": [13.5, 2.5, 11.5, 4], "texture": "#0"},
				"south": {"uv": [13.5, 2.5, 14, 4], "texture": "#0"},
				"west": {"uv": [11.5, 2.5, 13.5, 4], "texture": "#0"},
				"up": {"uv": [11.5, 1.5, 13.5, 2.5], "rotation": 270, "texture": "#0"},
				"down": {"uv": [11.5, 4, 13.5, 4.5], "rotation": 270, "texture": "#0"}
			}
		},
		{
			"name": "scope",
			"from": [7.25, 11.75, 16],
			"to": [8.75, 13.25, 18],
			"rotation": {"angle": 0, "axis": "y", "origin": [8, 9, 13]},
			"faces": {
				"north": {"uv": [6, 8.5, 6.5, 9.5], "texture": "#0"},
				"east": {"uv": [7, 8.5, 6, 9.5], "texture": "#0"},
				"south": {"uv": [8, 8.5, 7, 9.5], "texture": "#0"},
				"west": {"uv": [6, 8.5, 7, 9.5], "texture": "#0"},
				"up": {"uv": [6, 8.5, 7, 9], "rotation": 90, "texture": "#0"},
				"down": {"uv": [6.5, 9, 7, 9.5], "rotation": 270, "texture": "#0"}
			}
		},
		{
			"name": "scope",
			"from": [7.5, 12, 12],
			"to": [8.5, 13, 16],
			"rotation": {"angle": 0, "axis": "y", "origin": [8, 9, 13]},
			"faces": {
				"north": {"uv": [4, 9, 4.5, 9.5], "texture": "#0"},
				"east": {"uv": [6, 9, 4, 9.5], "texture": "#0"},
				"south": {"uv": [5.5, 9, 6, 9.5], "texture": "#0"},
				"west": {"uv": [4, 9, 6, 9.5], "texture": "#0"},
				"up": {"uv": [4, 8.5, 6, 9], "rotation": 90, "texture": "#0"},
				"down": {"uv": [4, 9.5, 6, 10], "rotation": 270, "texture": "#0"}
			}
		},
		{
			"name": "scope",
			"from": [7, 11.5, 9],
			"to": [9, 13.5, 12],
			"rotation": {"angle": 0, "axis": "y", "origin": [8, 9, 13]},
			"faces": {
				"north": {"uv": [0.5, 8.5, 1.5, 9.5], "texture": "#0"},
				"east": {"uv": [3, 8.5, 1.5, 9.5], "texture": "#0"},
				"south": {"uv": [4, 8.5, 3, 9.5], "texture": "#0"},
				"west": {"uv": [1.5, 8.5, 3, 9.5], "texture": "#0"},
				"up": {"uv": [1.5, 8, 3, 8.5], "rotation": 90, "texture": "#0"},
				"down": {"uv": [1.5, 9.5, 3, 10], "rotation": 270, "texture": "#0"}
			}
		},
		{
			"name": "scope",
			"from": [7.25, 11.75, 12],
			"to": [8.75, 13.25, 13],
			"rotation": {"angle": 0, "axis": "y", "origin": [8, 9, 13]},
			"faces": {
				"north": {"uv": [1.5, 8.5, 2, 9], "texture": "#0"},
				"east": {"uv": [2.5, 8.5, 2, 9.5], "texture": "#0"},
				"south": {"uv": [2, 8.5, 1.5, 9], "texture": "#0"},
				"west": {"uv": [2, 8.5, 2.5, 9.5], "texture": "#0"},
				"up": {"uv": [2, 8, 2.5, 8.5], "rotation": 90, "texture": "#0"},
				"down": {"uv": [1.5, 9, 2, 9.5], "rotation": 270, "texture": "#0"}
			}
		},
		{
			"name": "scope",
			"from": [7.5, 11, 12.5],
			"to": [8.5, 12, 14.5],
			"rotation": {"angle": 0, "axis": "y", "origin": [8, 9, 13]},
			"faces": {
				"north": {"uv": [4, 8, 4.5, 8.5], "texture": "#0"},
				"east": {"uv": [5.5, 8, 4.5, 8.5], "texture": "#0"},
				"south": {"uv": [6, 8, 5.5, 8.5], "texture": "#0"},
				"west": {"uv": [4.5, 8, 5.5, 8.5], "texture": "#0"}
			}
		},
		{
			"name": "battery",
			"from": [6.75, 5.75, 7.5],
			"to": [9.25, 8.25, 8.5],
			"rotation": {"angle": 0, "axis": "y", "origin": [8, 9, 13]},
			"faces": {
				"east": {"uv": [4.5, 10, 5, 11], "rotation": 180, "texture": "#0"},
				"west": {"uv": [4, 11, 4.5, 12], "texture": "#0"},
				"up": {"uv": [4, 10, 4.5, 11], "rotation": 90, "texture": "#0"},
				"down": {"uv": [4.5, 11, 5, 12], "rotation": 270, "texture": "#0"}
			}
		},
		{
			"name": "battery",
			"from": [6.75, 5.75, 3.5],
			"to": [9.25, 8.25, 4.5],
			"rotation": {"angle": 0, "axis": "y", "origin": [8, 9, 9]},
			"faces": {
				"east": {"uv": [4.5, 10, 5, 11], "rotation": 180, "texture": "#0"},
				"west": {"uv": [4, 11, 4.5, 12], "texture": "#0"},
				"up": {"uv": [4, 10, 4.5, 11], "rotation": 90, "texture": "#0"},
				"down": {"uv": [4.5, 11, 5, 12], "rotation": 270, "texture": "#0"}
			}
		},
		{
			"name": "battery",
			"from": [7, 6, 3.5],
			"to": [9, 8, 8.5],
			"rotation": {"angle": 0, "axis": "y", "origin": [8, 9, 13]},
			"faces": {
				"north": {"uv": [0.5, 10.5, 1, 11.5], "texture": "#0"},
				"east": {"uv": [3.5, 10.5, 1, 11.5], "texture": "#0"},
				"south": {"uv": [4, 10.5, 3.5, 11.5], "texture": "#0"},
				"west": {"uv": [1, 10.5, 3.5, 11.5], "texture": "#0"},
				"up": {"uv": [1, 10, 3.5, 10.5], "rotation": 90, "texture": "#0"},
				"down": {"uv": [1, 11.5, 3.5, 12], "rotation": 270, "texture": "#0"}
			}
		},
		{
			"name": "stock",
			"from": [7.5, 8, 16.5],
			"to": [8.5, 9, 24.5],
			"rotation": {"angle": 0, "axis": "y", "origin": [8, 9, 13]},
			"faces": {
				"east": {"uv": [4, 6.5, 0, 7], "texture": "#0"},
				"south": {"uv": [3.5, 6.5, 4, 7], "texture": "#0"},
				"west": {"uv": [0, 6.5, 4, 7], "texture": "#0"},
				"up": {"uv": [0, 6, 4, 6.5], "rotation": 90, "texture": "#0"},
				"down": {"uv": [0, 7, 4, 7.5], "rotation": 270, "texture": "#0"}
			}
		},
		{
			"name": "stock",
			"from": [7.5, 10, 16.5],
			"to": [8.5, 11, 24.5],
			"rotation": {"angle": 0, "axis": "y", "origin": [8, 9, 13]},
			"faces": {
				"east": {"uv": [4, 5, 0, 5.5], "texture": "#0"},
				"south": {"uv": [3.5, 5, 4, 5.5], "texture": "#0"},
				"west": {"uv": [0, 5, 4, 5.5], "texture": "#0"},
				"up": {"uv": [0, 4.5, 4, 5], "rotation": 90, "texture": "#0"},
				"down": {"uv": [0, 5.5, 4, 6], "rotation": 270, "texture": "#0"}
			}
		},
		{
			"name": "stock",
			"from": [6.5, 8, 13.5],
			"to": [9.5, 11, 16.5],
			"rotation": {"angle": 0, "axis": "y", "origin": [8, 9, 13]},
			"faces": {
				"east": {"uv": [7, 0, 5.5, 1.5], "texture": "#0"},
				"south": {"uv": [8.5, 0, 7, 1.5], "texture": "#0"},
				"west": {"uv": [5.5, 0, 7, 1.5], "texture": "#0"}
			}
		},
		{
			"name": "stock",
			"from": [9.5, 11, 16.5],
			"to": [6.5, 8, 13.5],
			"rotation": {"angle": 0, "axis": "y", "origin": [8, 9, 13]},
			"faces": {
				"north": {"uv": [10, 0, 11.5, 1.5], "rotation": 180, "texture": "#0"},
				"east": {"uv": [10, 0, 8.5, 1.5], "rotation": 180, "texture": "#0"},
				"west": {"uv": [8.5, 0, 10, 1.5], "rotation": 180, "texture": "#0"}
			}
		},
		{
			"name": "stock",
			"from": [7, 7, 24.5],
			"to": [9, 12, 27.5],
			"rotation": {"angle": 0, "axis": "y", "origin": [8, 9, 13]},
			"faces": {
				"north": {"uv": [8, 9, 8.5, 11.5], "texture": "#0"},
				"east": {"uv": [10, 9, 8.5, 11.5], "texture": "#0"},
				"south": {"uv": [10.5, 9, 10, 11.5], "texture": "#0"},
				"west": {"uv": [8.5, 9, 10, 11.5], "texture": "#0"},
				"up": {"uv": [8.5, 8.5, 10, 9], "rotation": 90, "texture": "#0"},
				"down": {"uv": [8.5, 11.5, 10, 12], "rotation": 270, "texture": "#0"}
			}
		},
		{
			"name": "grip",
			"from": [7.25, 5, 14],
			"to": [8.75, 8, 16],
			"rotation": {"angle": -22.5, "axis": "x", "origin": [8, 8, 14]},
			"faces": {
				"north": {"uv": [11, 10, 11.5, 11.5], "texture": "#0"},
				"east": {"uv": [12.5, 10, 11.5, 11.5], "texture": "#0"},
				"south": {"uv": [13, 10, 12.5, 11.5], "texture": "#0"},
				"west": {"uv": [11.5, 10, 12.5, 11.5], "texture": "#0"},
				"down": {"uv": [11.5, 11.5, 12.5, 12], "rotation": 270, "texture": "#0"}
			}
		},
		{
			"name": "trigger",
			"from": [7.5, 7, 12.5],
			"to": [8.5, 8, 14.5],
			"rotation": {"angle": 0, "axis": "y", "origin": [8, 9, 13]},
			"faces": {
				"north": {"uv": [0, 0, 0.5, 0.5], "texture": "#0"},
				"down": {"uv": [0.5, 0, 1.5, 0.5], "rotation": 270, "texture": "#0"}
			}
		},
		{
			"name": "trigger",
			"from": [8.5, 8, 14.5],
			"to": [7.5, 7, 12.5],
			"rotation": {"angle": 0, "axis": "y", "origin": [8, 9, 13]},
			"faces": {
				"south": {"uv": [0, 0.5, 0.5, 1], "rotation": 180, "texture": "#0"},
				"up": {"uv": [0.5, 0.5, 1.5, 1], "rotation": 270, "texture": "#0"}
			}
		},
		{
			"name": "bridge",
			"from": [3.999, 7.999, -2.001],
			"to": [7.001, 10.001, 0.001],
			"rotation": {"angle": -22.5, "axis": "y", "origin": [7, 9, 0]},
			"faces": {
				"north": {"uv": [0, 3.5, 1.5, 4.5], "texture": "#0"},
				"south": {"uv": [4, 3.5, 2.5, 4.5], "texture": "#0"},
				"west": {"uv": [1.5, 3.5, 2.5, 4.5], "texture": "#0"},
				"up": {"uv": [0, 2.5, 1.5, 3.5], "rotation": 180, "texture": "#0"},
				"down": {"uv": [0, 4, 1, 4.5], "texture": "#0"}
			}
		},
		{
			"name": "grip",
			"from": [7, 8, -2],
			"to": [9, 10, 12],
			"rotation": {"angle": 0, "axis": "y", "origin": [8, 9, 13]},
			"faces": {
				"north": {"uv": [3, 2.5, 4, 3.5], "texture": "#0"},
				"east": {"uv": [11, 2.5, 4, 3.5], "texture": "#0"},
				"south": {"uv": [11, 2.5, 10.5, 3.5], "texture": "#0"},
				"west": {"uv": [4, 2.5, 11, 3.5], "texture": "#0"},
				"up": {"uv": [4, 1.5, 11, 2.5], "rotation": 90, "texture": "#0"},
				"down": {"uv": [4, 3.5, 11, 4.5], "rotation": 270, "texture": "#0"}
			}
		},
		{
			"name": "wheel",
			"from": [-6.5, 8, 3.5],
			"to": [-3.5, 10, 6.5],
			"rotation": {"angle": 0, "axis": "y", "origin": [-5, 9, 5]},
			"faces": {
				"north": {"uv": [1.5, 0, 3, 1], "rotation": 180, "texture": "#0"},
				"east": {"uv": [3, 1, 4, 2.5], "rotation": 90, "texture": "#0"},
				"south": {"uv": [1.5, 2.5, 3, 3.5], "texture": "#0"},
				"west": {"uv": [0.5, 1, 1.5, 2.5], "rotation": 270, "texture": "#0"},
				"up": {"uv": [1.5, 1, 3, 2.5], "texture": "#0"},
				"down": {"uv": [4, 0, 5.5, 1.5], "rotation": 270, "texture": "#0"}
			}
		},
		{
			"name": "bridge",
			"from": [8.999, 7.999, -2.001],
			"to": [12.001, 10.001, 0.001],
			"rotation": {"angle": 22.5, "axis": "y", "origin": [9, 9, 0]},
			"faces": {
				"north": {"uv": [1.5, 3.5, 0, 4.5], "texture": "#0"},
				"east": {"uv": [2.5, 3.5, 1.5, 4.5], "texture": "#0"},
				"south": {"uv": [2.5, 3.5, 4, 4.5], "texture": "#0"},
				"up": {"uv": [1.5, 2.5, 0, 3.5], "rotation": 180, "texture": "#0"},
				"down": {"uv": [1, 4, 0, 4.5], "texture": "#0"}
			}
		},
		{
			"name": "limbs",
			"from": [9.5, 7.5, -2],
			"to": [14.5, 10.5, -1],
			"rotation": {"angle": 0, "axis": "y", "origin": [8, 9, 13]},
			"faces": {
				"north": {"uv": [7, 5, 4.5, 6.5], "texture": "#0"},
				"east": {"uv": [7.5, 5, 7, 6.5], "texture": "#0"},
				"south": {"uv": [7, 7, 4.5, 8.5], "texture": "#0"},
				"west": {"uv": [4.5, 5, 4, 6.5], "texture": "#0"},
				"up": {"uv": [7, 4.5, 4.5, 5], "texture": "#0"},
				"down": {"uv": [7, 6.5, 4.5, 7], "rotation": 180, "texture": "#0"}
			}
		},
		{
			"name": "limbs",
			"from": [14.5, 7.5, -2],
			"to": [24.5, 10.5, -1],
			"rotation": {"angle": -45, "axis": "y", "origin": [14.5, 9, -2]},
			"faces": {
				"north": {"uv": [12.5, 5, 7.5, 6.5], "texture": "#0"},
				"east": {"uv": [7.5, 5, 7, 6.5], "texture": "#0"},
				"south": {"uv": [12.5, 7, 7.5, 8.5], "texture": "#0"},
				"west": {"uv": [13, 5, 12.5, 6.5], "texture": "#0"},
				"up": {"uv": [12.5, 4.5, 7.5, 5], "texture": "#0"},
				"down": {"uv": [12.5, 6.5, 7.5, 7], "rotation": 180, "texture": "#0"}
			}
		},
		{
			"name": "wheel",
			"from": [19.5, 8, 3.5],
			"to": [22.5, 10, 6.5],
			"rotation": {"angle": 0, "axis": "y", "origin": [21, 9, 5]},
			"faces": {
				"north": {"uv": [3, 0, 1.5, 1], "rotation": 180, "texture": "#0"},
				"east": {"uv": [0.5, 2.5, 1.5, 1], "rotation": 270, "texture": "#0"},
				"south": {"uv": [3, 2.5, 1.5, 3.5], "texture": "#0"},
				"west": {"uv": [3, 2.5, 4, 1], "rotation": 90, "texture": "#0"},
				"up": {"uv": [3, 1, 1.5, 2.5], "texture": "#0"},
				"down": {"uv": [4, 1.5, 5.5, 0], "rotation": 270, "texture": "#0"}
			}
		},
		{
			"name": "wire",
			"from": [-3.5, 9, 4.5],
			"to": [19.5, 9, 14.5],
			"rotation": {"angle": 0, "axis": "y", "origin": [8, 9, 13]},
			"faces": {
				"up": {"uv": [0, 0, 11.5, 5], "texture": "#1"},
				"down": {"uv": [0, 0, 11.5, 5], "rotation": 180, "texture": "#1"}
			}
		}
	],
	"display": {
		"thirdperson_righthand": {
			"rotation": [1, 0, 0],
			"translation": [0, 0.5, -4],
			"scale": [0.6, 0.56, 0.6]
		},
		"thirdperson_lefthand": {
			"rotation": [1, 0, 0],
			"translation": [0, 0.5, -4],
			"scale": [0.6, 0.56, 0.6]
		},
		"firstperson_righthand": {
			"rotation": [0, -1, 0],
			"translation": [-1.75, 3.5, 1],
			"scale": [0.5, 0.5, 0.5]
		},
		"firstperson_lefthand": {
			"rotation": [0, -1, 0],
			"translation": [-1.75, 3.5, 1],
			"scale": [0.5, 0.5, 0.5]
		},
		"ground": {
			"rotation": [22.5, 0, 0],
			"translation": [0, 3, 0],
			"scale": [0.5, 0.5, 0.5]
		},
		"gui": {
			"rotation": [-137, -45, -180],
			"translation": [0.5, -0.5, 0],
			"scale": [0.6, 0.6, 0.6]
		},
		"head": {
			"rotation": [0, 90, 0],
			"translation": [-2.75, 0, 0],
			"scale": [0.8, 0.8, 0.8]
		},
		"fixed": {
			"rotation": [-95, 180, 0],
			"translation": [0, 3, -1]
		}
	}
}