{
	"credit": "Made with Blockbench",
	"textures": {
		"0": "item/guntexture",
		"particle": "item/guntexture"
	},
	"elements": [
		{
			"name": "handle",
			"from": [7, 7, 7],
			"to": [8, 9, 8],
			"rotation": {"angle": 22.5, "axis": "x", "origin": [7, 7, 7]},
			"faces": {
				"north": {"uv": [4, 4, 5, 6], "texture": "#0"},
				"east": {"uv": [5, 0, 6, 2], "texture": "#0"},
				"south": {"uv": [5, 4, 6, 6], "texture": "#0"},
				"west": {"uv": [6, 0, 7, 2], "texture": "#0"},
				"up": {"uv": [8, 1, 7, 0], "texture": "#0"},
				"down": {"uv": [2, 7, 1, 8], "texture": "#0"}
			}
		},
		{
			"name": "connecterhandle",
			"from": [7, 7.84776, 7.76537],
			"to": [8, 8.84776, 8.76537],
			"rotation": {"angle": -45, "axis": "x", "origin": [7, 8.84776, 7.76537]},
			"faces": {
				"north": {"uv": [7, 1, 8, 2], "texture": "#0"},
				"east": {"uv": [7, 2, 8, 3], "texture": "#0"},
				"south": {"uv": [7, 3, 8, 4], "texture": "#0"},
				"west": {"uv": [4, 7, 5, 8], "texture": "#0"},
				"up": {"uv": [8, 5, 7, 4], "texture": "#0"},
				"down": {"uv": [6, 7, 5, 8], "texture": "#0"}
			}
		},
		{
			"name": "woodtohandle",
			"from": [7, 8.55487, 8.47247],
			"to": [8, 9.55487, 9.22247],
			"rotation": {"angle": 0, "axis": "x", "origin": [7, 8.55487, 8.47247]},
			"faces": {
				"north": {"uv": [7, 5, 8, 6], "texture": "#0"},
				"east": {"uv": [6, 7, 7, 8], "texture": "#0"},
				"south": {"uv": [7, 6, 8, 7], "texture": "#0"},
				"west": {"uv": [7, 7, 8, 8], "texture": "#0"},
				"up": {"uv": [1, 9, 0, 8], "texture": "#0"},
				"down": {"uv": [9, 0, 8, 1], "texture": "#0"}
			}
		},
		{
			"name": "backwood",
			"from": [7, 8.5549, 9.2225],
			"to": [8, 9.5549, 10.2225],
			"faces": {
				"north": {"uv": [1, 8, 2, 9], "texture": "#0"},
				"east": {"uv": [8, 1, 9, 2], "texture": "#0"},
				"south": {"uv": [8, 2, 9, 3], "texture": "#0"},
				"west": {"uv": [8, 3, 9, 4], "texture": "#0"},
				"up": {"uv": [5, 9, 4, 8], "texture": "#0"},
				"down": {"uv": [9, 4, 8, 5], "texture": "#0"}
			}
		},
		{
			"name": "mechanismbase",
			"from": [6.999, 8.6049, 8.7225],
			"to": [6.999, 9.5049, 10.9725],
			"faces": {
				"north": {"uv": [1, 8, 2, 9], "texture": "#0"},
				"east": {"uv": [8, 1, 9, 2], "texture": "#0"},
				"south": {"uv": [8, 2, 9, 3], "texture": "#0"},
				"west": {"uv": [10, 0, 16, 3], "texture": "#0"},
				"up": {"uv": [5, 9, 4, 8], "texture": "#0"},
				"down": {"uv": [9, 4, 8, 5], "texture": "#0"}
			}
		},
		{
			"name": "rodattacher",
			"from": [6.899, 9.0124, 9.13],
			"to": [6.999, 9.4124, 9.53],
			"rotation": {"angle": -22.5, "axis": "x", "origin": [6.889, 9.2424, 9.33]},
			"faces": {
				"north": {"uv": [5, 2, 4, 4], "rotation": 180, "texture": "#0"},
				"east": {"uv": [4, 2, 6, 3], "rotation": 270, "texture": "#0"},
				"south": {"uv": [5, 4, 4, 2], "texture": "#0"},
				"west": {"uv": [4, 2, 6, 4], "rotation": 90, "texture": "#0"},
				"up": {"uv": [5, 2, 6, 4], "rotation": 180, "texture": "#0"},
				"down": {"uv": [4, 2, 5, 4], "texture": "#0"}
			}
		},
		{
			"name": "mechanismbottom",
			"from": [6.899, 9.0424, 10.11],
			"to": [6.999, 9.1924, 10.51],
			"rotation": {"angle": 0, "axis": "y", "origin": [0, 0.1875, -0.0625]},
			"faces": {
				"north": {"uv": [4, 2, 5, 3], "texture": "#0"},
				"east": {"uv": [4, 2, 5, 3], "texture": "#0"},
				"south": {"uv": [4, 2, 5, 3], "texture": "#0"},
				"west": {"uv": [4, 2, 5, 3], "texture": "#0"},
				"up": {"uv": [9, 7, 8, 6], "texture": "#0"},
				"down": {"uv": [5, 2, 4, 3], "texture": "#0"}
			}
		},
		{
			"name": "mechanismtop",
			"from": [6.899, 9.24997, 10.569],
			"to": [6.999, 9.64997, 10.619],
			"rotation": {"angle": -45, "axis": "x", "origin": [7, 9.14997, 10.609]},
			"faces": {
				"north": {"uv": [5, 3, 4, 2], "rotation": 180, "texture": "#0"},
				"east": {"uv": [4, 2, 5, 3], "rotation": 90, "texture": "#0"},
				"south": {"uv": [5, 2, 4, 3], "texture": "#0"},
				"west": {"uv": [4, 2, 5, 3], "rotation": 270, "texture": "#0"},
				"up": {"uv": [4, 2, 5, 3], "texture": "#0"},
				"down": {"uv": [4, 2, 5, 3], "rotation": 180, "texture": "#0"}
			}
		},
		{
			"name": "mechanismgrip",
			"from": [6.899, 9.45855, 10.67757],
			"to": [6.999, 9.50855, 11.43757],
			"rotation": {"angle": -45, "axis": "x", "origin": [7, 9.00855, 10.46757]},
			"faces": {
				"north": {"uv": [5, 3, 4, 2], "rotation": 180, "texture": "#0"},
				"east": {"uv": [4, 2, 5, 3], "rotation": 90, "texture": "#0"},
				"south": {"uv": [5, 2, 4, 3], "texture": "#0"},
				"west": {"uv": [4, 2, 5, 3], "rotation": 270, "texture": "#0"},
				"up": {"uv": [4, 2, 5, 3], "texture": "#0"},
				"down": {"uv": [4, 2, 5, 3], "rotation": 180, "texture": "#0"}
			}
		},
		{
			"name": "rod",
			"from": [6.899, 9.0124, 9.53],
			"to": [6.999, 9.1624, 10.28],
			"rotation": {"angle": -22.5, "axis": "x", "origin": [6.889, 9.2424, 9.33]},
			"faces": {
				"north": {"uv": [5, 2, 4, 3], "rotation": 180, "texture": "#0"},
				"east": {"uv": [4, 2, 5, 3], "rotation": 270, "texture": "#0"},
				"south": {"uv": [5, 3, 4, 2], "texture": "#0"},
				"west": {"uv": [4, 2, 5, 3], "rotation": 90, "texture": "#0"},
				"up": {"uv": [4, 2, 5, 3], "rotation": 180, "texture": "#0"},
				"down": {"uv": [4, 2, 5, 3], "texture": "#0"}
			}
		},
		{
			"name": "flint",
			"from": [6.899, 8.8624, 10.03],
			"to": [6.999, 9.0124, 10.28],
			"rotation": {"angle": -22.5, "axis": "x", "origin": [6.889, 9.2424, 9.33]},
			"faces": {
				"north": {"uv": [13, 6, 12, 7], "rotation": 180, "texture": "#0"},
				"east": {"uv": [12, 4, 13, 7], "rotation": 270, "texture": "#0"},
				"south": {"uv": [13, 5, 12, 4], "texture": "#0"},
				"west": {"uv": [12, 4, 13, 7], "rotation": 90, "texture": "#0"},
				"up": {"uv": [12, 4, 13, 5], "rotation": 180, "texture": "#0"},
				"down": {"uv": [12, 4, 13, 7], "texture": "#0"}
			}
		},
		{
			"name": "frontwood",
			"from": [7, 8.5549, 10.2225],
			"to": [8, 9.5539, 11.2225],
			"faces": {
				"north": {"uv": [4, 6, 5, 7], "texture": "#0"},
				"east": {"uv": [6, 4, 7, 5], "texture": "#0"},
				"south": {"uv": [5, 6, 6, 7], "texture": "#0"},
				"west": {"uv": [6, 5, 7, 6], "texture": "#0"},
				"up": {"uv": [7, 7, 6, 6], "texture": "#0"},
				"down": {"uv": [1, 7, 0, 8], "texture": "#0"}
			}
		},
		{
			"name": "barrel",
			"from": [7.25, 9.0549, 10.2225],
			"to": [7.75, 9.5549, 14.7225],
			"faces": {
				"north": {"uv": [6, 8, 7, 9], "texture": "#0"},
				"east": {"uv": [11, 1, 16, 2], "texture": "#0"},
				"south": {"uv": [8, 6, 9, 7], "texture": "#0"},
				"west": {"uv": [11, 1, 16, 2], "texture": "#0"},
				"up": {"uv": [3, 9, 2, 4], "texture": "#0"},
				"down": {"uv": [4, 4, 3, 9], "texture": "#0"}
			}
		},
		{
			"name": "metal",
			"from": [7.25, 8.5649, 10.2225],
			"to": [7.74, 9.0449, 14.7225],
			"faces": {
				"north": {"uv": [5, 8, 6, 9], "texture": "#0"},
				"east": {"uv": [0, 0, 5, 1], "texture": "#0"},
				"south": {"uv": [8, 5, 9, 6], "texture": "#0"},
				"west": {"uv": [0, 1, 5, 2], "texture": "#0"},
				"up": {"uv": [2, 7, 1, 2], "texture": "#0"},
				"down": {"uv": [2, 2, 1, 7], "texture": "#0"}
			}
		}
	],
	"overrides": [
		{"predicate": {"charged": 1}, "model": "item/crossbow_charged"}
	],
	"display": {
		"thirdperson_righthand": {
			"rotation": [0, -180, 0],
			"translation": [-1, -1, 2],
			"scale": [2, 2, 2]
		},
		"thirdperson_lefthand": {
			"rotation": [0, -180, 0],
			"translation": [1, -1, 2],
			"scale": [2, 2, 2]
		},
		"firstperson_righthand": {
			"rotation": [0, -180, 0],
			"translation": [-2, 3.5, 4.5],
			"scale": [1.96, 1, 1.54]
		},
		"firstperson_lefthand": {
			"rotation": [0, -180, 0],
			"translation": [-0.75, 3.5, 4.5],
			"scale": [1.96, 1, 1.54]
		},
		"ground": {
			"translation": [0.25, 3.5, -2.5]
		},
		"gui": {
			"rotation": [-90, 45, 90],
			"translation": [-2.75, -4.25, 1],
			"scale": [2, 2, 2]
		},
		"head": {
			"rotation": [0, -90, 0],
			"translation": [6.25, -0.5, 0],
			"scale": [2, 2, 2]
		},
		"fixed": {
			"rotation": [0, -90, 0],
			"translation": [5.75, 0, 1],
			"scale": [2, 2, 2]
		}
	}
}