{
	"credit": "Made with Blockbench",
	"texture_size": [32, 32],
	"textures": {
		"0": "item/guntexture2",
		"particle": "item/guntexture2"
	},
	"elements": [
		{
			"name": "cylinder",
			"from": [6, 7, 4],
			"to": [9, 10, 8],
			"rotation": {"angle": 0, "axis": "z", "origin": [7.5, 8.5, 8]},
			"faces": {
				"north": {"uv": [4.5, 1, 6, 2.5], "texture": "#0"},
				"east": {"uv": [12, 1.5, 15, 3], "texture": "#0"},
				"south": {"uv": [4.5, 2.5, 6, 4], "texture": "#0"},
				"west": {"uv": [12, 0, 15, 1.5], "texture": "#0"},
				"up": {"uv": [12, 6, 10.5, 3], "texture": "#0"},
				"down": {"uv": [12, 0, 10.5, 3], "texture": "#0"}
			}
		},
		{
			"name": "barrel",
			"from": [7.125, 9.2185, -6.656],
			"to": [7.875, 9.9685, 4.0315],
			"rotation": {"angle": 0, "axis": "x", "origin": [7.125, 10.82466, 1.1565]},
			"faces": {
				"north": {"uv": [9.5, 6, 10, 6.5], "texture": "#0"},
				"east": {"uv": [3.5, 0, 9, 0.5], "texture": "#0"},
				"south": {"uv": [6.5, 9.5, 7, 10], "texture": "#0"},
				"west": {"uv": [3.5, 0.5, 9, 1], "texture": "#0"},
				"up": {"uv": [0.5, 8.5, 0, 3], "texture": "#0"},
				"down": {"uv": [1, 3, 0.5, 8.5], "texture": "#0"}
			}
		},
		{
			"name": "uhandle",
			"from": [6.4999, 5.73223, 8.36167],
			"to": [8.5019, 7.73223, 10.36167],
			"rotation": {"angle": -45, "axis": "x", "origin": [6.49, 5.73223, 9.86167]},
			"faces": {
				"north": {"uv": [1, 8, 2, 9], "texture": "#0"},
				"east": {"uv": [8, 1, 9, 2], "texture": "#0"},
				"south": {"uv": [2, 8, 3, 9], "texture": "#0"},
				"west": {"uv": [8, 2, 9, 3], "texture": "#0"},
				"up": {"uv": [4, 9, 3, 8], "texture": "#0"},
				"down": {"uv": [5, 8, 4, 9], "texture": "#0"}
			}
		},
		{
			"name": "handle",
			"from": [6.5001, 1.58579, 8.21523],
			"to": [8.4981, 6.08579, 10.21523],
			"rotation": {"angle": 0, "axis": "x", "origin": [6.5, 5.08579, 8.21523]},
			"faces": {
				"north": {"uv": [1, 3, 2, 5.5], "texture": "#0"},
				"east": {"uv": [3.5, 1, 4.5, 3.5], "texture": "#0"},
				"south": {"uv": [3.5, 3.5, 4.5, 6], "texture": "#0"},
				"west": {"uv": [2, 4, 3, 6.5], "texture": "#0"},
				"up": {"uv": [7.5, 8.5, 6.5, 7.5], "texture": "#0"},
				"down": {"uv": [8.5, 7.5, 7.5, 8.5], "texture": "#0"}
			}
		},
		{
			"name": "underbarrel",
			"from": [7.25, 8.656, -4.3435],
			"to": [7.75, 9.156, 1.1565],
			"rotation": {"angle": 0, "axis": "x", "origin": [7.25, 10.26216, -1.781]},
			"faces": {
				"north": {"uv": [9.5, 3.5, 10, 4], "texture": "#0"},
				"east": {"uv": [6, 3, 9, 3.5], "texture": "#0"},
				"south": {"uv": [4, 9.5, 4.5, 10], "texture": "#0"},
				"west": {"uv": [6, 3.5, 9, 4], "texture": "#0"},
				"up": {"uv": [5.5, 9, 5, 6], "texture": "#0"},
				"down": {"uv": [6, 6, 5.5, 9], "texture": "#0"}
			}
		},
		{
			"name": "tw",
			"from": [7.5, 9.40609, 7.95983],
			"to": [7.5, 10.90609, 9.20983],
			"rotation": {"angle": 0, "axis": "x", "origin": [7.5, 9.3, 8.3]},
			"faces": {
				"north": {"uv": [0, 0, 0, 0.5], "texture": "#0"},
				"east": {"uv": [16, 4.5, 12.5, 8], "texture": "#0"},
				"south": {"uv": [0, 0, 0, 0.5], "texture": "#0"},
				"west": {"uv": [12.5, 4.5, 16, 8], "texture": "#0"},
				"up": {"uv": [0, 0.5, 0, 0], "texture": "#0"},
				"down": {"uv": [0, 0, 0, 0.5], "texture": "#0"}
			}
		},
		{
			"name": "underbarrelc",
			"from": [7, 7.406, 0.1565],
			"to": [8, 9.281, 1.4065],
			"rotation": {"angle": 0, "axis": "x", "origin": [7.25, 9.44966, 0.2815]},
			"faces": {
				"north": {"uv": [2.5, 9, 3, 10], "texture": "#0"},
				"east": {"uv": [9, 2.5, 9.5, 3.5], "texture": "#0"},
				"south": {"uv": [3, 9, 3.5, 10], "texture": "#0"},
				"west": {"uv": [3.5, 9, 4, 10], "texture": "#0"},
				"up": {"uv": [10, 5, 9.5, 4.5], "texture": "#0"},
				"down": {"uv": [5.5, 9.5, 5, 10], "texture": "#0"}
			}
		},
		{
			"name": "bunderbarrel",
			"from": [7.25, 7.4685, 0.219],
			"to": [7.75, 7.9685, 3.1565],
			"rotation": {"angle": 0, "axis": "x", "origin": [7.25, 9.07466, 0.2815]},
			"faces": {
				"north": {"uv": [5.5, 9.5, 6, 10], "texture": "#0"},
				"east": {"uv": [8.5, 5, 10, 5.5], "texture": "#0"},
				"south": {"uv": [6, 9.5, 6.5, 10], "texture": "#0"},
				"west": {"uv": [8.5, 5.5, 10, 6], "texture": "#0"},
				"up": {"uv": [6.5, 9.5, 6, 8], "texture": "#0"},
				"down": {"uv": [0.5, 8.5, 0, 10], "texture": "#0"}
			}
		},
		{
			"name": "bp3",
			"from": [6.5, 6.04366, 3.13236],
			"to": [8.5, 9.98116, 4.13236],
			"rotation": {"angle": 0, "axis": "x", "origin": [7, 8.91866, 4.98851]},
			"faces": {
				"north": {"uv": [4.5, 4, 5.5, 6], "texture": "#0"},
				"east": {"uv": [3, 4, 3.5, 6], "texture": "#0"},
				"south": {"uv": [1, 5.5, 2, 7.5], "texture": "#0"},
				"west": {"uv": [6, 6, 6.5, 8], "texture": "#0"},
				"up": {"uv": [8.5, 9, 7.5, 8.5], "texture": "#0"},
				"down": {"uv": [9.5, 7.5, 8.5, 8], "texture": "#0"}
			}
		},
		{
			"name": "bp2",
			"from": [6.5, 8.04366, 1.13236],
			"to": [8.5, 9.66866, 3.13236],
			"rotation": {"angle": 0, "axis": "x", "origin": [7, 8.91866, 3.98851]},
			"faces": {
				"north": {"uv": [2, 6.5, 3, 7.5], "texture": "#0"},
				"east": {"uv": [6.5, 4, 7.5, 5], "texture": "#0"},
				"south": {"uv": [6.5, 5, 7.5, 6], "texture": "#0"},
				"west": {"uv": [6.5, 6, 7.5, 7], "texture": "#0"},
				"up": {"uv": [8, 2, 7, 1], "texture": "#0"},
				"down": {"uv": [8, 2, 7, 3], "texture": "#0"}
			}
		},
		{
			"name": "tp",
			"from": [6.5, 9.9685, 3.969],
			"to": [8.5, 10.3435, 7.6565],
			"rotation": {"angle": 0, "axis": "x", "origin": [7, 11.19966, 4.7815]},
			"faces": {
				"north": {"uv": [8.5, 8, 9.5, 8.5], "texture": "#0"},
				"east": {"uv": [6.5, 7, 8.5, 7.5], "texture": "#0"},
				"south": {"uv": [8.5, 8.5, 9.5, 9], "texture": "#0"},
				"west": {"uv": [1, 7.5, 3, 8], "texture": "#0"},
				"up": {"uv": [6.5, 6, 5.5, 4], "texture": "#0"},
				"down": {"uv": [7, 1, 6, 3], "texture": "#0"}
			}
		},
		{
			"name": "bp",
			"from": [6.5, 6, 4.11351],
			"to": [8.5, 7, 7.98851],
			"rotation": {"angle": 0, "axis": "x", "origin": [7, 7.85616, 5.11351]},
			"faces": {
				"north": {"uv": [9, 0, 10, 0.5], "texture": "#0"},
				"east": {"uv": [7.5, 4, 9.5, 4.5], "texture": "#0"},
				"south": {"uv": [9, 0.5, 10, 1], "texture": "#0"},
				"west": {"uv": [7.5, 4.5, 9.5, 5], "texture": "#0"},
				"up": {"uv": [4, 8, 3, 6], "texture": "#0"},
				"down": {"uv": [5, 6, 4, 8], "texture": "#0"}
			}
		},
		{
			"name": "bw",
			"from": [6.5, 6, 7.98851],
			"to": [8.5, 8, 8.86351],
			"rotation": {"angle": 0, "axis": "x", "origin": [7, 8.85616, 5.98851]},
			"faces": {
				"north": {"uv": [7.5, 5, 8.5, 6], "texture": "#0"},
				"east": {"uv": [1, 9, 1.5, 10], "texture": "#0"},
				"south": {"uv": [7.5, 6, 8.5, 7], "texture": "#0"},
				"west": {"uv": [9, 1, 9.5, 2], "texture": "#0"},
				"up": {"uv": [2.5, 9.5, 1.5, 9], "texture": "#0"},
				"down": {"uv": [10, 2, 9, 2.5], "texture": "#0"}
			}
		},
		{
			"name": "rw",
			"from": [5.76884, 8, 8.61351],
			"to": [7.16884, 9, 9.61351],
			"rotation": {"angle": 45, "axis": "y", "origin": [6.14384, 8, 6.61351]},
			"faces": {
				"north": {"uv": [9, 3.5, 9.5, 4], "texture": "#0"},
				"east": {"uv": [4, 9, 4.5, 9.5], "texture": "#0"},
				"south": {"uv": [4.5, 9, 5, 9.5], "texture": "#0"},
				"west": {"uv": [5, 9, 5.5, 9.5], "texture": "#0"},
				"up": {"uv": [6, 9.5, 5.5, 9], "texture": "#0"},
				"down": {"uv": [7, 9, 6.5, 9.5], "texture": "#0"}
			}
		},
		{
			"name": "lw",
			"from": [6.60732, 8, 7.56811],
			"to": [8.00732, 9, 8.56811],
			"rotation": {"angle": -45, "axis": "y", "origin": [6.98232, 8, 7.56811]},
			"faces": {
				"north": {"uv": [9, 6.5, 9.5, 7], "texture": "#0"},
				"east": {"uv": [7, 9, 7.5, 9.5], "texture": "#0"},
				"south": {"uv": [9, 7, 9.5, 7.5], "texture": "#0"},
				"west": {"uv": [7.5, 9, 8, 9.5], "texture": "#0"},
				"up": {"uv": [8.5, 9.5, 8, 9], "texture": "#0"},
				"down": {"uv": [9, 9, 8.5, 9.5], "texture": "#0"}
			}
		},
		{
			"name": "tw",
			"from": [7, 9.09359, 9.20983],
			"to": [8, 10.09359, 11.10983],
			"rotation": {"angle": 45, "axis": "x", "origin": [7, 12.09359, 8.73483]},
			"faces": {
				"north": {"uv": [9, 9, 9.5, 9.5], "texture": "#0"},
				"east": {"uv": [8.5, 6, 9.5, 6.5], "texture": "#0"},
				"south": {"uv": [0.5, 9.5, 1, 10], "texture": "#0"},
				"west": {"uv": [6.5, 8.5, 7.5, 9], "texture": "#0"},
				"up": {"uv": [1, 9.5, 0.5, 8.5], "texture": "#0"},
				"down": {"uv": [9, 6.5, 8.5, 7.5], "texture": "#0"}
			}
		},
		{
			"name": "tb",
			"from": [7, 8, 8],
			"to": [8, 9, 9],
			"faces": {
				"north": {"uv": [9.5, 1, 10, 1.5], "texture": "#0"},
				"east": {"uv": [1.5, 9.5, 2, 10], "texture": "#0"},
				"south": {"uv": [9.5, 1.5, 10, 2], "texture": "#0"},
				"west": {"uv": [2, 9.5, 2.5, 10], "texture": "#0"},
				"up": {"uv": [10, 3, 9.5, 2.5], "texture": "#0"},
				"down": {"uv": [10, 3, 9.5, 3.5], "texture": "#0"}
			}
		}
	],
	"overrides": [
		{"predicate": {"pulling": 1, "pull": 0}, "model": "item/crossbow_pulling_0"},
		{"predicate": {"pulling": 1, "pull": 0.5}, "model": "item/crossbow_pulling_1"},
		{"predicate": {"pulling": 1, "pull": 1}, "model": "item/crossbow_pulling_2"}
	],
	"display": {
		"thirdperson_righthand": {
			"translation": [0.25, 1, 0.75],
			"scale": [0.75, 0.75, 0.75]
		},
		"thirdperson_lefthand": {
			"translation": [-0.25, 1, 0.75],
			"scale": [0.75, 0.75, 0.75]
		},
		"firstperson_righthand": {
			"translation": [-1.25, 4, 4.5],
			"scale": [0.5, 0.5, 0.5]
		},
		"firstperson_lefthand": {
			"translation": [-1.25, 4, 4.5],
			"scale": [0.5, 0.5, 0.5]
		},
		"ground": {
			"translation": [0, 3, 2.5],
			"scale": [0.5, 0.5, 0.5]
		},
		"gui": {
			"rotation": [90, -62, 90],
			"translation": [-5.5, -1, -0.5]
		},
		"head": {
			"rotation": [0, 90, 0],
			"translation": [4.5, 1.25, -0.25],
			"scale": [0.8, 0.8, 0.8]
		},
		"fixed": {
			"rotation": [0, 90, 0],
			"translation": [5.75, 1, -0.5]
		}
	},
	"groups": [
		0,
		1,
		2,
		3,
		{
			"name": "underbarrel",
			"origin": [7.25, 9.07466, 0.2815],
			"color": 0,
			"children": [4, 5, 6, 7]
		},
		{
			"name": "connecters",
			"origin": [7, 8.85616, 5.98851],
			"color": 0,
			"children": [8, 9, 10, 11, 12]
		},
		{
			"name": "back",
			"origin": [0, 0, 0],
			"color": 0,
			"children": [13, 14, 15, 16]
		}
	]
}