{
	"credit": "Made with Blockbench",
	"textures": {
		"flint_and_steel": "block/3dstuff/flint_and_steel"
	},
	"elements": [
		{
			"name": "flame_body1",
			"from": [11, 5, 7],
			"to": [12.5, 8, 8],
			"faces": {
				"north": {"uv": [3, 0, 4.5, 3], "rotation": 180, "texture": "#flint_and_steel"},
				"east": {"uv": [4, 0, 5, 3], "texture": "#flint_and_steel"},
				"south": {"uv": [3, 0, 4.5, 3], "texture": "#flint_and_steel"},
				"west": {"uv": [0, 0, 1, 3], "texture": "#flint_and_steel"},
				"up": {"uv": [3, 0, 4.5, 1], "texture": "#flint_and_steel"},
				"down": {"uv": [3, 0, 4.5, 1], "texture": "#flint_and_steel"}
			}
		},
		{
			"name": "flame_body2",
			"from": [12, 8.5, 7],
			"to": [16, 9.5, 8],
			"rotation": {"angle": -22.5, "axis": "z", "origin": [8, 8, 8]},
			"faces": {
				"north": {"uv": [4, 0, 8, 1], "texture": "#flint_and_steel"},
				"east": {"uv": [4, 4, 5, 5], "texture": "#flint_and_steel"},
				"south": {"uv": [4, 0, 8, 1], "texture": "#flint_and_steel"},
				"up": {"uv": [4, 0, 8, 1], "texture": "#flint_and_steel"},
				"down": {"uv": [4, 0, 8, 1], "texture": "#flint_and_steel"}
			}
		},
		{
			"name": "flame_body3",
			"from": [15.5, 7.5, 7.25],
			"to": [16, 8.5, 7.75],
			"rotation": {"angle": -22.5, "axis": "z", "origin": [8, 8, 8]},
			"faces": {
				"north": {"uv": [4, 0, 4.5, 1], "texture": "#flint_and_steel"},
				"east": {"uv": [4, 0, 4.5, 1], "texture": "#flint_and_steel"},
				"south": {"uv": [4, 0, 4.5, 1], "texture": "#flint_and_steel"},
				"west": {"uv": [4, 0, 4.5, 1], "texture": "#flint_and_steel"}
			}
		},
		{
			"name": "flame_body4",
			"from": [13, 7, 7.25],
			"to": [16, 7.5, 7.75],
			"rotation": {"angle": -22.5, "axis": "z", "origin": [8, 8, 8]},
			"faces": {
				"north": {"uv": [4, 0, 7, 0.5], "texture": "#flint_and_steel"},
				"east": {"uv": [4, 0, 4.5, 0.5], "texture": "#flint_and_steel"},
				"south": {"uv": [4, 0, 7, 0.5], "texture": "#flint_and_steel"},
				"up": {"uv": [4, 0, 7, 0.5], "texture": "#flint_and_steel"},
				"down": {"uv": [4, 0, 7, 0.5], "texture": "#flint_and_steel"}
			}
		},
		{
			"name": "flame_body5",
			"from": [10, 7, 7],
			"to": [11, 8, 8],
			"faces": {
				"north": {"uv": [0, 0, 1, 1], "texture": "#flint_and_steel"},
				"south": {"uv": [0, 0, 1, 1], "texture": "#flint_and_steel"},
				"west": {"uv": [0, 0, 1, 1], "texture": "#flint_and_steel"},
				"up": {"uv": [0, 0, 1, 1], "texture": "#flint_and_steel"}
			}
		},
		{
			"name": "flame_barrel1",
			"from": [2, 7.25, 7.25],
			"to": [10, 7.75, 7.75],
			"faces": {
				"north": {"uv": [8, 0, 16, 0.5], "texture": "#flint_and_steel"},
				"south": {"uv": [8, 0, 16, 0.5], "rotation": 180, "texture": "#flint_and_steel"},
				"up": {"uv": [8, 0, 16, 0.5], "rotation": 180, "texture": "#flint_and_steel"},
				"down": {"uv": [8, 0, 16, 0.5], "rotation": 180, "texture": "#flint_and_steel"}
			}
		},
		{
			"name": "flame_barrel2",
			"from": [0, 7, 7],
			"to": [2, 8, 8],
			"faces": {
				"north": {"uv": [3, 4, 5, 5], "texture": "#flint_and_steel"},
				"east": {"uv": [0, 4, 1, 5], "texture": "#flint_and_steel"},
				"south": {"uv": [3, 4, 5, 5], "rotation": 180, "texture": "#flint_and_steel"},
				"west": {"uv": [4, 4, 5, 5], "texture": "#flint_and_steel"},
				"up": {"uv": [2, 4, 4, 5], "rotation": 180, "texture": "#flint_and_steel"},
				"down": {"uv": [3, 4, 5, 5], "rotation": 180, "texture": "#flint_and_steel"}
			}
		},
		{
			"name": "flame_body6",
			"from": [5, 6.5, 7],
			"to": [11, 7, 8],
			"faces": {
				"north": {"uv": [0, 4, 4, 4.5], "texture": "#flint_and_steel"},
				"south": {"uv": [0, 4, 4, 4.5], "texture": "#flint_and_steel"},
				"west": {"uv": [0, 4, 1, 4.5], "texture": "#flint_and_steel"},
				"up": {"uv": [0, 4, 4, 5], "texture": "#flint_and_steel"},
				"down": {"uv": [0, 4, 4, 5], "texture": "#flint_and_steel"}
			}
		},
		{
			"name": "flame_body8",
			"from": [5, 6.25, 8],
			"to": [5.75, 7, 10.5],
			"faces": {
				"north": {"uv": [0, 4, 0.75, 6], "texture": "#flint_and_steel"},
				"east": {"uv": [0, 4, 0.75, 6], "texture": "#flint_and_steel"},
				"south": {"uv": [0, 4, 0.75, 6], "texture": "#flint_and_steel"},
				"west": {"uv": [0, 4, 0.75, 6], "texture": "#flint_and_steel"},
				"up": {"uv": [0, 4, 0.75, 6.5], "texture": "#flint_and_steel"},
				"down": {"uv": [0, 4, 0.75, 4.75], "texture": "#flint_and_steel"}
			}
		},
		{
			"name": "flame_body7",
			"from": [10.5, 5.375, 7.125],
			"to": [11, 6.125, 7.875],
			"faces": {
				"north": {"uv": [4, 4, 4.5, 4.75], "texture": "#flint_and_steel"},
				"south": {"uv": [4, 4, 4.5, 4.75], "texture": "#flint_and_steel"},
				"up": {"uv": [4, 4, 4.5, 4.75], "texture": "#flint_and_steel"},
				"down": {"uv": [4, 4, 4.5, 4.75], "texture": "#flint_and_steel"}
			}
		},
		{
			"name": "flame_mag1",
			"from": [6.5, 5, 6.75],
			"to": [10.5, 6.5, 8.25],
			"faces": {
				"north": {"uv": [8, 4, 12, 5.5], "texture": "#flint_and_steel"},
				"east": {"uv": [0, 4, 1.5, 5.5], "texture": "#flint_and_steel"},
				"south": {"uv": [8, 4, 12, 5.5], "texture": "#flint_and_steel"},
				"west": {"uv": [0, 4, 1.5, 5.5], "texture": "#flint_and_steel"},
				"up": {"uv": [8, 4, 12, 5.5], "texture": "#flint_and_steel"},
				"down": {"uv": [8, 4, 12, 5.5], "texture": "#flint_and_steel"}
			}
		},
		{
			"name": "flame_body9",
			"from": [12.5, 8.25, 7.375],
			"to": [15, 8.5, 7.625],
			"rotation": {"angle": -22.5, "axis": "z", "origin": [8, 8, 8]},
			"faces": {
				"north": {"uv": [8, 0, 10.5, 0.25], "texture": "#flint_and_steel"},
				"east": {"uv": [8, 0, 8.25, 0.25], "texture": "#flint_and_steel"},
				"south": {"uv": [8, 0, 10.5, 0.25], "texture": "#flint_and_steel"},
				"down": {"uv": [8, 0, 10.5, 0.25], "texture": "#flint_and_steel"}
			}
		}
	],
	"display": {
		"thirdperson_righthand": {
			"rotation": [0, 270, 0],
			"translation": [-1, 2, -6],
			"scale": [1.09, 1.69, 2.1]
		},
		"thirdperson_lefthand": {
			"rotation": [0, 90, 0],
			"translation": [1, 2, -6],
			"scale": [1.09, 1.69, 2.1]
		},
		"firstperson_righthand": {
			"rotation": [0, 275, -1],
			"translation": [-2.75, 6.25, 2],
			"scale": [0.78, 1, 1]
		},
		"firstperson_lefthand": {
			"rotation": [0, 103, -1],
			"translation": [-2.75, 6.25, 2],
			"scale": [0.78, 1, 1]
		},
		"ground": {
			"rotation": [0, 0, 340],
			"translation": [0, 3, 0],
			"scale": [0.75, 0.75, 0.75]
		},
		"gui": {
			"rotation": [0, 0, 320],
			"translation": [0, 1, 0]
		},
		"head": {
			"translation": [0, 2.25, 0],
			"scale": [1.5, 1.5, 1.5]
		},
		"fixed": {
			"rotation": [0, 180, 320],
			"translation": [0, 1, 0],
			"scale": [1.2, 1.2, 1.2]
		}
	}
}