{
	"credit": "Made with Blockbench",
	"texture_size": [32, 32],
	"textures": {
		"0": "item/spas_12",
		"particle": "item/spas_12"
	},
	"elements": [
		{
			"name": "reciever",
			"from": [7.5, 8, 6.5],
			"to": [8.5, 10, 15.5],
			"rotation": {"angle": 0, "axis": "y", "origin": [8, 9, 7]},
			"faces": {
				"north": {"uv": [1, 2.5, 1.5, 3.5], "texture": "#0"},
				"east": {"uv": [13, 8.5, 8.5, 9.5], "texture": "#0"},
				"south": {"uv": [1, 2.5, 1.5, 3.5], "texture": "#0"},
				"west": {"uv": [8.5, 7, 13, 8], "texture": "#0"},
				"up": {"uv": [8.5, 6.5, 13, 7], "rotation": 90, "texture": "#0"},
				"down": {"uv": [8.5, 8, 13, 8.5], "rotation": 270, "texture": "#0"}
			}
		},
		{
			"name": "guard",
			"from": [7.25, 7.5, -7],
			"to": [8.75, 10.5, 7],
			"rotation": {"angle": 0, "axis": "y", "origin": [8, 9, 7]},
			"faces": {
				"north": {"uv": [0, 0.5, 0.5, 2], "texture": "#0"},
				"east": {"uv": [7.5, 0.5, 0.5, 2], "texture": "#0"},
				"south": {"uv": [7.5, 0.5, 8, 2], "texture": "#0"},
				"west": {"uv": [0.5, 0.5, 7.5, 2], "texture": "#0"},
				"up": {"uv": [0.5, 0, 7.5, 0.5], "rotation": 90, "texture": "#0"},
				"down": {"uv": [0.5, 2, 7.5, 2.5], "rotation": 270, "texture": "#0"}
			}
		},
		{
			"name": "grip",
			"from": [6.75, 6.5, -8],
			"to": [9.25, 9.5, 3],
			"rotation": {"angle": 0, "axis": "y", "origin": [8, 9, 7]},
			"faces": {
				"north": {"uv": [0, 8, 1.5, 9.5], "texture": "#0"},
				"east": {"uv": [1.5, 8, 7, 9.5], "texture": "#0"},
				"south": {"uv": [8.5, 8, 7, 9.5], "texture": "#0"},
				"west": {"uv": [1.5, 8, 7, 9.5], "texture": "#0"},
				"up": {"uv": [1.5, 6.5, 7, 8], "rotation": 90, "texture": "#0"},
				"down": {"uv": [1.5, 9.5, 7, 11], "rotation": 270, "texture": "#0"}
			}
		},
		{
			"name": "barrel",
			"from": [7.25, 8.75, -15.25],
			"to": [8.75, 10.25, -12.75],
			"rotation": {"angle": 0, "axis": "y", "origin": [8, 9, 7]},
			"faces": {
				"north": {"uv": [8, 0.5, 8.5, 1], "texture": "#0"},
				"east": {"uv": [8.5, 0.5, 9.5, 1], "texture": "#0"},
				"south": {"uv": [9.5, 0.5, 10, 1], "texture": "#0"},
				"west": {"uv": [8.5, 0.5, 9.5, 1], "texture": "#0"},
				"up": {"uv": [8.5, 0, 9.5, 0.5], "rotation": 90, "texture": "#0"},
				"down": {"uv": [8.5, 1, 9.5, 1.5], "rotation": 270, "texture": "#0"}
			}
		},
		{
			"name": "barrel",
			"from": [7.5, 9, -13],
			"to": [8.5, 10, -7],
			"rotation": {"angle": 0, "axis": "y", "origin": [8, 9, 7]},
			"faces": {
				"north": {"uv": [5, 2, 5.5, 2.5], "texture": "#0"},
				"east": {"uv": [10, 0.5, 13, 1], "texture": "#0"},
				"south": {"uv": [5, 2, 5.5, 2.5], "texture": "#0"},
				"west": {"uv": [10, 0.5, 13, 1], "texture": "#0"},
				"up": {"uv": [10, 0, 13, 0.5], "rotation": 90, "texture": "#0"},
				"down": {"uv": [10, 1, 13, 1.5], "rotation": 270, "texture": "#0"}
			}
		},
		{
			"name": "barrel",
			"from": [7.5, 8, -14.5],
			"to": [8.5, 9, -6.5],
			"rotation": {"angle": 45, "axis": "z", "origin": [8, 8.5, -7]},
			"faces": {
				"north": {"uv": [8.5, 1.5, 9, 2], "texture": "#0"},
				"east": {"uv": [9, 2, 13, 2.5], "texture": "#0"},
				"south": {"uv": [8.5, 1.5, 9, 2], "texture": "#0"},
				"west": {"uv": [9, 2, 13, 2.5], "texture": "#0"},
				"up": {"uv": [9, 1.5, 13, 2], "rotation": 90, "texture": "#0"},
				"down": {"uv": [9, 2, 13, 2.5], "rotation": 270, "texture": "#0"}
			}
		},
		{
			"name": "handle",
			"from": [7.5, 3, 14.5],
			"to": [8.5, 8, 16.5],
			"rotation": {"angle": -22.5, "axis": "x", "origin": [8, 8, 14.5]},
			"faces": {
				"north": {"uv": [10, 4, 10.5, 6.5], "texture": "#0"},
				"east": {"uv": [10.5, 4, 11.5, 6.5], "texture": "#0"},
				"south": {"uv": [11.5, 4, 12, 6.5], "texture": "#0"},
				"west": {"uv": [10.5, 4, 11.5, 6.5], "texture": "#0"},
				"up": {"uv": [10.5, 4, 11.5, 4.5], "rotation": 90, "texture": "#0"},
				"down": {"uv": [10.5, 6, 11.5, 6.5], "rotation": 270, "texture": "#0"}
			}
		},
		{
			"name": "trigger",
			"from": [8, 6, 10.5],
			"to": [8, 8, 15.5],
			"rotation": {"angle": 0, "axis": "y", "origin": [8, 9, 7]},
			"faces": {
				"east": {"uv": [7, 10, 9.5, 11], "texture": "#0"},
				"west": {"uv": [7, 10, 9.5, 11], "texture": "#0"}
			}
		},
		{
			"name": "stock",
			"from": [7, 10, 1],
			"to": [9, 12, 11],
			"rotation": {"angle": 0, "axis": "y", "origin": [8, 9, 7]},
			"faces": {
				"north": {"uv": [0.25, 4, 1.25, 5.5], "texture": "#0"},
				"east": {"uv": [6.5, 4, 1.5, 5.5], "texture": "#0"},
				"south": {"uv": [6, 4, 6.5, 5.5], "texture": "#0"},
				"west": {"uv": [1.5, 4, 6.5, 5.5], "texture": "#0"},
				"up": {"uv": [1.5, 2.75, 6.5, 3.75], "rotation": 90, "texture": "#0"},
				"down": {"uv": [1.5, 5.5, 6.5, 6.5], "rotation": 270, "texture": "#0"}
			}
		},
		{
			"name": "stock",
			"from": [7.25, 10, 11],
			"to": [8.75, 12, 18],
			"rotation": {"angle": 22.5, "axis": "x", "origin": [8, 12, 11]},
			"faces": {
				"north": {"uv": [10, 2.75, 11, 3.75], "rotation": 90, "texture": "#0"},
				"east": {"uv": [10, 4, 6.5, 5], "texture": "#0"},
				"south": {"uv": [10, 2.75, 11, 3.75], "rotation": 90, "texture": "#0"},
				"west": {"uv": [6.5, 4, 10, 5], "texture": "#0"},
				"up": {"uv": [6.5, 2.75, 10, 3.75], "rotation": 90, "texture": "#0"},
				"down": {"uv": [6.5, 5, 10, 6], "rotation": 270, "texture": "#0"}
			}
		},
		{
			"name": "sight",
			"from": [7.5, 10, -12],
			"to": [8.5, 11, -12],
			"rotation": {"angle": 0, "axis": "y", "origin": [8, 9, 7]},
			"faces": {
				"north": {"uv": [8.5, 2, 9, 2.5], "texture": "#0"},
				"south": {"uv": [8.5, 2, 9, 2.5], "texture": "#0"}
			}
		},
		{
			"name": "harness",
			"from": [7.5, 3, -10],
			"to": [7.5, 9, 16],
			"rotation": {"angle": -22.5, "axis": "z", "origin": [7.5, 9, 8]},
			"faces": {
				"east": {"uv": [13, 11, 0, 14], "texture": "#0"},
				"west": {"uv": [0, 11, 13, 14], "texture": "#0"}
			}
		}
	],
	"overrides": [
		{"predicate": {"pulling": 1}, "model": "item/shotgun_load1"},
		{"predicate": {"pulling": 1, "pull": 0.25}, "model": "item/shotgun_load1"},
		{"predicate": {"pulling": 1, "pull": 0.5}, "model": "item/shotgun_load2"},
		{"predicate": {"pulling": 1, "pull": 0.75}, "model": "item/shotgun_load3"},
		{"predicate": {"charged": 1}, "model": "item/shotgun_loaded"},
		{"predicate": {"charged": 1, "firework": 1}, "model": "item/shotgun_loaded"}
	],
	"display": {
		"thirdperson_righthand": {
			"translation": [0, 0.75, -2.25],
			"scale": [0.89, 0.75, 0.54]
		},
		"thirdperson_lefthand": {
			"translation": [0, 0.75, -2.25],
			"scale": [0.89, 0.75, 0.54]
		},
		"firstperson_righthand": {
			"rotation": [3, 0, 5],
			"translation": [-2.5, 2.75, 3.5],
			"scale": [0.84, 0.84, 0.51]
		},
		"firstperson_lefthand": {
			"rotation": [3, 0, 5],
			"translation": [-2.5, 2.75, 3.5],
			"scale": [0.84, 0.84, 0.51]
		},
		"ground": {
			"rotation": [22.5, 0, 0],
			"translation": [0, 1, 4],
			"scale": [0.5, 0.5, 0.5]
		},
		"gui": {
			"rotation": [30, -135, 0],
			"translation": [-3, 1.5, 0],
			"scale": [0.75, 0.75, 0.65]
		},
		"head": {
			"rotation": [0, 90, 0],
			"translation": [7, 0, 0]
		},
		"fixed": {
			"rotation": [0, -90, 0],
			"translation": [-6, 0, -0.25]
		}
	},
	"groups": [
		{
			"name": "spas12",
			"origin": [7.5, 9, 8],
			"color": 0,
			"children": [0, 1, 2, 3, 4, 5, 6, 7, 8, 9, 10, 11]
		}
	]
}