{
	"credit": "Asc4Yin",
	"texture_size": [40, 40],
	"textures": {
		"0": "javagravigun/super_gravitygun",
		"1": "javagravigun/emissive_super_gravity_gun"
	},
	"elements": [
		{
			"name": "disc",
			"from": [4.5, 0, 2],
			"to": [11.5, 7, 3],
			"rotation": {"angle": 0, "axis": "y", "origin": [8, 0, 2]},
			"faces": {
				"north": {"uv": [12.8, 11.2, 15.6, 14], "texture": "#0"},
				"east": {"uv": [2.8, 2.4, 0, 2.8], "rotation": 90, "texture": "#0"},
				"south": {"uv": [10, 11.2, 12.8, 14], "texture": "#0"},
				"west": {"uv": [10.8, 2.4, 8, 2.8], "rotation": 90, "texture": "#0"},
				"up": {"uv": [12, 2.4, 14.8, 2.8], "texture": "#0"},
				"down": {"uv": [4, 2.4, 6.8, 2.8], "texture": "#0"}
			}
		},
		{
			"name": "base",
			"from": [4.5, 1, 8],
			"to": [11.5, 7, 13],
			"rotation": {"angle": 0, "axis": "y", "origin": [8, 0, 8]},
			"faces": {
				"north": {"uv": [6.8, 11.2, 9.6, 13.6], "texture": "#0"},
				"east": {"uv": [2.8, 4.8, 0.4, 6.8], "rotation": 90, "texture": "#0"},
				"south": {"uv": [4, 11.2, 6.8, 13.6], "texture": "#0"},
				"west": {"uv": [10.8, 6.8, 8.4, 4.8], "rotation": 90, "texture": "#0"},
				"up": {"uv": [12, 4.8, 14.8, 6.8], "texture": "#0"},
				"down": {"uv": [4, 4.8, 6.8, 6.8], "texture": "#0"}
			}
		},
		{
			"name": "wheel",
			"from": [6.5, 0.25, 11.5],
			"to": [9.5, 5.25, 16.5],
			"rotation": {"angle": 0, "axis": "y", "origin": [8, 2.75, 14]},
			"faces": {
				"north": {"uv": [5.6, 14, 7.6, 15.2], "rotation": 90, "texture": "#0"},
				"east": {"uv": [11.6, 14, 13.6, 16], "texture": "#0"},
				"south": {"uv": [3.6, 14, 5.6, 15.2], "rotation": 90, "texture": "#0"},
				"west": {"uv": [13.6, 14, 15.6, 16], "texture": "#0"},
				"up": {"uv": [12.8, 6.8, 14, 8.8], "texture": "#0"},
				"down": {"uv": [4.8, 6.8, 6, 8.8], "texture": "#0"}
			}
		},
		{
			"name": "wheel",
			"from": [9, 1.5, 12],
			"to": [11, 4.5, 15],
			"rotation": {"angle": 22.5, "axis": "x", "origin": [7.5, 3, 13.5]},
			"faces": {
				"north": {"uv": [2.8, 15.2, 4, 16], "rotation": 90, "texture": "#0"},
				"south": {"uv": [1.6, 16, 0.4, 15.2], "rotation": 90, "texture": "#0"},
				"up": {"uv": [2.8, 16, 1.6, 15.2], "rotation": 90, "texture": "#0"},
				"down": {"uv": [4, 16, 5.2, 15.2], "rotation": 90, "texture": "#0"}
			}
		},
		{
			"name": "wheel",
			"from": [5, 1.5, 12],
			"to": [7, 4.5, 15],
			"rotation": {"angle": 22.5, "axis": "x", "origin": [8.5, 3, 13.5]},
			"faces": {
				"north": {"uv": [2.8, 16, 4, 15.2], "rotation": 90, "texture": "#0"},
				"south": {"uv": [1.6, 15.2, 0.4, 16], "rotation": 90, "texture": "#0"},
				"up": {"uv": [2.8, 15.2, 1.6, 16], "rotation": 90, "texture": "#0"},
				"down": {"uv": [4, 15.2, 5.2, 16], "rotation": 90, "texture": "#0"}
			}
		},
		{
			"name": "xencrystal",
			"from": [6, 1.5, 3],
			"to": [10, 5.5, 8],
			"rotation": {"angle": 0, "axis": "z", "origin": [8, 3.5, 5.5]},
			"faces": {
				"east": {"uv": [0.4, 2.8, 2, 4.8], "rotation": 90, "texture": "#1"},
				"west": {"uv": [8.4, 2.8, 10, 4.8], "rotation": 90, "texture": "#1"},
				"up": {"uv": [12.4, 2.8, 14, 4.8], "texture": "#1"},
				"down": {"uv": [4.4, 2.8, 6, 4.8], "texture": "#1"}
			}
		},
		{
			"name": "cage",
			"from": [5.2499, 0.9999, 2.7499],
			"to": [10.7501, 6.5001, 8.2501],
			"rotation": {"angle": 0, "axis": "y", "origin": [8.5, 3.25, 5.5]},
			"faces": {
				"east": {"uv": [0.4, 2.8, 2.4, 4.8], "texture": "#0"},
				"west": {"uv": [10.4, 2.8, 8.4, 4.8], "texture": "#0"},
				"up": {"uv": [12.4, 2.8, 14.4, 4.8], "texture": "#0"},
				"down": {"uv": [4.4, 2.8, 6.4, 4.8], "texture": "#0"}
			}
		},
		{
			"name": "muzzle",
			"from": [6, 1.5, 1],
			"to": [10, 5.5, 2],
			"rotation": {"angle": 0, "axis": "y", "origin": [8, 3.5, 1.5]},
			"faces": {
				"north": {"uv": [2, 13.2, 3.6, 14.8], "texture": "#0"},
				"east": {"uv": [2.4, 2, 0.8, 2.4], "rotation": 90, "texture": "#0"},
				"west": {"uv": [10.4, 2, 8.8, 2.4], "rotation": 90, "texture": "#0"},
				"up": {"uv": [12.8, 2, 14.4, 2.4], "texture": "#0"},
				"down": {"uv": [4.8, 2, 6.4, 2.4], "texture": "#0"}
			}
		},
		{
			"name": "barrel",
			"from": [10.5, 0.25, 11],
			"to": [14.5, 5.25, 16],
			"shade": false,
			"rotation": {"angle": -22.5, "axis": "x", "origin": [11.5, 2.75, 13.5]},
			"faces": {
				"north": {"uv": [2, 11.2, 3.6, 13.2], "texture": "#0"},
				"east": {"uv": [0.4, 6.8, 2.4, 8.8], "texture": "#0"},
				"south": {"uv": [0.4, 11.2, 2, 13.2], "texture": "#0"},
				"west": {"uv": [9.6, 14, 11.6, 16], "texture": "#0"},
				"up": {"uv": [14, 6.8, 15.6, 8.8], "texture": "#0"},
				"down": {"uv": [3.2, 6.8, 4.8, 8.8], "texture": "#0"}
			}
		},
		{
			"name": "barrel",
			"from": [1.5, 0.25, 11],
			"to": [5.5, 5.25, 16],
			"rotation": {"angle": -22.5, "axis": "x", "origin": [4.5, 2.75, 13.5]},
			"faces": {
				"north": {"uv": [2, 11.2, 3.6, 13.2], "texture": "#0"},
				"east": {"uv": [7.6, 14, 9.6, 16], "texture": "#0"},
				"south": {"uv": [0.4, 13.2, 2, 15.2], "texture": "#0"},
				"west": {"uv": [10.4, 6.8, 8.4, 8.8], "texture": "#0"},
				"up": {"uv": [11.2, 6.8, 12.8, 8.8], "texture": "#0"},
				"down": {"uv": [6, 6.8, 7.6, 8.8], "texture": "#0"}
			}
		},
		{
			"name": "trigger",
			"from": [-4.5, 1.75, 12.5],
			"to": [1.5, 3.75, 14.5],
			"rotation": {"angle": 0, "axis": "z", "origin": [1.5, 3.75, 13.5]},
			"faces": {
				"north": {"uv": [9.2, 11.2, 8.4, 8.8], "rotation": 90, "texture": "#0"},
				"south": {"uv": [0.4, 8.8, 1.2, 11.2], "rotation": 90, "texture": "#0"},
				"west": {"uv": [15.6, 10.4, 14.8, 11.2], "texture": "#0"},
				"up": {"uv": [11.6, 8.8, 12.4, 11.2], "rotation": 90, "texture": "#0"},
				"down": {"uv": [6.4, 8.8, 7.2, 11.2], "rotation": 90, "texture": "#0"}
			}
		},
		{
			"name": "claw",
			"from": [7.5, 7, -1.5],
			"to": [8.5, 8, 1.5],
			"rotation": {"angle": 45, "axis": "x", "origin": [8, 7, 2.5]},
			"faces": {
				"east": {"uv": [15.2, 0.8, 14, 1.2], "texture": "#0"},
				"west": {"uv": [14, 0.8, 15.2, 1.2], "texture": "#0"},
				"up": {"uv": [14, 0.4, 15.2, 0.8], "rotation": 270, "texture": "#0"},
				"down": {"uv": [14, 0, 15.2, 0.4], "rotation": 90, "texture": "#0"}
			}
		},
		{
			"name": "clawbase",
			"from": [7.5, 6, 1.5],
			"to": [8.5, 8, 3.5],
			"rotation": {"angle": 45, "axis": "x", "origin": [8, 7, 2.5]},
			"faces": {
				"north": {"uv": [13.6, 1.2, 14.4, 1.6], "rotation": 90, "texture": "#0"},
				"east": {"uv": [16, 0.8, 15.2, 1.6], "texture": "#0"},
				"south": {"uv": [14.4, 1.2, 15.2, 1.6], "rotation": 90, "texture": "#0"},
				"west": {"uv": [15.2, 0.8, 16, 1.6], "texture": "#0"},
				"up": {"uv": [15.2, 0.4, 16, 0.8], "rotation": 270, "texture": "#0"},
				"down": {"uv": [15.2, 0, 16, 0.4], "rotation": 90, "texture": "#0"}
			}
		},
		{
			"name": "claw",
			"from": [7.499, 10.499, -2.501],
			"to": [8.501, 11.501, 2.501],
			"rotation": {"angle": -22.5, "axis": "x", "origin": [8, 7, 2.5]},
			"faces": {
				"north": {"uv": [12.8, 1.2, 13.2, 1.6], "rotation": 180, "texture": "#0"},
				"east": {"uv": [14, 0.8, 12, 1.2], "texture": "#0"},
				"south": {"uv": [13.2, 1.2, 13.6, 1.6], "texture": "#0"},
				"west": {"uv": [14, 0.8, 12, 1.2], "rotation": 180, "texture": "#0"},
				"up": {"uv": [14, 0.4, 12, 0.8], "rotation": 270, "texture": "#0"},
				"down": {"uv": [14, 0, 12, 0.4], "rotation": 90, "texture": "#0"}
			}
		},
		{
			"name": "claw",
			"from": [11.25, 0.75, -1.5],
			"to": [12.25, 1.75, 1.5],
			"rotation": {"angle": -45, "axis": "y", "origin": [11.5, 1.25, 2.5]},
			"faces": {
				"east": {"uv": [10.8, 0.4, 9.6, 0.8], "rotation": 180, "texture": "#0"},
				"west": {"uv": [10.8, 1.6, 9.6, 2], "texture": "#0"},
				"up": {"uv": [9.6, 0, 10.8, 0.4], "rotation": 90, "texture": "#0"},
				"down": {"uv": [10.8, 0.8, 9.6, 1.2], "rotation": 90, "texture": "#0"}
			}
		},
		{
			"name": "clawbase",
			"from": [10.25, 0.75, 1.5],
			"to": [12.25, 1.75, 3.5],
			"rotation": {"angle": -45, "axis": "y", "origin": [11.5, 1.25, 2.5]},
			"faces": {
				"north": {"uv": [9.2, 1.6, 10, 1.2], "texture": "#0"},
				"east": {"uv": [11.6, 1.6, 10.8, 2], "rotation": 180, "texture": "#0"},
				"south": {"uv": [10, 1.6, 10.8, 1.2], "rotation": 180, "texture": "#0"},
				"west": {"uv": [11.6, 1.6, 10.8, 2], "texture": "#0"},
				"up": {"uv": [10.8, 0, 11.6, 0.8], "rotation": 90, "texture": "#0"},
				"down": {"uv": [11.6, 0.8, 10.8, 1.6], "rotation": 90, "texture": "#0"}
			}
		},
		{
			"name": "claw",
			"from": [14.999, 0.749, -2.751],
			"to": [16.001, 1.751, 2.251],
			"rotation": {"angle": 22.5, "axis": "y", "origin": [11.5, 1.25, 2.5]},
			"faces": {
				"north": {"uv": [8.8, 1.2, 8.4, 1.6], "rotation": 90, "texture": "#0"},
				"east": {"uv": [9.6, 0.8, 7.6, 0.4], "texture": "#0"},
				"south": {"uv": [9.2, 1.2, 8.8, 1.6], "rotation": 90, "texture": "#0"},
				"west": {"uv": [9.6, 2, 7.6, 1.6], "rotation": 180, "texture": "#0"},
				"up": {"uv": [9.6, 0.4, 7.6, 0], "rotation": 270, "texture": "#0"},
				"down": {"uv": [9.6, 1.2, 7.6, 0.8], "rotation": 90, "texture": "#0"}
			}
		},
		{
			"name": "claw",
			"from": [3.75, 0.75, -1.5],
			"to": [4.75, 1.75, 1.5],
			"rotation": {"angle": 45, "axis": "y", "origin": [4.5, 1.25, 2.5]},
			"faces": {
				"east": {"uv": [9.6, 1.6, 10.8, 2], "texture": "#0"},
				"west": {"uv": [9.6, 0.4, 10.8, 0.8], "rotation": 180, "texture": "#0"},
				"up": {"uv": [9.6, 0.4, 10.8, 0], "rotation": 90, "texture": "#0"},
				"down": {"uv": [10.8, 1.2, 9.6, 0.8], "rotation": 90, "texture": "#0"}
			}
		},
		{
			"name": "clawbase",
			"from": [3.75, 0.75, 1.5],
			"to": [5.75, 1.75, 3.5],
			"rotation": {"angle": 45, "axis": "y", "origin": [4.5, 1.25, 2.5]},
			"faces": {
				"north": {"uv": [10, 1.6, 9.2, 1.2], "texture": "#0"},
				"east": {"uv": [10.8, 1.6, 11.6, 2], "texture": "#0"},
				"south": {"uv": [10.8, 1.6, 10, 1.2], "rotation": 180, "texture": "#0"},
				"west": {"uv": [10.8, 1.6, 11.6, 2], "rotation": 180, "texture": "#0"},
				"up": {"uv": [10.8, 0.8, 11.6, 0], "rotation": 90, "texture": "#0"},
				"down": {"uv": [11.6, 1.6, 10.8, 0.8], "rotation": 90, "texture": "#0"}
			}
		},
		{
			"name": "claw",
			"from": [-0.001, 0.749, -2.751],
			"to": [1.001, 1.751, 2.251],
			"rotation": {"angle": -22.5, "axis": "y", "origin": [4.5, 1.25, 2.5]},
			"faces": {
				"north": {"uv": [8.8, 1.6, 8.4, 1.2], "rotation": 90, "texture": "#0"},
				"east": {"uv": [7.6, 2, 9.6, 1.6], "rotation": 180, "texture": "#0"},
				"south": {"uv": [9.2, 1.6, 8.8, 1.2], "rotation": 90, "texture": "#0"},
				"west": {"uv": [7.6, 0.8, 9.6, 0.4], "texture": "#0"},
				"up": {"uv": [7.6, 0.4, 9.6, 0], "rotation": 90, "texture": "#0"},
				"down": {"uv": [7.6, 1.2, 9.6, 0.8], "rotation": 270, "texture": "#0"}
			}
		},
		{
			"name": "handle",
			"from": [7, 1.5, 16.5],
			"to": [9, 3.5, 22.5],
			"rotation": {"angle": 22.5, "axis": "x", "origin": [8, 3.5, 16.5]},
			"faces": {
				"east": {"uv": [1.6, 8.8, 2.4, 11.2], "rotation": 90, "texture": "#0"},
				"south": {"uv": [15.6, 9.2, 14.8, 10], "texture": "#0"},
				"west": {"uv": [10.4, 8.8, 9.6, 11.2], "rotation": 90, "texture": "#0"},
				"up": {"uv": [13.2, 8.8, 14, 11.2], "texture": "#0"},
				"down": {"uv": [4.8, 8.8, 5.6, 11.2], "rotation": 180, "texture": "#0"}
			}
		}
	],
	"display": {
		"thirdperson_righthand": {
			"translation": [0, 6, -6.5]
		},
		"thirdperson_lefthand": {
			"translation": [0, 6, -6.5]
		},
		"firstperson_righthand": {
			"rotation": [6, 4, 0],
			"translation": [-1, 7.5, 4],
			"scale": [1, 1, 0.9]
		},
		"firstperson_lefthand": {
			"rotation": [6, 4, 0],
			"translation": [-1, 7.5, 4],
			"scale": [1, 1, 0.9]
		},
		"ground": {
			"translation": [0, 3, 0],
			"scale": [0.5, 0.5, 0.5]
		},
		"gui": {
			"rotation": [30, 225, 0],
			"translation": [0, 3.5, 0],
			"scale": [0.625, 0.625, 0.625]
		},
		"head": {
			"rotation": [0, 90, 0],
			"translation": [0, 4, 0]
		}
	},
	"groups": [
		{
			"name": "gravitygun",
			"origin": [0, 2.375, 4.525],
			"color": 0,
			"children": [
				0,
				1,
				2,
				3,
				4,
				5,
				6,
				7,
				8,
				{
					"name": "barrel",
					"origin": [-3.5, 2.75, 4.5],
					"color": 0,
					"children": [
						9,
						{
							"name": "handle",
							"origin": [-8.5, 2.25, 4.5],
							"color": 0,
							"children": [10]
						}
					]
				},
				{
					"name": "top_claw_rotate",
					"origin": [0, 7, -6.5],
					"color": 0,
					"children": [
						11,
						12,
						{
							"name": "top_claw_end",
							"origin": [0, 7, -10.5],
							"color": 0,
							"children": [13]
						}
					]
				},
				{
					"name": "right_claw_rotate",
					"origin": [3.25, 1, -6.5],
					"color": 0,
					"children": [
						14,
						15,
						{
							"name": "right_claw_end",
							"origin": [3.25, 1, -10.5],
							"color": 0,
							"children": [16]
						}
					]
				},
				{
					"name": "left_claw_rotate",
					"origin": [3.25, 1, -6.5],
					"color": 0,
					"children": [
						17,
						18,
						{
							"name": "left_claw_end",
							"origin": [3.25, 1, -10.5],
							"color": 0,
							"children": [19]
						}
					]
				},
				{
					"name": "uv_fix",
					"origin": [0, 3.5, 7],
					"color": 0,
					"children": [20]
				}
			]
		}
	]
}