{
	"credit": "Model generated using MrCrayfish's Model Creator (https://mrcrayfish.com/tools?id=mc)",
	"textures": {
		"0": "block/3d/hopper_inside",
		"1": "block/3d/bedrock",
		"2": "block/3d/scope_glass",
		"3": "block/3d/observer_front",
		"-1": "block/3d/red",
		"particle": "block/3d/cyan_wool"
	},
	"elements": [
		{
			"name": "Cube",
			"from": [7.3, 6, 3.1],
			"to": [8.7, 8, 9],
			"faces": {
				"north": {"uv": [1, 10, 2.4, 12], "texture": "#0"},
				"east": {"uv": [0, 11, 5.9, 13], "texture": "#0"},
				"south": {"uv": [0, 1, 1.4, 3], "texture": "#0"},
				"west": {"uv": [0, 10, 5.9, 12], "texture": "#0"},
				"up": {"uv": [1, 9, 2.4, 15], "texture": "#0"},
				"down": {"uv": [0, 0, 1.4, 6], "texture": "#0"}
			}
		},
		{
			"name": "Cube",
			"from": [7.6, 4.7, 7],
			"to": [8.4, 6.6, 9.1],
			"faces": {
				"north": {"uv": [0, 0, 0.8, 0.7], "texture": "#0"},
				"east": {"uv": [0, 0, 4, 0.7], "texture": "#0"},
				"south": {"uv": [0, 0, 0.8, 0.7], "texture": "#0"},
				"west": {"uv": [0, 0, 4, 0.7], "texture": "#0"},
				"up": {"uv": [0, 0, 0.8, 4], "texture": "#0"},
				"down": {"uv": [0, 0, 0.8, 4], "texture": "#0"}
			}
		},
		{
			"name": "Cube",
			"from": [7.6, 5, 5.4],
			"to": [8.4, 5.2, 6.4],
			"faces": {
				"north": {"uv": [0, 0, 0.8, 0.2], "texture": "#0"},
				"east": {"uv": [0, 0, 1.4, 0.2], "texture": "#0"},
				"south": {"uv": [0, 0, 0.8, 0.2], "texture": "#0"},
				"west": {"uv": [0, 0, 1.4, 0.2], "texture": "#0"},
				"up": {"uv": [0, 0, 0.8, 1.4], "texture": "#0"},
				"down": {"uv": [0, 0, 0.8, 1.4], "texture": "#0"}
			}
		},
		{
			"name": "Cube",
			"from": [7.6, 5, 5.6],
			"to": [8.4, 5.2, 7],
			"rotation": {"angle": -45, "axis": "x", "origin": [8, 6, 6]},
			"faces": {
				"north": {"uv": [0, 0, 0.8, 0.2], "texture": "#0"},
				"east": {"uv": [0, 0, 1.4, 0.2], "texture": "#0"},
				"south": {"uv": [0, 0, 0.8, 0.2], "texture": "#0"},
				"west": {"uv": [0, 0, 1.4, 0.2], "texture": "#0"},
				"up": {"uv": [0, 0, 0.8, 1.4], "texture": "#0"},
				"down": {"uv": [0, 0, 0.8, 1.4], "texture": "#0"}
			}
		},
		{
			"name": "Cube",
			"from": [7.5, 8.4, 2],
			"to": [7.6, 9.2, 3.6],
			"faces": {
				"north": {"uv": [5, 5, 11, 10.9], "texture": "#0"},
				"east": {"uv": [0, 0, 2.5, 0.9], "texture": "#0"},
				"west": {"uv": [0, 0, 2.5, 0.9], "texture": "#0"}
			}
		},
		{
			"name": "Cube",
			"from": [7.9, 5.8, 5.4],
			"to": [8.1, 6.02, 5.68],
			"faces": {
				"north": {"uv": [0, 0, 0.2, 0.8], "texture": "#0"},
				"east": {"uv": [0, 0, 0.1, 0.8], "texture": "#0"},
				"south": {"uv": [0, 0, 0.2, 0.8], "texture": "#0"},
				"west": {"uv": [0, 0, 0.1, 0.8], "texture": "#0"},
				"down": {"uv": [0, 0, 0.2, 0.1], "texture": "#0"}
			}
		},
		{
			"name": "Cube",
			"from": [7.5, 2.2, 4.9],
			"to": [8.5, 5.2, 6],
			"rotation": {"angle": 22.5, "axis": "x", "origin": [8, 8, 8]},
			"faces": {
				"north": {"uv": [1, 0, 2, 16], "texture": "#1"},
				"east": {"uv": [1, 0, 2, 16], "texture": "#1"},
				"south": {"uv": [1, 0, 2, 16], "texture": "#1"},
				"west": {"uv": [1, 0, 2, 16], "texture": "#1"},
				"up": {"uv": [1, 0, 2, 16], "texture": "#1"},
				"down": {"uv": [0, 0, 1, 1.1], "texture": "#1"}
			}
		},
		{
			"name": "Cube",
			"from": [7.6, 7.2, 9],
			"to": [8.4, 7.9, 10.4],
			"faces": {
				"east": {"uv": [0, 10, 3.9, 10.4], "texture": "#0"},
				"west": {"uv": [0, 10, 3.9, 10.4], "texture": "#0"},
				"up": {"uv": [1, 10, 1.6, 13.9], "texture": "#0"},
				"down": {"uv": [1, 10, 1.6, 13.9], "texture": "#0"}
			}
		},
		{
			"name": "Cube",
			"from": [7.4, 5.8, 8.2],
			"to": [8.6, 5.9, 9.2],
			"faces": {
				"north": {"uv": [0, 0, 1.2, 0.1], "texture": "#0"},
				"east": {"uv": [0, 0, 2.5, 0.1], "texture": "#0"},
				"south": {"uv": [0, 0, 1.2, 0.1], "texture": "#0"},
				"west": {"uv": [0, 0, 2.5, 0.1], "texture": "#0"},
				"up": {"uv": [0, 0, 1.2, 2.5], "texture": "#0"},
				"down": {"uv": [0, 0, 1.2, 2.5], "texture": "#0"}
			}
		},
		{
			"name": "Cube",
			"from": [7.9, 9.3, 3.2],
			"to": [8.1, 10.2, 3.5],
			"rotation": {"angle": -22.5, "axis": "x", "origin": [8, 8, 8]},
			"faces": {
				"north": {"uv": [0, 0, 1.2, 0.3], "texture": "#0"},
				"east": {"uv": [0, 0, 0.3, 0.3], "texture": "#0"},
				"south": {"uv": [0, 0, 1.2, 0.3], "texture": "#0"},
				"west": {"uv": [0, 0, 0.3, 0.3], "texture": "#0"},
				"up": {"uv": [0, 0, 1.2, 0.3], "texture": "#0"},
				"down": {"uv": [0, 0, 1.2, 0.3], "texture": "#0"}
			}
		},
		{
			"name": "Cube",
			"from": [7.2, 6.2, 3.3],
			"to": [8.8, 7.8, 7.1],
			"faces": {
				"north": {"uv": [0, 0, 1.6, 1.6], "texture": "#0"},
				"east": {"uv": [0, 2, 4.9, 4.6], "texture": "#0"},
				"south": {"uv": [0, 0, 1.6, 1.6], "texture": "#0"},
				"west": {"uv": [0, 2, 4.9, 4.6], "texture": "#0"},
				"up": {"uv": [0, 0, 1.6, 3.9], "texture": "#0"},
				"down": {"uv": [0, 0, -10.4, 5.9], "texture": "#0"}
			}
		},
		{
			"name": "Cube",
			"from": [8.4, 8.4, 2],
			"to": [8.5, 9.2, 3.6],
			"faces": {
				"north": {"uv": [5, 5, 11, 10.9], "texture": "#0"},
				"east": {"uv": [0, 0, 2.5, 0.9], "texture": "#0"},
				"west": {"uv": [0, 0, 2.5, 0.9], "texture": "#0"}
			}
		},
		{
			"name": "Cube",
			"from": [7.5, 9.2, 2],
			"to": [8.5, 9.3, 3.6],
			"faces": {
				"north": {"uv": [0, 0, 1, 0.1], "texture": "#0"},
				"east": {"uv": [0, 0, 2.5, 0.1], "texture": "#0"},
				"south": {"uv": [0, 0, 1, 0.1], "texture": "#0"},
				"west": {"uv": [0, 0, 2.5, 0.1], "texture": "#0"},
				"up": {"uv": [0, 0, 1, 1.6], "texture": "#0"},
				"down": {"uv": [0, 0, 1, 1.6], "texture": "#0"}
			}
		},
		{
			"name": "Cube",
			"from": [7.5, 8.3, 2],
			"to": [8.5, 8.4, 3.6],
			"faces": {
				"north": {"uv": [0, 0, 1, 0.1], "texture": "#0"},
				"east": {"uv": [0, 0, 2.5, 0.1], "texture": "#0"},
				"south": {"uv": [0, 0, 1, 0.1], "texture": "#0"},
				"west": {"uv": [0, 0, 2.5, 0.1], "texture": "#0"},
				"up": {"uv": [0, 0, 1, 1.6], "texture": "#0"},
				"down": {"uv": [0, 0, 1, 1.6], "texture": "#0"}
			}
		},
		{
			"name": "Cube",
			"from": [7.6, 9.1, 3.4],
			"to": [8.4, 9.2, 9.3],
			"faces": {
				"north": {"uv": [0, 0, 0.8, 0.1], "texture": "#0"},
				"east": {"uv": [0, 0, 0.5, 0.1], "texture": "#0"},
				"south": {"uv": [0, 0, 0.8, 0.1], "texture": "#0"},
				"west": {"uv": [0, 0, 0.5, 0.1], "texture": "#0"},
				"up": {"uv": [0, 0, 0.8, 0.5], "texture": "#0"},
				"down": {"uv": [0, 0, 0.8, 0.5], "texture": "#0"}
			}
		},
		{
			"name": "Cube",
			"from": [7.6, 8.4, 3.4],
			"to": [8.4, 8.5, 9.3],
			"faces": {
				"north": {"uv": [0, 0, 0.8, 0.1], "texture": "#0"},
				"east": {"uv": [0, 0, 0.5, 0.1], "texture": "#0"},
				"south": {"uv": [0, 0, 0.8, 0.1], "texture": "#0"},
				"west": {"uv": [0, 0, 0.5, 0.1], "texture": "#0"},
				"up": {"uv": [0, 0, 0.8, 0.5], "texture": "#0"},
				"down": {"uv": [0, 0, 0.8, 0.5], "texture": "#0"}
			}
		},
		{
			"name": "Cube",
			"from": [8.3, 8.5, 3.4],
			"to": [8.4, 9.1, 9.3],
			"faces": {
				"north": {"uv": [0, 0, 0.1, 0.6], "texture": "#0"},
				"east": {"uv": [0, 0, 0.5, 0.6], "texture": "#0"},
				"south": {"uv": [0, 0, 0.1, 0.6], "texture": "#0"},
				"west": {"uv": [0, 0, 0.5, 0.6], "texture": "#0"}
			}
		},
		{
			"name": "Cube",
			"from": [7.6, 8.5, 3.4],
			"to": [7.7, 9.1, 9.3],
			"faces": {
				"north": {"uv": [0, 0, 0.1, 0.6], "texture": "#0"},
				"east": {"uv": [0, 0, 0.5, 0.6], "texture": "#0"},
				"south": {"uv": [0, 0, 0.1, 0.6], "texture": "#0"},
				"west": {"uv": [0, 0, 0.5, 0.6], "texture": "#0"}
			}
		},
		{
			"name": "Cube",
			"from": [8.4, 8.2, 6.5],
			"to": [8.6, 9.4, 7.4],
			"faces": {
				"north": {"uv": [0, 0, 0.2, 1.2], "texture": "#0"},
				"east": {"uv": [0, 0, 0.9, 1.2], "texture": "#0"},
				"south": {"uv": [0, 0, 0.2, 1.2], "texture": "#0"},
				"west": {"uv": [0, 0, 0.9, 1.2], "texture": "#0"},
				"up": {"uv": [0, 0, 0.2, 0.9], "texture": "#0"},
				"down": {"uv": [0, 0, 0.2, 0.9], "texture": "#0"}
			}
		},
		{
			"name": "Cube",
			"from": [7.4, 8.2, 6.5],
			"to": [7.6, 9.4, 7.4],
			"faces": {
				"north": {"uv": [0, 0, 0.2, 1.2], "texture": "#0"},
				"east": {"uv": [0, 0, 0.9, 1.2], "texture": "#0"},
				"south": {"uv": [0, 0, 0.2, 1.2], "texture": "#0"},
				"west": {"uv": [0, 0, 0.9, 1.2], "texture": "#0"},
				"up": {"uv": [0, 0, 0.2, 0.9], "texture": "#0"},
				"down": {"uv": [0, 0, 0.2, 0.9], "texture": "#0"}
			}
		},
		{
			"name": "Cube",
			"from": [7.6, 9.2, 6.5],
			"to": [8.4, 9.4, 7.4],
			"faces": {
				"north": {"uv": [0, 0, 0.8, 0.2], "texture": "#0"},
				"south": {"uv": [0, 0, 0.8, 0.2], "texture": "#0"},
				"up": {"uv": [0, 0, 0.8, 0.9], "texture": "#0"}
			}
		},
		{
			"name": "Cube",
			"from": [7.6, 8.2, 6.5],
			"to": [8.4, 8.4, 7.4],
			"faces": {
				"north": {"uv": [0, 0, 0.8, 0.2], "texture": "#0"},
				"south": {"uv": [0, 0, 0.8, 0.2], "texture": "#0"},
				"down": {"uv": [0, 0, 0.8, 0.9], "texture": "#0"}
			}
		},
		{
			"name": "Cube",
			"from": [7.7, 8.5, 9.2],
			"to": [8.29, 9.11, 9.28],
			"faces": {
				"north": {"uv": [0, 0, 15.8, 15.8], "texture": "#2"},
				"east": {"uv": [0, 0, 0.1, 0.8], "texture": "#-1"},
				"south": {"uv": [0, 0, 15.8, 15.8], "texture": "#2"},
				"west": {"uv": [0, 0, 0.08, 0.61], "texture": "#-1"}
			}
		},
		{
			"name": "Cube",
			"from": [7.6, 8.4, 2.4],
			"to": [8.4, 9.2, 2.5],
			"faces": {
				"north": {"uv": [0, 0, 15.8, 15.8], "texture": "#2"},
				"south": {"uv": [0, 0, 15.8, 15.8], "texture": "#2"}
			}
		},
		{
			"name": "Cube",
			"from": [7.7, 8, 4.4],
			"to": [8.3, 8.4, 6.49],
			"faces": {
				"north": {"uv": [2, 11, 2.5, 11.2], "texture": "#0"},
				"east": {"uv": [2, 10, 2.5, 10.2], "texture": "#0"},
				"south": {"uv": [2, 11, 2.5, 11.2], "texture": "#0"},
				"west": {"uv": [1, 7, 1.5, 7.2], "texture": "#0"}
			}
		},
		{
			"name": "Cube",
			"from": [7.8, 9.2, 8.2],
			"to": [8.2, 9.4, 8.7],
			"faces": {
				"north": {"uv": [0, 0, 0.3, 0.2], "texture": "#0"},
				"east": {"uv": [0, 0, 0.3, 0.2], "texture": "#0"},
				"south": {"uv": [0, 0, 0.3, 0.2], "texture": "#0"},
				"west": {"uv": [0, 0, 0.3, 0.2], "texture": "#0"},
				"up": {"uv": [0, 0, 0.3, 0.3], "texture": "#0"}
			}
		},
		{
			"name": "Cube",
			"from": [7.4, 5.6, 8.2],
			"to": [8.6, 5.7, 9.2],
			"faces": {
				"north": {"uv": [0, 0, 1.2, 0.1], "texture": "#0"},
				"east": {"uv": [0, 0, 2.5, 0.1], "texture": "#0"},
				"south": {"uv": [0, 0, 1.2, 0.1], "texture": "#0"},
				"west": {"uv": [0, 0, 2.5, 0.1], "texture": "#0"},
				"up": {"uv": [0, 0, 1.2, 2.5], "texture": "#0"},
				"down": {"uv": [0, 0, 1.2, 2.5], "texture": "#0"}
			}
		},
		{
			"name": "Cube",
			"from": [7.4, 5.4, 8.2],
			"to": [8.6, 5.5, 9.2],
			"faces": {
				"north": {"uv": [0, 0, 1.2, 0.1], "texture": "#0"},
				"east": {"uv": [0, 0, 2.5, 0.1], "texture": "#0"},
				"south": {"uv": [0, 0, 1.2, 0.1], "texture": "#0"},
				"west": {"uv": [0, 0, 2.5, 0.1], "texture": "#0"},
				"up": {"uv": [0, 0, 1.2, 2.5], "texture": "#0"},
				"down": {"uv": [0, 0, 1.2, 2.5], "texture": "#0"}
			}
		},
		{
			"name": "Cube",
			"from": [7.4, 5.2, 8.2],
			"to": [8.6, 5.3, 9.2],
			"faces": {
				"north": {"uv": [0, 0, 1.2, 0.1], "texture": "#0"},
				"east": {"uv": [0, 0, 2.5, 0.1], "texture": "#0"},
				"south": {"uv": [0, 0, 1.2, 0.1], "texture": "#0"},
				"west": {"uv": [0, 0, 2.5, 0.1], "texture": "#0"},
				"up": {"uv": [0, 0, 1.2, 2.5], "texture": "#0"},
				"down": {"uv": [0, 0, 1.2, 2.5], "texture": "#0"}
			}
		},
		{
			"name": "Cube",
			"from": [7.4, 5, 8.2],
			"to": [8.6, 5.1, 9.2],
			"faces": {
				"north": {"uv": [0, 0, 1.2, 0.1], "texture": "#0"},
				"east": {"uv": [0, 0, 2.5, 0.1], "texture": "#0"},
				"south": {"uv": [0, 0, 1.2, 0.1], "texture": "#0"},
				"west": {"uv": [0, 0, 2.5, 0.1], "texture": "#0"},
				"up": {"uv": [0, 0, 1.2, 2.5], "texture": "#0"},
				"down": {"uv": [0, 0, 1.2, 2.5], "texture": "#0"}
			}
		},
		{
			"name": "Cube",
			"from": [7.4, 6, 8.2],
			"to": [8.6, 6.1, 9.2],
			"faces": {
				"east": {"uv": [0, 0, 2.5, 0.1], "texture": "#0"},
				"south": {"uv": [0, 0, 1.2, 0.1], "texture": "#0"},
				"west": {"uv": [0, 0, 2.5, 0.1], "texture": "#0"},
				"up": {"uv": [0, 0, 1.2, 2.5], "texture": "#0"},
				"down": {"uv": [0, 0, 1.2, 2.5], "texture": "#0"}
			}
		},
		{
			"name": "Cube",
			"from": [7.4, 6.2, 8.2],
			"to": [8.6, 6.3, 9.2],
			"faces": {
				"east": {"uv": [0, 0, 2.5, 0.1], "texture": "#0"},
				"south": {"uv": [0, 0, 1.2, 0.1], "texture": "#0"},
				"west": {"uv": [0, 0, 2.5, 0.1], "texture": "#0"},
				"up": {"uv": [0, 0, 1.2, 2.5], "texture": "#0"},
				"down": {"uv": [0, 0, 1.2, 2.5], "texture": "#0"}
			}
		},
		{
			"name": "Cube",
			"from": [7.4, 6.4, 8.2],
			"to": [8.6, 6.5, 9.2],
			"faces": {
				"east": {"uv": [0, 0, 2.5, 0.1], "texture": "#0"},
				"south": {"uv": [0, 0, 1.2, 0.1], "texture": "#0"},
				"west": {"uv": [0, 0, 2.5, 0.1], "texture": "#0"},
				"up": {"uv": [0, 0, 1.2, 2.5], "texture": "#0"},
				"down": {"uv": [0, 0, 1.2, 2.5], "texture": "#0"}
			}
		},
		{
			"name": "Cube",
			"from": [7.9, 10.1, 3],
			"to": [8.1, 10.2, 3.2],
			"rotation": {"angle": -22.5, "axis": "x", "origin": [8, 8, 8]},
			"faces": {
				"north": {"uv": [0, 0, 1.2, 0.3], "texture": "#0"},
				"east": {"uv": [0, 0, 0.3, 0.3], "texture": "#0"},
				"south": {"uv": [0, 0, 1.2, 0.3], "texture": "#0"},
				"west": {"uv": [0, 0, 0.3, 0.3], "texture": "#0"},
				"up": {"uv": [0, 0, 1.2, 0.3], "texture": "#0"},
				"down": {"uv": [0, 0, 1.2, 0.3], "texture": "#0"}
			}
		},
		{
			"name": "Cube",
			"from": [7.9, 9.9, 3],
			"to": [8.1, 10, 3.2],
			"rotation": {"angle": -22.5, "axis": "x", "origin": [8, 8, 8]},
			"faces": {
				"north": {"uv": [0, 0, 1.2, 0.3], "texture": "#0"},
				"east": {"uv": [0, 0, 0.3, 0.3], "texture": "#0"},
				"south": {"uv": [0, 0, 1.2, 0.3], "texture": "#0"},
				"west": {"uv": [0, 0, 0.3, 0.3], "texture": "#0"},
				"up": {"uv": [0, 0, 1.2, 0.3], "texture": "#0"},
				"down": {"uv": [0, 0, 1.2, 0.3], "texture": "#0"}
			}
		},
		{
			"name": "Cube",
			"from": [7.9, 9.9, 2.9],
			"to": [8.1, 10.2, 3],
			"rotation": {"angle": -22.5, "axis": "x", "origin": [8, 8, 8]},
			"faces": {
				"north": {"uv": [0, 0, 1.2, 0.3], "texture": "#0"},
				"east": {"uv": [0, 0, 0.3, 0.3], "texture": "#0"},
				"south": {"uv": [0, 0, 1.2, 0.3], "texture": "#0"},
				"west": {"uv": [0, 0, 0.3, 0.3], "texture": "#0"},
				"up": {"uv": [0, 0, 1.2, 0.3], "texture": "#0"},
				"down": {"uv": [0, 0, 1.2, 0.3], "texture": "#0"}
			}
		},
		{
			"name": "Cube",
			"from": [7.9, 6.5, 4.8],
			"to": [8.1, 7, 5.07],
			"rotation": {"angle": -22.5, "axis": "x", "origin": [8, 8, 8]},
			"faces": {
				"north": {"uv": [0, 0, 0.2, 0.8], "texture": "#0"},
				"east": {"uv": [0, 0, 0.1, 0.8], "texture": "#0"},
				"south": {"uv": [0, 0, 0.2, 0.8], "texture": "#0"},
				"west": {"uv": [0, 0, 0.1, 0.8], "texture": "#0"},
				"up": {"uv": [0, 0, 0.2, 0.27], "texture": "#-1"},
				"down": {"uv": [0, 0, 0.2, 0.1], "texture": "#0"}
			}
		},
		{
			"name": "Cube",
			"from": [7.6, 4.9, 5.3],
			"to": [8.4, 5.1, 6.29],
			"rotation": {"angle": 45, "axis": "x", "origin": [8, 6, 6]},
			"faces": {
				"north": {"uv": [0, 0, 0.8, 0.2], "texture": "#0"},
				"east": {"uv": [0, 0, 1.4, 0.2], "texture": "#0"},
				"south": {"uv": [0, 0, 0.8, 0.2], "texture": "#0"},
				"west": {"uv": [0, 0, 1.4, 0.2], "texture": "#0"},
				"up": {"uv": [0, 0, 0.8, 1.4], "texture": "#0"},
				"down": {"uv": [0, 0, 0.8, 1.4], "texture": "#0"}
			}
		},
		{
			"name": "Cube",
			"from": [7.4, 4.4, 3.6],
			"to": [8.6, 4.9, 4.1],
			"faces": {
				"north": {"uv": [5, 5, 10.8, 11.2], "texture": "#3"},
				"east": {"uv": [5, 5, 11.4, 11.2], "texture": "#3"},
				"south": {"uv": [5, 5, 10.8, 11.2], "texture": "#3"},
				"west": {"uv": [5, 5, 11.4, 11.2], "texture": "#3"},
				"up": {"uv": [5, 5, 10.8, 11.4], "texture": "#3"},
				"down": {"uv": [5, 5, 10.8, 11.4], "texture": "#3"}
			}
		},
		{
			"name": "Cube",
			"from": [7.8, 2, 5.3],
			"to": [8.2, 2.2, 5.6],
			"rotation": {"angle": 22.5, "axis": "x", "origin": [8, 8, 8]},
			"faces": {
				"north": {"uv": [5, 5, 10.8, 11.2], "texture": "#0"},
				"east": {"uv": [5, 5, 11.4, 11.2], "texture": "#0"},
				"south": {"uv": [5, 5, 10.8, 11.2], "texture": "#0"},
				"west": {"uv": [5, 5, 11.4, 11.2], "texture": "#0"},
				"up": {"uv": [5, 5, 10.8, 11.4], "texture": "#0"},
				"down": {"uv": [5, 5, 10.8, 11.4], "texture": "#0"}
			}
		},
		{
			"name": "Cube",
			"from": [7.6, 7.1, 10.4],
			"to": [8.5, 8, 11.8],
			"faces": {
				"north": {"uv": [0, 0, 0.6, 0.4], "texture": "#0"},
				"east": {"uv": [0, 0, 3.9, 0.4], "texture": "#0"},
				"west": {"uv": [0, 0, 3.9, 0.4], "texture": "#0"},
				"up": {"uv": [0, 0, 3.6, 3.9], "texture": "#0"},
				"down": {"uv": [0, 0, 0.6, 3.9], "texture": "#0"}
			}
		},
		{
			"name": "Cube",
			"from": [7.5, 7, 11.8],
			"to": [8.6, 8.1, 12.6],
			"faces": {
				"north": {"uv": [0, 0, 0.6, 0.4], "texture": "#0"},
				"east": {"uv": [0, 0, 4.9, 5.4], "texture": "#0"},
				"south": {"uv": [0, 0, 15.6, 15.4], "texture": "#0"},
				"west": {"uv": [0, 0, 4.9, 4.4], "texture": "#0"},
				"up": {"uv": [0, 0, 3.6, 3.9], "texture": "#0"},
				"down": {"uv": [0, 0, 0.6, 3.9], "texture": "#0"}
			}
		},
		{
			"name": "Cube",
			"from": [7.1, 6.6, 4.5],
			"to": [8.9, 7.1, 5],
			"faces": {
				"north": {"uv": [0, 0, 15.8, 15.2], "texture": "#0"},
				"east": {"uv": [0, 0, 15.4, 15.2], "texture": "#0"},
				"south": {"uv": [0, 0, 15.8, 15.2], "texture": "#0"},
				"west": {"uv": [0, 0, 15.4, 15.2], "texture": "#0"},
				"up": {"uv": [0, 0, 15.8, 15.4], "texture": "#0"},
				"down": {"uv": [0, 0, 15.8, 15.4], "texture": "#0"}
			}
		},
		{
			"name": "Cube",
			"from": [7.1, 6.6, 7.9],
			"to": [8.9, 7.1, 8.4],
			"faces": {
				"north": {"uv": [0, 0, 15.8, 15.2], "texture": "#0"},
				"east": {"uv": [0, 0, 15.4, 15.2], "texture": "#0"},
				"south": {"uv": [0, 0, 15.8, 15.2], "texture": "#0"},
				"west": {"uv": [0, 0, 15.4, 15.2], "texture": "#0"},
				"up": {"uv": [0, 0, 15.8, 15.4], "texture": "#0"},
				"down": {"uv": [0, 0, 15.8, 15.4], "texture": "#0"}
			}
		},
		{
			"name": "Cube",
			"from": [7.5, 7, 12.6],
			"to": [7.6, 8.1, 13.1],
			"faces": {
				"east": {"uv": [0, 0, 3.9, 0.4], "texture": "#0"},
				"south": {"uv": [0, 0, 1.6, 15.4], "texture": "#0"},
				"west": {"uv": [5, 0, 11.9, 4.4], "texture": "#0"},
				"up": {"uv": [0, 0, 0.6, 3.9], "texture": "#0"},
				"down": {"uv": [0, 0, 0.6, 3.9], "texture": "#0"}
			}
		},
		{
			"name": "Cube",
			"from": [8.5, 7, 12.6],
			"to": [8.6, 8.1, 13.1],
			"faces": {
				"east": {"uv": [0, 0, 2.9, 8.4], "texture": "#0"},
				"south": {"uv": [0, 0, 1.6, 15.4], "texture": "#0"},
				"west": {"uv": [0, 0, 4.9, 4.4], "texture": "#0"},
				"up": {"uv": [0, 0, 0.6, 3.9], "texture": "#0"},
				"down": {"uv": [0, 0, 0.6, 3.9], "texture": "#0"}
			}
		},
		{
			"name": "Cube",
			"from": [7.6, 7, 12.6],
			"to": [8.5, 7.12, 13.1],
			"faces": {
				"south": {"uv": [0, 0, 15.6, 1.4], "texture": "#0"},
				"up": {"uv": [0, 0, 0.6, 3.9], "texture": "#0"},
				"down": {"uv": [0, 0, 0.6, 3.9], "texture": "#0"}
			}
		},
		{
			"name": "Cube",
			"from": [7.6, 8, 12.6],
			"to": [8.5, 8.1, 13.1],
			"faces": {
				"south": {"uv": [0, 0, 15.6, 1.4], "texture": "#0"},
				"up": {"uv": [0, 0, 3.6, 3.9], "texture": "#0"},
				"down": {"uv": [0, 0, 0.6, 3.9], "texture": "#0"}
			}
		},
		{
			"name": "Cube",
			"from": [7.4, 8.2, 3.5],
			"to": [7.6, 9.4, 4.4],
			"faces": {
				"north": {"uv": [0, 0, 0.2, 1.2], "texture": "#0"},
				"east": {"uv": [0, 0, 0.9, 1.2], "texture": "#0"},
				"south": {"uv": [0, 0, 0.2, 1.2], "texture": "#0"},
				"west": {"uv": [0, 0, 0.9, 1.2], "texture": "#0"},
				"up": {"uv": [0, 0, 0.2, 0.9], "texture": "#0"},
				"down": {"uv": [0, 0, 0.2, 0.9], "texture": "#0"}
			}
		},
		{
			"name": "Cube",
			"from": [7.6, 9.2, 3.5],
			"to": [8.4, 9.4, 4.4],
			"faces": {
				"north": {"uv": [0, 0, 0.8, 0.2], "texture": "#0"},
				"south": {"uv": [0, 0, 0.8, 0.2], "texture": "#0"},
				"up": {"uv": [0, 0, 0.8, 0.9], "texture": "#0"}
			}
		},
		{
			"name": "Cube",
			"from": [8.4, 8.2, 3.5],
			"to": [8.6, 9.4, 4.4],
			"faces": {
				"north": {"uv": [0, 0, 0.2, 1.2], "texture": "#0"},
				"east": {"uv": [0, 0, 0.9, 1.2], "texture": "#0"},
				"south": {"uv": [0, 0, 0.2, 1.2], "texture": "#0"},
				"west": {"uv": [0, 0, 0.9, 1.2], "texture": "#0"},
				"up": {"uv": [0, 0, 0.2, 0.9], "texture": "#0"},
				"down": {"uv": [0, 0, 0.2, 0.9], "texture": "#0"}
			}
		},
		{
			"name": "Cube",
			"from": [7.6, 8.2, 3.5],
			"to": [8.4, 8.4, 4.4],
			"faces": {
				"north": {"uv": [0, 0, 0.8, 0.2], "texture": "#0"},
				"south": {"uv": [0, 0, 0.8, 0.2], "texture": "#0"},
				"down": {"uv": [0, 0, 0.8, 0.9], "texture": "#0"}
			}
		}
	],
	"display": {
		"thirdperson_righthand": {
			"rotation": [0, 179, 0],
			"translation": [0, 2.5, -3],
			"scale": [1.075, 1.075, 1.075]
		},
		"thirdperson_lefthand": {
			"rotation": [0, 179, 0],
			"translation": [0, 2.5, -3],
			"scale": [1.075, 1.075, 1.075]
		},
		"firstperson_righthand": {
			"rotation": [0, 174, 0],
			"translation": [0, 3.75, -1.75],
			"scale": [1.5, 1.5, 1.5]
		},
		"firstperson_lefthand": {
			"rotation": [0, 174, 0],
			"translation": [0, 3.75, -1.75],
			"scale": [1.5, 1.5, 1.5]
		},
		"ground": {
			"translation": [0, 3, 0],
			"scale": [1.05, 1.05, 1.05]
		},
		"gui": {
			"rotation": [30, 45, 0],
			"scale": [1.425, 1.425, 1.025]
		},
		"head": {
			"rotation": [0, -90, 0],
			"translation": [-1.75, 2.5, 0],
			"scale": [1.5, 1.5, 1.5]
		},
		"fixed": {
			"rotation": [0, 87, 0],
			"translation": [0, 1.5, -1],
			"scale": [3.1, 3.3, 3.1]
		}
	}
}