{
	"credit": "Made with Blockbench",
	"textures": {
		"2": "rugged/rpg",
		"3": "rugged/sightrpg",
		"particle": "rugged/rpg"
	},
	"elements": [
		{
			"name": "Element",
			"from": [7, 2, 16],
			"to": [8, 3, 17],
			"faces": {
				"north": {"uv": [6.5, 10.5, 7, 11], "texture": "#2"},
				"east": {"uv": [5, 0, 5.5, 0.5], "texture": "#2"},
				"south": {"uv": [6, 10.5, 6.5, 11], "texture": "#2"},
				"west": {"uv": [5.5, 10.5, 6, 11], "texture": "#2"},
				"up": {"uv": [7, 10.5, 7.5, 11], "texture": "#2"},
				"down": {"uv": [12, 11.5, 12.5, 12], "texture": "#2"}
			}
		},
		{
			"name": "Element",
			"from": [7, 1, 12],
			"to": [8, 4, 16],
			"faces": {
				"north": {"uv": [3.5, 2.5, 4, 4], "texture": "#2"},
				"east": {"uv": [8, 14.5, 10, 16], "texture": "#2"},
				"south": {"uv": [4.5, 9.5, 5, 11], "texture": "#2"},
				"west": {"uv": [6, 14.5, 8, 16], "texture": "#2"},
				"up": {"uv": [4, 0, 4.5, 0.5], "texture": "#2"},
				"down": {"uv": [2, 7.5, 2.5, 9.5], "texture": "#2"}
			}
		},
		{
			"name": "Element",
			"from": [6, 2, 12],
			"to": [9, 3, 16],
			"faces": {
				"north": {"uv": [14.5, 14, 16, 14.5], "texture": "#2"},
				"east": {"uv": [13.5, 12.5, 15.5, 13], "texture": "#2"},
				"south": {"uv": [14.5, 12, 16, 12.5], "texture": "#2"},
				"west": {"uv": [12.5, 14, 14.5, 14.5], "texture": "#2"},
				"up": {"uv": [15.5, 11, 16, 11.5], "texture": "#2"},
				"down": {"uv": [1, 12.5, 2.5, 14.5], "texture": "#2"}
			}
		},
		{
			"name": "Element",
			"from": [2.4, 3, 10],
			"to": [5.4, 6, 12],
			"rotation": {"angle": 45, "axis": "z", "origin": [8, 8, 8]},
			"faces": {
				"north": {"uv": [1, 3.5, 2.5, 5], "texture": "#2"},
				"east": {"uv": [3.5, 11.5, 4.5, 13], "texture": "#2"},
				"south": {"uv": [1, 2, 2.5, 3.5], "texture": "#2"},
				"west": {"uv": [2.5, 0.5, 3.5, 2], "texture": "#2"},
				"up": {"uv": [15, 11, 15.5, 11.5], "texture": "#2"},
				"down": {"uv": [6.5, 13, 8, 14], "texture": "#2"}
			}
		},
		{
			"name": "Element",
			"from": [7, 1, 8],
			"to": [8, 4, 10],
			"faces": {
				"north": {"uv": [4, 9.5, 4.5, 11], "texture": "#2"},
				"east": {"uv": [5.5, 11.5, 6.5, 13], "texture": "#2"},
				"south": {"uv": [3.5, 1, 4, 2.5], "texture": "#2"},
				"west": {"uv": [4.5, 11.5, 5.5, 13], "texture": "#2"},
				"up": {"uv": [14.5, 11, 15, 11.5], "texture": "#2"},
				"down": {"uv": [4.5, 8.5, 5, 9.5], "texture": "#2"}
			}
		},
		{
			"name": "Element",
			"from": [6, 2, 8],
			"to": [9, 3, 10],
			"faces": {
				"north": {"uv": [9.5, 11, 11, 11.5], "texture": "#2"},
				"east": {"uv": [7.5, 11.5, 8.5, 12], "texture": "#2"},
				"south": {"uv": [8, 11, 9.5, 11.5], "texture": "#2"},
				"west": {"uv": [6.5, 11.5, 7.5, 12], "texture": "#2"},
				"up": {"uv": [14, 11, 14.5, 11.5], "texture": "#2"},
				"down": {"uv": [12.5, 13, 14, 14], "texture": "#2"}
			}
		},
		{
			"name": "Element",
			"from": [7, 2, -2],
			"to": [8, 3, 8],
			"faces": {
				"north": {"uv": [11.5, 11.5, 12, 12], "texture": "#2"},
				"east": {"uv": [7.5, 14, 12.5, 14.5], "texture": "#2"},
				"south": {"uv": [10.5, 10.5, 11, 11], "texture": "#2"},
				"west": {"uv": [2.5, 14, 7.5, 14.5], "texture": "#2"},
				"up": {"uv": [1.5, 7.5, 2, 12.5], "texture": "#2"},
				"down": {"uv": [1, 7.5, 1.5, 12.5], "texture": "#2"}
			}
		},
		{
			"name": "Element",
			"from": [7, 3, 0],
			"to": [8, 4, 6],
			"faces": {
				"north": {"uv": [10, 10.5, 10.5, 11], "texture": "#2"},
				"east": {"uv": [10, 14.5, 13, 15], "texture": "#2"},
				"south": {"uv": [9.5, 10.5, 10, 11], "texture": "#2"},
				"west": {"uv": [13, 14.5, 16, 15], "texture": "#2"},
				"up": {"uv": [3.5, 8.5, 4, 11.5], "texture": "#2"},
				"down": {"uv": [2, 9.5, 2.5, 12.5], "texture": "#2"}
			}
		},
		{
			"name": "Element",
			"from": [7.5, 2.5, 3],
			"to": [10.5, 3.5, 3.5],
			"faces": {
				"north": {"uv": [6, 11, 8, 11.5], "texture": "#2"},
				"east": {"uv": [7.5, 10.5, 8, 11], "texture": "#2"},
				"south": {"uv": [4, 11, 6, 11.5], "texture": "#2"},
				"west": {"uv": [8, 10.5, 8.5, 11], "texture": "#2"},
				"up": {"uv": [3.5, 4, 4, 6], "rotation": 270, "texture": "#2"},
				"down": {"uv": [2, 0, 2.5, 2], "rotation": 90, "texture": "#2"}
			}
		},
		{
			"name": "Element",
			"from": [10.3, 3, 2],
			"to": [12.3, 5, 8],
			"rotation": {"angle": -45, "axis": "z", "origin": [8, 8, 8]},
			"faces": {
				"north": {"uv": [8.5, 12, 9.5, 13], "texture": "#2"},
				"east": {"uv": [10, 15, 13, 16], "texture": "#2"},
				"south": {"uv": [12.5, 12, 13.5, 13], "texture": "#2"},
				"west": {"uv": [13, 15, 16, 16], "texture": "#2"},
				"up": {"uv": [0, 11.5, 1, 14.5], "texture": "#2"},
				"down": {"uv": [0, 8.5, 1, 11.5], "texture": "#2"}
			}
		},
		{
			"name": "Element",
			"from": [10.3, 3, -4],
			"to": [12.3, 5, 0],
			"rotation": {"angle": -45, "axis": "z", "origin": [8, 8, 8]},
			"faces": {
				"north": {"uv": [13.5, 11.5, 14.5, 12.5], "texture": "#2"},
				"east": {"uv": [4.5, 13, 6.5, 14], "texture": "#2"},
				"south": {"uv": [11.5, 12, 12.5, 13], "texture": "#2"},
				"west": {"uv": [2.5, 13, 4.5, 14], "texture": "#2"},
				"up": {"uv": [2.5, 11, 3.5, 13], "texture": "#2"},
				"down": {"uv": [1, 0, 2, 2], "texture": "#2"}
			}
		},
		{
			"name": "Element",
			"from": [10.3, 3.2, -10],
			"to": [12.6, 5.5, -4],
			"rotation": {"angle": -45, "axis": "z", "origin": [8, 8.5, 8]},
			"faces": {
				"north": {"uv": [2.5, 2, 3.5, 3.5], "texture": "#2"},
				"east": {"uv": [0, 14.5, 3, 16], "texture": "#2"},
				"south": {"uv": [2.5, 5, 3.5, 6.5], "texture": "#2"},
				"west": {"uv": [3, 14.5, 6, 16], "texture": "#2"},
				"up": {"uv": [0, 5.5, 1, 8.5], "texture": "#2"},
				"down": {"uv": [0, 2.5, 1, 5.5], "texture": "#2"}
			}
		},
		{
			"name": "Element",
			"from": [10.4, 3.4, -13],
			"to": [12.4, 5.4, -10],
			"rotation": {"angle": -45, "axis": "z", "origin": [8, 8.5, 8]},
			"faces": {
				"north": {"uv": [7.5, 12, 8.5, 13], "texture": "#2"},
				"east": {"uv": [8, 13, 9.5, 14], "texture": "#2"},
				"south": {"uv": [6.5, 12, 7.5, 13], "texture": "#2"},
				"west": {"uv": [14, 13, 15.5, 14], "texture": "#2"},
				"up": {"uv": [2.5, 8, 3.5, 9.5], "texture": "#2"},
				"down": {"uv": [2.5, 6.5, 3.5, 8], "texture": "#2"}
			}
		},
		{
			"name": "Element",
			"from": [10.5, 3.2, -15],
			"to": [12.1, 4.8, -13],
			"rotation": {"angle": -45, "axis": "z", "origin": [8, 8, 8]},
			"faces": {
				"north": {"uv": [4.5, 3.5, 5, 4.5], "texture": "#2"},
				"east": {"uv": [10.5, 12, 11.5, 13], "texture": "#2"},
				"south": {"uv": [4.5, 1.5, 5, 2.5], "texture": "#2"},
				"west": {"uv": [9.5, 12, 10.5, 13], "texture": "#2"},
				"up": {"uv": [4.5, 6.5, 5, 7.5], "texture": "#2"},
				"down": {"uv": [4.5, 7.5, 5, 8.5], "texture": "#2"}
			}
		},
		{
			"name": "Element",
			"from": [10.3, 2.9, -16],
			"to": [12.9, 5.5, -15],
			"rotation": {"angle": -45, "axis": "z", "origin": [8, 8, 8]},
			"faces": {
				"north": {"uv": [2.5, 9.5, 3.5, 11], "texture": "#2"},
				"east": {"uv": [4, 3.5, 4.5, 5], "texture": "#2"},
				"south": {"uv": [2.5, 3.5, 3.5, 5], "texture": "#2"},
				"west": {"uv": [4, 5, 4.5, 6.5], "texture": "#2"},
				"up": {"uv": [2.5, 0, 3.5, 0.5], "texture": "#2"},
				"down": {"uv": [10.5, 11.5, 11.5, 12], "texture": "#2"}
			}
		},
		{
			"name": "Element",
			"from": [7, 0, 0],
			"to": [8, 2, 2],
			"faces": {
				"north": {"uv": [4.5, 5.5, 5, 6.5], "texture": "#2"},
				"east": {"uv": [11, 13, 12.5, 14], "texture": "#2"},
				"south": {"uv": [4.5, 4.5, 5, 5.5], "texture": "#2"},
				"west": {"uv": [9.5, 13, 11, 14], "texture": "#2"},
				"up": {"uv": [4, 0.5, 4.5, 2], "texture": "#2"},
				"down": {"uv": [4, 2, 4.5, 3.5], "texture": "#2"}
			}
		},
		{
			"name": "Element",
			"from": [7, -1, 0],
			"to": [8, 0, 2],
			"faces": {
				"north": {"uv": [4.5, 0, 5, 0.5], "texture": "#2"},
				"east": {"uv": [9.5, 11.5, 10.5, 12], "texture": "#2"},
				"south": {"uv": [5, 0.5, 5.5, 1], "texture": "#2"},
				"west": {"uv": [8.5, 11.5, 9.5, 12], "texture": "#2"},
				"up": {"uv": [5, 1, 5.5, 2], "texture": "#2"},
				"down": {"uv": [4.5, 2.5, 5, 3.5], "texture": "#2"}
			}
		},
		{
			"name": "Element",
			"from": [7, -3, 0],
			"to": [8, -1, 1.7],
			"faces": {
				"north": {"uv": [5, 9, 5.5, 10], "texture": "#2"},
				"east": {"uv": [5, 6, 5.5, 7], "texture": "#2"},
				"south": {"uv": [5, 8, 5.5, 9], "texture": "#2"},
				"west": {"uv": [5, 7, 5.5, 8], "texture": "#2"},
				"up": {"uv": [5, 10, 5.5, 11], "texture": "#2"},
				"down": {"uv": [4.5, 0.5, 5, 1.5], "texture": "#2"}
			}
		},
		{
			"name": "Element",
			"from": [7, 3.5, -8.2],
			"to": [8, 8.5, -6.2],
			"rotation": {"angle": -22.5, "axis": "x", "origin": [8, 8.5, 8]},
			"faces": {
				"north": {"uv": [2, 5, 2.5, 7.5], "texture": "#2"},
				"east": {"uv": [0, 0, 1, 2.5], "texture": "#2"},
				"south": {"uv": [3.5, 6, 4, 8.5], "texture": "#2"},
				"west": {"uv": [1, 5, 2, 7.5], "texture": "#2"},
				"up": {"uv": [5, 4, 5.5, 5], "texture": "#2"},
				"down": {"uv": [5, 5, 5.5, 6], "texture": "#2"}
			}
		},
		{
			"name": "Element",
			"from": [7.5, 0, 1.5],
			"to": [7.501, 2, 2],
			"rotation": {"angle": -22.5, "axis": "x", "origin": [7.5, 2, 1.5]},
			"faces": {
				"north": {"uv": [5, 3.5, 4.5, 2.5], "texture": "#2"},
				"east": {"uv": [9.5, 11.5, 10.5, 12], "rotation": 270, "texture": "#2"},
				"south": {"uv": [5, 1, 5.5, 2], "texture": "#2"},
				"west": {"uv": [8.5, 11.5, 9.5, 12], "rotation": 90, "texture": "#2"},
				"up": {"uv": [5, 0.5, 4.5, 0], "texture": "#2"},
				"down": {"uv": [5, 0.5, 5.5, 1], "texture": "#2"}
			}
		},
		{
			"name": "Element",
			"from": [10.5, 2, 3],
			"to": [12.5, 4, 3.5],
			"faces": {
				"north": {"uv": [0, 0, 16, 16], "rotation": 270, "texture": "#3"},
				"east": {"uv": [1.5, 16, 0, 0], "rotation": 180, "texture": "#3"},
				"south": {"uv": [0, 0, 16, 16], "rotation": 90, "texture": "#3"},
				"west": {"uv": [0, 0, 1.5, 16], "rotation": 180, "texture": "#3"},
				"up": {"uv": [15, 15.5, 16, 0], "rotation": 270, "texture": "#3"},
				"down": {"uv": [0, 0, 1.5, 15.5], "rotation": 90, "texture": "#3"}
			}
		}
	],
	"display": {
		"thirdperson_righthand": {
			"rotation": [0, 180, 0],
			"translation": [-0.25, 7.6521, 0]
		},
		"thirdperson_lefthand": {
			"rotation": [0, 180, 0],
			"translation": [0.5, 7.6521, 0]
		},
		"firstperson_righthand": {
			"rotation": [6, 180, 0],
			"translation": [0.75, 12.52, -6.75],
			"scale": [1.2, 1.2, 1]
		},
		"firstperson_lefthand": {
			"rotation": [6, 180, 0],
			"translation": [0.75, 12.52, -6.75],
			"scale": [1.2, 1.2, 1]
		},
		"ground": {
			"translation": [0, 9.7391, 7.6521]
		},
		"gui": {
			"rotation": [-27, 38, 7],
			"translation": [4.8695, 7.7065, 16.695],
			"scale": [-0.808, 1, 1]
		},
		"head": {
			"rotation": [0, -90, 0],
			"translation": [-8.25, 7.5, 0]
		},
		"fixed": {
			"rotation": [11.5, 90, 0],
			"translation": [7.25, 4.25, -1.25]
		}
	}
}