{
	"credit": "Made with Blockbench",
	"textures": {
		"2": "rugged/pistol",
		"particle": "rugged/pistol"
	},
	"elements": [
		{
			"name": "Element",
			"from": [7.25, 0, 7],
			"to": [8.75, 1, 8],
			"faces": {
				"north": {"uv": [4.96, 0.96, 7.04, 3.04], "texture": "#2"},
				"east": {"uv": [4.96, 0.96, 7.04, 3.04], "texture": "#2"},
				"south": {"uv": [0, 0, 0, 0], "texture": "#2"},
				"west": {"uv": [4.96, 0.96, 7.04, 3.04], "texture": "#2"},
				"up": {"uv": [0, 0, 0, 0], "texture": "#2"},
				"down": {"uv": [4.96, 0.96, 7.04, 3.04], "texture": "#2"}
			}
		},
		{
			"name": "Element",
			"from": [7.25, 0, 8],
			"to": [8.75, 1, 9],
			"faces": {
				"north": {"uv": [0, 0, 0, 0], "texture": "#2"},
				"east": {"uv": [8.96, 0.96, 11.04, 3.04], "texture": "#2"},
				"south": {"uv": [8.96, 0.96, 11.04, 3.04], "texture": "#2"},
				"west": {"uv": [8.96, 0.96, 11.04, 3.04], "texture": "#2"},
				"up": {"uv": [0, 0, 0, 0], "texture": "#2"},
				"down": {"uv": [8.96, 0.96, 11.04, 3.04], "texture": "#2"}
			}
		},
		{
			"name": "Element",
			"from": [7.25, 1, 7],
			"to": [8.75, 3, 8],
			"faces": {
				"north": {"uv": [12.96, 0.96, 15.04, 3.04], "texture": "#2"},
				"east": {"uv": [12.96, 0.96, 15.04, 3.04], "texture": "#2"},
				"south": {"uv": [0, 0, 0, 0], "texture": "#2"},
				"west": {"uv": [12.96, 0.96, 15.04, 3.04], "texture": "#2"},
				"up": {"uv": [0, 0, 0, 0], "texture": "#2"},
				"down": {"uv": [0, 0, 0, 0], "texture": "#2"}
			}
		},
		{
			"name": "Element",
			"from": [7.25, 1, 8],
			"to": [8.75, 3, 9],
			"faces": {
				"north": {"uv": [0, 0, 0, 0], "texture": "#2"},
				"east": {"uv": [4.96, 0.96, 7.04, 3.04], "texture": "#2"},
				"south": {"uv": [4.96, 0.96, 7.04, 3.04], "texture": "#2"},
				"west": {"uv": [4.96, 0.96, 7.04, 3.04], "texture": "#2"},
				"up": {"uv": [0, 0, 0, 0], "texture": "#2"},
				"down": {"uv": [0, 0, 0, 0], "texture": "#2"}
			}
		},
		{
			"name": "Element",
			"from": [7.25, 3, 6],
			"to": [8.75, 4, 7],
			"faces": {
				"north": {"uv": [12.96, 0.96, 15.04, 3.04], "texture": "#2"},
				"east": {"uv": [12.96, 0.96, 15.04, 3.04], "texture": "#2"},
				"south": {"uv": [0, 0, 0, 0], "texture": "#2"},
				"west": {"uv": [12.96, 0.96, 15.04, 3.04], "texture": "#2"},
				"up": {"uv": [0, 0, 0, 0], "texture": "#2"},
				"down": {"uv": [12.96, 0.96, 15.04, 3.04], "texture": "#2"}
			}
		},
		{
			"name": "Element",
			"from": [7.25, 3, 7],
			"to": [8.75, 4, 8],
			"faces": {
				"north": {"uv": [0, 0, 0, 0], "texture": "#2"},
				"east": {"uv": [4.96, 0.96, 7.04, 3.04], "texture": "#2"},
				"south": {"uv": [0, 0, 0, 0], "texture": "#2"},
				"west": {"uv": [4.96, 0.96, 7.04, 3.04], "texture": "#2"},
				"up": {"uv": [0, 0, 0, 0], "texture": "#2"},
				"down": {"uv": [0, 0, 0, 0], "texture": "#2"}
			}
		},
		{
			"name": "Element",
			"from": [7.25, 3, 8],
			"to": [8.75, 4, 9],
			"faces": {
				"north": {"uv": [0, 0, 0, 0], "texture": "#2"},
				"east": {"uv": [8.96, 0.96, 11.04, 3.04], "texture": "#2"},
				"south": {"uv": [8.96, 0.96, 11.04, 3.04], "texture": "#2"},
				"west": {"uv": [8.96, 0.96, 11.04, 3.04], "texture": "#2"},
				"up": {"uv": [0, 0, 0, 0], "texture": "#2"},
				"down": {"uv": [0, 0, 0, 0], "texture": "#2"}
			}
		},
		{
			"name": "Element",
			"from": [7, 4, 3],
			"to": [9, 5, 4],
			"faces": {
				"north": {"uv": [8.96, 0.96, 11.04, 3.04], "texture": "#2"},
				"east": {"uv": [8.96, 0.96, 11.04, 3.04], "texture": "#2"},
				"south": {"uv": [0, 0, 0, 0], "texture": "#2"},
				"west": {"uv": [8.96, 0.96, 11.04, 3.04], "texture": "#2"},
				"up": {"uv": [0, 0, 0, 0], "texture": "#2"},
				"down": {"uv": [8.96, 0.96, 11.04, 3.04], "texture": "#2"}
			}
		},
		{
			"name": "Element",
			"from": [7, 4, 4],
			"to": [9, 5, 7],
			"faces": {
				"north": {"uv": [0, 0, 0, 0], "texture": "#2"},
				"east": {"uv": [4.96, 0.96, 7.04, 3.04], "texture": "#2"},
				"south": {"uv": [0, 0, 0, 0], "texture": "#2"},
				"west": {"uv": [4.96, 0.96, 7.04, 3.04], "texture": "#2"},
				"up": {"uv": [4.96, 0.96, 7.04, 3.04], "texture": "#2"},
				"down": {"uv": [4.96, 0.96, 7.04, 3.04], "texture": "#2"}
			}
		},
		{
			"name": "Element",
			"from": [7, 4, 8],
			"to": [9, 5, 9],
			"faces": {
				"north": {"uv": [0, 0, 0, 0], "texture": "#2"},
				"east": {"uv": [4.96, 0.96, 7.04, 3.04], "texture": "#2"},
				"south": {"uv": [0, 0, 0, 0], "texture": "#2"},
				"west": {"uv": [4.96, 0.96, 7.04, 3.04], "texture": "#2"},
				"up": {"uv": [0, 0, 0, 0], "texture": "#2"},
				"down": {"uv": [4.96, 0.96, 7.04, 3.04], "texture": "#2"}
			}
		},
		{
			"name": "Element",
			"from": [7, 4, 9],
			"to": [9, 5, 10],
			"faces": {
				"north": {"uv": [0, 0, 0, 0], "texture": "#2"},
				"east": {"uv": [0.96, 4.96, 3.04, 7.04], "texture": "#2"},
				"south": {"uv": [0.96, 4.96, 3.04, 7.04], "texture": "#2"},
				"west": {"uv": [0.96, 4.96, 3.04, 7.04], "texture": "#2"},
				"up": {"uv": [0, 0, 0, 0], "texture": "#2"},
				"down": {"uv": [0.96, 4.96, 3.04, 7.04], "texture": "#2"}
			}
		},
		{
			"name": "Element",
			"from": [7, 5, 3],
			"to": [9, 6, 4],
			"faces": {
				"north": {"uv": [0.96, 4.96, 3.04, 7.04], "texture": "#2"},
				"east": {"uv": [0.96, 4.96, 3.04, 7.04], "texture": "#2"},
				"south": {"uv": [0, 0, 0, 0], "texture": "#2"},
				"west": {"uv": [0.96, 4.96, 3.04, 7.04], "texture": "#2"},
				"up": {"uv": [0.96, 4.96, 3.04, 7.04], "texture": "#2"},
				"down": {"uv": [0, 0, 0, 0], "texture": "#2"}
			}
		},
		{
			"name": "Element",
			"from": [7, 5, 4],
			"to": [9, 6, 5],
			"faces": {
				"north": {"uv": [0, 0, 0, 0], "texture": "#2"},
				"east": {"uv": [4.96, 4.96, 7.04, 7.04], "texture": "#2"},
				"south": {"uv": [0, 0, 0, 0], "texture": "#2"},
				"west": {"uv": [4.96, 4.96, 7.04, 7.04], "texture": "#2"},
				"up": {"uv": [4.96, 4.96, 7.04, 7.04], "texture": "#2"},
				"down": {"uv": [0, 0, 0, 0], "texture": "#2"}
			}
		},
		{
			"name": "Element",
			"from": [7, 5, 5],
			"to": [9, 6, 6],
			"faces": {
				"north": {"uv": [0, 0, 0, 0], "texture": "#2"},
				"east": {"uv": [8.96, 0.96, 11.04, 3.04], "texture": "#2"},
				"south": {"uv": [0, 0, 0, 0], "texture": "#2"},
				"west": {"uv": [8.96, 0.96, 11.04, 3.04], "texture": "#2"},
				"up": {"uv": [8.96, 0.96, 11.04, 3.04], "texture": "#2"},
				"down": {"uv": [0, 0, 0, 0], "texture": "#2"}
			}
		},
		{
			"name": "Element",
			"from": [7, 5, 6],
			"to": [9, 6, 8],
			"faces": {
				"north": {"uv": [0, 0, 0, 0], "texture": "#2"},
				"east": {"uv": [4.96, 4.96, 7.04, 7.04], "texture": "#2"},
				"south": {"uv": [0, 0, 0, 0], "texture": "#2"},
				"west": {"uv": [4.96, 4.96, 7.04, 7.04], "texture": "#2"},
				"up": {"uv": [4.96, 4.96, 7.04, 7.04], "texture": "#2"},
				"down": {"uv": [4.96, 4.96, 7.04, 7.04], "texture": "#2"}
			}
		},
		{
			"name": "Element",
			"from": [7, 5, 8],
			"to": [9, 6, 9],
			"faces": {
				"north": {"uv": [0, 0, 0, 0], "texture": "#2"},
				"east": {"uv": [0.96, 4.96, 3.04, 7.04], "texture": "#2"},
				"south": {"uv": [0, 0, 0, 0], "texture": "#2"},
				"west": {"uv": [0.96, 4.96, 3.04, 7.04], "texture": "#2"},
				"up": {"uv": [0.96, 4.96, 3.04, 7.04], "texture": "#2"},
				"down": {"uv": [0, 0, 0, 0], "texture": "#2"}
			}
		},
		{
			"name": "Element",
			"from": [7, 5, 9],
			"to": [9, 6, 10],
			"faces": {
				"north": {"uv": [0, 0, 0, 0], "texture": "#2"},
				"east": {"uv": [8.96, 0.96, 11.04, 3.04], "texture": "#2"},
				"south": {"uv": [8.96, 0.96, 11.04, 3.04], "texture": "#2"},
				"west": {"uv": [8.96, 0.96, 11.04, 3.04], "texture": "#2"},
				"up": {"uv": [8.96, 0.96, 11.04, 3.04], "texture": "#2"},
				"down": {"uv": [0, 0, 0, 0], "texture": "#2"}
			}
		},
		{
			"name": "Element",
			"from": [7.5, 2, 6],
			"to": [8.5, 3.5, 7],
			"rotation": {"angle": 22.5, "axis": "x", "origin": [7.5, 2, 6]},
			"faces": {
				"north": {"uv": [0.96, 4.96, 3.04, 7.04], "texture": "#2"},
				"east": {"uv": [0.96, 4.96, 3.04, 7.04], "texture": "#2"},
				"south": {"uv": [0, 0, 0, 0], "texture": "#2"},
				"west": {"uv": [0.96, 4.96, 3.04, 7.04], "texture": "#2"},
				"up": {"uv": [0.96, 4.96, 3.04, 7.04], "texture": "#2"},
				"down": {"uv": [0.96, 4.96, 3.04, 7.04], "texture": "#2"}
			}
		},
		{
			"name": "Element",
			"from": [7, 4, 7],
			"to": [9, 5, 8],
			"faces": {
				"north": {"uv": [0, 0, 0, 0], "texture": "#2"},
				"east": {"uv": [4.96, 0.96, 7.04, 3.04], "texture": "#2"},
				"south": {"uv": [0, 0, 0, 0], "texture": "#2"},
				"west": {"uv": [4.96, 0.96, 7.04, 3.04], "texture": "#2"},
				"up": {"uv": [0, 0, 0, 0], "texture": "#2"},
				"down": {"uv": [4.96, 0.96, 7.04, 3.04], "texture": "#2"}
			}
		},
		{
			"name": "Element",
			"from": [7.5, 6, 3.5],
			"to": [8.5, 6.5, 4.5],
			"rotation": {"angle": 45, "axis": "x", "origin": [7.5, 6, 3.5]},
			"faces": {
				"north": {"uv": [4.96, 4.96, 7.04, 7.04], "texture": "#2"},
				"east": {"uv": [4.96, 4.96, 7.04, 7.04], "texture": "#2"},
				"south": {"uv": [0, 0, 0, 0], "texture": "#2"},
				"west": {"uv": [4.96, 4.96, 7.04, 7.04], "texture": "#2"},
				"up": {"uv": [4.96, 4.96, 7.04, 7.04], "texture": "#2"},
				"down": {"uv": [4.96, 4.96, 7.04, 7.04], "texture": "#2"}
			}
		}
	],
	"display": {
		"thirdperson_righthand": {
			"translation": [0, 4.1739, 1.25]
		},
		"thirdperson_lefthand": {
			"translation": [0, 4.1739, 1.25]
		},
		"firstperson_righthand": {
			"translation": [-2, 6.6956, 3]
		},
		"firstperson_lefthand": {
			"translation": [-2, 6.6956, 3]
		},
		"ground": {
			"rotation": [19, 0, 0],
			"translation": [0, 8.3478, 0]
		},
		"gui": {
			"rotation": [-27, -124, -8],
			"translation": [-2.782, 6.2608, 0],
			"scale": [1.5, 1.5, 1.8]
		},
		"head": {
			"rotation": [0, 90, 0],
			"translation": [1.75, 7.75, 0],
			"scale": [1.5, 1.5, 1.5]
		},
		"fixed": {
			"rotation": [0, 90, 0],
			"translation": [2.7826, 7.6521, 0],
			"scale": [2, 2, 2]
		}
	}
}