{
	"credit": "Made with Blockbench",
	"textures": {
		"7": "rugged/smooth_stone",
		"8": "rugged/vent",
		"9": "rugged/dark_oak_planks",
		"10": "rugged/cobblestone",
		"particle": "rugged/vent"
	},
	"elements": [
		{
			"from": [7.5, 4, 18],
			"to": [9.5, 7, 22],
			"faces": {
				"north": {"uv": [14.25, 14, 15.5, 15.5], "texture": "#8"},
				"east": {"uv": [14, 14.5, 16, 16], "texture": "#8"},
				"south": {"uv": [13.5, 14.5, 14.75, 16], "texture": "#8"},
				"west": {"uv": [13.5, 14.5, 15.5, 16], "texture": "#8"},
				"up": {"uv": [13.5, 13.75, 14.5, 16], "texture": "#8"},
				"down": {"uv": [13.5, 13.75, 14.75, 16], "texture": "#8"}
			}
		},
		{
			"from": [8, 1, 5],
			"to": [9, 4, 9],
			"faces": {
				"north": {"uv": [1, 4, 2, 8], "texture": "#9"},
				"east": {"uv": [8, 11, 12, 15], "texture": "#9"},
				"south": {"uv": [1, 8, 2, 12], "texture": "#9"},
				"west": {"uv": [1, 1, 5, 4], "texture": "#9"},
				"up": {"uv": [0, 0, 1, 4], "texture": "#9"},
				"down": {"uv": [0, 2, 1, 6], "texture": "#9"}
			}
		},
		{
			"from": [8, 6, -16],
			"to": [9, 7, 1],
			"faces": {
				"north": {"uv": [0, 0, 1, 1], "texture": "#10"},
				"east": {"uv": [0, 2, 16, 3], "texture": "#10"},
				"south": {"uv": [0, 0, 1, 1], "texture": "#10"},
				"west": {"uv": [0, 7, 16, 8], "texture": "#10"},
				"up": {"uv": [0, 0, 1, 16], "texture": "#10"},
				"down": {"uv": [0, 0, 1, 16], "texture": "#10"}
			}
		},
		{
			"from": [8, 6, 15],
			"to": [9, 7, 18],
			"faces": {
				"north": {"uv": [0, 0, 1, 1], "texture": "#10"},
				"east": {"uv": [5, 5, 8, 6], "texture": "#10"},
				"south": {"uv": [0, 0, 1, 1], "texture": "#10"},
				"west": {"uv": [0, 0, 3, 1], "texture": "#10"},
				"up": {"uv": [0, 0, 1, 3], "texture": "#10"},
				"down": {"uv": [0, 0, 1, 3], "texture": "#10"}
			}
		},
		{
			"from": [8, 4, -3],
			"to": [9, 5, 1],
			"faces": {
				"north": {"uv": [4, 0, 5, 1], "texture": "#10"},
				"east": {"uv": [0, 0, 4, 1], "texture": "#10"},
				"south": {"uv": [0, 0, 1, 1], "texture": "#10"},
				"west": {"uv": [0, 0, 4, 1], "texture": "#10"},
				"up": {"uv": [0, 0, 1, 4], "texture": "#10"},
				"down": {"uv": [0, 0, 1, 4], "texture": "#10"}
			}
		},
		{
			"from": [8, 4.5, 15],
			"to": [9, 5.5, 18],
			"faces": {
				"north": {"uv": [0, 0, 1, 1], "texture": "#10"},
				"east": {"uv": [4, 0, 7, 1], "texture": "#10"},
				"south": {"uv": [0, 0, 1, 1], "texture": "#10"},
				"west": {"uv": [13, 0, 16, 1], "texture": "#10"},
				"up": {"uv": [0, 0, 1, 3], "texture": "#10"},
				"down": {"uv": [0, 0, 1, 3], "texture": "#10"}
			}
		},
		{
			"from": [8, 9.9, 10.01],
			"to": [9, 12.9, 11.01],
			"rotation": {"angle": 22.5, "axis": "x", "origin": [8, 7, -8]},
			"faces": {
				"north": {"uv": [0, 0, 1, 3], "texture": "#7"},
				"east": {"uv": [11, 5, 12, 8], "texture": "#7"},
				"south": {"uv": [0, 0, 1, 3], "texture": "#7"},
				"west": {"uv": [0, 0, 1, 3], "texture": "#7"},
				"up": {"uv": [0, 0, 1, 1], "texture": "#7"},
				"down": {"uv": [0, 0, 1, 1], "texture": "#7"}
			}
		},
		{
			"from": [8, 7, 5],
			"to": [9, 8, 6],
			"faces": {
				"north": {"uv": [0, 0, 1, 1], "texture": "#7"},
				"east": {"uv": [2, 2, 3, 3], "texture": "#7"},
				"south": {"uv": [0, 0, 1, 1], "texture": "#7"},
				"west": {"uv": [0, 0, 1, 1], "texture": "#7"},
				"up": {"uv": [0, 0, 1, 1], "texture": "#7"},
				"down": {"uv": [0, 0, 1, 1], "texture": "#7"}
			}
		},
		{
			"from": [8, 7, 9],
			"to": [9, 8, 10],
			"faces": {
				"north": {"uv": [0, 0, 1, 1], "texture": "#7"},
				"east": {"uv": [10, 7, 11, 8], "texture": "#7"},
				"south": {"uv": [0, 0, 1, 1], "texture": "#7"},
				"west": {"uv": [0, 0, 1, 1], "texture": "#7"},
				"up": {"uv": [0, 0, 1, 1], "texture": "#7"},
				"down": {"uv": [0, 0, 1, 1], "texture": "#7"}
			}
		},
		{
			"from": [7.5, 8, 4],
			"to": [9.5, 8.5, 11],
			"faces": {
				"north": {"uv": [0, 0, 2, 0.5], "texture": "#7"},
				"east": {"uv": [1, 1, 8, 1.5], "texture": "#7"},
				"south": {"uv": [0, 0, 2, 0.5], "texture": "#7"},
				"west": {"uv": [4, 4, 11, 4.5], "texture": "#7"},
				"up": {"uv": [0, 0, 2, 7], "texture": "#7"},
				"down": {"uv": [0, 0, 2, 7], "texture": "#7"}
			}
		},
		{
			"from": [7.5, 8, 4],
			"to": [8, 10, 11],
			"faces": {
				"north": {"uv": [0, 0, 0.5, 2], "texture": "#7"},
				"east": {"uv": [0, 0, 7, 2], "texture": "#7"},
				"south": {"uv": [0, 0, 0.5, 2], "texture": "#7"},
				"west": {"uv": [3, 3, 10, 5], "texture": "#7"},
				"up": {"uv": [0, 0, 0.5, 7], "texture": "#7"},
				"down": {"uv": [0, 0, 0.5, 7], "texture": "#7"}
			}
		},
		{
			"from": [7.5, 9.5, 4],
			"to": [9.5, 10, 11],
			"faces": {
				"north": {"uv": [0, 0, 2, 0.5], "texture": "#7"},
				"east": {"uv": [0, 0, 7, 0.5], "texture": "#7"},
				"south": {"uv": [0, 0, 2, 0.5], "texture": "#7"},
				"west": {"uv": [0, 0, 7, 0.5], "texture": "#7"},
				"up": {"uv": [0, 0, 1, 6], "texture": "#7"},
				"down": {"uv": [0, 0, 2, 7], "texture": "#7"}
			}
		},
		{
			"from": [9, 8, 4],
			"to": [9.5, 10, 11],
			"faces": {
				"north": {"uv": [0, 0, 0.5, 2], "texture": "#7"},
				"east": {"uv": [7, 3, 14, 5], "texture": "#7"},
				"south": {"uv": [0, 0, 0.5, 2], "texture": "#7"},
				"west": {"uv": [0, 0, 7, 2], "texture": "#7"},
				"up": {"uv": [0, 0, 0.5, 7], "texture": "#7"},
				"down": {"uv": [0, 0, 0.5, 7], "texture": "#7"}
			}
		},
		{
			"from": [7.5, 4, 1],
			"to": [9.5, 7, 15],
			"faces": {
				"north": {"uv": [0, 0, 2, 3], "texture": "#9"},
				"east": {"uv": [1, 10, 15, 13], "texture": "#9"},
				"south": {"uv": [0, 0, 2, 3], "texture": "#9"},
				"west": {"uv": [1, 2, 15, 5], "texture": "#9"},
				"up": {"uv": [0, 0, 2, 14], "texture": "#9"},
				"down": {"uv": [0, 0, 2, 14], "texture": "#9"}
			}
		},
		{
			"from": [7.5, 3, 19],
			"to": [9.5, 4, 22],
			"faces": {
				"north": {"uv": [13.75, 14, 15.25, 14.75], "texture": "#8"},
				"east": {"uv": [14.25, 15.25, 16, 16], "texture": "#8"},
				"south": {"uv": [14.5, 15.25, 16, 16], "texture": "#8"},
				"west": {"uv": [13.5, 14.5, 15.25, 15.25], "texture": "#8"},
				"up": {"uv": [0, 0, 2, 3], "texture": "#8"},
				"down": {"uv": [13.75, 14.25, 15, 16], "texture": "#8"}
			}
		},
		{
			"from": [7.5, 2, 12],
			"to": [9.5, 4, 15],
			"faces": {
				"north": {"uv": [0, 0, 2, 2], "texture": "#9"},
				"east": {"uv": [11, 12, 14, 14], "texture": "#9"},
				"south": {"uv": [6, 6, 8, 8], "texture": "#9"},
				"west": {"uv": [1, 1, 5, 4], "texture": "#9"},
				"up": {"uv": [0, 0, 2, 3], "texture": "#9"},
				"down": {"uv": [0, 0, 2, 3], "texture": "#9"}
			}
		},
		{
			"from": [8, 8.5, 5],
			"to": [9, 9.5, 10],
			"faces": {
				"north": {"uv": [0, 0, 1, 1], "texture": "#8"},
				"east": {"uv": [0, 0, 5, 1], "texture": "#8"},
				"south": {"uv": [0, 0, 1, 1], "texture": "#8"},
				"west": {"uv": [0, 0, 5, 1], "texture": "#8"},
				"up": {"uv": [0, 0, 1, 5], "texture": "#8"},
				"down": {"uv": [0, 0, 1, 5], "texture": "#8"}
			}
		}
	],
	"display": {
		"thirdperson_righthand": {
			"translation": [-0.5, 4.25, -1.25],
			"scale": [1, 1, 0.81]
		},
		"thirdperson_lefthand": {
			"translation": [-0.5, 4.25, -1.25],
			"scale": [1, 1, 0.81]
		},
		"firstperson_righthand": {
			"rotation": [10, -1, 2],
			"translation": [-2.5, 7.5, 1.25],
			"scale": [0.69, 0.72, 0.62]
		},
		"firstperson_lefthand": {
			"rotation": [10, -1, 2],
			"translation": [-2.5, 7.5, 1.25],
			"scale": [0.69, 0.72, 0.62]
		},
		"ground": {
			"rotation": [29, 0, 0],
			"translation": [0, 5.25, 2.25]
		},
		"gui": {
			"rotation": [-18, -146, -15],
			"translation": [-2, 1.5, 0]
		},
		"head": {
			"rotation": [0, 90, 0],
			"translation": [2.75, 2.25, 0],
			"scale": [0.8, 0.8, 0.8]
		},
		"fixed": {
			"rotation": [-69, 120, 47],
			"translation": [3.75, 2.25, -6]
		}
	},
	"groups": [
		0,
		1,
		{
			"name": "tubething",
			"origin": [8, 8, 8],
			"color": 0,
			"children": [2, 3, 4, 5, 6]
		},
		{
			"name": "scope",
			"origin": [8, 8, 8],
			"color": 0,
			"children": [7, 8, 9, 10, 11, 12]
		},
		13,
		14,
		15,
		16
	]
}