{
	"credit": "Made with Blockbench",
	"texture_size": [8, 8],
	"textures": {
		"0": "models/m4/front",
		"1": "models/m4/mag",
		"2": "models/m4/side",
		"3": "models/m4/mat",
		"4": "models/m4/top",
		"5": "models/m4/mat2",
		"particle": "models/m4/front"
	},
	"elements": [
		{
			"from": [6.5, 7.625, -5.03125],
			"to": [9.5, 10.125, 5.03125],
			"rotation": {"angle": 0, "axis": "y", "origin": [8, 9, -0.5]},
			"faces": {
				"north": {"uv": [3.625, 7.625, 0.125, 3.875], "rotation": 180, "texture": "#0"},
				"east": {"uv": [16, 9.125, 0.125, 13.5], "texture": "#0"},
				"south": {"uv": [3.625, 7.625, 0.125, 3.875], "rotation": 180, "texture": "#0"},
				"west": {"uv": [0.125, 9.125, 16, 13.5], "texture": "#0"}
			}
		},
		{
			"from": [8, 7.125, -5],
			"to": [9, 10.625, 5],
			"rotation": {"angle": 0, "axis": "y", "origin": [8, 9, -0.5]},
			"faces": {
				"north": {"uv": [0.125, 7.625, 1.875, 3.5], "texture": "#0"},
				"south": {"uv": [0.125, 7.625, 1.875, 3.5], "texture": "#0"},
				"up": {"uv": [0.125, 7.625, 16, 5.75], "rotation": 90, "texture": "#0"},
				"down": {"uv": [0, 13, 15.875, 11.125], "rotation": 270, "texture": "#0"}
			}
		},
		{
			"from": [7, 7.125, -5],
			"to": [8, 10.625, 5],
			"rotation": {"angle": 0, "axis": "y", "origin": [8, 9, -0.5]},
			"faces": {
				"north": {"uv": [1.875, 7.625, 0.125, 3.5], "texture": "#0"},
				"south": {"uv": [1.875, 7.625, 0.125, 3.5], "texture": "#0"},
				"up": {"uv": [0.125, 5.75, 16, 7.625], "rotation": 90, "texture": "#0"},
				"down": {"uv": [0, 11.125, 15.875, 13], "rotation": 270, "texture": "#0"}
			}
		},
		{
			"from": [6.76196, 9.89357, -5.00086],
			"to": [7.26196, 10.39357, 4.99914],
			"rotation": {"angle": -45, "axis": "z", "origin": [6.99385, 10.15512, 0.00571], "rescale": true},
			"faces": {
				"north": {"uv": [16, 7.5, 14.5, 9], "rotation": 270, "texture": "#0"},
				"south": {"uv": [16, 7.5, 14.5, 9], "rotation": 270, "texture": "#0"},
				"west": {"uv": [0.125, 7.5, 16, 9], "texture": "#0"}
			}
		},
		{
			"from": [6.76196, 7.39357, -5.00086],
			"to": [7.26196, 7.89357, 4.99914],
			"rotation": {"angle": -45, "axis": "z", "origin": [6.99385, 7.65512, 0.00571], "rescale": true},
			"faces": {
				"north": {"uv": [16, 7.5, 14.5, 9], "rotation": 270, "texture": "#0"},
				"south": {"uv": [16, 7.5, 14.5, 9], "rotation": 180, "texture": "#0"},
				"down": {"uv": [16, 11.625, 0, 13.125], "rotation": 90, "texture": "#0"}
			}
		},
		{
			"from": [8.76196, 9.89357, -5.00086],
			"to": [9.26196, 10.39357, 4.99914],
			"rotation": {"angle": -45, "axis": "z", "origin": [8.99385, 10.15512, 0.00571], "rescale": true},
			"faces": {
				"north": {"uv": [16, 7.5, 14.5, 9], "rotation": 270, "texture": "#0"},
				"south": {"uv": [16, 7.5, 14.5, 9], "rotation": 180, "texture": "#0"},
				"up": {"uv": [16, 7.5, 0.125, 9], "rotation": 270, "texture": "#0"}
			}
		},
		{
			"from": [8.76196, 7.39357, -5.00086],
			"to": [9.26196, 7.89357, 4.99914],
			"shade": false,
			"rotation": {"angle": -45, "axis": "z", "origin": [8.99385, 7.65512, 0.00571], "rescale": true},
			"faces": {
				"north": {"uv": [16, 7.5, 14.5, 9], "rotation": 270, "texture": "#0"},
				"east": {"uv": [0, 11.625, 16, 13.125], "rotation": 180, "texture": "#0"},
				"south": {"uv": [16, 7.5, 14.5, 9], "rotation": 270, "texture": "#0"}
			}
		},
		{
			"from": [6.875, 8, 6],
			"to": [9.125, 9, 16],
			"rotation": {"angle": 0, "axis": "y", "origin": [8, 9, 9.5]},
			"faces": {
				"east": {"uv": [16, 4.5, 0, 5.75], "texture": "#2"},
				"south": {"uv": [7.75, 9, 12.25, 11], "texture": "#5"},
				"west": {"uv": [0, 4.5, 16, 5.75], "texture": "#2"}
			}
		},
		{
			"from": [7.05683, 8.9141, 6],
			"to": [7.43183, 10.1641, 16],
			"rotation": {"angle": -22.5, "axis": "z", "origin": [7.18183, 9.4141, 11]},
			"faces": {
				"east": {"uv": [8, 15, 18, 16], "texture": "#2"},
				"south": {"uv": [7.75, 8.75, 8.5, 11.25], "texture": "#5"},
				"west": {"uv": [0, 2.625, 16, 4.5], "texture": "#2"}
			}
		},
		{
			"from": [8.56817, 8.9141, 6],
			"to": [8.94317, 10.1641, 16],
			"rotation": {"angle": 22.5, "axis": "z", "origin": [8.81817, 9.4141, 11]},
			"faces": {
				"east": {"uv": [16, 2.625, 0, 4.5], "texture": "#2"},
				"south": {"uv": [7.75, 8, 8.5, 10.5], "texture": "#5"}
			}
		},
		{
			"from": [7.19194, 7.35983, 6],
			"to": [7.69194, 8.23483, 16],
			"rotation": {"angle": 45, "axis": "z", "origin": [7.31694, 7.73483, 11]},
			"faces": {
				"north": {"uv": [10, 15, 10, 15], "texture": "#2"},
				"south": {"uv": [6.5, 5.75, 7.5, 7.5], "texture": "#5"},
				"west": {"uv": [0, 5.625, 16, 6.5], "texture": "#2"},
				"down": {"uv": [10, 5, 10, 15], "texture": "#2"}
			}
		},
		{
			"from": [8.30806, 7.35983, 6],
			"to": [8.80806, 8.23483, 16],
			"rotation": {"angle": -45, "axis": "z", "origin": [8.68306, 7.73483, 11]},
			"faces": {
				"north": {"uv": [18, 15, 18, 15], "texture": "#2"},
				"east": {"uv": [16, 5.625, 0, 6.5], "texture": "#2"},
				"south": {"uv": [8.25, 9, 9.25, 10.75], "texture": "#5"},
				"down": {"uv": [18, 5, 18, 15], "texture": "#2"}
			}
		},
		{
			"from": [7.5, 9, 6],
			"to": [8.5, 10, 16],
			"rotation": {"angle": 0, "axis": "y", "origin": [7.5, 9, 9.5]},
			"faces": {
				"south": {"uv": [10.5, 7.75, 12.5, 9.75], "texture": "#5"}
			}
		},
		{
			"from": [7.5, 7.5, 6],
			"to": [8.5, 8, 16],
			"rotation": {"angle": 0, "axis": "y", "origin": [7.5, 7, 9.5]},
			"faces": {
				"north": {"uv": [10, 15, 11, 15], "texture": "#2"},
				"south": {"uv": [8, 9.25, 10, 10.25], "texture": "#5"}
			}
		},
		{
			"from": [7.25, 8.5, 16],
			"to": [8.75, 9.5, 18],
			"rotation": {"angle": 0, "axis": "y", "origin": [8, 9, 9.5]},
			"faces": {
				"east": {"uv": [3.5, 6, 7.5, 8], "texture": "#5"},
				"west": {"uv": [3, 4.5, 7, 6.5], "texture": "#5"}
			}
		},
		{
			"from": [7.35843, 9.36232, 15.99957],
			"to": [7.60843, 9.61232, 17.99957],
			"rotation": {"angle": -45, "axis": "z", "origin": [7.49631, 9.47051, 17.00347], "rescale": true},
			"faces": {
				"west": {"uv": [3.5, 5.5, 7.5, 6], "texture": "#5"}
			}
		},
		{
			"from": [7.35843, 8.36232, 15.99957],
			"to": [7.60843, 8.61232, 17.99957],
			"rotation": {"angle": -45, "axis": "z", "origin": [7.49631, 8.47051, 17.00347], "rescale": true},
			"faces": {
				"down": {"uv": [5, 3.5, 5.5, 7.5], "texture": "#5"}
			}
		},
		{
			"from": [8.35843, 9.36232, 15.99957],
			"to": [8.60843, 9.61232, 17.99957],
			"rotation": {"angle": -45, "axis": "z", "origin": [8.49631, 9.47051, 17.00347], "rescale": true},
			"faces": {
				"up": {"uv": [2, 5.5, 2.5, 9.5], "texture": "#5"}
			}
		},
		{
			"from": [8.35843, 8.36232, 15.99957],
			"to": [8.60843, 8.61232, 17.99957],
			"rotation": {"angle": -45, "axis": "z", "origin": [8.49631, 8.47051, 17.00347], "rescale": true},
			"faces": {
				"east": {"uv": [1.5, 7, 5.5, 7.5], "texture": "#5"}
			}
		},
		{
			"from": [7.5, 8.25, 16],
			"to": [8.5, 9.75, 18],
			"rotation": {"angle": 0, "axis": "y", "origin": [8, 9, 9.5]},
			"faces": {
				"up": {"uv": [2.5, 4.5, 4.5, 8.5], "texture": "#5"},
				"down": {"uv": [4, 5, 6, 9], "texture": "#5"}
			}
		},
		{
			"from": [7.25, 8, 18],
			"to": [8.75, 10, 27],
			"rotation": {"angle": 0, "axis": "y", "origin": [8, 9, 11.5]},
			"faces": {
				"north": {"uv": [3.5, 5, 6.5, 9], "texture": "#5"},
				"east": {"uv": [0, 5, 16, 9], "texture": "#5"},
				"west": {"uv": [0, 5.5, 16, 9.5], "texture": "#5"}
			}
		},
		{
			"from": [7.125, 7, 27],
			"to": [8.875, 10.25, 27.25],
			"rotation": {"angle": 0, "axis": "y", "origin": [8, 9, 11.75]},
			"faces": {
				"north": {"uv": [9.5, 9, 13, 15.5], "texture": "#3"},
				"east": {"uv": [10, 8, 10.5, 14.5], "texture": "#3"},
				"south": {"uv": [7.5, 2.5, 11, 9], "texture": "#3"},
				"west": {"uv": [10, 4, 10.5, 10.5], "texture": "#3"}
			}
		},
		{
			"from": [7.375, 4.875, 27],
			"to": [8.625, 7, 27.25],
			"rotation": {"angle": 0, "axis": "y", "origin": [8, 5.75, 11.75]},
			"faces": {
				"north": {"uv": [8, 8, 10.5, 12.25], "texture": "#3"},
				"east": {"uv": [10, 8.5, 10.5, 12.75], "texture": "#3"},
				"south": {"uv": [4, 4.5, 6.5, 8.75], "texture": "#3"},
				"west": {"uv": [8.5, 5.5, 9, 9.75], "texture": "#3"}
			}
		},
		{
			"from": [7.625, 4.625, 27],
			"to": [8.375, 4.875, 27.25],
			"rotation": {"angle": 0, "axis": "y", "origin": [8, 5.5, 11.75]},
			"faces": {
				"north": {"uv": [7.5, 9, 9, 9.5], "texture": "#3"},
				"south": {"uv": [9, 11, 10.5, 11.5], "texture": "#3"},
				"down": {"uv": [8, 9, 9.5, 9.5], "texture": "#3"}
			}
		},
		{
			"from": [7.375, 10.25, 27],
			"to": [8.625, 10.5, 27.25],
			"rotation": {"angle": 0, "axis": "y", "origin": [8, 9, 11.75]},
			"faces": {
				"north": {"uv": [11, 9.5, 13.5, 10], "texture": "#3"},
				"south": {"uv": [10, 6.5, 12.5, 7], "texture": "#3"},
				"up": {"uv": [10, 8.5, 12.5, 9], "texture": "#3"}
			}
		},
		{
			"from": [7.5, 10, 18],
			"to": [8.5, 10.25, 27],
			"rotation": {"angle": 0, "axis": "y", "origin": [8, 9.25, 11.5]},
			"faces": {
				"north": {"uv": [5, 6, 7, 6.5], "texture": "#5"},
				"up": {"uv": [3, 0, 5, 16], "texture": "#5"}
			}
		},
		{
			"from": [7.5, 7.75, 18],
			"to": [8.5, 8, 20],
			"rotation": {"angle": 0, "axis": "y", "origin": [8, 7, 11.5]},
			"faces": {
				"north": {"uv": [4.5, 5.5, 6.5, 6], "texture": "#5"},
				"down": {"uv": [4, 4.5, 6, 8.5], "texture": "#5"}
			}
		},
		{
			"from": [7.34885, 9.85358, 17.99957],
			"to": [7.59885, 10.10358, 26.99957],
			"rotation": {"angle": -45, "axis": "z", "origin": [7.49545, 9.95217, 22.50433], "rescale": true},
			"faces": {
				"north": {"uv": [3, 5, 3.5, 5.5], "texture": "#5"},
				"west": {"uv": [0, 6.5, 16, 7], "texture": "#5"}
			}
		},
		{
			"from": [7.34885, 7.85358, 17.99957],
			"to": [7.59885, 8.10358, 19.99957],
			"rotation": {"angle": -45, "axis": "z", "origin": [7.49545, 7.95217, 22.50433], "rescale": true},
			"faces": {
				"north": {"uv": [3.5, 5, 4, 5.5], "texture": "#5"},
				"down": {"uv": [5.5, 4.5, 6, 8.5], "texture": "#5"}
			}
		},
		{
			"from": [8.34885, 7.85358, 17.99957],
			"to": [8.59885, 8.10358, 19.99957],
			"rotation": {"angle": -45, "axis": "z", "origin": [8.49545, 7.95217, 22.50433], "rescale": true},
			"faces": {
				"north": {"uv": [2.5, 5.5, 3, 6], "texture": "#5"},
				"east": {"uv": [2, 5, 6, 5.5], "texture": "#5"}
			}
		},
		{
			"from": [7.22385, 10.10358, 26.99957],
			"to": [7.47385, 10.35358, 27.24957],
			"rotation": {"angle": -45, "axis": "z", "origin": [7.37045, 10.20217, 22.50433], "rescale": true},
			"faces": {
				"north": {"uv": [9, 9, 9.5, 9.5], "texture": "#3"},
				"south": {"uv": [10.5, 10, 11, 10.5], "texture": "#3"},
				"west": {"uv": [14, 8.5, 14.5, 9], "texture": "#3"}
			}
		},
		{
			"from": [7.22385, 6.85358, 26.99957],
			"to": [7.47385, 7.10358, 27.24957],
			"rotation": {"angle": -45, "axis": "z", "origin": [7.37045, 6.95217, 22.50433], "rescale": true},
			"faces": {
				"north": {"uv": [9, 9, 9.5, 9.5], "texture": "#3"},
				"south": {"uv": [9, 10.5, 9.5, 11], "texture": "#3"},
				"down": {"uv": [8.5, 7.5, 9, 8], "texture": "#3"}
			}
		},
		{
			"from": [7.47385, 4.72858, 26.99957],
			"to": [7.72385, 4.97858, 27.24957],
			"rotation": {"angle": -45, "axis": "z", "origin": [7.62045, 4.82717, 22.50433], "rescale": true},
			"faces": {
				"north": {"uv": [7.5, 8.5, 8, 9], "texture": "#3"},
				"south": {"uv": [9, 11, 9.5, 11.5], "texture": "#3"},
				"down": {"uv": [4, 4.5, 4.5, 5], "texture": "#3"}
			}
		},
		{
			"from": [8.22385, 4.72858, 26.99957],
			"to": [8.47385, 4.97858, 27.24957],
			"rotation": {"angle": -45, "axis": "z", "origin": [8.37045, 4.82717, 22.50433], "rescale": true},
			"faces": {
				"north": {"uv": [9.5, 8.5, 10, 9], "texture": "#3"},
				"east": {"uv": [11.5, 9, 12, 9.5], "texture": "#3"},
				"south": {"uv": [6.5, 7.5, 7, 8], "texture": "#3"}
			}
		},
		{
			"from": [8.47385, 10.10358, 26.99957],
			"to": [8.72385, 10.35358, 27.24957],
			"rotation": {"angle": -45, "axis": "z", "origin": [8.62045, 10.20217, 22.50433], "rescale": true},
			"faces": {
				"north": {"uv": [9.5, 9.5, 10, 10], "texture": "#3"},
				"south": {"uv": [2, 2, 2.5, 2.5], "texture": "#3"},
				"up": {"uv": [9, 9.5, 9.5, 10], "texture": "#3"}
			}
		},
		{
			"from": [8.47385, 6.85358, 26.99957],
			"to": [8.72385, 7.10358, 27.24957],
			"rotation": {"angle": -45, "axis": "z", "origin": [8.62045, 6.95217, 22.50433], "rescale": true},
			"faces": {
				"north": {"uv": [9, 8.5, 9.5, 9], "texture": "#3"},
				"east": {"uv": [10.5, 8.5, 11, 9], "texture": "#3"},
				"south": {"uv": [7, 5.5, 7.5, 6], "texture": "#3"}
			}
		},
		{
			"from": [8.34885, 9.85358, 17.99957],
			"to": [8.59885, 10.10358, 26.99957],
			"rotation": {"angle": -45, "axis": "z", "origin": [8.49545, 9.95217, 22.50433], "rescale": true},
			"faces": {
				"north": {"uv": [3, 5.5, 3.5, 6], "texture": "#5"},
				"up": {"uv": [7, 0, 7.5, 16], "texture": "#5"}
			}
		},
		{
			"from": [7.25, 7, 20],
			"to": [8.75, 8, 27],
			"rotation": {"angle": 0, "axis": "y", "origin": [8, 8, 11.5]},
			"faces": {
				"north": {"uv": [5, 6.5, 8, 8.5], "texture": "#5"},
				"east": {"uv": [0, 6.5, 14, 8.5], "texture": "#5"},
				"west": {"uv": [1.5, 8, 15.5, 10], "texture": "#5"},
				"down": {"uv": [3, 1, 6, 15], "texture": "#5"}
			}
		},
		{
			"from": [7.5, 6, 21],
			"to": [8.5, 7, 27],
			"rotation": {"angle": 0, "axis": "y", "origin": [8.5, 7, 11.5]},
			"faces": {
				"east": {"uv": [1.5, 3, 13.5, 5], "texture": "#5"},
				"west": {"uv": [0, 6.5, 12, 8.5], "texture": "#5"},
				"down": {"uv": [2.5, 2, 4.5, 14], "texture": "#5"}
			}
		},
		{
			"from": [7.49996, 6.50182, 20.47907],
			"to": [8.49996, 7.50182, 21.47907],
			"rotation": {"angle": 45, "axis": "x", "origin": [8.02439, 6.98, 20.9764], "rescale": true},
			"faces": {
				"east": {"uv": [3.5, 2.5, 5.5, 4.5], "texture": "#5"},
				"west": {"uv": [3, 5.5, 5, 7.5], "texture": "#5"},
				"down": {"uv": [2.5, 5, 4.5, 7], "texture": "#5"}
			}
		},
		{
			"from": [7.5, 5, 24],
			"to": [8.5, 6, 27],
			"rotation": {"angle": 0, "axis": "y", "origin": [8.5, 7, 11.5]},
			"faces": {
				"east": {"uv": [3, 5, 9, 7], "texture": "#5"},
				"west": {"uv": [4, 6, 10, 8], "texture": "#5"},
				"down": {"uv": [2.5, 5.5, 4.5, 11.5], "texture": "#5"}
			}
		},
		{
			"from": [7.50011, 5.15665, 21.59466],
			"to": [8.50011, 6.15665, 24.21966],
			"rotation": {"angle": 22.5, "axis": "x", "origin": [8.03152, 5.6296, 23.71524]},
			"faces": {
				"east": {"uv": [1.5, 3.5, 6.75, 5.5], "texture": "#5"},
				"west": {"uv": [6.5, 9.5, 11.75, 11.5], "texture": "#5"},
				"down": {"uv": [3.5, 6, 5.5, 11.25], "texture": "#5"}
			}
		},
		{
			"from": [7.375, 6.5, 6.375],
			"to": [8.625, 7.5, 15],
			"rotation": {"angle": 0, "axis": "y", "origin": [8, 7.5, 9.5]},
			"faces": {
				"east": {"uv": [14.375, 6.5, 0.625, 7.375], "texture": "#2"},
				"south": {"uv": [24.25, 12.3125, 25.25, 13.3125], "texture": "#2"},
				"west": {"uv": [0.625, 6.5, 14.375, 7.375], "texture": "#2"},
				"down": {"uv": [0.625, 6.5, 8.875, 7.375], "rotation": 90, "texture": "#2"}
			}
		},
		{
			"from": [7.375, 7.375, 6],
			"to": [8.625, 7.5, 6.375],
			"rotation": {"angle": 0, "axis": "y", "origin": [8, 7.5, 9.5]},
			"faces": {
				"north": {"uv": [0, 0.1875, 1, 0.1875], "texture": "#2"},
				"east": {"uv": [0, 0.1875, 0, 0.1875], "texture": "#2"},
				"west": {"uv": [1, 0.1875, 1, 0.1875], "texture": "#2"}
			}
		},
		{
			"from": [7.37545, 6.46909, 6.10443],
			"to": [8.62545, 7.46909, 6.60443],
			"rotation": {"angle": -22.5, "axis": "x", "origin": [7.8737, 7.15976, 6.29052]},
			"faces": {
				"north": {"uv": [0, 6.25, 1.125, 7.25], "texture": "#2"},
				"east": {"uv": [0.25, 0.25, 0.25, 1.25], "texture": "#2"},
				"west": {"uv": [0.25, 6.5, 0.625, 7.375], "texture": "#2"}
			}
		},
		{
			"from": [7.40625, 6.99999, 14.5],
			"to": [8.59375, 7.99999, 15.5],
			"rotation": {"angle": -45, "axis": "x", "origin": [8, 7.49999, 15], "rescale": true},
			"faces": {
				"east": {"uv": [6.3125, 1.5, 7.3125, 2.5], "texture": "#2"},
				"west": {"uv": [6.3125, 1.5, 7.3125, 2.5], "texture": "#2"},
				"down": {"uv": [1.625, 13, 4, 15.625], "texture": "#4"}
			}
		},
		{
			"from": [8.21875, 11.87501, 6.5],
			"to": [8.46875, 12.50001, 7.5],
			"rotation": {"angle": -45, "axis": "x", "origin": [8, 12.00001, 7], "rescale": true},
			"faces": {
				"east": {"uv": [3.375, 3.125, 6.375, 4.375], "texture": "#4"},
				"west": {"uv": [4.188, 2.938, 5.188, 2.938], "rotation": 90, "texture": "#4"},
				"up": {"uv": [3.5, 4.625, 1.5, 4.25], "rotation": 90, "texture": "#4"},
				"down": {"uv": [4.188, 1.938, 4.188, 2.938], "rotation": 90, "texture": "#4"}
			}
		},
		{
			"from": [7.53125, 11.87501, 6.5],
			"to": [7.78125, 12.50001, 7.5],
			"rotation": {"angle": -45, "axis": "x", "origin": [8, 12.00001, 7], "rescale": true},
			"faces": {
				"east": {"uv": [3.375, 3.125, 6.375, 4.375], "texture": "#4"},
				"west": {"uv": [3.375, 3.125, 6.375, 4.375], "texture": "#4"},
				"up": {"uv": [3.5, 4.625, 1.5, 4.25], "rotation": 90, "texture": "#4"},
				"down": {"uv": [4.188, 2.438, 4.188, 3.438], "rotation": 90, "texture": "#4"}
			}
		},
		{
			"from": [8.21875, 11.99999, 14.5],
			"to": [8.46875, 12.49999, 15.5],
			"rotation": {"angle": 45, "axis": "x", "origin": [8, 11.99999, 15], "rescale": true},
			"faces": {
				"east": {"uv": [15, 3.625, 12.25, 4.875], "rotation": 180, "texture": "#4"},
				"west": {"uv": [12.25, 3.625, 15, 4.875], "rotation": 180, "texture": "#4"},
				"up": {"uv": [3.5, 4.625, 1.5, 4.25], "rotation": 90, "texture": "#4"}
			}
		},
		{
			"from": [7.75, 11.50001, 14.5],
			"to": [8.25, 12.00001, 15],
			"rotation": {"angle": 45, "axis": "x", "origin": [7.5, 11.50001, 15], "rescale": true},
			"faces": {
				"up": {"uv": [2.875, 4.75, 1.5, 3.625], "rotation": 90, "texture": "#4"}
			}
		},
		{
			"from": [7.53125, 11.99999, 14.5],
			"to": [7.78125, 12.49999, 15.5],
			"rotation": {"angle": 45, "axis": "x", "origin": [8, 11.99999, 15], "rescale": true},
			"faces": {
				"east": {"uv": [15, 3.625, 12.25, 4.875], "rotation": 180, "texture": "#4"},
				"west": {"uv": [12.25, 3.625, 15, 4.875], "rotation": 180, "texture": "#4"},
				"up": {"uv": [3.5, 4.625, 1.5, 4.25], "rotation": 90, "texture": "#4"}
			}
		},
		{
			"from": [7.375, 4.5, 6.375],
			"to": [8.625, 6.5, 10],
			"rotation": {"angle": 0, "axis": "y", "origin": [8, 5.5, 9.5]},
			"faces": {
				"north": {"uv": [0, 7.375, 1.125, 10], "texture": "#2"},
				"east": {"uv": [6.375, 7.375, 0.625, 10], "texture": "#2"},
				"south": {"uv": [4.25, 7.375, 5.75, 10], "texture": "#2"},
				"west": {"uv": [0.625, 7.375, 6.375, 10], "texture": "#2"},
				"down": {"uv": [0.625, 8.5, 6.375, 9.75], "rotation": 270, "texture": "#2"}
			}
		},
		{
			"from": [7.5, 4.5, 10],
			"to": [8.5, 6.5, 10.5],
			"rotation": {"angle": 0, "axis": "y", "origin": [8, 5.5, 9.5]},
			"faces": {
				"east": {"uv": [6.125, 4.5, 6.625, 7.125], "texture": "#2"},
				"south": {"uv": [4.75, 0.25, 5.75, 2.25], "texture": "#4"},
				"west": {"uv": [6.125, 4.5, 6.625, 7.125], "texture": "#2"},
				"down": {"uv": [6.125, 5.75, 6.625, 7.125], "texture": "#2"}
			}
		},
		{
			"from": [7.5, 4.5, 12.5],
			"to": [8.5, 6.5, 13],
			"rotation": {"angle": 0, "axis": "y", "origin": [8, 5.5, 12]},
			"faces": {
				"north": {"uv": [5.875, 0.25, 6.875, 2.25], "texture": "#4"},
				"east": {"uv": [12, 7.5, 12.5, 9.875], "texture": "#2"},
				"west": {"uv": [12, 7.5, 12.5, 9.875], "texture": "#2"},
				"down": {"uv": [7.875, 0.25, 6.875, 0.25], "texture": "#4"}
			}
		},
		{
			"from": [7.75, 5.5, 11.75],
			"to": [8.25, 6.5, 12.25],
			"shade": false,
			"rotation": {"angle": 0, "axis": "y", "origin": [8, 5.25, 11.25]},
			"faces": {
				"north": {"uv": [3, 4.5, 4, 6.5], "texture": "#3"},
				"east": {"uv": [6.5, 3.5, 7.5, 5.5], "texture": "#3"},
				"south": {"uv": [6, 5.5, 7, 7.5], "texture": "#3"},
				"west": {"uv": [8.5, 8.5, 9.5, 10.5], "texture": "#3"}
			}
		},
		{
			"from": [7.74964, 5.04165, 11.55509],
			"to": [8.24964, 5.79165, 12.05509],
			"shade": false,
			"rotation": {"angle": 45, "axis": "x", "origin": [8.0112, 5.40968, 11.80049]},
			"faces": {
				"north": {"uv": [9, 8.5, 10, 10], "texture": "#3"},
				"east": {"uv": [7.5, 4.5, 8.5, 6], "texture": "#3"},
				"south": {"uv": [5, 2, 6, 3.5], "texture": "#3"},
				"west": {"uv": [6, 6.5, 7, 8], "texture": "#3"},
				"down": {"uv": [8, 6, 9, 7], "texture": "#3"}
			}
		},
		{
			"from": [7.5, 4.5, 10.5],
			"to": [8.5, 4.75, 12.5],
			"rotation": {"angle": 0, "axis": "y", "origin": [8, 5.5, 11.5]},
			"faces": {
				"east": {"uv": [1.75, 5.5, 3.625, 5.75], "texture": "#2"},
				"west": {"uv": [1.75, 5.5, 3.625, 5.75], "texture": "#2"},
				"up": {"uv": [1, 4.375, 4, 5.25], "rotation": 90, "texture": "#2"},
				"down": {"uv": [1.375, 4.25, 3.75, 5.5], "texture": "#2"}
			}
		},
		{
			"from": [7.625, 2.5, 6.75],
			"to": [8.375, 4.5, 9.75],
			"rotation": {"angle": 0, "axis": "y", "origin": [7.5, 3.5, 10.25]},
			"faces": {
				"north": {"uv": [3, 0, 7, 7.5], "texture": "#1"},
				"east": {"uv": [16, 0, 6, 8], "texture": "#1"},
				"south": {"uv": [13, 0, 16, 8], "texture": "#1"},
				"west": {"uv": [6, 0, 16, 8], "texture": "#1"},
				"down": {"uv": [11, 1.5, 11, 4.5], "rotation": 270, "texture": "#1"}
			}
		},
		{
			"from": [7.65625, 0.15015, 6.4815],
			"to": [8.34375, 3.15015, 9.4815],
			"rotation": {"angle": 22.5, "axis": "x", "origin": [8, 2.15015, 7.9815]},
			"faces": {
				"north": {"uv": [3, 4, 7, 16], "texture": "#1"},
				"east": {"uv": [16, 8, 6, 16], "texture": "#1"},
				"south": {"uv": [13, 6, 16, 16], "texture": "#1"},
				"west": {"uv": [6, 8, 16, 16], "texture": "#1"},
				"down": {"uv": [3, 4, 7, 16], "texture": "#1"}
			}
		},
		{
			"from": [7.375, 4.5, 13],
			"to": [8.625, 6.5, 15],
			"rotation": {"angle": 0, "axis": "y", "origin": [8, 5.5, 14.5]},
			"faces": {
				"north": {"uv": [7.5, 3, 8.5, 5], "texture": "#4"},
				"east": {"uv": [11.5, 8.75, 8.75, 11.5], "texture": "#4"},
				"west": {"uv": [8.75, 8.75, 11.5, 11.5], "texture": "#4"}
			}
		},
		{
			"from": [7.34375, 2.56361, 15.64805],
			"to": [8.65625, 3.72836, 16.16452],
			"rotation": {"angle": 0, "axis": "y", "origin": [8, 3.5, 15.5]},
			"faces": {
				"north": {"uv": [0.57075, 1.00824, 1.57075, 2.00824], "texture": "#4"},
				"east": {"uv": [3.375, 11.125, 2.375, 13.5], "texture": "#4"},
				"south": {"uv": [1.625, 12.5, 4, 15.625], "texture": "#4"},
				"west": {"uv": [2.375, 11.125, 3.375, 13.5], "texture": "#4"}
			}
		},
		{
			"from": [7.34375, 2.17748, 13.79768],
			"to": [8.65625, 2.56199, 15.98029],
			"rotation": {"angle": -22.5, "axis": "x", "origin": [8, 2.83363, 15.1018]},
			"faces": {
				"north": {"uv": [1.625, 14.875, 4, 15.625], "texture": "#4"},
				"east": {"uv": [3, 11, 2.25, 14.75], "rotation": 90, "texture": "#4"},
				"west": {"uv": [2.25, 11, 3, 14.75], "rotation": 90, "texture": "#4"},
				"up": {"uv": [3.52881, 7.8125, 2.52881, 5.8125], "texture": "#4"},
				"down": {"uv": [1.625, 10.125, 4, 15.625], "texture": "#4"}
			}
		},
		{
			"from": [7.375, 3.35336, 13.52305],
			"to": [8.625, 4.50961, 15.64805],
			"rotation": {"angle": 0, "axis": "y", "origin": [8, 4.5, 15.5]},
			"faces": {
				"east": {"uv": [12.75, 10.375, 9.625, 12.375], "texture": "#4"},
				"west": {"uv": [9.625, 10.375, 12.75, 12.375], "texture": "#4"}
			}
		},
		{
			"from": [7.375, 4.5, 15],
			"to": [8.625, 5.47836, 15.27305],
			"rotation": {"angle": 0, "axis": "y", "origin": [8, 4.5, 15.5]},
			"faces": {
				"east": {"uv": [11.75, 11.25, 11.25, 13.25], "texture": "#4"},
				"west": {"uv": [11.25, 11.25, 11.75, 13.25], "texture": "#4"}
			}
		},
		{
			"from": [7.375, 2.22836, 14.02305],
			"to": [8.625, 3.35336, 15.27305],
			"rotation": {"angle": 0, "axis": "y", "origin": [8, 3.375, 15.5]},
			"faces": {
				"east": {"uv": [13, 12.375, 10.875, 14.125], "texture": "#4"},
				"west": {"uv": [10.875, 12.375, 13, 14.125], "texture": "#4"}
			}
		},
		{
			"from": [7.375, 2.47836, 15.27305],
			"to": [8.625, 3.35336, 15.64805],
			"rotation": {"angle": 0, "axis": "y", "origin": [8, 3.375, 15.875]},
			"faces": {
				"east": {"uv": [12.875, 12, 12.25, 13.75], "texture": "#4"},
				"west": {"uv": [12.25, 12, 12.875, 13.75], "texture": "#4"}
			}
		},
		{
			"from": [7.34375, 2.18052, 13.53596],
			"to": [8.65625, 4.80552, 14.03596],
			"rotation": {"angle": -22.5, "axis": "x", "origin": [8, 3.30552, 14.03596]},
			"faces": {
				"north": {"uv": [1.625, 10.125, 4, 15.625], "texture": "#4"},
				"east": {"uv": [3.25, 10.5, 2.25, 16], "texture": "#4"},
				"south": {"uv": [1.5625, 4.9375, 2.5625, 6.9375], "texture": "#4"},
				"west": {"uv": [2.25, 10.5, 3.25, 16], "texture": "#4"},
				"up": {"uv": [1.5625, 4.9375, 0.5625, 4.9375], "texture": "#4"}
			}
		},
		{
			"from": [7.34375, 3.41654, 15.11209],
			"to": [8.65625, 6.42284, 15.6273],
			"rotation": {"angle": -22.5, "axis": "x", "origin": [8, 4.92284, 15.11209]},
			"faces": {
				"north": {"uv": [0.56994, 4.9375, 1.56994, 7.9375], "texture": "#4"},
				"east": {"uv": [2.25, 10.5, 3.25, 16], "texture": "#4"},
				"south": {"uv": [1.625, 10.125, 4, 15.625], "texture": "#4"},
				"west": {"uv": [2.25, 10.5, 3.25, 16], "texture": "#4"},
				"up": {"uv": [1.56994, 4.9375, 0.56994, 4.9375], "texture": "#4"}
			}
		},
		{
			"from": [7.5, 10.75, 6],
			"to": [8.5, 11, 16],
			"rotation": {"angle": 0, "axis": "y", "origin": [8.5, 10, 9.5]},
			"faces": {
				"north": {"uv": [10, 10.9375, 11, 10.9375], "rotation": 90, "texture": "#4"},
				"south": {"uv": [10.875, 4, 12.75, 4.5], "rotation": 180, "texture": "#4"},
				"up": {"uv": [15.125, 4.75, 1.5, 3], "rotation": 90, "texture": "#4"}
			}
		},
		{
			"from": [7.36888, 10.62499, 5.99957],
			"to": [7.61888, 10.87499, 15.99957],
			"rotation": {"angle": -45, "axis": "z", "origin": [7.4941, 10.74365, 11.00568], "rescale": true},
			"faces": {
				"north": {"uv": [10, 15, 10, 15], "texture": "#4"},
				"south": {"uv": [20, 15, 20, 15], "texture": "#4"},
				"west": {"uv": [0, 0, 16, 0.75], "texture": "#2"}
			}
		},
		{
			"from": [8.36888, 10.62499, 5.99957],
			"to": [8.61888, 10.87499, 15.99957],
			"rotation": {"angle": -45, "axis": "z", "origin": [8.4941, 10.74365, 11.00568], "rescale": true},
			"faces": {
				"north": {"uv": [10, 10.3125, 10, 10.3125], "texture": "#4"},
				"south": {"uv": [20, 10.3125, 20, 10.3125], "texture": "#4"},
				"up": {"uv": [0, 0, 16, 0.75], "rotation": 90, "texture": "#2"}
			}
		},
		{
			"from": [7.25, 10, 6],
			"to": [8.75, 10.75, 16],
			"rotation": {"angle": 0, "axis": "y", "origin": [8.5, 10, 9.5]},
			"faces": {
				"north": {"uv": [18, 15, 19, 15], "texture": "#2"},
				"east": {"uv": [16, 0.75, 0, 2.75], "texture": "#2"},
				"south": {"uv": [4.25, 6.75, 7.25, 8.25], "texture": "#5"},
				"west": {"uv": [0, 0.75, 16, 2.75], "texture": "#2"}
			}
		},
		{
			"from": [7.5, 11, 6],
			"to": [8.5, 12, 7],
			"rotation": {"angle": 0, "axis": "y", "origin": [8.5, 11, 9.5]},
			"faces": {
				"north": {"uv": [6.125, 3.375, 7.5, 4.75], "texture": "#4"},
				"east": {"uv": [3.25, 3.125, 4.5, 4.75], "texture": "#4"},
				"south": {"uv": [6.125, 3.375, 7.5, 4.75], "texture": "#4"},
				"west": {"uv": [3.25, 3.125, 4.5, 4.75], "texture": "#4"}
			}
		},
		{
			"from": [8.25, 12.5, 7],
			"to": [8.5, 13, 15],
			"rotation": {"angle": 0, "axis": "y", "origin": [8.5, 12, 9.5]},
			"faces": {
				"east": {"uv": [13.75, 3.125, 3.375, 4], "texture": "#4"},
				"south": {"uv": [3.125, 4.125, 4, 5], "texture": "#4"},
				"west": {"uv": [3.375, 3.125, 13.75, 4], "texture": "#4"},
				"up": {"uv": [15.125, 4.75, 1.5, 4.25], "rotation": 90, "texture": "#4"}
			}
		},
		{
			"from": [7.5, 12.5, 7],
			"to": [7.75, 13, 15],
			"rotation": {"angle": 0, "axis": "y", "origin": [8.5, 12, 9.5]},
			"faces": {
				"east": {"uv": [13.75, 3.125, 3.375, 4], "texture": "#4"},
				"south": {"uv": [3.125, 4.125, 4, 5], "texture": "#4"},
				"west": {"uv": [3.375, 3.125, 13.75, 4], "texture": "#4"},
				"up": {"uv": [15.125, 4.75, 1.5, 4.25], "rotation": 90, "texture": "#4"}
			}
		},
		{
			"from": [7.5, 12, 6.5],
			"to": [8.5, 12.5, 15],
			"rotation": {"angle": 0, "axis": "y", "origin": [8.5, 12, 9.5]},
			"faces": {
				"east": {"uv": [13.5, 4.125, 3.125, 5], "texture": "#4"},
				"south": {"uv": [3.125, 4.125, 5.5, 5], "texture": "#4"},
				"west": {"uv": [3.125, 4.125, 13.5, 5], "texture": "#4"},
				"up": {"uv": [15.125, 4.75, 1.5, 3], "rotation": 90, "texture": "#4"},
				"down": {"uv": [15.125, 4.75, 1.5, 3.375], "rotation": 90, "texture": "#4"}
			}
		},
		{
			"from": [7.75, 11.75, 6.25],
			"to": [8.25, 12.25, 6.75],
			"rotation": {"angle": -45, "axis": "x", "origin": [8, 12, 6.5], "rescale": true},
			"faces": {
				"up": {"uv": [5.125, 4.75, 1.5, 3], "rotation": 90, "texture": "#4"}
			}
		},
		{
			"from": [7.5, 11, 13],
			"to": [8.5, 12, 16],
			"rotation": {"angle": 0, "axis": "y", "origin": [8.5, 11, 9.5]},
			"faces": {
				"north": {"uv": [6.125, 3.375, 7.5, 4.75], "texture": "#4"},
				"east": {"uv": [9.125, 3.25, 13.375, 4.875], "rotation": 180, "texture": "#4"},
				"south": {"uv": [12.25, 3.25, 14.25, 4.875], "rotation": 180, "texture": "#4"},
				"west": {"uv": [9.125, 3.25, 13.375, 4.875], "rotation": 180, "texture": "#4"},
				"up": {"uv": [6.938, 5.375, 5.938, 2.375], "rotation": 90, "texture": "#4"}
			}
		},
		{
			"from": [6.875, 8, 5],
			"to": [9.125, 9.75, 6],
			"rotation": {"angle": 0, "axis": "y", "origin": [8.5, 9.375, 0.5]},
			"faces": {
				"east": {"uv": [6, 5.5, 10, 12.5], "texture": "#3"},
				"south": {"uv": [7.5, 1.5, 9.5, 2.5], "texture": "#3"},
				"west": {"uv": [5.5, 3.5, 9.5, 10.5], "texture": "#3"}
			}
		},
		{
			"from": [7.00281, 9.63286, 4.99957],
			"to": [7.25281, 9.88286, 5.99957],
			"rotation": {"angle": -45, "axis": "z", "origin": [7.12018, 9.76047, 5.5046], "rescale": true},
			"faces": {
				"south": {"uv": [2, 1.5, 2, 1.5], "texture": "#3"},
				"west": {"uv": [4, 5.5, 8, 6.5], "texture": "#3"}
			}
		},
		{
			"from": [7.00281, 7.88286, 4.99957],
			"to": [7.25281, 8.13286, 5.99957],
			"rotation": {"angle": -45, "axis": "z", "origin": [7.12018, 8.01047, 5.5046], "rescale": true},
			"faces": {
				"down": {"uv": [5, 5.5, 9, 6.5], "rotation": 90, "texture": "#3"}
			}
		},
		{
			"from": [8.75281, 9.63286, 4.99957],
			"to": [9.00281, 9.88286, 5.99957],
			"rotation": {"angle": -45, "axis": "z", "origin": [8.87018, 9.76047, 5.5046], "rescale": true},
			"faces": {
				"south": {"uv": [2, 6.125, 2, 6.125], "texture": "#3"},
				"up": {"uv": [5, 6, 9, 5], "rotation": 90, "texture": "#3"}
			}
		},
		{
			"from": [8.75281, 7.88286, 4.99957],
			"to": [9.00281, 8.13286, 5.99957],
			"shade": false,
			"rotation": {"angle": -45, "axis": "z", "origin": [8.87018, 8.01047, 5.5046], "rescale": true},
			"faces": {
				"east": {"uv": [8, 5, 4, 6], "texture": "#3"}
			}
		},
		{
			"from": [7.125, 7.75, 5],
			"to": [8.875, 10, 6],
			"rotation": {"angle": 0, "axis": "y", "origin": [8.5, 9.375, 0.5]},
			"faces": {
				"south": {"uv": [3, 8.875, 4, 10.875], "texture": "#3"},
				"up": {"uv": [8.5, 11, 4.5, 4], "rotation": 90, "texture": "#3"},
				"down": {"uv": [9.5, 5, 5.5, 12], "rotation": 90, "texture": "#3"}
			}
		},
		{
			"from": [7.625, 8.375, -10],
			"to": [8.375, 9.625, -5],
			"rotation": {"angle": 0, "axis": "y", "origin": [8, 9, -8.5]},
			"faces": {
				"north": {"uv": [12.75, 13.25, 16, 14.875], "rotation": 90, "texture": "#2"},
				"up": {"uv": [6, 13.25, 16, 14.875], "rotation": 90, "texture": "#2"},
				"down": {"uv": [6, 13.25, 16, 14.875], "rotation": 270, "texture": "#2"}
			}
		},
		{
			"from": [7.625, 8.375, -13],
			"to": [8.375, 8.625, -11],
			"rotation": {"angle": 0, "axis": "y", "origin": [8, 9, -13.5]},
			"faces": {
				"north": {"uv": [0, 13.25, 0.25, 14.875], "rotation": 90, "texture": "#2"},
				"south": {"uv": [15.25, 13.25, 16, 14.875], "rotation": 90, "texture": "#2"},
				"up": {"uv": [0, 13.25, 2.875, 14.875], "rotation": 90, "texture": "#2"},
				"down": {"uv": [0, 13.25, 2.875, 14.875], "rotation": 270, "texture": "#2"}
			}
		},
		{
			"from": [7.625, 9.375, -13],
			"to": [8.375, 9.625, -11],
			"rotation": {"angle": 0, "axis": "y", "origin": [8, 9, -13.5]},
			"faces": {
				"north": {"uv": [0, 13.25, 0.25, 14.875], "rotation": 270, "texture": "#2"},
				"south": {"uv": [15.25, 13.25, 16, 14.875], "rotation": 90, "texture": "#2"},
				"up": {"uv": [0, 13.25, 2.875, 14.875], "rotation": 90, "texture": "#2"},
				"down": {"uv": [0, 13.25, 2.875, 14.875], "rotation": 270, "texture": "#2"}
			}
		},
		{
			"from": [7.625, 8.375, -10.75],
			"to": [8.375, 9.625, -10.25],
			"rotation": {"angle": 0, "axis": "y", "origin": [8, 9, -12.625]},
			"faces": {
				"north": {"uv": [3.125, 13.25, 4.125, 14.875], "rotation": 90, "texture": "#2"},
				"south": {"uv": [3.125, 13.25, 4.125, 14.875], "rotation": 90, "texture": "#2"},
				"up": {"uv": [3.125, 13.25, 4.125, 14.875], "rotation": 90, "texture": "#2"},
				"down": {"uv": [3.125, 13.25, 4.125, 14.875], "rotation": 90, "texture": "#2"}
			}
		},
		{
			"from": [7.775, 8.65, -11],
			"to": [8.225, 9.4, -10],
			"rotation": {"angle": 0, "axis": "y", "origin": [8, 9.025, -12.375]},
			"faces": {
				"north": {"uv": [1, 7.8125, 1, 7.8125], "texture": "#0"},
				"up": {"uv": [10, 8.5, 12, 12.5], "texture": "#3"},
				"down": {"uv": [8.5, 8, 10.5, 12], "texture": "#3"}
			}
		},
		{
			"from": [7.375, 8.625, -10],
			"to": [8.625, 9.375, -5],
			"rotation": {"angle": 0, "axis": "y", "origin": [8, 9, -8.5]},
			"faces": {
				"north": {"uv": [11.125, 13.25, 13.875, 14.875], "texture": "#2"},
				"east": {"uv": [6, 13.25, 16, 14.875], "rotation": 180, "texture": "#2"},
				"west": {"uv": [6, 13.25, 16, 14.875], "texture": "#2"}
			}
		},
		{
			"from": [8.375, 8.625, -13],
			"to": [8.625, 9.375, -11],
			"rotation": {"angle": 0, "axis": "y", "origin": [8, 9, -13.5]},
			"faces": {
				"north": {"uv": [0, 13.25, 0.25, 14.875], "texture": "#2"},
				"east": {"uv": [2.875, 13.25, 0, 14.875], "texture": "#2"},
				"south": {"uv": [11.125, 13.25, 12, 14.875], "texture": "#2"},
				"west": {"uv": [0, 13.25, 2.875, 14.875], "texture": "#2"}
			}
		},
		{
			"from": [7.375, 8.625, -13],
			"to": [7.625, 9.375, -11],
			"rotation": {"angle": 0, "axis": "y", "origin": [8, 9, -13.5]},
			"faces": {
				"north": {"uv": [0, 13.25, 0.25, 14.875], "texture": "#2"},
				"east": {"uv": [2.875, 13.25, 0, 14.875], "texture": "#2"},
				"south": {"uv": [11.125, 13.25, 12, 14.875], "texture": "#2"},
				"west": {"uv": [0, 13.25, 2.875, 14.875], "texture": "#2"}
			}
		},
		{
			"from": [7.375, 8.625, -10.75],
			"to": [8.625, 9.375, -10.25],
			"rotation": {"angle": 0, "axis": "y", "origin": [8, 9, -12.625]},
			"faces": {
				"north": {"uv": [3.125, 13.25, 4.125, 14.875], "texture": "#2"},
				"east": {"uv": [3.125, 13.25, 4.125, 14.875], "texture": "#2"},
				"south": {"uv": [3.125, 13.25, 4.125, 14.875], "texture": "#2"},
				"west": {"uv": [3.125, 13.25, 4.125, 14.875], "texture": "#2"}
			}
		},
		{
			"from": [7.625, 8.8, -11],
			"to": [8.375, 9.25, -10],
			"rotation": {"angle": 0, "axis": "y", "origin": [8, 9.025, -12.375]},
			"faces": {
				"north": {"uv": [3.25, 1.5, 3.25, 1.5], "texture": "#0"},
				"east": {"uv": [7, 8.5, 11, 10.5], "texture": "#3"},
				"west": {"uv": [4.5, 5, 8.5, 7], "texture": "#3"}
			}
		},
		{
			"from": [7.47148, 9.21788, -10.00044],
			"to": [7.72148, 9.46788, -5.00044],
			"rotation": {"angle": 45, "axis": "z", "origin": [7.5642, 9.37168, -8.9969], "rescale": true},
			"faces": {
				"north": {"uv": [6, 12.625, 16, 13.5], "rotation": 90, "texture": "#2"},
				"up": {"uv": [6, 12.625, 16, 13.5], "rotation": 90, "texture": "#2"}
			}
		},
		{
			"from": [7.47148, 9.21788, -13.00044],
			"to": [7.72148, 9.46788, -11.00044],
			"rotation": {"angle": 45, "axis": "z", "origin": [7.5642, 9.37168, -13.9969], "rescale": true},
			"faces": {
				"north": {"uv": [0, 12.625, 0.5, 13.25], "rotation": 270, "texture": "#2"},
				"south": {"uv": [0, 12.625, 2.875, 13.25], "rotation": 90, "texture": "#2"},
				"up": {"uv": [0, 12.625, 2.875, 13.25], "rotation": 90, "texture": "#2"},
				"down": {"uv": [0, 12.625, 2.875, 13.25], "rotation": 270, "texture": "#2"}
			}
		},
		{
			"from": [7.47148, 9.21788, -10.75044],
			"to": [7.72148, 9.46788, -10.25044],
			"rotation": {"angle": 45, "axis": "z", "origin": [7.5642, 9.37168, -13.1219], "rescale": true},
			"faces": {
				"north": {"uv": [3, 12.625, 4.375, 13.25], "rotation": 270, "texture": "#2"},
				"south": {"uv": [3, 12.625, 4.375, 13.25], "rotation": 90, "texture": "#2"},
				"up": {"uv": [3, 12.625, 4.375, 13.25], "rotation": 90, "texture": "#2"}
			}
		},
		{
			"from": [7.68289, 9.15573, -11.00044],
			"to": [7.83289, 9.30573, -10.00044],
			"rotation": {"angle": 45, "axis": "z", "origin": [7.73852, 9.24801, -12.8719], "rescale": true},
			"faces": {
				"north": {"uv": [1, 8.125, 1, 8.125], "texture": "#0"},
				"up": {"uv": [3, 9.5, 7, 9], "rotation": 90, "texture": "#3"}
			}
		},
		{
			"from": [7.47148, 8.46788, -10.00044],
			"to": [7.72148, 8.71788, -5.00044],
			"rotation": {"angle": 45, "axis": "z", "origin": [7.5642, 8.62168, -8.9969], "rescale": true},
			"faces": {
				"north": {"uv": [6, 14.75, 16, 15.625], "texture": "#2"},
				"west": {"uv": [6, 14.75, 16, 15.625], "texture": "#2"}
			}
		},
		{
			"from": [7.47148, 8.46788, -13.00044],
			"to": [7.72148, 8.71788, -11.00044],
			"shade": false,
			"rotation": {"angle": 45, "axis": "z", "origin": [7.5642, 8.62168, -13.9969], "rescale": true},
			"faces": {
				"north": {"uv": [0, 12.625, 0.5, 13.25], "texture": "#2"},
				"east": {"uv": [0, 12.625, 2.875, 13.25], "rotation": 180, "texture": "#2"},
				"south": {"uv": [0, 12.625, 2.875, 13.25], "texture": "#2"},
				"west": {"uv": [0, 12.625, 2.875, 13.25], "texture": "#2"}
			}
		},
		{
			"from": [7.47148, 8.46788, -10.75044],
			"to": [7.72148, 8.71788, -10.25044],
			"rotation": {"angle": 45, "axis": "z", "origin": [7.5642, 8.62168, -13.1219], "rescale": true},
			"faces": {
				"north": {"uv": [3, 12.625, 4.375, 13.25], "rotation": 180, "texture": "#2"},
				"south": {"uv": [3, 12.625, 4.375, 13.25], "rotation": 180, "texture": "#2"},
				"west": {"uv": [3, 12.625, 4.375, 13.25], "rotation": 180, "texture": "#2"}
			}
		},
		{
			"from": [7.68289, 8.70573, -11.00044],
			"to": [7.83289, 8.85573, -10.00044],
			"rotation": {"angle": 45, "axis": "z", "origin": [7.73852, 8.79801, -12.8719], "rescale": true},
			"faces": {
				"north": {"uv": [1, 1.5, 1, 1.5], "texture": "#0"},
				"west": {"uv": [5, 8.5, 9, 9], "texture": "#3"}
			}
		},
		{
			"from": [8.22148, 9.21788, -10.00044],
			"to": [8.47148, 9.46788, -5.00044],
			"shade": false,
			"rotation": {"angle": 45, "axis": "z", "origin": [8.3142, 9.37168, -8.9969], "rescale": true},
			"faces": {
				"north": {"uv": [6, 12.625, 16, 13.5], "rotation": 180, "texture": "#2"},
				"east": {"uv": [6, 12.625, 16, 13.5], "rotation": 180, "texture": "#2"}
			}
		},
		{
			"from": [8.22148, 9.21788, -13.00044],
			"to": [8.47148, 9.46788, -11.00044],
			"rotation": {"angle": 45, "axis": "z", "origin": [8.3142, 9.37168, -13.9969], "rescale": true},
			"faces": {
				"north": {"uv": [0, 12.625, 0.5, 13.25], "rotation": 180, "texture": "#2"},
				"east": {"uv": [0, 12.625, 2.875, 13.25], "rotation": 180, "texture": "#2"},
				"south": {"uv": [0, 12.625, 2.875, 13.25], "rotation": 180, "texture": "#2"},
				"west": {"uv": [0, 12.625, 2.875, 13.25], "texture": "#2"}
			}
		},
		{
			"from": [8.22148, 9.21788, -10.75044],
			"to": [8.47148, 9.46788, -10.25044],
			"shade": false,
			"rotation": {"angle": 45, "axis": "z", "origin": [8.3142, 9.37168, -13.1219], "rescale": true},
			"faces": {
				"north": {"uv": [3, 12.625, 4.375, 13.25], "texture": "#2"},
				"east": {"uv": [3, 12.625, 4.375, 13.25], "texture": "#2"},
				"south": {"uv": [3, 12.625, 4.375, 13.25], "texture": "#2"}
			}
		},
		{
			"from": [8.13289, 9.15573, -11.00044],
			"to": [8.28289, 9.30573, -10.00044],
			"shade": false,
			"rotation": {"angle": 45, "axis": "z", "origin": [8.18852, 9.24801, -12.8719], "rescale": true},
			"faces": {
				"north": {"uv": [1.5, 1.5, 1.5, 1.5], "texture": "#0"},
				"east": {"uv": [7, 2, 11, 2.5], "texture": "#3"}
			}
		},
		{
			"from": [8.22148, 8.46788, -10.00044],
			"to": [8.47148, 8.71788, -5.00044],
			"rotation": {"angle": 45, "axis": "z", "origin": [8.3142, 8.62168, -8.9969], "rescale": true},
			"faces": {
				"north": {"uv": [6, 12.625, 16, 13.5], "rotation": 90, "texture": "#2"},
				"down": {"uv": [6, 12.625, 16, 13.5], "rotation": 270, "texture": "#2"}
			}
		},
		{
			"from": [8.22148, 8.46788, -13.00044],
			"to": [8.47148, 8.71788, -11.00044],
			"rotation": {"angle": 45, "axis": "z", "origin": [8.3142, 8.62168, -13.9969], "rescale": true},
			"faces": {
				"north": {"uv": [0, 12.625, 0.5, 13.25], "rotation": 90, "texture": "#2"},
				"south": {"uv": [0, 12.625, 2.875, 13.25], "rotation": 270, "texture": "#2"},
				"up": {"uv": [0, 12.625, 2.875, 13.25], "rotation": 90, "texture": "#2"},
				"down": {"uv": [0, 12.625, 2.875, 13.25], "rotation": 270, "texture": "#2"}
			}
		},
		{
			"from": [8.22148, 8.46788, -10.75044],
			"to": [8.47148, 8.71788, -10.25044],
			"rotation": {"angle": 45, "axis": "z", "origin": [8.3142, 8.62168, -13.1219], "rescale": true},
			"faces": {
				"north": {"uv": [3, 12.625, 4.375, 13.25], "rotation": 90, "texture": "#2"},
				"south": {"uv": [3, 12.625, 4.375, 13.25], "rotation": 270, "texture": "#2"},
				"down": {"uv": [3, 12.625, 4.375, 13.25], "rotation": 270, "texture": "#2"}
			}
		},
		{
			"from": [8.13289, 8.70573, -11.00044],
			"to": [8.28289, 8.85573, -10.00044],
			"rotation": {"angle": 45, "axis": "z", "origin": [8.18852, 8.79801, -12.8719], "rescale": true},
			"faces": {
				"north": {"uv": [1, 1.5, 1, 1.5], "texture": "#0"},
				"down": {"uv": [11.5, 9.5, 12, 13.5], "texture": "#3"}
			}
		},
		{
			"from": [7.625, 9.625, -8],
			"to": [8.375, 12.5, -7.75],
			"rotation": {"angle": 0, "axis": "y", "origin": [7.5, 12.25, -8.5]},
			"faces": {
				"north": {"uv": [4.5, 9, 10.25, 10.5], "rotation": 90, "texture": "#3"},
				"east": {"uv": [4, 10, 9.75, 10.5], "rotation": 90, "texture": "#3"},
				"south": {"uv": [6.5, 7, 12.25, 8.5], "rotation": 90, "texture": "#3"},
				"west": {"uv": [4, 5, 9.75, 5.5], "rotation": 90, "texture": "#3"}
			}
		},
		{
			"from": [7.62427, 12.5, -8],
			"to": [8.375, 12.78904, -7.0589],
			"rotation": {"angle": 0, "axis": "y", "origin": [7.5, 12.25, -8.5]},
			"faces": {
				"north": {"uv": [9, 5, 9.57808, 6.50146], "rotation": 90, "texture": "#3"},
				"east": {"uv": [8, 9, 8.57808, 10.8822], "rotation": 90, "texture": "#3"},
				"west": {"uv": [7, 7, 7.57808, 8.8822], "rotation": 90, "texture": "#3"},
				"up": {"uv": [7.5, 8.5, 9.3822, 10.00146], "rotation": 90, "texture": "#3"}
			}
		},
		{
			"from": [8.25, 12.78125, -8],
			"to": [8.375, 13.25, -7.25],
			"rotation": {"angle": 0, "axis": "y", "origin": [7.5, 12.25, -8.25]},
			"faces": {
				"north": {"uv": [7.5, 7.5, 8.4375, 7.75], "rotation": 90, "texture": "#3"},
				"east": {"uv": [12, 9.5, 12.9375, 11], "rotation": 90, "texture": "#3"},
				"west": {"uv": [10, 8.5, 10.9375, 10], "rotation": 90, "texture": "#3"},
				"up": {"uv": [10.5, 10.5, 12, 10.75], "rotation": 90, "texture": "#3"}
			}
		},
		{
			"from": [7.9375, 12.75, -8],
			"to": [8.0625, 13, -7.625],
			"shade": false,
			"rotation": {"angle": 0, "axis": "y", "origin": [7.1875, 12.25, -8.25]},
			"faces": {
				"north": {"uv": [8.5, 9.5, 9, 9.75], "rotation": 90, "texture": "#3"},
				"east": {"uv": [8.5, 8, 9, 8.75], "rotation": 90, "texture": "#3"},
				"south": {"uv": [2.25, 2, 2.25, 2], "texture": "#4"},
				"west": {"uv": [7, 6.5, 7.5, 7.25], "rotation": 90, "texture": "#3"},
				"up": {"uv": [8, 8, 8.75, 8.25], "rotation": 90, "texture": "#3"}
			}
		},
		{
			"from": [7.625, 12.78125, -8],
			"to": [7.75, 13.25, -7.25],
			"rotation": {"angle": 0, "axis": "y", "origin": [7.5, 12.25, -8.25]},
			"faces": {
				"north": {"uv": [8, 9.5, 8.9375, 9.75], "rotation": 90, "texture": "#3"},
				"east": {"uv": [3, 3.5, 8.75, 5], "rotation": 90, "texture": "#3"},
				"west": {"uv": [3.5, 6, 4.4375, 7.5], "rotation": 90, "texture": "#3"},
				"up": {"uv": [7.5, 10, 9, 10.25], "rotation": 90, "texture": "#3"}
			}
		},
		{
			"from": [8.24927, 12.64665, -7.82664],
			"to": [8.37427, 13.14665, -7.07664],
			"rotation": {"angle": -22.5, "axis": "x", "origin": [7.96414, 12.76242, -7.42569]},
			"faces": {
				"east": {"uv": [6.5, 8, 7.5, 9.5], "rotation": 90, "texture": "#3"},
				"south": {"uv": [9.5, 10.5, 10.5, 10.75], "rotation": 90, "texture": "#3"},
				"west": {"uv": [10.5, 9.5, 11.5, 11], "rotation": 90, "texture": "#3"}
			}
		},
		{
			"from": [7.62427, 12.64665, -7.82664],
			"to": [7.74927, 13.14665, -7.07664],
			"rotation": {"angle": -22.5, "axis": "x", "origin": [7.96414, 12.76242, -7.42569]},
			"faces": {
				"east": {"uv": [9, 8, 10, 9.5], "rotation": 90, "texture": "#3"},
				"south": {"uv": [12.5, 11, 13.5, 11.25], "rotation": 90, "texture": "#3"},
				"west": {"uv": [7.5, 8, 8.5, 9.5], "rotation": 90, "texture": "#3"}
			}
		},
		{
			"from": [7.62427, 9.77165, -7.82664],
			"to": [8.37427, 12.64665, -7.07664],
			"rotation": {"angle": -22.5, "axis": "x", "origin": [7.96414, 12.76242, -7.42569]},
			"faces": {
				"north": {"uv": [5, 7, 10.75, 8.5], "rotation": 90, "texture": "#3"},
				"east": {"uv": [8.5, 8, 14.25, 9.5], "rotation": 90, "texture": "#3"},
				"south": {"uv": [6.5, 9, 12.25, 10.5], "rotation": 90, "texture": "#3"},
				"west": {"uv": [3, 3.5, 8.75, 5], "rotation": 90, "texture": "#3"}
			}
		},
		{
			"from": [7.62427, 9.625, -7.75],
			"to": [8.37427, 10.13288, -5.95869],
			"rotation": {"angle": 0, "axis": "y", "origin": [7.5, 12.25, -8.25]},
			"faces": {
				"east": {"uv": [7, 7.5, 8.01576, 11.08262], "rotation": 90, "texture": "#3"},
				"south": {"uv": [11, 8.5, 12.01576, 10], "rotation": 90, "texture": "#3"},
				"west": {"uv": [5.5, 8, 6.51576, 11.58262], "rotation": 90, "texture": "#3"},
				"up": {"uv": [7, 9, 10.58262, 10.5], "rotation": 90, "texture": "#3"}
			}
		}
	],
	"display": {
		"thirdperson_righthand": {
			"translation": [-0.5, 0.5, -2],
			"scale": [0.55, 0.55, 0.55]
		},
		"thirdperson_lefthand": {
			"translation": [-0.5, 0.5, -2],
			"scale": [0.55, 0.55, 0.55]
		},
		"firstperson_righthand": {
			"translation": [-1.25, 2, 1.25]
		},
		"firstperson_lefthand": {
			"translation": [-1.25, 2, 1.25]
		},
		"ground": {
			"translation": [0, 2.25, 0],
			"scale": [0.68555, 0.68555, 0.68555]
		},
		"gui": {
			"rotation": [23, 131, 0],
			"scale": [0.6, 0.6, 0.6]
		},
		"head": {
			"rotation": [0, 90, 0],
			"scale": [0.5, 0.5, 0.5]
		},
		"fixed": {
			"rotation": [0, 90, 0],
			"translation": [0, 0, -1.75],
			"scale": [1.25, 1.25, 1.25]
		}
	}
}