{
	"credit": "Made with Blockbench",
	"texture_size": [256, 256],
	"textures": {
		"0": "models/falcon/base_side",
		"particle": "models/falcon/base_side"
	},
	"elements": [
		{
			"from": [7.25, 7, 3.3125],
			"to": [8.75, 8, 15],
			"rotation": {"angle": 0, "axis": "y", "origin": [15, 14, 13]},
			"faces": {
				"north": {"uv": [0.0625, 2.25, 1.5, 3.5625], "texture": "#0"},
				"east": {"uv": [15.875, 2.3125, 0.25, 3.625], "texture": "#0"},
				"west": {"uv": [0.25, 2.3125, 15.875, 3.625], "texture": "#0"},
				"up": {"uv": [1.0625, 2.3125, 15.875, 2.625], "rotation": 90, "texture": "#0"},
				"down": {"uv": [4.18744, 10.8125, 5.99975, 11.35825], "rotation": 90, "texture": "#0"}
			}
		},
		{
			"from": [7.25, 5, 11.1875],
			"to": [8.75, 7, 14],
			"rotation": {"angle": 0, "axis": "y", "origin": [15, 13, 13]},
			"faces": {
				"north": {"uv": [4.18744, 10.18744, 6.12475, 11.37463], "rotation": 90, "texture": "#0"},
				"east": {"uv": [7.875, 3.9375, 4.625, 5.625], "texture": "#0"},
				"south": {"uv": [5.4375, 5.6875, 7.5625, 7.54519], "rotation": 90, "texture": "#0"},
				"west": {"uv": [4.625, 3.9375, 7.875, 5.625], "texture": "#0"},
				"down": {"uv": [5.1875, 10.5, 5.5625, 10.875], "texture": "#0"}
			}
		},
		{
			"from": [7.75, 5.875, 10.5625],
			"to": [8.25, 6.625, 10.9375],
			"rotation": {"angle": 0, "axis": "y", "origin": [15, 13, 12.25]},
			"faces": {
				"north": {"uv": [4.625, 10.3125, 5, 11.0625], "texture": "#0"},
				"east": {"uv": [4.625, 10.3125, 5, 11.0625], "texture": "#0"},
				"south": {"uv": [4.625, 10.3125, 5, 11.0625], "texture": "#0"},
				"west": {"uv": [4.625, 10.3125, 5, 11.0625], "texture": "#0"}
			}
		},
		{
			"from": [7.74959, 5.60253, 10.43211],
			"to": [8.24959, 5.97753, 10.80711],
			"rotation": {"angle": 22.5, "axis": "x", "origin": [8.00832, 5.59818, 10.61523]},
			"faces": {
				"north": {"uv": [5.1875, 10.5, 5.5625, 10.875], "texture": "#0"},
				"east": {"uv": [5.1875, 10.5, 5.5625, 10.875], "texture": "#0"},
				"south": {"uv": [5.1875, 10.5, 5.5625, 10.875], "texture": "#0"},
				"west": {"uv": [5.1875, 10.5, 5.5625, 10.875], "texture": "#0"},
				"down": {"uv": [5.1875, 10.5, 5.5625, 10.875], "texture": "#0"}
			}
		},
		{
			"from": [7.7486, 6.55164, 10.58043],
			"to": [8.2486, 7.17664, 10.95543],
			"rotation": {"angle": -22.5, "axis": "x", "origin": [8.00733, 6.54729, 10.76355]},
			"faces": {
				"north": {"uv": [5.3125, 10.3125, 5.6875, 10.9375], "texture": "#0"},
				"east": {"uv": [5.3125, 10.3125, 5.6875, 10.9375], "texture": "#0"},
				"south": {"uv": [5.3125, 10.3125, 5.6875, 10.9375], "texture": "#0"},
				"west": {"uv": [5.3125, 10.3125, 5.6875, 10.9375], "texture": "#0"}
			}
		},
		{
			"from": [7.375, 5, 8.9375],
			"to": [8.625, 5.375, 11.3125],
			"rotation": {"angle": 0, "axis": "y", "origin": [15, 13, 10.375]},
			"faces": {
				"north": {"uv": [4.375, 10.5625, 6.28125, 11.10856], "texture": "#0"},
				"east": {"uv": [3.585, 5.25, 1.1875, 5.66344], "texture": "#0"},
				"west": {"uv": [1.1875, 5.25, 3.585, 5.66344], "texture": "#0"},
				"up": {"uv": [4.9375, 10.3125, 5.51563, 11.39806], "texture": "#0"},
				"down": {"uv": [5, 10.25, 5.57813, 11.21056], "texture": "#0"}
			}
		},
		{
			"from": [7.40625, 5.07767, 8.75],
			"to": [8.59375, 5.45267, 9.125],
			"rotation": {"angle": 45, "axis": "x", "origin": [8, 5.26517, 8.9375]},
			"faces": {
				"north": {"uv": [4.375, 10.5625, 6.28125, 11.10856], "texture": "#0"},
				"east": {"uv": [4.6875, 10.5, 5.27306, 11.08556], "texture": "#0"},
				"west": {"uv": [4.6875, 10.5, 5.27306, 11.08556], "texture": "#0"},
				"down": {"uv": [4.375, 10.5625, 6.28125, 11.10856], "texture": "#0"}
			}
		},
		{
			"from": [7.34375, 6.81158, 8.67233],
			"to": [8.65625, 7.56158, 9.42233],
			"rotation": {"angle": 45, "axis": "x", "origin": [8, 6.99908, 8.85983]},
			"faces": {
				"east": {"uv": [0.9375, 3.9375, 1.83444, 4.28725], "texture": "#0"},
				"south": {"uv": [4.4375, 10.25, 5.90625, 11.15625], "texture": "#0"},
				"west": {"uv": [0.9375, 3.9375, 1.83444, 4.28725], "texture": "#0"},
				"down": {"uv": [4.4375, 10.25, 5.90625, 11.15625], "texture": "#0"}
			}
		},
		{
			"from": [7.375, 5.375, 8.9375],
			"to": [8.625, 7, 9.3125],
			"rotation": {"angle": 0, "axis": "y", "origin": [15, 13, 10.625]},
			"faces": {
				"north": {"uv": [4.875, 10.1875, 5.59375, 11.14063], "texture": "#0"},
				"east": {"uv": [1.77225, 3.875, 1.1875, 5.53788], "texture": "#0"},
				"south": {"uv": [4.5625, 10.0625, 5.59375, 11.39063], "texture": "#0"},
				"west": {"uv": [1.1875, 3.9375, 1.7725, 5.60094], "texture": "#0"}
			}
		},
		{
			"from": [7.25, 6.5, 15.125],
			"to": [8.75, 7, 15.875],
			"rotation": {"angle": 0, "axis": "y", "origin": [15, 13, 18]},
			"faces": {
				"north": {"uv": [4.5625, 10.25, 6.0625, 11], "texture": "#0"},
				"east": {"uv": [5, 10.4375, 5.75, 10.9375], "texture": "#0"},
				"south": {"uv": [4.5625, 10.25, 6.0625, 11], "texture": "#0"},
				"west": {"uv": [5, 10.4375, 5.75, 10.9375], "texture": "#0"},
				"up": {"uv": [4.5625, 10.25, 6.0625, 11], "texture": "#0"},
				"down": {"uv": [4.3125, 10.3125, 5.8125, 11.0625], "texture": "#0"}
			}
		},
		{
			"from": [7.28125, 6.42678, 15.69822],
			"to": [8.71875, 6.78033, 16.05178],
			"rotation": {"angle": 45, "axis": "x", "origin": [8, 6.67678, 16.05178]},
			"faces": {
				"east": {"uv": [5.4375, 10.8125, 5.8125, 11.1875], "texture": "#0"},
				"south": {"uv": [4.5, 10.5625, 6, 10.9375], "texture": "#0"},
				"west": {"uv": [5.4375, 10.8125, 5.8125, 11.1875], "texture": "#0"},
				"up": {"uv": [4.875, 10.375, 6.375, 10.75], "texture": "#0"}
			}
		},
		{
			"from": [7.28125, 6.2706, 13.72172],
			"to": [8.71875, 7.2706, 15.59672],
			"rotation": {"angle": -22.5, "axis": "x", "origin": [8, 6.7706, 14.72172]},
			"faces": {
				"east": {"uv": [4.1875, 10.125, 6, 11.35838], "rotation": 90, "texture": "#0"},
				"south": {"uv": [14.6875, 5.625, 15.99981, 6.12481], "texture": "#0"},
				"west": {"uv": [4.1875, 10.125, 6, 11.35838], "rotation": 90, "texture": "#0"},
				"down": {"uv": [4.9375, 10.3125, 5.75, 11.35938], "texture": "#0"}
			}
		},
		{
			"from": [7.3125, 5.42493, 13.86575],
			"to": [8.6875, 6.92493, 14.24075],
			"rotation": {"angle": 22.5, "axis": "x", "origin": [8, 6.17493, 13.74075]},
			"faces": {
				"east": {"uv": [5.06231, 10.18744, 5.43719, 11.49988], "texture": "#0"},
				"south": {"uv": [4.5625, 10.25, 5.6875, 11.375], "texture": "#0"},
				"west": {"uv": [5.06231, 10.18744, 5.43719, 11.49988], "texture": "#0"},
				"up": {"uv": [5.06231, 10.18744, 5.43719, 11.49988], "texture": "#0"}
			}
		},
		{
			"from": [7.25, 4, 12.3125],
			"to": [8.75, 5, 14],
			"rotation": {"angle": 0, "axis": "y", "origin": [15, 11, 13]},
			"faces": {
				"north": {"uv": [5.5625, 5.9375, 7.9375, 7.25], "texture": "#0"},
				"east": {"uv": [5.5625, 5.9375, 7.9375, 7.25], "texture": "#0"},
				"south": {"uv": [5.5625, 5.9375, 7.9375, 7.25], "texture": "#0"},
				"west": {"uv": [5.5625, 5.9375, 7.9375, 7.25], "texture": "#0"},
				"down": {"uv": [5.5625, 5.9375, 7.9375, 7.25], "texture": "#0"}
			}
		},
		{
			"from": [7.28125, 2.2294, 11.46578],
			"to": [8.71875, 5.2294, 12.46578],
			"rotation": {"angle": -22.5, "axis": "x", "origin": [8, 4.7294, 11.96578]},
			"faces": {
				"north": {"uv": [5.5625, 5.4375, 7.53125, 8.72206], "texture": "#0"},
				"east": {"uv": [6.125, 5.125, 7.3125, 8.5], "texture": "#0"},
				"west": {"uv": [6.125, 5.125, 7.3125, 8.5], "texture": "#0"}
			}
		},
		{
			"from": [7.28125, 2.28606, 13.16874],
			"to": [8.71875, 4.84672, 14.2294],
			"rotation": {"angle": -22.5, "axis": "x", "origin": [8, 4.34672, 13.7294]},
			"faces": {
				"east": {"uv": [6.125, 5.125, 7.375, 7.75], "texture": "#0"},
				"south": {"uv": [5.5625, 5.4375, 7.53125, 8.72206], "texture": "#0"},
				"west": {"uv": [6.125, 5.125, 7.375, 7.75], "texture": "#0"}
			}
		},
		{
			"from": [7.25, 2.22836, 12.46055],
			"to": [8.75, 4, 14],
			"rotation": {"angle": 0, "axis": "y", "origin": [15, 11, 13]},
			"faces": {
				"north": {"uv": [5.9375, 7.1875, 7.875, 8.875], "texture": "#0"},
				"east": {"uv": [5.9375, 7.1875, 7.875, 8.875], "texture": "#0"},
				"south": {"uv": [5.9375, 7.1875, 7.875, 8.875], "texture": "#0"},
				"west": {"uv": [5.9375, 7.1875, 7.875, 8.875], "texture": "#0"},
				"down": {"uv": [5.9375, 6.4375, 7.4375, 7.97619], "texture": "#0"}
			}
		},
		{
			"from": [7.25, 2.22836, 13.96055],
			"to": [8.75, 2.63426, 14.97992],
			"rotation": {"angle": 0, "axis": "y", "origin": [15, 9, 14]},
			"faces": {
				"east": {"uv": [7.43744, 8.37487, 8.39338, 8.77988], "texture": "#0"},
				"south": {"uv": [6.1875, 8, 7.6875, 8.40544], "texture": "#0"},
				"west": {"uv": [7.43744, 8.37487, 8.39338, 8.77988], "texture": "#0"},
				"up": {"uv": [6.875, 8.375, 8.39363, 8.78025], "texture": "#0"},
				"down": {"uv": [5.9375, 6.0625, 7.4375, 7.58144], "texture": "#0"}
			}
		},
		{
			"from": [7.375, 1.85336, 12.71055],
			"to": [8.625, 2.22801, 14.60492],
			"rotation": {"angle": 0, "axis": "y", "origin": [15, 8.625, 14.25]},
			"faces": {
				"north": {"uv": [6.3125, 9, 7.5625, 9.1875], "texture": "#0"},
				"east": {"uv": [7.9375, 9, 6.3125, 9.1875], "texture": "#0"},
				"south": {"uv": [6.3125, 9, 7.5625, 9.1875], "texture": "#0"},
				"west": {"uv": [6.3125, 9, 7.9375, 9.1875], "texture": "#0"},
				"down": {"uv": [4.25, 10.125, 5.0625, 11.39375], "texture": "#0"}
			}
		},
		{
			"from": [7.25, 8.79784, 15.23709],
			"to": [8.75, 9.79784, 15.61209],
			"rotation": {"angle": -22.5, "axis": "x", "origin": [8, 8.29784, 15.11209]},
			"faces": {
				"east": {"uv": [16, 0.4375, 15.5, 1.4375], "texture": "#0"},
				"south": {"uv": [14.6875, 4.375, 16, 5.6875], "texture": "#0"},
				"west": {"uv": [15.5, 0.4375, 16, 1.4375], "texture": "#0"}
			}
		},
		{
			"from": [7.25, 7, 15],
			"to": [8.75, 8.95112, 15.38268],
			"rotation": {"angle": 0, "axis": "x", "origin": [8, 8.57612, 14.88268]},
			"faces": {
				"east": {"uv": [16, 0.9375, 15.5, 3.0625], "texture": "#0"},
				"south": {"uv": [14.6875, 5.625, 15.99994, 6.87481], "texture": "#0"},
				"west": {"uv": [15.5, 0.9375, 16, 3.0625], "texture": "#0"}
			}
		},
		{
			"from": [7.75, 8.92735, 15.02468],
			"to": [8.25, 9.38722, 15.61478],
			"rotation": {"angle": -22.5, "axis": "x", "origin": [8, 8.9141, 15.42191]},
			"faces": {
				"east": {"uv": [4.625, 10.3125, 5.21463, 10.77225], "texture": "#0"},
				"west": {"uv": [4.625, 10.3125, 5.21463, 10.77225], "texture": "#0"},
				"up": {"uv": [4.75, 10.3125, 5.25, 10.90213], "texture": "#0"}
			}
		},
		{
			"from": [7.75, 8.65544, 15.84825],
			"to": [8.2494, 9.53542, 16.07118],
			"rotation": {"angle": 45, "axis": "x", "origin": [7.9994, 9.49609, 15.66417]},
			"faces": {
				"east": {"uv": [5.3125, 10.4375, 5.53538, 11.31744], "texture": "#0"},
				"south": {"uv": [4.875, 10.375, 5.37419, 11.25494], "texture": "#0"},
				"west": {"uv": [5.3125, 10.4375, 5.53538, 11.31744], "texture": "#0"}
			}
		},
		{
			"from": [7.75, 9.2361, 15.41904],
			"to": [8.25, 9.42502, 15.97978],
			"rotation": {"angle": 0, "axis": "x", "origin": [8, 8.9141, 15.42191]},
			"faces": {
				"east": {"uv": [5, 10.1875, 5.18831, 10.74756], "rotation": 90, "texture": "#0"},
				"south": {"uv": [4.625, 10.6875, 5.125, 10.87581], "texture": "#0"},
				"west": {"uv": [5, 10.1875, 5.18831, 10.74756], "rotation": 90, "texture": "#0"},
				"up": {"uv": [5.125, 10.4375, 5.625, 10.99756], "rotation": 180, "texture": "#0"}
			}
		},
		{
			"from": [7.75, 8.9861, 15.48154],
			"to": [8.25, 9.23752, 15.69853],
			"rotation": {"angle": 0, "axis": "x", "origin": [8, 8.9141, 15.42191]},
			"faces": {
				"east": {"uv": [5.25, 10.8125, 5.50081, 11.02881], "rotation": 90, "texture": "#0"},
				"west": {"uv": [5.25, 10.8125, 5.50081, 11.02881], "rotation": 90, "texture": "#0"}
			}
		},
		{
			"from": [7.25, 7.75, 3],
			"to": [8.75, 8, 3.3125],
			"rotation": {"angle": 0, "axis": "y", "origin": [15, 14, 11]},
			"faces": {
				"north": {"uv": [0, 2.375, 1.3125, 2.625], "texture": "#0"},
				"east": {"uv": [0, 2.375, 0.3125, 2.625], "texture": "#0"},
				"west": {"uv": [0, 2.375, 0.3125, 2.625], "texture": "#0"},
				"up": {"uv": [0, 2.375, 0.3125, 3], "rotation": 90, "texture": "#0"}
			}
		},
		{
			"from": [7.28125, 7.13836, 3.00978],
			"to": [8.71875, 7.95086, 3.38478],
			"rotation": {"angle": -22.5, "axis": "x", "origin": [8, 7.82586, 3.50978]},
			"faces": {
				"north": {"uv": [0.25, 2.375, 1.3125, 2.875], "texture": "#0"},
				"east": {"uv": [0, 2.4375, 0.3125, 3], "texture": "#0"},
				"west": {"uv": [0, 2.375, 0.3125, 3], "texture": "#0"}
			}
		},
		{
			"from": [8, 8, 11],
			"to": [8.75, 9.875, 15],
			"rotation": {"angle": 0, "axis": "y", "origin": [15, 14.75, 13]},
			"faces": {
				"north": {"uv": [8.125, 0, 10.0625, 1.5], "texture": "#0"},
				"east": {"uv": [15.5, 0.5, 10.25, 2.3125], "texture": "#0"},
				"west": {"uv": [10.25, 0.5, 15.5, 2.3125], "texture": "#0"},
				"up": {"uv": [15.5, 0, 10.25, 0.4375], "rotation": 270, "texture": "#0"}
			}
		},
		{
			"from": [7.25, 8, 11],
			"to": [8, 9.875, 15],
			"rotation": {"angle": 0, "axis": "y", "origin": [15, 14.75, 13]},
			"faces": {
				"north": {"uv": [8.125, 0, 10.0625, 1.5], "texture": "#0"},
				"east": {"uv": [15.5, 0, 10.25, 1.875], "texture": "#0"},
				"west": {"uv": [10.25, 0.5, 15.5, 2.3125], "texture": "#0"},
				"up": {"uv": [10.25, 0, 15.5, 0.4375], "rotation": 90, "texture": "#0"}
			}
		},
		{
			"from": [7.21875, 8.375, 13],
			"to": [7.21875, 9.5, 14.75],
			"rotation": {"angle": 0, "axis": "y", "origin": [15.09375, 14.625, 13.375]},
			"faces": {
				"west": {"uv": [9.25, 4.125, 11.5625, 5.625], "texture": "#0"}
			}
		},
		{
			"from": [8.78125, 8.375, 13],
			"to": [8.78125, 9.5, 14.75],
			"rotation": {"angle": 0, "axis": "y", "origin": [0.90625, 14.625, 13.375]},
			"faces": {
				"east": {"uv": [11.5625, 4.125, 9.25, 5.625], "texture": "#0"}
			}
		},
		{
			"from": [7.25, 9.875, 14],
			"to": [8.75, 10, 14.375],
			"rotation": {"angle": 0, "axis": "y", "origin": [15, 14.75, 13]},
			"faces": {
				"north": {"uv": [0, 10.5625, 4, 10.8125], "texture": "#0"},
				"east": {"uv": [2.56244, 10.49994, 3.37494, 10.74981], "texture": "#0"},
				"south": {"uv": [0, 10.5625, 4, 10.8125], "texture": "#0"},
				"west": {"uv": [0, 10.5, 0.8125, 10.75], "texture": "#0"},
				"up": {"uv": [0, 10.5625, 4, 10.8125], "texture": "#0"}
			}
		},
		{
			"from": [7.875, 10, 14],
			"to": [8.125, 10.0625, 14.375],
			"rotation": {"angle": 0, "axis": "y", "origin": [15, 14.875, 13]},
			"faces": {
				"north": {"uv": [1.4375, 10.375, 2.5, 10.5625], "texture": "#0"},
				"south": {"uv": [1.4375, 10.375, 2.5, 10.5625], "texture": "#0"},
				"up": {"uv": [2.4375, 10.1875, 3.25, 10.75], "texture": "#0"}
			}
		},
		{
			"from": [8.125, 10, 14],
			"to": [8.5, 10.25, 14.375],
			"rotation": {"angle": 0, "axis": "y", "origin": [15, 14.75, 13]},
			"faces": {
				"north": {"uv": [2.375, 10.0625, 3.1875, 10.4375], "texture": "#0"},
				"east": {"uv": [2.375, 10.0625, 3.1875, 10.4375], "texture": "#0"},
				"south": {"uv": [2.375, 10.0625, 3.1875, 10.4375], "texture": "#0"},
				"west": {"uv": [2.375, 10.0625, 3.1875, 10.4375], "texture": "#0"},
				"up": {"uv": [2.375, 10.0625, 3.1875, 10.4375], "texture": "#0"}
			}
		},
		{
			"from": [7.5, 10, 14],
			"to": [7.875, 10.25, 14.375],
			"rotation": {"angle": 0, "axis": "y", "origin": [15, 14.75, 13]},
			"faces": {
				"north": {"uv": [0.49994, 10.06237, 1.31244, 10.43731], "texture": "#0"},
				"east": {"uv": [0.49994, 10.06237, 1.31244, 10.43731], "texture": "#0"},
				"south": {"uv": [0.49994, 10.06237, 1.31244, 10.43731], "texture": "#0"},
				"west": {"uv": [0.49994, 10.06237, 1.31244, 10.43731], "texture": "#0"},
				"up": {"uv": [0.49994, 10.06237, 1.31244, 10.43731], "texture": "#0"}
			}
		},
		{
			"from": [7.375, 9.875, 14.03125],
			"to": [7.5, 10.125, 14.34375],
			"rotation": {"angle": -45, "axis": "z", "origin": [7.5, 10, 14.1875], "rescale": true},
			"faces": {
				"north": {"uv": [0, 10.0625, 0.81238, 10.4375], "rotation": 90, "texture": "#0"},
				"south": {"uv": [0, 10.0625, 0.81238, 10.4375], "rotation": 90, "texture": "#0"},
				"west": {"uv": [0, 10.0625, 0.81238, 10.4375], "rotation": 90, "texture": "#0"}
			}
		},
		{
			"from": [8.375, 10, 14.03125],
			"to": [8.625, 10.125, 14.34375],
			"rotation": {"angle": -45, "axis": "z", "origin": [8.5, 10, 14.1875], "rescale": true},
			"faces": {
				"north": {"uv": [3.1875, 10.0625, 4, 10.4375], "texture": "#0"},
				"south": {"uv": [3.1875, 10.0625, 4, 10.4375], "texture": "#0"},
				"up": {"uv": [3.1875, 10.0625, 4, 10.4375], "texture": "#0"}
			}
		},
		{
			"from": [8, 8.75, 10],
			"to": [8.75, 9.875, 11],
			"rotation": {"angle": 0, "axis": "y", "origin": [15, 14.75, 13]},
			"faces": {
				"north": {"uv": [10.0625, 0.625, 8.8125, 1.4375], "texture": "#0"},
				"east": {"uv": [10.25, 0.625, 8.875, 1.4375], "texture": "#0"},
				"west": {"uv": [8.875, 0.625, 10.25, 1.4375], "texture": "#0"},
				"up": {"uv": [10.25, 0, 8.875, 0.625], "rotation": 270, "texture": "#0"}
			}
		},
		{
			"from": [7.25, 8.75, 10],
			"to": [8, 9.875, 11],
			"rotation": {"angle": 0, "axis": "y", "origin": [15, 14.75, 13]},
			"faces": {
				"north": {"uv": [10.0625, 0.625, 8.8125, 1.4375], "texture": "#0"},
				"east": {"uv": [10.25, 0.625, 8.875, 1.4375], "texture": "#0"},
				"west": {"uv": [8.875, 0.625, 10.25, 1.4375], "texture": "#0"},
				"up": {"uv": [8.875, 0, 10.25, 0.625], "rotation": 90, "texture": "#0"}
			}
		},
		{
			"from": [7.375, 8, 3],
			"to": [8.625, 8.75, 10],
			"rotation": {"angle": 0, "axis": "y", "origin": [15, 14.75, 9]},
			"faces": {
				"north": {"uv": [0, 1.68731, 1.4375, 2.24963], "texture": "#0"},
				"east": {"uv": [8.93788, 1.6875, 0, 2.25], "texture": "#0"},
				"west": {"uv": [0, 1.6875, 8.93788, 2.25], "texture": "#0"},
				"up": {"uv": [0.375, 4.5, 0.5, 4.625], "texture": "#0"}
			}
		},
		{
			"from": [7.375, 8.75, 3],
			"to": [7.75, 9.25, 10],
			"rotation": {"angle": 0, "axis": "y", "origin": [15, 15.25, 9]},
			"faces": {
				"north": {"uv": [0, 1.12494, 0.43713, 1.62481], "texture": "#0"},
				"east": {"uv": [0.375, 4.5, 0.5, 4.625], "texture": "#0"},
				"west": {"uv": [0, 1.125, 8, 1.625], "texture": "#0"}
			}
		},
		{
			"from": [7.75, 8.75, 4],
			"to": [8.25, 9.25, 10],
			"rotation": {"angle": 0, "axis": "y", "origin": [15.5, 15.25, 9]},
			"faces": {
				"north": {"uv": [0.375, 4.5, 0.5, 4.625], "texture": "#0"}
			}
		},
		{
			"from": [8.25, 8.75, 3],
			"to": [8.625, 9.25, 10],
			"rotation": {"angle": 0, "axis": "y", "origin": [15, 15.25, 9]},
			"faces": {
				"north": {"uv": [0.43713, 1.12494, 0, 1.62481], "texture": "#0"},
				"east": {"uv": [8, 1.125, 0, 1.625], "texture": "#0"},
				"west": {"uv": [0.375, 4.5, 0.5, 4.625], "texture": "#0"}
			}
		},
		{
			"from": [7.375, 9.25, 3],
			"to": [8.625, 9.75, 10],
			"rotation": {"angle": 0, "axis": "y", "origin": [15, 14.75, 9]},
			"faces": {
				"north": {"uv": [0, 0.6875, 0.5625, 1.1875], "texture": "#0"},
				"east": {"uv": [8, 0.6875, 0, 1.1875], "texture": "#0"},
				"west": {"uv": [0, 0.6875, 8, 1.1875], "texture": "#0"},
				"up": {"uv": [8, 0, 0, 0.5], "rotation": 270, "texture": "#0"},
				"down": {"uv": [0.375, 4.5, 0.5, 4.625], "texture": "#0"}
			}
		},
		{
			"from": [7.5, 9.75, 3],
			"to": [8, 9.875, 10],
			"rotation": {"angle": 0, "axis": "y", "origin": [15, 14.75, 9]},
			"faces": {
				"north": {"uv": [0, 0, 0.1875, 0.5], "rotation": 90, "texture": "#0"},
				"west": {"uv": [0, 0.5, 8, 0.6875], "rotation": 90, "texture": "#0"},
				"up": {"uv": [0, 0, 8, 0.5], "rotation": 90, "texture": "#0"}
			}
		},
		{
			"from": [8, 9.75, 3],
			"to": [8.5, 9.875, 10],
			"rotation": {"angle": 0, "axis": "y", "origin": [15, 14.75, 9]},
			"faces": {
				"north": {"uv": [0.1875, 0, 0, 0.5], "rotation": 90, "texture": "#0"},
				"east": {"uv": [8, 0, 0, 0.5], "rotation": 180, "texture": "#0"},
				"up": {"uv": [8, 0, 0, 0.5], "rotation": 270, "texture": "#0"}
			}
		},
		{
			"from": [7.38584, 9.71878, 3.03125],
			"to": [7.56273, 9.84375, 9.99984],
			"rotation": {"angle": 45, "axis": "z", "origin": [7.49358, 9.78379, 6.00399]},
			"faces": {
				"north": {"uv": [0, 0.5, 0.1875, 0.6875], "rotation": 90, "texture": "#0"},
				"up": {"uv": [0, 0.5, 8, 0.6875], "rotation": 90, "texture": "#0"}
			}
		},
		{
			"from": [8.47951, 9.66638, 3.03125],
			"to": [8.56389, 9.84192, 10.00158],
			"rotation": {"angle": 45, "axis": "z", "origin": [8.4935, 9.78196, 6.00573]},
			"faces": {
				"north": {"uv": [0, 0.5, 8, 0.6875], "rotation": 90, "texture": "#0"},
				"east": {"uv": [8, 0.5, 0, 0.6875], "texture": "#0"}
			}
		},
		{
			"from": [7.875, 9.875, 3.25],
			"to": [8.125, 10.125, 3.5],
			"rotation": {"angle": 0, "axis": "y", "origin": [15, 15.375, 9.25]},
			"faces": {
				"north": {"uv": [0.375, 0.0625, 0.5625, 0.25], "rotation": 90, "texture": "#0"},
				"east": {"uv": [0.375, 0.0625, 0.5625, 0.25], "rotation": 90, "texture": "#0"},
				"south": {"uv": [0.375, 0.0625, 0.5625, 0.25], "rotation": 90, "texture": "#0"},
				"west": {"uv": [0.375, 0.0625, 0.5625, 0.25], "rotation": 90, "texture": "#0"},
				"up": {"uv": [0.375, 0.0625, 0.5625, 0.25], "rotation": 90, "texture": "#0"}
			}
		},
		{
			"from": [7.875, 9.75, 3.45465],
			"to": [8.125, 9.99975, 3.875],
			"rotation": {"angle": 45, "axis": "x", "origin": [7.98887, 10.00763, 3.62851]},
			"faces": {
				"north": {"uv": [0.375, 0.0625, 0.5625, 0.25], "rotation": 90, "texture": "#0"},
				"east": {"uv": [0.375, 0.0625, 0.5625, 0.25], "rotation": 90, "texture": "#0"},
				"south": {"uv": [0.375, 0.0625, 0.5625, 0.25], "rotation": 90, "texture": "#0"},
				"west": {"uv": [0.375, 0.0625, 0.5625, 0.25], "rotation": 90, "texture": "#0"},
				"up": {"uv": [0.375, 0.0625, 0.5625, 0.25], "rotation": 90, "texture": "#0"}
			}
		},
		{
			"from": [7.375, 8, 10],
			"to": [8.625, 8.75, 11],
			"rotation": {"angle": 0, "axis": "y", "origin": [15, 14.75, 10]},
			"faces": {
				"east": {"uv": [10.188, 1.5, 8.875, 2.25], "texture": "#0"},
				"west": {"uv": [8.875, 1.5, 10.188, 2.25], "texture": "#0"}
			}
		}
	],
	"display": {
		"thirdperson_righthand": {
			"translation": [-0.5, 0.75, -1.75],
			"scale": [0.59, 0.59, 0.59]
		},
		"thirdperson_lefthand": {
			"translation": [-0.5, 0.75, -1.75],
			"scale": [0.59, 0.59, 0.59]
		},
		"firstperson_righthand": {
			"translation": [-1, 3.75, -2.25]
		},
		"firstperson_lefthand": {
			"translation": [-1, 3.75, -2.25]
		},
		"ground": {
			"translation": [0, 0.5, 0],
			"scale": [0.65, 0.65, 0.65]
		},
		"gui": {
			"rotation": [35, 135, 0],
			"translation": [-1.25, 0, 0],
			"scale": [1.5, 1.5, 1.5]
		},
		"head": {
			"rotation": [0, 90, 0],
			"translation": [-0.5, 1, 0],
			"scale": [0.8, 0.8, 0.8]
		},
		"fixed": {
			"rotation": [0, 90, 0],
			"translation": [-1.75, 0.75, -1.25],
			"scale": [1.5, 1.5, 1.5]
		}
	}
}