{
	"credit": "Made with Blockbench",
	"textures": {
		"1": "3dguns/blocks/dispenser_front_horizontal",
		"2": "3dguns/blocks/dispenser_front_vertical",
		"3": "3dguns/blocks/hardened_clay_stained_red",
		"particle": "3dguns/blocks/dispenser_front_horizontal"
	},
	"elements": [
		{
			"name": "Voxels-000000",
			"from": [2.0465, 7.907, 5.031],
			"to": [3.70025, 8.23775, 5.36175],
			"faces": {
				"north": {"uv": [5, 0, 8, 1], "texture": "#2"},
				"east": {"uv": [5, 0, 8, 1], "texture": "#2"},
				"south": {"uv": [5, 0, 8, 1], "texture": "#2"},
				"west": {"uv": [5, 0, 8, 1], "texture": "#2"},
				"up": {"uv": [5, 0, 8, 1], "texture": "#2"},
				"down": {"uv": [5, 0, 8, 1], "texture": "#2"}
			}
		},
		{
			"name": "Voxels-000000",
			"from": [2.37725, 7.907, 4.70025],
			"to": [3.3695, 8.23775, 5.031],
			"faces": {
				"north": {"uv": [5, 0, 8, 1], "texture": "#2"},
				"east": {"uv": [5, 0, 8, 1], "texture": "#2"},
				"south": {"uv": [5, 0, 8, 1], "texture": "#2"},
				"west": {"uv": [5, 0, 8, 1], "texture": "#2"},
				"up": {"uv": [5, 0, 8, 1], "texture": "#2"},
				"down": {"uv": [5, 0, 8, 1], "texture": "#2"}
			}
		},
		{
			"name": "Voxels-000000",
			"from": [2.37725, 7.907, 5.36175],
			"to": [3.3695, 8.23775, 5.6925],
			"faces": {
				"north": {"uv": [5, 0, 8, 1], "texture": "#2"},
				"east": {"uv": [5, 0, 8, 1], "texture": "#2"},
				"south": {"uv": [5, 0, 8, 1], "texture": "#2"},
				"west": {"uv": [5, 0, 8, 1], "texture": "#2"},
				"up": {"uv": [5, 0, 8, 1], "texture": "#2"},
				"down": {"uv": [5, 0, 8, 1], "texture": "#2"}
			}
		},
		{
			"name": "Voxels-000000",
			"from": [2.708, 7.907, 4.3695],
			"to": [3.03875, 8.23775, 4.70025],
			"faces": {
				"north": {"uv": [5, 0, 8, 1], "texture": "#2"},
				"east": {"uv": [5, 0, 8, 1], "texture": "#2"},
				"south": {"uv": [5, 0, 8, 1], "texture": "#2"},
				"west": {"uv": [5, 0, 8, 1], "texture": "#2"},
				"up": {"uv": [5, 0, 8, 1], "texture": "#2"},
				"down": {"uv": [5, 0, 8, 1], "texture": "#2"}
			}
		},
		{
			"name": "Voxels-000000",
			"from": [2.708, 7.907, 5.6925],
			"to": [3.03875, 8.23775, 6.02325],
			"faces": {
				"north": {"uv": [5, 0, 8, 1], "texture": "#2"},
				"east": {"uv": [5, 0, 8, 1], "texture": "#2"},
				"south": {"uv": [5, 0, 8, 1], "texture": "#2"},
				"west": {"uv": [5, 0, 8, 1], "texture": "#2"},
				"up": {"uv": [5, 0, 8, 1], "texture": "#2"},
				"down": {"uv": [5, 0, 8, 1], "texture": "#2"}
			}
		},
		{
			"name": "Voxels-0F0F0F",
			"from": [3.03875, 7.57625, 4.3695],
			"to": [3.3695, 7.907, 5.031],
			"faces": {
				"north": {"uv": [5, 0, 8, 1], "texture": "#2"},
				"east": {"uv": [5, 0, 8, 1], "texture": "#2"},
				"south": {"uv": [5, 0, 8, 1], "texture": "#2"},
				"west": {"uv": [5, 0, 8, 1], "texture": "#2"},
				"up": {"uv": [5, 0, 8, 1], "texture": "#2"},
				"down": {"uv": [5, 0, 8, 1], "texture": "#2"}
			}
		},
		{
			"name": "wire",
			"from": [3.03875, 7.907, 5.6925],
			"to": [3.3695, 8.23775, 6.02325],
			"faces": {
				"north": {"uv": [3, 11, 4, 12], "texture": "#1"},
				"east": {"uv": [3, 11, 4, 12], "texture": "#1"},
				"south": {"uv": [3, 11, 4, 12], "texture": "#1"},
				"west": {"uv": [3, 11, 4, 12], "texture": "#1"},
				"up": {"uv": [3, 11, 4, 12], "texture": "#1"},
				"down": {"uv": [3, 11, 4, 12], "texture": "#1"}
			}
		},
		{
			"name": "Front",
			"from": [3.03875, 8.23775, 4.70025],
			"to": [3.3695, 8.5685, 5.031],
			"faces": {
				"north": {"uv": [10.969, 7.4315, 11.2998, 7.76225], "texture": "#3"},
				"east": {"uv": [10.969, 7.4315, 11.2998, 7.76225], "texture": "#3"},
				"south": {"uv": [10.969, 7.4315, 11.2998, 7.76225], "texture": "#3"},
				"west": {"uv": [10.969, 7.4315, 11.2998, 7.76225], "texture": "#3"},
				"up": {"uv": [10.969, 7.4315, 11.2998, 7.76225], "texture": "#3"},
				"down": {"uv": [10.969, 7.4315, 11.2998, 7.76225], "texture": "#3"}
			}
		},
		{
			"name": "Front",
			"from": [3.3695, 7.57625, 4.03875],
			"to": [3.70025, 7.907, 4.3695],
			"faces": {
				"north": {"uv": [11.6305, 8.093, 11.9613, 8.42375], "texture": "#3"},
				"east": {"uv": [11.6305, 8.093, 11.9613, 8.42375], "texture": "#3"},
				"south": {"uv": [11.6305, 8.093, 11.9613, 8.42375], "texture": "#3"},
				"west": {"uv": [11.6305, 8.093, 11.9613, 8.42375], "texture": "#3"},
				"up": {"uv": [11.6305, 8.093, 11.9613, 8.42375], "texture": "#3"},
				"down": {"uv": [11.6305, 8.093, 11.9613, 8.42375], "texture": "#3"}
			}
		},
		{
			"name": "wire",
			"from": [3.3695, 7.907, 6.02325],
			"to": [3.70025, 8.23775, 6.354],
			"faces": {
				"north": {"uv": [3, 11, 4, 12], "texture": "#1"},
				"east": {"uv": [3, 11, 4, 12], "texture": "#1"},
				"south": {"uv": [3, 11, 4, 12], "texture": "#1"},
				"west": {"uv": [3, 11, 4, 12], "texture": "#1"},
				"up": {"uv": [3, 11, 4, 12], "texture": "#1"},
				"down": {"uv": [3, 11, 4, 12], "texture": "#1"}
			}
		},
		{
			"name": "Front",
			"from": [3.3695, 8.23775, 4.03875],
			"to": [3.70025, 8.5685, 4.70025],
			"faces": {
				"north": {"uv": [11.2998, 7.4315, 11.9613, 7.76225], "texture": "#3"},
				"east": {"uv": [11.2998, 7.4315, 11.9613, 7.76225], "texture": "#3"},
				"south": {"uv": [11.2998, 7.4315, 11.9613, 7.76225], "texture": "#3"},
				"west": {"uv": [11.2998, 7.4315, 11.9613, 7.76225], "texture": "#3"},
				"up": {"uv": [11.2998, 7.4315, 11.9613, 7.76225], "texture": "#3"},
				"down": {"uv": [11.2998, 7.4315, 11.9613, 7.76225], "texture": "#3"}
			}
		},
		{
			"name": "Front",
			"from": [3.70025, 7.57625, 3.37725],
			"to": [4.031, 7.907, 4.03875],
			"faces": {
				"north": {"uv": [5, 0, 8, 1], "texture": "#2"},
				"east": {"uv": [5, 0, 8, 1], "texture": "#2"},
				"south": {"uv": [5, 0, 8, 1], "texture": "#2"},
				"west": {"uv": [5, 0, 8, 1], "texture": "#2"},
				"up": {"uv": [5, 0, 8, 1], "texture": "#2"},
				"down": {"uv": [5, 0, 8, 1], "texture": "#2"}
			}
		},
		{
			"name": "wire",
			"from": [3.70025, 7.907, 6.354],
			"to": [4.031, 8.23775, 6.68475],
			"faces": {
				"north": {"uv": [3, 11, 4, 12], "texture": "#1"},
				"east": {"uv": [3, 11, 4, 12], "texture": "#1"},
				"south": {"uv": [3, 11, 4, 12], "texture": "#1"},
				"west": {"uv": [3, 11, 4, 12], "texture": "#1"},
				"up": {"uv": [3, 11, 4, 12], "texture": "#1"},
				"down": {"uv": [3, 11, 4, 12], "texture": "#1"}
			}
		},
		{
			"name": "Front",
			"from": [3.70025, 8.23775, 3.37725],
			"to": [4.031, 8.5685, 4.03875],
			"faces": {
				"north": {"uv": [5, 0, 8, 1], "texture": "#2"},
				"east": {"uv": [5, 0, 8, 1], "texture": "#2"},
				"south": {"uv": [5, 0, 8, 1], "texture": "#2"},
				"west": {"uv": [5, 0, 8, 1], "texture": "#2"},
				"up": {"uv": [5, 0, 8, 1], "texture": "#2"},
				"down": {"uv": [5, 0, 8, 1], "texture": "#2"}
			}
		},
		{
			"name": "Front",
			"from": [4.031, 7.57625, 2.71575],
			"to": [4.36175, 7.907, 3.37725],
			"faces": {
				"north": {"uv": [5, 0, 8, 1], "texture": "#2"},
				"east": {"uv": [5, 0, 8, 1], "texture": "#2"},
				"south": {"uv": [5, 0, 8, 1], "texture": "#2"},
				"west": {"uv": [5, 0, 8, 1], "texture": "#2"},
				"up": {"uv": [5, 0, 8, 1], "texture": "#2"},
				"down": {"uv": [5, 0, 8, 1], "texture": "#2"}
			}
		},
		{
			"name": "wire",
			"from": [4.031, 7.907, 6.68475],
			"to": [4.36175, 8.23775, 7.0155],
			"faces": {
				"north": {"uv": [3, 11, 4, 12], "texture": "#1"},
				"east": {"uv": [3, 11, 4, 12], "texture": "#1"},
				"south": {"uv": [3, 11, 4, 12], "texture": "#1"},
				"west": {"uv": [3, 11, 4, 12], "texture": "#1"},
				"up": {"uv": [3, 11, 4, 12], "texture": "#1"},
				"down": {"uv": [3, 11, 4, 12], "texture": "#1"}
			}
		},
		{
			"name": "Front",
			"from": [4.031, 8.23775, 2.71575],
			"to": [4.36175, 8.5685, 3.37725],
			"faces": {
				"north": {"uv": [5, 0, 8, 1], "texture": "#2"},
				"east": {"uv": [5, 0, 8, 1], "texture": "#2"},
				"south": {"uv": [5, 0, 8, 1], "texture": "#2"},
				"west": {"uv": [5, 0, 8, 1], "texture": "#2"},
				"up": {"uv": [5, 0, 8, 1], "texture": "#2"},
				"down": {"uv": [5, 0, 8, 1], "texture": "#2"}
			}
		},
		{
			"name": "Front",
			"from": [4.36175, 7.57625, 2.385],
			"to": [4.6925, 7.907, 2.71575],
			"faces": {
				"north": {"uv": [5, 0, 8, 1], "texture": "#2"},
				"east": {"uv": [5, 0, 8, 1], "texture": "#2"},
				"south": {"uv": [5, 0, 8, 1], "texture": "#2"},
				"west": {"uv": [5, 0, 8, 1], "texture": "#2"},
				"up": {"uv": [5, 0, 8, 1], "texture": "#2"},
				"down": {"uv": [5, 0, 8, 1], "texture": "#2"}
			}
		},
		{
			"name": "wire",
			"from": [4.36175, 7.907, 7.0155],
			"to": [4.6925, 8.23775, 7.34625],
			"faces": {
				"north": {"uv": [3, 11, 4, 12], "texture": "#1"},
				"east": {"uv": [3, 11, 4, 12], "texture": "#1"},
				"south": {"uv": [3, 11, 4, 12], "texture": "#1"},
				"west": {"uv": [3, 11, 4, 12], "texture": "#1"},
				"up": {"uv": [3, 11, 4, 12], "texture": "#1"},
				"down": {"uv": [3, 11, 4, 12], "texture": "#1"}
			}
		},
		{
			"name": "Front",
			"from": [4.36175, 8.23775, 2.385],
			"to": [4.6925, 8.5685, 2.71575],
			"faces": {
				"north": {"uv": [13.2843, 7.4315, 13.615, 7.76225], "texture": "#3"},
				"east": {"uv": [13.2843, 7.4315, 13.615, 7.76225], "texture": "#3"},
				"south": {"uv": [13.2843, 7.4315, 13.615, 7.76225], "texture": "#3"},
				"west": {"uv": [13.2843, 7.4315, 13.615, 7.76225], "texture": "#3"},
				"up": {"uv": [13.2843, 7.4315, 13.615, 7.76225], "texture": "#3"},
				"down": {"uv": [13.2843, 7.4315, 13.615, 7.76225], "texture": "#3"}
			}
		},
		{
			"name": "Front",
			"from": [4.6925, 7.57625, 2.05425],
			"to": [5.354, 7.907, 2.385],
			"faces": {
				"north": {"uv": [5, 0, 8, 1], "texture": "#2"},
				"east": {"uv": [5, 0, 8, 1], "texture": "#2"},
				"south": {"uv": [5, 0, 8, 1], "texture": "#2"},
				"west": {"uv": [5, 0, 8, 1], "texture": "#2"},
				"up": {"uv": [5, 0, 8, 1], "texture": "#2"},
				"down": {"uv": [5, 0, 8, 1], "texture": "#2"}
			}
		},
		{
			"name": "wire",
			"from": [4.6925, 7.907, 7.34625],
			"to": [5.02325, 8.23775, 7.677],
			"faces": {
				"north": {"uv": [3, 11, 4, 12], "texture": "#1"},
				"east": {"uv": [3, 11, 4, 12], "texture": "#1"},
				"south": {"uv": [3, 11, 4, 12], "texture": "#1"},
				"west": {"uv": [3, 11, 4, 12], "texture": "#1"},
				"up": {"uv": [3, 11, 4, 12], "texture": "#1"},
				"down": {"uv": [3, 11, 4, 12], "texture": "#1"}
			}
		},
		{
			"name": "Front",
			"from": [4.6925, 8.23775, 2.05425],
			"to": [5.354, 8.5685, 2.385],
			"faces": {
				"north": {"uv": [5, 0, 8, 1], "texture": "#2"},
				"east": {"uv": [5, 0, 8, 1], "texture": "#2"},
				"south": {"uv": [5, 0, 8, 1], "texture": "#2"},
				"west": {"uv": [5, 0, 8, 1], "texture": "#2"},
				"up": {"uv": [5, 0, 8, 1], "texture": "#2"},
				"down": {"uv": [5, 0, 8, 1], "texture": "#2"}
			}
		},
		{
			"name": "wire",
			"from": [5.02325, 7.907, 7.677],
			"to": [5.68475, 8.23775, 8.00775],
			"faces": {
				"north": {"uv": [3, 11, 4, 12], "texture": "#1"},
				"east": {"uv": [3, 11, 4, 12], "texture": "#1"},
				"south": {"uv": [3, 11, 4, 12], "texture": "#1"},
				"west": {"uv": [3, 11, 4, 12], "texture": "#1"},
				"up": {"uv": [3, 11, 4, 12], "texture": "#1"},
				"down": {"uv": [3, 11, 4, 12], "texture": "#1"}
			}
		},
		{
			"name": "Front",
			"from": [5.354, 7.57625, 1.7235],
			"to": [6.34625, 7.907, 2.05425],
			"faces": {
				"north": {"uv": [13.9458, 8.093, 14.2765, 8.42375], "texture": "#3"},
				"east": {"uv": [13.9458, 8.093, 14.2765, 8.42375], "texture": "#3"},
				"south": {"uv": [13.9458, 8.093, 14.2765, 8.42375], "texture": "#3"},
				"west": {"uv": [13.9458, 8.093, 14.2765, 8.42375], "texture": "#3"},
				"up": {"uv": [13.9458, 8.093, 14.2765, 8.42375], "texture": "#3"},
				"down": {"uv": [13.9458, 8.093, 14.2765, 8.42375], "texture": "#3"}
			}
		},
		{
			"name": "Front",
			"from": [8.34625, 8.57625, 1.7235],
			"to": [8.69625, 9.607, 2.05425],
			"rotation": {"angle": 0, "axis": "y", "origin": [10.35, 9, 8]},
			"faces": {
				"north": {"uv": [5, 0, 8, 1], "texture": "#2"},
				"east": {"uv": [5, 0, 8, 1], "texture": "#2"},
				"south": {"uv": [5, 0, 8, 1], "texture": "#2"},
				"west": {"uv": [5, 0, 8, 1], "texture": "#2"},
				"up": {"uv": [5, 0, 8, 1], "texture": "#2"},
				"down": {"uv": [5, 0, 8, 1], "texture": "#2"}
			}
		},
		{
			"name": "Front",
			"from": [7.29625, 8.57625, 1.7235],
			"to": [7.64625, 9.607, 2.05425],
			"rotation": {"angle": 0, "axis": "y", "origin": [9.3, 9, 8]},
			"faces": {
				"north": {"uv": [5, 0, 8, 1], "texture": "#2"},
				"east": {"uv": [5, 0, 8, 1], "texture": "#2"},
				"south": {"uv": [5, 0, 8, 1], "texture": "#2"},
				"west": {"uv": [5, 0, 8, 1], "texture": "#2"},
				"up": {"uv": [5, 0, 8, 1], "texture": "#2"},
				"down": {"uv": [5, 0, 8, 1], "texture": "#2"}
			}
		},
		{
			"name": "Front",
			"from": [7.19625, 9.37625, 1.4235],
			"to": [7.54625, 9.707, 1.95425],
			"rotation": {"angle": 0, "axis": "y", "origin": [9.2, 9.8, 7.9]},
			"faces": {
				"north": {"uv": [13.9458, 8.093, 14.2765, 8.42375], "texture": "#3"},
				"east": {"uv": [13.9458, 8.093, 14.2765, 8.42375], "texture": "#3"},
				"south": {"uv": [13.9458, 8.093, 14.2765, 8.42375], "texture": "#3"},
				"west": {"uv": [13.9458, 8.093, 14.2765, 8.42375], "texture": "#3"},
				"up": {"uv": [13.9458, 8.093, 14.2765, 8.42375], "texture": "#3"},
				"down": {"uv": [13.9458, 8.093, 14.2765, 8.42375], "texture": "#3"}
			}
		},
		{
			"name": "Front",
			"from": [8.44625, 9.37625, 1.4235],
			"to": [8.79625, 9.707, 1.95425],
			"rotation": {"angle": 0, "axis": "y", "origin": [10.45, 9.8, 7.9]},
			"faces": {
				"north": {"uv": [13.9458, 8.093, 14.2765, 8.42375], "texture": "#3"},
				"east": {"uv": [13.9458, 8.093, 14.2765, 8.42375], "texture": "#3"},
				"south": {"uv": [13.9458, 8.093, 14.2765, 8.42375], "texture": "#3"},
				"west": {"uv": [13.9458, 8.093, 14.2765, 8.42375], "texture": "#3"},
				"up": {"uv": [13.9458, 8.093, 14.2765, 8.42375], "texture": "#3"},
				"down": {"uv": [13.9458, 8.093, 14.2765, 8.42375], "texture": "#3"}
			}
		},
		{
			"name": "Front",
			"from": [8.44625, 9.27625, 1.8235],
			"to": [8.79625, 9.607, 2.35425],
			"rotation": {"angle": 0, "axis": "y", "origin": [10.45, 9.7, 8.3]},
			"faces": {
				"north": {"uv": [13.9458, 8.093, 14.2765, 8.42375], "texture": "#3"},
				"east": {"uv": [13.9458, 8.093, 14.2765, 8.42375], "texture": "#3"},
				"south": {"uv": [13.9458, 8.093, 14.2765, 8.42375], "texture": "#3"},
				"west": {"uv": [13.9458, 8.093, 14.2765, 8.42375], "texture": "#3"},
				"up": {"uv": [13.9458, 8.093, 14.2765, 8.42375], "texture": "#3"},
				"down": {"uv": [13.9458, 8.093, 14.2765, 8.42375], "texture": "#3"}
			}
		},
		{
			"name": "Front",
			"from": [7.19625, 9.27625, 1.8235],
			"to": [7.54625, 9.607, 2.35425],
			"rotation": {"angle": 0, "axis": "y", "origin": [9.2, 9.7, 8.3]},
			"faces": {
				"north": {"uv": [13.9458, 8.093, 14.2765, 8.42375], "texture": "#3"},
				"east": {"uv": [13.9458, 8.093, 14.2765, 8.42375], "texture": "#3"},
				"south": {"uv": [13.9458, 8.093, 14.2765, 8.42375], "texture": "#3"},
				"west": {"uv": [13.9458, 8.093, 14.2765, 8.42375], "texture": "#3"},
				"up": {"uv": [13.9458, 8.093, 14.2765, 8.42375], "texture": "#3"},
				"down": {"uv": [13.9458, 8.093, 14.2765, 8.42375], "texture": "#3"}
			}
		},
		{
			"name": "Front",
			"from": [8.44625, 9.17625, 2.1235],
			"to": [8.79625, 9.507, 2.65425],
			"rotation": {"angle": 0, "axis": "y", "origin": [10.45, 9.6, 8.6]},
			"faces": {
				"north": {"uv": [5, 0, 8, 1], "texture": "#2"},
				"east": {"uv": [5, 0, 8, 1], "texture": "#2"},
				"south": {"uv": [5, 0, 8, 1], "texture": "#2"},
				"west": {"uv": [5, 0, 8, 1], "texture": "#2"},
				"up": {"uv": [5, 0, 8, 1], "texture": "#2"},
				"down": {"uv": [5, 0, 8, 1], "texture": "#2"}
			}
		},
		{
			"name": "Front",
			"from": [7.19625, 9.17625, 2.1235],
			"to": [7.54625, 9.507, 2.65425],
			"rotation": {"angle": 0, "axis": "y", "origin": [9.2, 9.6, 8.6]},
			"faces": {
				"north": {"uv": [5, 0, 8, 1], "texture": "#2"},
				"east": {"uv": [5, 0, 8, 1], "texture": "#2"},
				"south": {"uv": [5, 0, 8, 1], "texture": "#2"},
				"west": {"uv": [5, 0, 8, 1], "texture": "#2"},
				"up": {"uv": [5, 0, 8, 1], "texture": "#2"},
				"down": {"uv": [5, 0, 8, 1], "texture": "#2"}
			}
		},
		{
			"name": "Front",
			"from": [8.44625, 9.07625, 2.5235],
			"to": [8.79625, 9.407, 3.05425],
			"rotation": {"angle": 0, "axis": "y", "origin": [10.45, 9.5, 9]},
			"faces": {
				"north": {"uv": [5, 0, 8, 1], "texture": "#2"},
				"east": {"uv": [5, 0, 8, 1], "texture": "#2"},
				"south": {"uv": [5, 0, 8, 1], "texture": "#2"},
				"west": {"uv": [5, 0, 8, 1], "texture": "#2"},
				"up": {"uv": [5, 0, 8, 1], "texture": "#2"},
				"down": {"uv": [5, 0, 8, 1], "texture": "#2"}
			}
		},
		{
			"name": "Front",
			"from": [7.19625, 9.07625, 2.5235],
			"to": [7.54625, 9.407, 3.05425],
			"rotation": {"angle": 0, "axis": "y", "origin": [9.2, 9.5, 9]},
			"faces": {
				"north": {"uv": [5, 0, 8, 1], "texture": "#2"},
				"east": {"uv": [5, 0, 8, 1], "texture": "#2"},
				"south": {"uv": [5, 0, 8, 1], "texture": "#2"},
				"west": {"uv": [5, 0, 8, 1], "texture": "#2"},
				"up": {"uv": [5, 0, 8, 1], "texture": "#2"},
				"down": {"uv": [5, 0, 8, 1], "texture": "#2"}
			}
		},
		{
			"name": "Front",
			"from": [8.44625, 8.97625, 2.9235],
			"to": [8.79625, 9.307, 3.45425],
			"rotation": {"angle": 0, "axis": "y", "origin": [10.45, 9.4, 9.4]},
			"faces": {
				"north": {"uv": [13.9458, 8.093, 14.2765, 8.42375], "texture": "#3"},
				"east": {"uv": [13.9458, 8.093, 14.2765, 8.42375], "texture": "#3"},
				"south": {"uv": [13.9458, 8.093, 14.2765, 8.42375], "texture": "#3"},
				"west": {"uv": [13.9458, 8.093, 14.2765, 8.42375], "texture": "#3"},
				"up": {"uv": [13.9458, 8.093, 14.2765, 8.42375], "texture": "#3"},
				"down": {"uv": [13.9458, 8.093, 14.2765, 8.42375], "texture": "#3"}
			}
		},
		{
			"name": "Front",
			"from": [7.19625, 8.97625, 2.9235],
			"to": [7.54625, 9.307, 3.45425],
			"rotation": {"angle": 0, "axis": "y", "origin": [9.2, 9.4, 9.4]},
			"faces": {
				"north": {"uv": [13.9458, 8.093, 14.2765, 8.42375], "texture": "#3"},
				"east": {"uv": [13.9458, 8.093, 14.2765, 8.42375], "texture": "#3"},
				"south": {"uv": [13.9458, 8.093, 14.2765, 8.42375], "texture": "#3"},
				"west": {"uv": [13.9458, 8.093, 14.2765, 8.42375], "texture": "#3"},
				"up": {"uv": [13.9458, 8.093, 14.2765, 8.42375], "texture": "#3"},
				"down": {"uv": [13.9458, 8.093, 14.2765, 8.42375], "texture": "#3"}
			}
		},
		{
			"name": "Front",
			"from": [8.34625, 8.87625, 3.3235],
			"to": [8.69625, 9.207, 3.85425],
			"rotation": {"angle": 0, "axis": "y", "origin": [10.35, 9.3, 9.8]},
			"faces": {
				"north": {"uv": [13.9458, 8.093, 14.2765, 8.42375], "texture": "#3"},
				"east": {"uv": [13.9458, 8.093, 14.2765, 8.42375], "texture": "#3"},
				"south": {"uv": [13.9458, 8.093, 14.2765, 8.42375], "texture": "#3"},
				"west": {"uv": [13.9458, 8.093, 14.2765, 8.42375], "texture": "#3"},
				"up": {"uv": [13.9458, 8.093, 14.2765, 8.42375], "texture": "#3"},
				"down": {"uv": [13.9458, 8.093, 14.2765, 8.42375], "texture": "#3"}
			}
		},
		{
			"name": "Front",
			"from": [7.29625, 8.87625, 3.3235],
			"to": [7.64625, 9.207, 3.85425],
			"rotation": {"angle": 0, "axis": "y", "origin": [9.3, 9.3, 9.8]},
			"faces": {
				"north": {"uv": [13.9458, 8.093, 14.2765, 8.42375], "texture": "#3"},
				"east": {"uv": [13.9458, 8.093, 14.2765, 8.42375], "texture": "#3"},
				"south": {"uv": [13.9458, 8.093, 14.2765, 8.42375], "texture": "#3"},
				"west": {"uv": [13.9458, 8.093, 14.2765, 8.42375], "texture": "#3"},
				"up": {"uv": [13.9458, 8.093, 14.2765, 8.42375], "texture": "#3"},
				"down": {"uv": [13.9458, 8.093, 14.2765, 8.42375], "texture": "#3"}
			}
		},
		{
			"name": "Front",
			"from": [8.34625, 8.77625, 3.7235],
			"to": [8.69625, 9.107, 4.25425],
			"rotation": {"angle": 0, "axis": "y", "origin": [10.35, 9.2, 10.2]},
			"faces": {
				"north": {"uv": [5, 0, 8, 1], "texture": "#2"},
				"east": {"uv": [5, 0, 8, 1], "texture": "#2"},
				"south": {"uv": [5, 0, 8, 1], "texture": "#2"},
				"west": {"uv": [5, 0, 8, 1], "texture": "#2"},
				"up": {"uv": [5, 0, 8, 1], "texture": "#2"},
				"down": {"uv": [5, 0, 8, 1], "texture": "#2"}
			}
		},
		{
			"name": "Front",
			"from": [7.29625, 8.77625, 3.7235],
			"to": [7.64625, 9.107, 4.25425],
			"rotation": {"angle": 0, "axis": "y", "origin": [9.3, 9.2, 10.2]},
			"faces": {
				"north": {"uv": [5, 0, 8, 1], "texture": "#2"},
				"east": {"uv": [5, 0, 8, 1], "texture": "#2"},
				"south": {"uv": [5, 0, 8, 1], "texture": "#2"},
				"west": {"uv": [5, 0, 8, 1], "texture": "#2"},
				"up": {"uv": [5, 0, 8, 1], "texture": "#2"},
				"down": {"uv": [5, 0, 8, 1], "texture": "#2"}
			}
		},
		{
			"name": "Front",
			"from": [8.34625, 8.67625, 4.1235],
			"to": [8.69625, 9.007, 4.65425],
			"rotation": {"angle": 0, "axis": "y", "origin": [10.35, 9.1, 10.6]},
			"faces": {
				"north": {"uv": [5, 0, 8, 1], "texture": "#2"},
				"east": {"uv": [5, 0, 8, 1], "texture": "#2"},
				"south": {"uv": [5, 0, 8, 1], "texture": "#2"},
				"west": {"uv": [5, 0, 8, 1], "texture": "#2"},
				"up": {"uv": [5, 0, 8, 1], "texture": "#2"},
				"down": {"uv": [5, 0, 8, 1], "texture": "#2"}
			}
		},
		{
			"name": "Front",
			"from": [7.29625, 8.67625, 4.1235],
			"to": [7.64625, 9.007, 4.65425],
			"rotation": {"angle": 0, "axis": "y", "origin": [9.3, 9.1, 10.6]},
			"faces": {
				"north": {"uv": [5, 0, 8, 1], "texture": "#2"},
				"east": {"uv": [5, 0, 8, 1], "texture": "#2"},
				"south": {"uv": [5, 0, 8, 1], "texture": "#2"},
				"west": {"uv": [5, 0, 8, 1], "texture": "#2"},
				"up": {"uv": [5, 0, 8, 1], "texture": "#2"},
				"down": {"uv": [5, 0, 8, 1], "texture": "#2"}
			}
		},
		{
			"name": "Front",
			"from": [8.34625, 8.47625, 4.9235],
			"to": [8.69625, 8.807, 5.45425],
			"rotation": {"angle": 0, "axis": "y", "origin": [10.35, 8.9, 11.4]},
			"faces": {
				"north": {"uv": [5, 0, 8, 1], "texture": "#2"},
				"east": {"uv": [5, 0, 8, 1], "texture": "#2"},
				"south": {"uv": [5, 0, 8, 1], "texture": "#2"},
				"west": {"uv": [5, 0, 8, 1], "texture": "#2"},
				"up": {"uv": [5, 0, 8, 1], "texture": "#2"},
				"down": {"uv": [5, 0, 8, 1], "texture": "#2"}
			}
		},
		{
			"name": "Front",
			"from": [7.29625, 8.47625, 4.9235],
			"to": [7.64625, 8.807, 5.45425],
			"rotation": {"angle": 0, "axis": "y", "origin": [9.3, 8.9, 11.4]},
			"faces": {
				"north": {"uv": [5, 0, 8, 1], "texture": "#2"},
				"east": {"uv": [5, 0, 8, 1], "texture": "#2"},
				"south": {"uv": [5, 0, 8, 1], "texture": "#2"},
				"west": {"uv": [5, 0, 8, 1], "texture": "#2"},
				"up": {"uv": [5, 0, 8, 1], "texture": "#2"},
				"down": {"uv": [5, 0, 8, 1], "texture": "#2"}
			}
		},
		{
			"name": "Front",
			"from": [8.34625, 8.57625, 4.5235],
			"to": [8.69625, 8.907, 5.05425],
			"rotation": {"angle": 0, "axis": "y", "origin": [10.35, 9, 11]},
			"faces": {
				"north": {"uv": [13.9458, 8.093, 14.2765, 8.42375], "texture": "#3"},
				"east": {"uv": [13.9458, 8.093, 14.2765, 8.42375], "texture": "#3"},
				"south": {"uv": [13.9458, 8.093, 14.2765, 8.42375], "texture": "#3"},
				"west": {"uv": [13.9458, 8.093, 14.2765, 8.42375], "texture": "#3"},
				"up": {"uv": [13.9458, 8.093, 14.2765, 8.42375], "texture": "#3"},
				"down": {"uv": [13.9458, 8.093, 14.2765, 8.42375], "texture": "#3"}
			}
		},
		{
			"name": "Front",
			"from": [7.29625, 8.57625, 4.5235],
			"to": [7.64625, 8.907, 5.05425],
			"rotation": {"angle": 0, "axis": "y", "origin": [9.3, 9, 11]},
			"faces": {
				"north": {"uv": [13.9458, 8.093, 14.2765, 8.42375], "texture": "#3"},
				"east": {"uv": [13.9458, 8.093, 14.2765, 8.42375], "texture": "#3"},
				"south": {"uv": [13.9458, 8.093, 14.2765, 8.42375], "texture": "#3"},
				"west": {"uv": [13.9458, 8.093, 14.2765, 8.42375], "texture": "#3"},
				"up": {"uv": [13.9458, 8.093, 14.2765, 8.42375], "texture": "#3"},
				"down": {"uv": [13.9458, 8.093, 14.2765, 8.42375], "texture": "#3"}
			}
		},
		{
			"name": "Front",
			"from": [8.34625, 8.37625, 5.3235],
			"to": [8.69625, 8.707, 5.85425],
			"rotation": {"angle": 0, "axis": "y", "origin": [10.35, 8.8, 11.8]},
			"faces": {
				"north": {"uv": [13.9458, 8.093, 14.2765, 8.42375], "texture": "#3"},
				"east": {"uv": [13.9458, 8.093, 14.2765, 8.42375], "texture": "#3"},
				"south": {"uv": [13.9458, 8.093, 14.2765, 8.42375], "texture": "#3"},
				"west": {"uv": [13.9458, 8.093, 14.2765, 8.42375], "texture": "#3"},
				"up": {"uv": [13.9458, 8.093, 14.2765, 8.42375], "texture": "#3"},
				"down": {"uv": [13.9458, 8.093, 14.2765, 8.42375], "texture": "#3"}
			}
		},
		{
			"name": "Front",
			"from": [7.29625, 8.37625, 5.3235],
			"to": [7.64625, 8.707, 5.85425],
			"rotation": {"angle": 0, "axis": "y", "origin": [9.3, 8.8, 11.8]},
			"faces": {
				"north": {"uv": [13.9458, 8.093, 14.2765, 8.42375], "texture": "#3"},
				"east": {"uv": [13.9458, 8.093, 14.2765, 8.42375], "texture": "#3"},
				"south": {"uv": [13.9458, 8.093, 14.2765, 8.42375], "texture": "#3"},
				"west": {"uv": [13.9458, 8.093, 14.2765, 8.42375], "texture": "#3"},
				"up": {"uv": [13.9458, 8.093, 14.2765, 8.42375], "texture": "#3"},
				"down": {"uv": [13.9458, 8.093, 14.2765, 8.42375], "texture": "#3"}
			}
		},
		{
			"name": "Front",
			"from": [7.09625, 9.47625, 1.0235],
			"to": [7.44625, 9.807, 1.55425],
			"rotation": {"angle": 0, "axis": "y", "origin": [9.1, 9.9, 7.5]},
			"faces": {
				"north": {"uv": [13.9458, 8.093, 14.2765, 8.42375], "texture": "#3"},
				"east": {"uv": [13.9458, 8.093, 14.2765, 8.42375], "texture": "#3"},
				"south": {"uv": [13.9458, 8.093, 14.2765, 8.42375], "texture": "#3"},
				"west": {"uv": [13.9458, 8.093, 14.2765, 8.42375], "texture": "#3"},
				"up": {"uv": [13.9458, 8.093, 14.2765, 8.42375], "texture": "#3"},
				"down": {"uv": [13.9458, 8.093, 14.2765, 8.42375], "texture": "#3"}
			}
		},
		{
			"name": "Front",
			"from": [8.54625, 9.47625, 1.0235],
			"to": [8.89625, 9.807, 1.55425],
			"rotation": {"angle": 0, "axis": "y", "origin": [10.55, 9.9, 7.5]},
			"faces": {
				"north": {"uv": [13.9458, 8.093, 14.2765, 8.42375], "texture": "#3"},
				"east": {"uv": [13.9458, 8.093, 14.2765, 8.42375], "texture": "#3"},
				"south": {"uv": [13.9458, 8.093, 14.2765, 8.42375], "texture": "#3"},
				"west": {"uv": [13.9458, 8.093, 14.2765, 8.42375], "texture": "#3"},
				"up": {"uv": [13.9458, 8.093, 14.2765, 8.42375], "texture": "#3"},
				"down": {"uv": [13.9458, 8.093, 14.2765, 8.42375], "texture": "#3"}
			}
		},
		{
			"name": "Front",
			"from": [6.89625, 9.67625, 0.2235],
			"to": [7.24625, 10.007, 0.75425],
			"rotation": {"angle": 0, "axis": "y", "origin": [8.9, 10.1, 6.7]},
			"faces": {
				"north": {"uv": [13.9458, 8.093, 14.2765, 8.42375], "texture": "#3"},
				"east": {"uv": [13.9458, 8.093, 14.2765, 8.42375], "texture": "#3"},
				"south": {"uv": [13.9458, 8.093, 14.2765, 8.42375], "texture": "#3"},
				"west": {"uv": [13.9458, 8.093, 14.2765, 8.42375], "texture": "#3"},
				"up": {"uv": [13.9458, 8.093, 14.2765, 8.42375], "texture": "#3"},
				"down": {"uv": [13.9458, 8.093, 14.2765, 8.42375], "texture": "#3"}
			}
		},
		{
			"name": "Front",
			"from": [8.74625, 9.67625, 0.2235],
			"to": [9.09625, 10.007, 0.75425],
			"rotation": {"angle": 0, "axis": "y", "origin": [10.75, 10.1, 6.7]},
			"faces": {
				"north": {"uv": [13.9458, 8.093, 14.2765, 8.42375], "texture": "#3"},
				"east": {"uv": [13.9458, 8.093, 14.2765, 8.42375], "texture": "#3"},
				"south": {"uv": [13.9458, 8.093, 14.2765, 8.42375], "texture": "#3"},
				"west": {"uv": [13.9458, 8.093, 14.2765, 8.42375], "texture": "#3"},
				"up": {"uv": [13.9458, 8.093, 14.2765, 8.42375], "texture": "#3"},
				"down": {"uv": [13.9458, 8.093, 14.2765, 8.42375], "texture": "#3"}
			}
		},
		{
			"name": "Front",
			"from": [6.99625, 9.57625, 0.6235],
			"to": [7.34625, 9.907, 1.15425],
			"rotation": {"angle": 0, "axis": "y", "origin": [9, 10, 7.1]},
			"faces": {
				"north": {"uv": [5, 0, 8, 1], "texture": "#2"},
				"east": {"uv": [5, 0, 8, 1], "texture": "#2"},
				"south": {"uv": [5, 0, 8, 1], "texture": "#2"},
				"west": {"uv": [5, 0, 8, 1], "texture": "#2"},
				"up": {"uv": [5, 0, 8, 1], "texture": "#2"},
				"down": {"uv": [5, 0, 8, 1], "texture": "#2"}
			}
		},
		{
			"name": "Front",
			"from": [8.64625, 9.57625, 0.6235],
			"to": [8.99625, 9.907, 1.15425],
			"rotation": {"angle": 0, "axis": "y", "origin": [10.65, 10, 7.1]},
			"faces": {
				"north": {"uv": [5, 0, 8, 1], "texture": "#2"},
				"east": {"uv": [5, 0, 8, 1], "texture": "#2"},
				"south": {"uv": [5, 0, 8, 1], "texture": "#2"},
				"west": {"uv": [5, 0, 8, 1], "texture": "#2"},
				"up": {"uv": [5, 0, 8, 1], "texture": "#2"},
				"down": {"uv": [5, 0, 8, 1], "texture": "#2"}
			}
		},
		{
			"name": "Front",
			"from": [6.79625, 9.77625, -0.1765],
			"to": [7.14625, 10.107, 0.35425],
			"rotation": {"angle": 0, "axis": "y", "origin": [8.8, 10.2, 6.3]},
			"faces": {
				"north": {"uv": [13.9458, 8.093, 14.2765, 8.42375], "texture": "#3"},
				"east": {"uv": [13.9458, 8.093, 14.2765, 8.42375], "texture": "#3"},
				"south": {"uv": [13.9458, 8.093, 14.2765, 8.42375], "texture": "#3"},
				"west": {"uv": [13.9458, 8.093, 14.2765, 8.42375], "texture": "#3"},
				"up": {"uv": [13.9458, 8.093, 14.2765, 8.42375], "texture": "#3"},
				"down": {"uv": [13.9458, 8.093, 14.2765, 8.42375], "texture": "#3"}
			}
		},
		{
			"name": "Front",
			"from": [8.84625, 9.77625, -0.1765],
			"to": [9.19625, 10.107, 0.35425],
			"rotation": {"angle": 0, "axis": "y", "origin": [10.85, 10.2, 6.3]},
			"faces": {
				"north": {"uv": [13.9458, 8.093, 14.2765, 8.42375], "texture": "#3"},
				"east": {"uv": [13.9458, 8.093, 14.2765, 8.42375], "texture": "#3"},
				"south": {"uv": [13.9458, 8.093, 14.2765, 8.42375], "texture": "#3"},
				"west": {"uv": [13.9458, 8.093, 14.2765, 8.42375], "texture": "#3"},
				"up": {"uv": [13.9458, 8.093, 14.2765, 8.42375], "texture": "#3"},
				"down": {"uv": [13.9458, 8.093, 14.2765, 8.42375], "texture": "#3"}
			}
		},
		{
			"name": "Front",
			"from": [6.79625, 9.97625, -0.4765],
			"to": [7.04625, 10.207, 0.05425],
			"rotation": {"angle": 0, "axis": "y", "origin": [8.8, 10.3, 6]},
			"faces": {
				"north": {"uv": [13.9458, 8.093, 14.2765, 8.42375], "texture": "#3"},
				"east": {"uv": [13.9458, 8.093, 14.2765, 8.42375], "texture": "#3"},
				"south": {"uv": [13.9458, 8.093, 14.2765, 8.42375], "texture": "#3"},
				"west": {"uv": [13.9458, 8.093, 14.2765, 8.42375], "texture": "#3"},
				"up": {"uv": [13.9458, 8.093, 14.2765, 8.42375], "texture": "#3"},
				"down": {"uv": [13.9458, 8.093, 14.2765, 8.42375], "texture": "#3"}
			}
		},
		{
			"name": "Front",
			"from": [8.94625, 9.97625, -0.4765],
			"to": [9.19625, 10.207, 0.05425],
			"rotation": {"angle": 0, "axis": "y", "origin": [10.95, 10.3, 6]},
			"faces": {
				"north": {"uv": [13.9458, 8.093, 14.2765, 8.42375], "texture": "#3"},
				"east": {"uv": [13.9458, 8.093, 14.2765, 8.42375], "texture": "#3"},
				"south": {"uv": [13.9458, 8.093, 14.2765, 8.42375], "texture": "#3"},
				"west": {"uv": [13.9458, 8.093, 14.2765, 8.42375], "texture": "#3"},
				"up": {"uv": [13.9458, 8.093, 14.2765, 8.42375], "texture": "#3"},
				"down": {"uv": [13.9458, 8.093, 14.2765, 8.42375], "texture": "#3"}
			}
		},
		{
			"name": "Front",
			"from": [6.69625, 10.17625, -0.9765],
			"to": [6.84625, 10.307, -0.54575],
			"rotation": {"angle": 0, "axis": "y", "origin": [8.7, 10.4, 5.4]},
			"faces": {
				"north": {"uv": [13.9458, 8.093, 14.2765, 8.42375], "texture": "#3"},
				"east": {"uv": [13.9458, 8.093, 14.2765, 8.42375], "texture": "#3"},
				"south": {"uv": [13.9458, 8.093, 14.2765, 8.42375], "texture": "#3"},
				"west": {"uv": [13.9458, 8.093, 14.2765, 8.42375], "texture": "#3"},
				"up": {"uv": [13.9458, 8.093, 14.2765, 8.42375], "texture": "#3"},
				"down": {"uv": [13.9458, 8.093, 14.2765, 8.42375], "texture": "#3"}
			}
		},
		{
			"name": "Front",
			"from": [9.14625, 10.17625, -0.9765],
			"to": [9.29625, 10.307, -0.54575],
			"rotation": {"angle": 0, "axis": "y", "origin": [11.15, 10.4, 5.4]},
			"faces": {
				"north": {"uv": [13.9458, 8.093, 14.2765, 8.42375], "texture": "#3"},
				"east": {"uv": [13.9458, 8.093, 14.2765, 8.42375], "texture": "#3"},
				"south": {"uv": [13.9458, 8.093, 14.2765, 8.42375], "texture": "#3"},
				"west": {"uv": [13.9458, 8.093, 14.2765, 8.42375], "texture": "#3"},
				"up": {"uv": [13.9458, 8.093, 14.2765, 8.42375], "texture": "#3"},
				"down": {"uv": [13.9458, 8.093, 14.2765, 8.42375], "texture": "#3"}
			}
		},
		{
			"name": "Front",
			"from": [6.59625, 10.27625, -1.1765],
			"to": [6.74625, 10.407, -0.74575],
			"rotation": {"angle": 0, "axis": "y", "origin": [8.6, 10.5, 5.2]},
			"faces": {
				"north": {"uv": [13.9458, 8.093, 14.2765, 8.42375], "texture": "#3"},
				"east": {"uv": [13.9458, 8.093, 14.2765, 8.42375], "texture": "#3"},
				"south": {"uv": [13.9458, 8.093, 14.2765, 8.42375], "texture": "#3"},
				"west": {"uv": [13.9458, 8.093, 14.2765, 8.42375], "texture": "#3"},
				"up": {"uv": [13.9458, 8.093, 14.2765, 8.42375], "texture": "#3"},
				"down": {"uv": [13.9458, 8.093, 14.2765, 8.42375], "texture": "#3"}
			}
		},
		{
			"name": "Front",
			"from": [9.24625, 10.27625, -1.1765],
			"to": [9.39625, 10.407, -0.74575],
			"rotation": {"angle": 0, "axis": "y", "origin": [11.25, 10.5, 5.2]},
			"faces": {
				"north": {"uv": [13.9458, 8.093, 14.2765, 8.42375], "texture": "#3"},
				"east": {"uv": [13.9458, 8.093, 14.2765, 8.42375], "texture": "#3"},
				"south": {"uv": [13.9458, 8.093, 14.2765, 8.42375], "texture": "#3"},
				"west": {"uv": [13.9458, 8.093, 14.2765, 8.42375], "texture": "#3"},
				"up": {"uv": [13.9458, 8.093, 14.2765, 8.42375], "texture": "#3"},
				"down": {"uv": [13.9458, 8.093, 14.2765, 8.42375], "texture": "#3"}
			}
		},
		{
			"name": "Front",
			"from": [6.69625, 10.07625, -0.7765],
			"to": [6.94625, 10.307, -0.24575],
			"rotation": {"angle": 0, "axis": "y", "origin": [8.7, 10.4, 5.7]},
			"faces": {
				"north": {"uv": [13.9458, 8.093, 14.2765, 8.42375], "texture": "#3"},
				"east": {"uv": [13.9458, 8.093, 14.2765, 8.42375], "texture": "#3"},
				"south": {"uv": [13.9458, 8.093, 14.2765, 8.42375], "texture": "#3"},
				"west": {"uv": [13.9458, 8.093, 14.2765, 8.42375], "texture": "#3"},
				"up": {"uv": [13.9458, 8.093, 14.2765, 8.42375], "texture": "#3"},
				"down": {"uv": [13.9458, 8.093, 14.2765, 8.42375], "texture": "#3"}
			}
		},
		{
			"name": "Front",
			"from": [9.04625, 10.07625, -0.7765],
			"to": [9.29625, 10.307, -0.24575],
			"rotation": {"angle": 0, "axis": "y", "origin": [11.05, 10.4, 5.7]},
			"faces": {
				"north": {"uv": [13.9458, 8.093, 14.2765, 8.42375], "texture": "#3"},
				"east": {"uv": [13.9458, 8.093, 14.2765, 8.42375], "texture": "#3"},
				"south": {"uv": [13.9458, 8.093, 14.2765, 8.42375], "texture": "#3"},
				"west": {"uv": [13.9458, 8.093, 14.2765, 8.42375], "texture": "#3"},
				"up": {"uv": [13.9458, 8.093, 14.2765, 8.42375], "texture": "#3"},
				"down": {"uv": [13.9458, 8.093, 14.2765, 8.42375], "texture": "#3"}
			}
		},
		{
			"name": "Front",
			"from": [5.354, 8.23775, 1.7235],
			"to": [7.66925, 8.5685, 2.05425],
			"faces": {
				"north": {"uv": [5, 0, 8, 1], "texture": "#2"},
				"east": {"uv": [5, 0, 8, 1], "texture": "#2"},
				"south": {"uv": [5, 0, 8, 1], "texture": "#2"},
				"west": {"uv": [5, 0, 8, 1], "texture": "#2"},
				"up": {"uv": [5, 0, 8, 1], "texture": "#2"},
				"down": {"uv": [5, 0, 8, 1], "texture": "#2"}
			}
		},
		{
			"name": "Front",
			"from": [5.68475, 7.907, 1.7235],
			"to": [10.3152, 8.23775, 2.05425],
			"faces": {
				"north": {"uv": [13.9458, 7.76225, 14.2765, 8.093], "texture": "#3"},
				"east": {"uv": [13.9458, 7.76225, 14.2765, 8.093], "texture": "#3"},
				"south": {"uv": [13.9458, 7.76225, 14.2765, 8.093], "texture": "#3"},
				"west": {"uv": [13.9458, 7.76225, 14.2765, 8.093], "texture": "#3"},
				"up": {"uv": [13.9458, 7.76225, 14.2765, 8.093], "texture": "#3"},
				"down": {"uv": [13.9458, 7.76225, 14.2765, 8.093], "texture": "#3"}
			}
		},
		{
			"name": "wire",
			"from": [5.68475, 7.907, 8.00775],
			"to": [6.0155, 8.23775, 8.3385],
			"faces": {
				"north": {"uv": [3, 11, 4, 12], "texture": "#1"},
				"east": {"uv": [3, 11, 4, 12], "texture": "#1"},
				"south": {"uv": [3, 11, 4, 12], "texture": "#1"},
				"west": {"uv": [3, 11, 4, 12], "texture": "#1"},
				"up": {"uv": [3, 11, 4, 12], "texture": "#1"},
				"down": {"uv": [3, 11, 4, 12], "texture": "#1"}
			}
		},
		{
			"name": "wire",
			"from": [6.0155, 7.907, 8.3385],
			"to": [6.34625, 8.23775, 8.66925],
			"faces": {
				"north": {"uv": [3, 11, 4, 12], "texture": "#1"},
				"east": {"uv": [3, 11, 4, 12], "texture": "#1"},
				"south": {"uv": [3, 11, 4, 12], "texture": "#1"},
				"west": {"uv": [3, 11, 4, 12], "texture": "#1"},
				"up": {"uv": [3, 11, 4, 12], "texture": "#1"},
				"down": {"uv": [3, 11, 4, 12], "texture": "#1"}
			}
		},
		{
			"name": "Front",
			"from": [6.34625, 7.907, 1.39275],
			"to": [9.65375, 8.23775, 1.7235],
			"faces": {
				"north": {"uv": [5, 0, 8, 1], "texture": "#2"},
				"east": {"uv": [5, 0, 8, 1], "texture": "#2"},
				"south": {"uv": [5, 0, 8, 1], "texture": "#2"},
				"west": {"uv": [5, 0, 8, 1], "texture": "#2"},
				"up": {"uv": [5, 0, 8, 1], "texture": "#2"},
				"down": {"uv": [5, 0, 8, 1], "texture": "#2"}
			}
		},
		{
			"name": "Front",
			"from": [6.34625, 7.907, 2.05425],
			"to": [9.65375, 8.23775, 2.385],
			"faces": {
				"north": {"uv": [5, 0, 8, 1], "texture": "#2"},
				"east": {"uv": [5, 0, 8, 1], "texture": "#2"},
				"south": {"uv": [5, 0, 8, 1], "texture": "#2"},
				"west": {"uv": [5, 0, 8, 1], "texture": "#2"},
				"up": {"uv": [5, 0, 8, 1], "texture": "#2"},
				"down": {"uv": [5, 0, 8, 1], "texture": "#2"}
			}
		},
		{
			"name": "wire",
			"from": [6.34625, 7.907, 8.66925],
			"to": [6.677, 8.23775, 9],
			"faces": {
				"north": {"uv": [3, 11, 4, 12], "texture": "#1"},
				"east": {"uv": [3, 11, 4, 12], "texture": "#1"},
				"south": {"uv": [3, 11, 4, 12], "texture": "#1"},
				"west": {"uv": [3, 11, 4, 12], "texture": "#1"},
				"up": {"uv": [3, 11, 4, 12], "texture": "#1"},
				"down": {"uv": [3, 11, 4, 12], "texture": "#1"}
			}
		},
		{
			"name": "Front",
			"from": [6.34625, 8.23775, 1.39275],
			"to": [7.66925, 8.5685, 1.7235],
			"faces": {
				"north": {"uv": [5, 0, 8, 1], "texture": "#2"},
				"east": {"uv": [5, 0, 8, 1], "texture": "#2"},
				"south": {"uv": [5, 0, 8, 1], "texture": "#2"},
				"west": {"uv": [5, 0, 8, 1], "texture": "#2"},
				"up": {"uv": [5, 0, 8, 1], "texture": "#2"},
				"down": {"uv": [5, 0, 8, 1], "texture": "#2"}
			}
		},
		{
			"name": "Front",
			"from": [6.34625, 8.23775, 2.05425],
			"to": [7.66925, 8.5685, 2.385],
			"faces": {
				"north": {"uv": [5, 0, 8, 1], "texture": "#2"},
				"east": {"uv": [5, 0, 8, 1], "texture": "#2"},
				"south": {"uv": [5, 0, 8, 1], "texture": "#2"},
				"west": {"uv": [5, 0, 8, 1], "texture": "#2"},
				"up": {"uv": [5, 0, 8, 1], "texture": "#2"},
				"down": {"uv": [5, 0, 8, 1], "texture": "#2"}
			}
		},
		{
			"name": "Voxels-000000",
			"from": [6.677, 7.57625, -0.261],
			"to": [7.00775, 7.907, 0.73125],
			"faces": {
				"north": {"uv": [5, 0, 8, 1], "texture": "#2"},
				"east": {"uv": [5, 0, 8, 1], "texture": "#2"},
				"south": {"uv": [5, 0, 8, 1], "texture": "#2"},
				"west": {"uv": [5, 0, 8, 1], "texture": "#2"},
				"up": {"uv": [5, 0, 8, 1], "texture": "#2"},
				"down": {"uv": [5, 0, 8, 1], "texture": "#2"}
			}
		},
		{
			"name": "Front",
			"from": [6.677, 7.907, 2.385],
			"to": [9.323, 8.23775, 2.71575],
			"faces": {
				"north": {"uv": [5, 0, 8, 1], "texture": "#2"},
				"east": {"uv": [5, 0, 8, 1], "texture": "#2"},
				"south": {"uv": [5, 0, 8, 1], "texture": "#2"},
				"west": {"uv": [5, 0, 8, 1], "texture": "#2"},
				"up": {"uv": [5, 0, 8, 1], "texture": "#2"},
				"down": {"uv": [5, 0, 8, 1], "texture": "#2"}
			}
		},
		{
			"name": "wire",
			"from": [6.677, 7.907, 9],
			"to": [7.00775, 8.23775, 9.33075],
			"faces": {
				"north": {"uv": [3, 11, 4, 12], "texture": "#1"},
				"east": {"uv": [3, 11, 4, 12], "texture": "#1"},
				"south": {"uv": [3, 11, 4, 12], "texture": "#1"},
				"west": {"uv": [3, 11, 4, 12], "texture": "#1"},
				"up": {"uv": [3, 11, 4, 12], "texture": "#1"},
				"down": {"uv": [3, 11, 4, 12], "texture": "#1"}
			}
		},
		{
			"name": "Front",
			"from": [6.677, 8.23775, 2.385],
			"to": [7.66925, 8.5685, 2.71575],
			"faces": {
				"north": {"uv": [5, 0, 8, 1], "texture": "#2"},
				"east": {"uv": [5, 0, 8, 1], "texture": "#2"},
				"south": {"uv": [5, 0, 8, 1], "texture": "#2"},
				"west": {"uv": [5, 0, 8, 1], "texture": "#2"},
				"up": {"uv": [5, 0, 8, 1], "texture": "#2"},
				"down": {"uv": [5, 0, 8, 1], "texture": "#2"}
			}
		},
		{
			"name": "Voxels-000000",
			"from": [7.00775, 7.57625, -0.59175],
			"to": [8.99225, 7.907, -0.261],
			"faces": {
				"north": {"uv": [5, 0, 8, 1], "texture": "#2"},
				"east": {"uv": [5, 0, 8, 1], "texture": "#2"},
				"south": {"uv": [5, 0, 8, 1], "texture": "#2"},
				"west": {"uv": [5, 0, 8, 1], "texture": "#2"},
				"up": {"uv": [5, 0, 8, 1], "texture": "#2"},
				"down": {"uv": [5, 0, 8, 1], "texture": "#2"}
			}
		},
		{
			"name": "Voxels-000000",
			"from": [7.00775, 7.57625, 0.73125],
			"to": [7.3385, 7.907, 1.39275],
			"faces": {
				"north": {"uv": [5, 0, 8, 1], "texture": "#2"},
				"east": {"uv": [5, 0, 8, 1], "texture": "#2"},
				"south": {"uv": [5, 0, 8, 1], "texture": "#2"},
				"west": {"uv": [5, 0, 8, 1], "texture": "#2"},
				"up": {"uv": [5, 0, 8, 1], "texture": "#2"},
				"down": {"uv": [5, 0, 8, 1], "texture": "#2"}
			}
		},
		{
			"name": "Voxels-000000",
			"from": [7.00775, 7.907, -0.59175],
			"to": [7.66925, 8.23775, -0.261],
			"faces": {
				"north": {"uv": [5, 0, 8, 1], "texture": "#2"},
				"east": {"uv": [5, 0, 8, 1], "texture": "#2"},
				"south": {"uv": [5, 0, 8, 1], "texture": "#2"},
				"west": {"uv": [5, 0, 8, 1], "texture": "#2"},
				"up": {"uv": [5, 0, 8, 1], "texture": "#2"},
				"down": {"uv": [5, 0, 8, 1], "texture": "#2"}
			}
		},
		{
			"name": "wire",
			"from": [7.00775, 7.907, 9.33075],
			"to": [8.99225, 8.23775, 9.6615],
			"faces": {
				"north": {"uv": [3, 11, 4, 12], "texture": "#1"},
				"east": {"uv": [3, 11, 4, 12], "texture": "#1"},
				"south": {"uv": [3, 11, 4, 12], "texture": "#1"},
				"west": {"uv": [3, 11, 4, 12], "texture": "#1"},
				"up": {"uv": [3, 11, 4, 12], "texture": "#1"},
				"down": {"uv": [3, 11, 4, 12], "texture": "#1"}
			}
		},
		{
			"name": "Voxels-0F0F0F",
			"from": [7.3385, 5.9225, 14.292],
			"to": [8.6615, 6.584, 14.9535],
			"faces": {
				"north": {"uv": [5, 0, 8, 1], "texture": "#2"},
				"east": {"uv": [5, 0, 8, 1], "texture": "#2"},
				"south": {"uv": [5, 0, 8, 1], "texture": "#2"},
				"west": {"uv": [5, 0, 8, 1], "texture": "#2"},
				"up": {"uv": [5, 0, 8, 1], "texture": "#2"},
				"down": {"uv": [5, 0, 8, 1], "texture": "#2"}
			}
		},
		{
			"name": "Voxels-0F0F0F",
			"from": [7.3385, 5.9225, 14.9535],
			"to": [7.66925, 7.907, 15.2843],
			"faces": {
				"north": {"uv": [5, 0, 8, 1], "texture": "#2"},
				"east": {"uv": [5, 0, 8, 1], "texture": "#2"},
				"south": {"uv": [5, 0, 8, 1], "texture": "#2"},
				"west": {"uv": [5, 0, 8, 1], "texture": "#2"},
				"up": {"uv": [5, 0, 8, 1], "texture": "#2"},
				"down": {"uv": [5, 0, 8, 1], "texture": "#2"}
			}
		},
		{
			"name": "Voxels-0F0F0F",
			"from": [7.3385, 6.584, 13.2998],
			"to": [8.6615, 8.5685, 13.6305],
			"faces": {
				"north": {"uv": [5, 0, 8, 1], "texture": "#2"},
				"east": {"uv": [5, 0, 8, 1], "texture": "#2"},
				"south": {"uv": [5, 0, 8, 1], "texture": "#2"},
				"west": {"uv": [5, 0, 8, 1], "texture": "#2"},
				"up": {"uv": [5, 0, 8, 1], "texture": "#2"},
				"down": {"uv": [5, 0, 8, 1], "texture": "#2"}
			}
		},
		{
			"name": "Voxels-0F0F0F",
			"from": [7.3385, 6.584, 13.6305],
			"to": [8.6615, 6.91475, 14.292],
			"faces": {
				"north": {"uv": [5, 0, 8, 1], "texture": "#2"},
				"east": {"uv": [5, 0, 8, 1], "texture": "#2"},
				"south": {"uv": [5, 0, 8, 1], "texture": "#2"},
				"west": {"uv": [5, 0, 8, 1], "texture": "#2"},
				"up": {"uv": [5, 0, 8, 1], "texture": "#2"},
				"down": {"uv": [5, 0, 8, 1], "texture": "#2"}
			}
		},
		{
			"name": "Voxels-000000",
			"from": [7.3385, 6.584, 15.2843],
			"to": [8.6615, 7.57625, 15.615],
			"faces": {
				"north": {"uv": [5, 0, 8, 1], "texture": "#2"},
				"east": {"uv": [5, 0, 8, 1], "texture": "#2"},
				"south": {"uv": [5, 0, 8, 1], "texture": "#2"},
				"west": {"uv": [5, 0, 8, 1], "texture": "#2"},
				"up": {"uv": [5, 0, 8, 1], "texture": "#2"},
				"down": {"uv": [5, 0, 8, 1], "texture": "#2"}
			}
		},
		{
			"name": "Voxels-0F0F0F",
			"from": [7.3385, 7.2455, 11.646],
			"to": [8.6615, 8.5685, 13.2998],
			"faces": {
				"north": {"uv": [5, 0, 8, 1], "texture": "#2"},
				"east": {"uv": [5, 0, 8, 1], "texture": "#2"},
				"south": {"uv": [5, 0, 8, 1], "texture": "#2"},
				"west": {"uv": [5, 0, 8, 1], "texture": "#2"},
				"up": {"uv": [5, 0, 8, 1], "texture": "#2"},
				"down": {"uv": [5, 0, 8, 1], "texture": "#2"}
			}
		},
		{
			"name": "Voxels-000000",
			"from": [7.3385, 7.57625, 1.062],
			"to": [7.66925, 8.23775, 1.39275],
			"faces": {
				"north": {"uv": [5, 0, 8, 1], "texture": "#2"},
				"east": {"uv": [5, 0, 8, 1], "texture": "#2"},
				"south": {"uv": [5, 0, 8, 1], "texture": "#2"},
				"west": {"uv": [5, 0, 8, 1], "texture": "#2"},
				"up": {"uv": [5, 0, 8, 1], "texture": "#2"},
				"down": {"uv": [5, 0, 8, 1], "texture": "#2"}
			}
		},
		{
			"name": "Voxels-0F0F0F",
			"from": [7.3385, 7.57625, 11.3153],
			"to": [8.6615, 8.5685, 11.646],
			"faces": {
				"north": {"uv": [5, 0, 8, 1], "texture": "#2"},
				"east": {"uv": [5, 0, 8, 1], "texture": "#2"},
				"south": {"uv": [5, 0, 8, 1], "texture": "#2"},
				"west": {"uv": [5, 0, 8, 1], "texture": "#2"},
				"up": {"uv": [5, 0, 8, 1], "texture": "#2"},
				"down": {"uv": [5, 0, 8, 1], "texture": "#2"}
			}
		},
		{
			"name": "Voxels-0F0F0F",
			"from": [7.3385, 7.57625, 13.6305],
			"to": [8.6615, 8.23775, 13.9613],
			"faces": {
				"north": {"uv": [5, 0, 8, 1], "texture": "#2"},
				"east": {"uv": [5, 0, 8, 1], "texture": "#2"},
				"south": {"uv": [5, 0, 8, 1], "texture": "#2"},
				"west": {"uv": [5, 0, 8, 1], "texture": "#2"},
				"up": {"uv": [5, 0, 8, 1], "texture": "#2"},
				"down": {"uv": [5, 0, 8, 1], "texture": "#2"}
			}
		},
		{
			"name": "Voxels-0F0F0F",
			"from": [7.3385, 7.57625, 13.9613],
			"to": [8.6615, 7.907, 14.9535],
			"faces": {
				"north": {"uv": [5, 0, 8, 1], "texture": "#2"},
				"east": {"uv": [5, 0, 8, 1], "texture": "#2"},
				"south": {"uv": [5, 0, 8, 1], "texture": "#2"},
				"west": {"uv": [5, 0, 8, 1], "texture": "#2"},
				"up": {"uv": [5, 0, 8, 1], "texture": "#2"},
				"down": {"uv": [5, 0, 8, 1], "texture": "#2"}
			}
		},
		{
			"name": "Voxels-0F0F0F",
			"from": [7.3385, 7.907, 2.71575],
			"to": [8.6615, 8.23775, 4.70025],
			"faces": {
				"north": {"uv": [5, 0, 8, 1], "texture": "#2"},
				"east": {"uv": [5, 0, 8, 1], "texture": "#2"},
				"south": {"uv": [5, 0, 8, 1], "texture": "#2"},
				"west": {"uv": [5, 0, 8, 1], "texture": "#2"},
				"up": {"uv": [5, 0, 8, 1], "texture": "#2"},
				"down": {"uv": [5, 0, 8, 1], "texture": "#2"}
			}
		},
		{
			"name": "Voxels-0F0F0F",
			"from": [7.3385, 7.907, 5.031],
			"to": [8.6615, 8.23775, 9.33075],
			"faces": {
				"north": {"uv": [5, 0, 8, 1], "texture": "#2"},
				"east": {"uv": [5, 0, 8, 1], "texture": "#2"},
				"south": {"uv": [5, 0, 8, 1], "texture": "#2"},
				"west": {"uv": [5, 0, 8, 1], "texture": "#2"},
				"up": {"uv": [5, 0, 8, 1], "texture": "#2"},
				"down": {"uv": [5, 0, 8, 1], "texture": "#2"}
			}
		},
		{
			"name": "Voxels-0F0F0F",
			"from": [7.3385, 7.907, 9.6615],
			"to": [8.33075, 8.23775, 11.3153],
			"faces": {
				"north": {"uv": [0, 0, 1, 1], "texture": "#2"},
				"east": {"uv": [0, 0, 1, 1], "texture": "#2"},
				"south": {"uv": [0, 0, 1, 1], "texture": "#2"},
				"west": {"uv": [0, 0, 1, 1], "texture": "#2"},
				"up": {"uv": [0, 0, 1, 1], "texture": "#2"},
				"down": {"uv": [0, 0, 1, 1], "texture": "#2"}
			}
		},
		{
			"name": "Voxels-0F0F0F",
			"from": [7.3385, 8.23775, 2.71575],
			"to": [7.66925, 8.5685, 11.3152],
			"faces": {
				"north": {"uv": [5, 0, 8, 1], "texture": "#2"},
				"east": {"uv": [5, 0, 8, 1], "texture": "#2"},
				"south": {"uv": [5, 0, 8, 1], "texture": "#2"},
				"west": {"uv": [5, 0, 8, 1], "texture": "#2"},
				"up": {"uv": [5, 0, 8, 1], "texture": "#2"},
				"down": {"uv": [5, 0, 8, 1], "texture": "#2"}
			}
		},
		{
			"name": "Voxels-0F0F0F",
			"from": [7.66925, 5.59175, 11.3153],
			"to": [8.33075, 6.91475, 11.646],
			"faces": {
				"north": {"uv": [0, 0, 1, 1], "texture": "#2"},
				"east": {"uv": [0, 0, 1, 1], "texture": "#2"},
				"south": {"uv": [0, 0, 1, 1], "texture": "#2"},
				"west": {"uv": [0, 0, 1, 1], "texture": "#2"},
				"up": {"uv": [0, 0, 1, 1], "texture": "#2"},
				"down": {"uv": [0, 0, 1, 1], "texture": "#2"}
			}
		},
		{
			"name": "Voxels-0F0F0F",
			"from": [7.66925, 5.59175, 11.646],
			"to": [8.33075, 6.584, 11.9768],
			"faces": {
				"north": {"uv": [0, 0, 1, 1], "texture": "#2"},
				"east": {"uv": [0, 0, 1, 1], "texture": "#2"},
				"south": {"uv": [0, 0, 1, 1], "texture": "#2"},
				"west": {"uv": [0, 0, 1, 1], "texture": "#2"},
				"up": {"uv": [0, 0, 1, 1], "texture": "#2"},
				"down": {"uv": [0, 0, 1, 1], "texture": "#2"}
			}
		},
		{
			"name": "Voxels-0F0F0F",
			"from": [7.66925, 5.59175, 11.9767],
			"to": [8.33075, 5.9225, 12.3075],
			"faces": {
				"north": {"uv": [0, 0, 1, 1], "texture": "#2"},
				"east": {"uv": [0, 0, 1, 1], "texture": "#2"},
				"south": {"uv": [0, 0, 1, 1], "texture": "#2"},
				"west": {"uv": [0, 0, 1, 1], "texture": "#2"},
				"up": {"uv": [0, 0, 1, 1], "texture": "#2"},
				"down": {"uv": [0, 0, 1, 1], "texture": "#2"}
			}
		},
		{
			"name": "Voxels-0F0F0F",
			"from": [7.66925, 5.9225, 10.9845],
			"to": [8.33075, 7.907, 11.3153],
			"faces": {
				"north": {"uv": [0, 0, 1, 1], "texture": "#2"},
				"east": {"uv": [0, 0, 1, 1], "texture": "#2"},
				"south": {"uv": [0, 0, 1, 1], "texture": "#2"},
				"west": {"uv": [0, 0, 1, 1], "texture": "#2"},
				"up": {"uv": [0, 0, 1, 1], "texture": "#2"},
				"down": {"uv": [0, 0, 1, 1], "texture": "#2"}
			}
		},
		{
			"name": "Voxels-0F0F0F",
			"from": [7.66925, 5.9225, 12.3075],
			"to": [8.33075, 6.25325, 13.2998],
			"faces": {
				"north": {"uv": [5, 0, 8, 1], "texture": "#2"},
				"east": {"uv": [5, 0, 8, 1], "texture": "#2"},
				"south": {"uv": [5, 0, 8, 1], "texture": "#2"},
				"west": {"uv": [5, 0, 8, 1], "texture": "#2"},
				"up": {"uv": [5, 0, 8, 1], "texture": "#2"},
				"down": {"uv": [5, 0, 8, 1], "texture": "#2"}
			}
		},
		{
			"name": "Voxels-000000",
			"from": [7.66925, 5.9225, 14.9535],
			"to": [8, 6.25325, 15.615],
			"faces": {
				"north": {"uv": [5, 0, 8, 1], "texture": "#2"},
				"east": {"uv": [5, 0, 8, 1], "texture": "#2"},
				"south": {"uv": [5, 0, 8, 1], "texture": "#2"},
				"west": {"uv": [5, 0, 8, 1], "texture": "#2"},
				"up": {"uv": [5, 0, 8, 1], "texture": "#2"},
				"down": {"uv": [5, 0, 8, 1], "texture": "#2"}
			}
		},
		{
			"name": "Voxels-0F0F0F",
			"from": [7.66925, 6.25325, 13.2998],
			"to": [8.6615, 6.584, 14.292],
			"faces": {
				"north": {"uv": [5, 0, 8, 1], "texture": "#2"},
				"east": {"uv": [5, 0, 8, 1], "texture": "#2"},
				"south": {"uv": [5, 0, 8, 1], "texture": "#2"},
				"west": {"uv": [5, 0, 8, 1], "texture": "#2"},
				"up": {"uv": [5, 0, 8, 1], "texture": "#2"},
				"down": {"uv": [5, 0, 8, 1], "texture": "#2"}
			}
		},
		{
			"name": "Voxels-0F0F0F",
			"from": [7.66925, 6.25325, 14.9535],
			"to": [8.6615, 7.907, 15.2843],
			"faces": {
				"north": {"uv": [5, 0, 8, 1], "texture": "#2"},
				"east": {"uv": [5, 0, 8, 1], "texture": "#2"},
				"south": {"uv": [5, 0, 8, 1], "texture": "#2"},
				"west": {"uv": [5, 0, 8, 1], "texture": "#2"},
				"up": {"uv": [5, 0, 8, 1], "texture": "#2"},
				"down": {"uv": [5, 0, 8, 1], "texture": "#2"}
			}
		},
		{
			"name": "Voxels-000000",
			"from": [7.66925, 6.25325, 15.2843],
			"to": [8.33075, 6.584, 15.9458],
			"faces": {
				"north": {"uv": [5, 0, 8, 1], "texture": "#2"},
				"east": {"uv": [5, 0, 8, 1], "texture": "#2"},
				"south": {"uv": [5, 0, 8, 1], "texture": "#2"},
				"west": {"uv": [5, 0, 8, 1], "texture": "#2"},
				"up": {"uv": [5, 0, 8, 1], "texture": "#2"},
				"down": {"uv": [5, 0, 8, 1], "texture": "#2"}
			}
		},
		{
			"name": "Voxels-0F0F0F",
			"from": [7.66925, 6.584, 10.6538],
			"to": [8.33075, 7.907, 10.9845],
			"faces": {
				"north": {"uv": [0, 0, 1, 1], "texture": "#2"},
				"east": {"uv": [0, 0, 1, 1], "texture": "#2"},
				"south": {"uv": [0, 0, 1, 1], "texture": "#2"},
				"west": {"uv": [0, 0, 1, 1], "texture": "#2"},
				"up": {"uv": [0, 0, 1, 1], "texture": "#2"},
				"down": {"uv": [0, 0, 1, 1], "texture": "#2"}
			}
		},
		{
			"name": "Voxels-0F0F0F",
			"from": [7.66925, 6.584, 14.292],
			"to": [8.33075, 7.57625, 14.9535],
			"faces": {
				"north": {"uv": [5, 0, 8, 1], "texture": "#2"},
				"east": {"uv": [5, 0, 8, 1], "texture": "#2"},
				"south": {"uv": [5, 0, 8, 1], "texture": "#2"},
				"west": {"uv": [5, 0, 8, 1], "texture": "#2"},
				"up": {"uv": [5, 0, 8, 1], "texture": "#2"},
				"down": {"uv": [5, 0, 8, 1], "texture": "#2"}
			}
		},
		{
			"name": "Voxels-000000",
			"from": [7.66925, 6.584, 15.615],
			"to": [8.33075, 7.907, 15.9458],
			"faces": {
				"north": {"uv": [5, 0, 8, 1], "texture": "#2"},
				"east": {"uv": [5, 0, 8, 1], "texture": "#2"},
				"south": {"uv": [5, 0, 8, 1], "texture": "#2"},
				"west": {"uv": [5, 0, 8, 1], "texture": "#2"},
				"up": {"uv": [5, 0, 8, 1], "texture": "#2"},
				"down": {"uv": [5, 0, 8, 1], "texture": "#2"}
			}
		},
		{
			"name": "Voxels-0F0F0F",
			"from": [7.66925, 6.91475, 5.36175],
			"to": [8.33075, 7.2455, 8.00775],
			"faces": {
				"north": {"uv": [5, 0, 8, 1], "texture": "#2"},
				"east": {"uv": [5, 0, 8, 1], "texture": "#2"},
				"south": {"uv": [5, 0, 8, 1], "texture": "#2"},
				"west": {"uv": [5, 0, 8, 1], "texture": "#2"},
				"up": {"uv": [5, 0, 8, 1], "texture": "#2"},
				"down": {"uv": [5, 0, 8, 1], "texture": "#2"}
			}
		},
		{
			"name": "Voxels-0F0F0F",
			"from": [7.66925, 6.91475, 9.6615],
			"to": [8.33075, 7.2455, 10.6538],
			"faces": {
				"north": {"uv": [0, 0, 1, 1], "texture": "#2"},
				"east": {"uv": [0, 0, 1, 1], "texture": "#2"},
				"south": {"uv": [0, 0, 1, 1], "texture": "#2"},
				"west": {"uv": [0, 0, 1, 1], "texture": "#2"},
				"up": {"uv": [0, 0, 1, 1], "texture": "#2"},
				"down": {"uv": [0, 0, 1, 1], "texture": "#2"}
			}
		},
		{
			"name": "Voxels-0F0F0F",
			"from": [7.66925, 6.91475, 13.6305],
			"to": [8.33075, 7.57625, 14.292],
			"faces": {
				"north": {"uv": [5, 0, 8, 1], "texture": "#2"},
				"east": {"uv": [5, 0, 8, 1], "texture": "#2"},
				"south": {"uv": [5, 0, 8, 1], "texture": "#2"},
				"west": {"uv": [5, 0, 8, 1], "texture": "#2"},
				"up": {"uv": [5, 0, 8, 1], "texture": "#2"},
				"down": {"uv": [5, 0, 8, 1], "texture": "#2"}
			}
		},
		{
			"name": "Voxels-0F0F0F",
			"from": [7.66925, 7.2455, 5.031],
			"to": [8.33075, 7.57625, 5.36175],
			"faces": {
				"north": {"uv": [5, 0, 8, 1], "texture": "#2"},
				"east": {"uv": [5, 0, 8, 1], "texture": "#2"},
				"south": {"uv": [5, 0, 8, 1], "texture": "#2"},
				"west": {"uv": [5, 0, 8, 1], "texture": "#2"},
				"up": {"uv": [5, 0, 8, 1], "texture": "#2"},
				"down": {"uv": [5, 0, 8, 1], "texture": "#2"}
			}
		},
		{
			"name": "Voxels-0F0F0F",
			"from": [7.66925, 7.2455, 8.00775],
			"to": [8.33075, 7.907, 8.3385],
			"faces": {
				"north": {"uv": [5, 0, 8, 1], "texture": "#2"},
				"east": {"uv": [5, 0, 8, 1], "texture": "#2"},
				"south": {"uv": [5, 0, 8, 1], "texture": "#2"},
				"west": {"uv": [5, 0, 8, 1], "texture": "#2"},
				"up": {"uv": [5, 0, 8, 1], "texture": "#2"},
				"down": {"uv": [5, 0, 8, 1], "texture": "#2"}
			}
		},
		{
			"name": "Voxels-0F0F0F",
			"from": [7.66925, 7.2455, 9.33075],
			"to": [8, 7.907, 9.6615],
			"faces": {
				"north": {"uv": [0, 0, 1, 1], "texture": "#2"},
				"east": {"uv": [0, 0, 1, 1], "texture": "#2"},
				"south": {"uv": [0, 0, 1, 1], "texture": "#2"},
				"west": {"uv": [0, 0, 1, 1], "texture": "#2"},
				"up": {"uv": [0, 0, 1, 1], "texture": "#2"},
				"down": {"uv": [0, 0, 1, 1], "texture": "#2"}
			}
		},
		{
			"name": "Voxels-0F0F0F",
			"from": [7.66925, 7.2455, 9.99225],
			"to": [8.33075, 7.907, 10.323],
			"faces": {
				"north": {"uv": [0, 0, 1, 1], "texture": "#2"},
				"east": {"uv": [0, 0, 1, 1], "texture": "#2"},
				"south": {"uv": [0, 0, 1, 1], "texture": "#2"},
				"west": {"uv": [0, 0, 1, 1], "texture": "#2"},
				"up": {"uv": [0, 0, 1, 1], "texture": "#2"},
				"down": {"uv": [0, 0, 1, 1], "texture": "#2"}
			}
		},
		{
			"name": "Voxels-0F0F0F",
			"from": [7.66925, 7.2455, 11.3153],
			"to": [8.33075, 7.57625, 11.646],
			"faces": {
				"north": {"uv": [0, 0, 1, 1], "texture": "#2"},
				"east": {"uv": [0, 0, 1, 1], "texture": "#2"},
				"south": {"uv": [0, 0, 1, 1], "texture": "#2"},
				"west": {"uv": [0, 0, 1, 1], "texture": "#2"},
				"up": {"uv": [0, 0, 1, 1], "texture": "#2"},
				"down": {"uv": [0, 0, 1, 1], "texture": "#2"}
			}
		},
		{
			"name": "Voxels-0F0F0F",
			"from": [7.66925, 7.57625, 4.70025],
			"to": [8.33075, 7.907, 5.031],
			"faces": {
				"north": {"uv": [5, 0, 8, 1], "texture": "#2"},
				"east": {"uv": [5, 0, 8, 1], "texture": "#2"},
				"south": {"uv": [5, 0, 8, 1], "texture": "#2"},
				"west": {"uv": [5, 0, 8, 1], "texture": "#2"},
				"up": {"uv": [5, 0, 8, 1], "texture": "#2"},
				"down": {"uv": [5, 0, 8, 1], "texture": "#2"}
			}
		},
		{
			"name": "Voxels-0F0F0F",
			"from": [7.66925, 7.57625, 8.3385],
			"to": [8.33075, 7.907, 9.33075],
			"faces": {
				"north": {"uv": [5, 0, 8, 1], "texture": "#2"},
				"east": {"uv": [5, 0, 8, 1], "texture": "#2"},
				"south": {"uv": [5, 0, 8, 1], "texture": "#2"},
				"west": {"uv": [5, 0, 8, 1], "texture": "#2"},
				"up": {"uv": [5, 0, 8, 1], "texture": "#2"},
				"down": {"uv": [5, 0, 8, 1], "texture": "#2"}
			}
		},
		{
			"name": "Voxels-0F0F0F",
			"from": [7.66925, 7.57625, 9.6615],
			"to": [8.33075, 7.907, 9.99225],
			"faces": {
				"north": {"uv": [0, 0, 1, 1], "texture": "#2"},
				"east": {"uv": [0, 0, 1, 1], "texture": "#2"},
				"south": {"uv": [0, 0, 1, 1], "texture": "#2"},
				"west": {"uv": [0, 0, 1, 1], "texture": "#2"},
				"up": {"uv": [0, 0, 1, 1], "texture": "#2"},
				"down": {"uv": [0, 0, 1, 1], "texture": "#2"}
			}
		},
		{
			"name": "Voxels-0F0F0F",
			"from": [7.66925, 7.57625, 10.323],
			"to": [8.33075, 7.907, 10.6538],
			"faces": {
				"north": {"uv": [0, 0, 1, 1], "texture": "#2"},
				"east": {"uv": [0, 0, 1, 1], "texture": "#2"},
				"south": {"uv": [0, 0, 1, 1], "texture": "#2"},
				"west": {"uv": [0, 0, 1, 1], "texture": "#2"},
				"up": {"uv": [0, 0, 1, 1], "texture": "#2"},
				"down": {"uv": [0, 0, 1, 1], "texture": "#2"}
			}
		},
		{
			"name": "Voxels-000000",
			"from": [7.66925, 7.57625, 15.2843],
			"to": [8.33075, 8.23775, 15.615],
			"faces": {
				"north": {"uv": [5, 0, 8, 1], "texture": "#2"},
				"east": {"uv": [5, 0, 8, 1], "texture": "#2"},
				"south": {"uv": [5, 0, 8, 1], "texture": "#2"},
				"west": {"uv": [5, 0, 8, 1], "texture": "#2"},
				"up": {"uv": [5, 0, 8, 1], "texture": "#2"},
				"down": {"uv": [5, 0, 8, 1], "texture": "#2"}
			}
		},
		{
			"name": "Voxels-0F0F0F",
			"from": [7.66925, 7.907, 13.9613],
			"to": [8.33075, 8.23775, 15.2843],
			"faces": {
				"north": {"uv": [5, 0, 8, 1], "texture": "#2"},
				"east": {"uv": [5, 0, 8, 1], "texture": "#2"},
				"south": {"uv": [5, 0, 8, 1], "texture": "#2"},
				"west": {"uv": [5, 0, 8, 1], "texture": "#2"},
				"up": {"uv": [5, 0, 8, 1], "texture": "#2"},
				"down": {"uv": [5, 0, 8, 1], "texture": "#2"}
			}
		},
		{
			"name": "Voxels-0F0F0F",
			"from": [7.66925, 8.23775, 10.323],
			"to": [8.6615, 8.5685, 11.3153],
			"faces": {
				"north": {"uv": [5, 0, 8, 1], "texture": "#2"},
				"east": {"uv": [5, 0, 8, 1], "texture": "#2"},
				"south": {"uv": [5, 0, 8, 1], "texture": "#2"},
				"west": {"uv": [5, 0, 8, 1], "texture": "#2"},
				"up": {"uv": [5, 0, 8, 1], "texture": "#2"},
				"down": {"uv": [5, 0, 8, 1], "texture": "#2"}
			}
		},
		{
			"name": "Voxels-0F0F0F",
			"from": [7.66925, 8.23775, 13.6305],
			"to": [8.33075, 8.5685, 13.9613],
			"faces": {
				"north": {"uv": [5, 0, 8, 1], "texture": "#2"},
				"east": {"uv": [5, 0, 8, 1], "texture": "#2"},
				"south": {"uv": [5, 0, 8, 1], "texture": "#2"},
				"west": {"uv": [5, 0, 8, 1], "texture": "#2"},
				"up": {"uv": [5, 0, 8, 1], "texture": "#2"},
				"down": {"uv": [5, 0, 8, 1], "texture": "#2"}
			}
		},
		{
			"name": "Voxels-000000",
			"from": [7.66925, 8.5685, 10.323],
			"to": [8, 9.23, 10.9845],
			"faces": {
				"north": {"uv": [5, 0, 8, 1], "texture": "#2"},
				"east": {"uv": [5, 0, 8, 1], "texture": "#2"},
				"south": {"uv": [5, 0, 8, 1], "texture": "#2"},
				"west": {"uv": [5, 0, 8, 1], "texture": "#2"},
				"up": {"uv": [5, 0, 8, 1], "texture": "#2"},
				"down": {"uv": [5, 0, 8, 1], "texture": "#2"}
			}
		},
		{
			"name": "Voxels-0F0F0F",
			"from": [7.66925, 8.5685, 10.9845],
			"to": [8.33075, 8.89925, 13.6305],
			"faces": {
				"north": {"uv": [5, 0, 8, 1], "texture": "#2"},
				"east": {"uv": [5, 0, 8, 1], "texture": "#2"},
				"south": {"uv": [5, 0, 8, 1], "texture": "#2"},
				"west": {"uv": [5, 0, 8, 1], "texture": "#2"},
				"up": {"uv": [5, 0, 8, 1], "texture": "#2"},
				"down": {"uv": [5, 0, 8, 1], "texture": "#2"}
			}
		},
		{
			"name": "Voxels-000000",
			"from": [7.66925, 8.89925, 9.6615],
			"to": [8.33075, 9.56075, 10.323],
			"faces": {
				"north": {"uv": [5, 0, 8, 1], "texture": "#2"},
				"east": {"uv": [5, 0, 8, 1], "texture": "#2"},
				"south": {"uv": [5, 0, 8, 1], "texture": "#2"},
				"west": {"uv": [5, 0, 8, 1], "texture": "#2"},
				"up": {"uv": [5, 0, 8, 1], "texture": "#2"},
				"down": {"uv": [5, 0, 8, 1], "texture": "#2"}
			}
		},
		{
			"name": "Voxels-000000",
			"from": [7.66925, 9.23, 8.3385],
			"to": [8.33075, 9.56075, 9.6615],
			"faces": {
				"north": {"uv": [5, 0, 8, 1], "texture": "#2"},
				"east": {"uv": [5, 0, 8, 1], "texture": "#2"},
				"south": {"uv": [5, 0, 8, 1], "texture": "#2"},
				"west": {"uv": [5, 0, 8, 1], "texture": "#2"},
				"up": {"uv": [5, 0, 8, 1], "texture": "#2"},
				"down": {"uv": [5, 0, 8, 1], "texture": "#2"}
			}
		},
		{
			"name": "Voxels-0F0F0F",
			"from": [8, 5.9225, 14.9535],
			"to": [8.6615, 6.25325, 15.2843],
			"faces": {
				"north": {"uv": [5, 0, 8, 1], "texture": "#2"},
				"east": {"uv": [5, 0, 8, 1], "texture": "#2"},
				"south": {"uv": [5, 0, 8, 1], "texture": "#2"},
				"west": {"uv": [5, 0, 8, 1], "texture": "#2"},
				"up": {"uv": [5, 0, 8, 1], "texture": "#2"},
				"down": {"uv": [5, 0, 8, 1], "texture": "#2"}
			}
		},
		{
			"name": "Voxels-000000",
			"from": [8, 5.9225, 15.2843],
			"to": [8.33075, 6.25325, 15.615],
			"faces": {
				"north": {"uv": [5, 0, 8, 1], "texture": "#2"},
				"east": {"uv": [5, 0, 8, 1], "texture": "#2"},
				"south": {"uv": [5, 0, 8, 1], "texture": "#2"},
				"west": {"uv": [5, 0, 8, 1], "texture": "#2"},
				"up": {"uv": [5, 0, 8, 1], "texture": "#2"},
				"down": {"uv": [5, 0, 8, 1], "texture": "#2"}
			}
		},
		{
			"name": "Voxels-0F0F0F",
			"from": [8, 7.57625, 9.33075],
			"to": [8.33075, 7.907, 9.6615],
			"faces": {
				"north": {"uv": [0, 0, 1, 1], "texture": "#2"},
				"east": {"uv": [0, 0, 1, 1], "texture": "#2"},
				"south": {"uv": [0, 0, 1, 1], "texture": "#2"},
				"west": {"uv": [0, 0, 1, 1], "texture": "#2"},
				"up": {"uv": [0, 0, 1, 1], "texture": "#2"},
				"down": {"uv": [0, 0, 1, 1], "texture": "#2"}
			}
		},
		{
			"name": "Voxels-0F0F0F",
			"from": [8, 8.5685, 10.323],
			"to": [8.33075, 8.89925, 10.9845],
			"faces": {
				"north": {"uv": [5, 0, 8, 1], "texture": "#2"},
				"east": {"uv": [5, 0, 8, 1], "texture": "#2"},
				"south": {"uv": [5, 0, 8, 1], "texture": "#2"},
				"west": {"uv": [5, 0, 8, 1], "texture": "#2"},
				"up": {"uv": [5, 0, 8, 1], "texture": "#2"},
				"down": {"uv": [5, 0, 8, 1], "texture": "#2"}
			}
		},
		{
			"name": "Voxels-000000",
			"from": [8, 8.89925, 10.323],
			"to": [8.33075, 9.23, 10.9845],
			"faces": {
				"north": {"uv": [5, 0, 8, 1], "texture": "#2"},
				"east": {"uv": [5, 0, 8, 1], "texture": "#2"},
				"south": {"uv": [5, 0, 8, 1], "texture": "#2"},
				"west": {"uv": [5, 0, 8, 1], "texture": "#2"},
				"up": {"uv": [5, 0, 8, 1], "texture": "#2"},
				"down": {"uv": [5, 0, 8, 1], "texture": "#2"}
			}
		},
		{
			"name": "Voxels-000000",
			"from": [8.33075, 7.57625, 1.062],
			"to": [8.99225, 7.907, 1.39275],
			"faces": {
				"north": {"uv": [5, 0, 8, 1], "texture": "#2"},
				"east": {"uv": [5, 0, 8, 1], "texture": "#2"},
				"south": {"uv": [5, 0, 8, 1], "texture": "#2"},
				"west": {"uv": [5, 0, 8, 1], "texture": "#2"},
				"up": {"uv": [5, 0, 8, 1], "texture": "#2"},
				"down": {"uv": [5, 0, 8, 1], "texture": "#2"}
			}
		},
		{
			"name": "Voxels-000000",
			"from": [8.33075, 7.907, -0.59175],
			"to": [8.99225, 8.23775, -0.261],
			"faces": {
				"north": {"uv": [5, 0, 8, 1], "texture": "#2"},
				"east": {"uv": [5, 0, 8, 1], "texture": "#2"},
				"south": {"uv": [5, 0, 8, 1], "texture": "#2"},
				"west": {"uv": [5, 0, 8, 1], "texture": "#2"},
				"up": {"uv": [5, 0, 8, 1], "texture": "#2"},
				"down": {"uv": [5, 0, 8, 1], "texture": "#2"}
			}
		},
		{
			"name": "Voxels-000000",
			"from": [8.33075, 7.907, 1.062],
			"to": [8.6615, 8.23775, 1.39275],
			"faces": {
				"north": {"uv": [5, 0, 8, 1], "texture": "#2"},
				"east": {"uv": [5, 0, 8, 1], "texture": "#2"},
				"south": {"uv": [5, 0, 8, 1], "texture": "#2"},
				"west": {"uv": [5, 0, 8, 1], "texture": "#2"},
				"up": {"uv": [5, 0, 8, 1], "texture": "#2"},
				"down": {"uv": [5, 0, 8, 1], "texture": "#2"}
			}
		},
		{
			"name": "Voxels-000000",
			"from": [8.33075, 7.907, 9.6615],
			"to": [8.6615, 8.23775, 9.99225],
			"faces": {
				"north": {"uv": [0, 0, 1, 1], "texture": "#2"},
				"east": {"uv": [0, 0, 1, 1], "texture": "#2"},
				"south": {"uv": [0, 0, 1, 1], "texture": "#2"},
				"west": {"uv": [0, 0, 1, 1], "texture": "#2"},
				"up": {"uv": [0, 0, 1, 1], "texture": "#2"},
				"down": {"uv": [0, 0, 1, 1], "texture": "#2"}
			}
		},
		{
			"name": "Voxels-0F0F0F",
			"from": [8.33075, 7.907, 9.923],
			"to": [8.6615, 8.23775, 11.3153],
			"faces": {
				"north": {"uv": [0, 0, 1, 1], "texture": "#2"},
				"east": {"uv": [0, 0, 1, 1], "texture": "#2"},
				"south": {"uv": [0, 0, 1, 1], "texture": "#2"},
				"west": {"uv": [0, 0, 1, 1], "texture": "#2"},
				"up": {"uv": [0, 0, 1, 1], "texture": "#2"},
				"down": {"uv": [0, 0, 1, 1], "texture": "#2"}
			}
		},
		{
			"name": "Front",
			"from": [8.33075, 8.23775, 1.39275],
			"to": [9.65375, 8.5685, 2.385],
			"faces": {
				"north": {"uv": [5, 0, 8, 1], "texture": "#2"},
				"east": {"uv": [5, 0, 8, 1], "texture": "#2"},
				"south": {"uv": [5, 0, 8, 1], "texture": "#2"},
				"west": {"uv": [5, 0, 8, 1], "texture": "#2"},
				"up": {"uv": [5, 0, 8, 1], "texture": "#2"},
				"down": {"uv": [5, 0, 8, 1], "texture": "#2"}
			}
		},
		{
			"name": "Front",
			"from": [8.33075, 8.23775, 2.385],
			"to": [9.323, 8.5685, 2.71575],
			"faces": {
				"north": {"uv": [5, 0, 8, 1], "texture": "#2"},
				"east": {"uv": [5, 0, 8, 1], "texture": "#2"},
				"south": {"uv": [5, 0, 8, 1], "texture": "#2"},
				"west": {"uv": [5, 0, 8, 1], "texture": "#2"},
				"up": {"uv": [5, 0, 8, 1], "texture": "#2"},
				"down": {"uv": [5, 0, 8, 1], "texture": "#2"}
			}
		},
		{
			"name": "Voxels-0F0F0F",
			"from": [8.33075, 8.23775, 2.71575],
			"to": [8.6615, 8.5685, 10.323],
			"faces": {
				"north": {"uv": [5, 0, 8, 1], "texture": "#2"},
				"east": {"uv": [5, 0, 8, 1], "texture": "#2"},
				"south": {"uv": [5, 0, 8, 1], "texture": "#2"},
				"west": {"uv": [5, 0, 8, 1], "texture": "#2"},
				"up": {"uv": [5, 0, 8, 1], "texture": "#2"},
				"down": {"uv": [5, 0, 8, 1], "texture": "#2"}
			}
		},
		{
			"name": "Voxels-0F0F0F",
			"from": [7.83075, 8.33775, -1.38425],
			"to": [8.1615, 8.4685, 10.223],
			"rotation": {"angle": 0, "axis": "y", "origin": [7.5, 8, 4.9]},
			"faces": {
				"north": {"uv": [5, 6, 6, 7], "texture": "#2"},
				"east": {"uv": [5, 6, 6, 7], "texture": "#2"},
				"south": {"uv": [5, 6, 6, 7], "texture": "#2"},
				"west": {"uv": [5, 6, 6, 7], "texture": "#2"},
				"up": {"uv": [5, 6, 6, 7], "texture": "#2"},
				"down": {"uv": [5, 6, 6, 7], "texture": "#2"}
			}
		},
		{
			"name": "Voxels-0F0F0F",
			"from": [7.83075, 8.33775, -3.58425],
			"to": [8.1615, 8.4685, -1.377],
			"rotation": {"angle": 0, "axis": "y", "origin": [7.5, 8, -6.7]},
			"faces": {
				"north": {"uv": [7, 7, 8, 8], "texture": "#2"},
				"east": {"uv": [7, 7, 8, 8], "texture": "#2"},
				"south": {"uv": [7, 7, 8, 8], "texture": "#2"},
				"west": {"uv": [7, 7, 8, 8], "texture": "#2"},
				"up": {"uv": [7, 7, 8, 8], "texture": "#2"},
				"down": {"uv": [7, 7, 8, 8], "texture": "#2"}
			}
		},
		{
			"name": "Voxels-0F0F0F",
			"from": [7.83075, 8.23775, -3.18425],
			"to": [8.1615, 8.5685, -1.677],
			"rotation": {"angle": 0, "axis": "y", "origin": [7.5, 8, -6.7]},
			"faces": {
				"north": {"uv": [7, 7, 8, 8], "texture": "#2"},
				"east": {"uv": [7, 7, 8, 8], "texture": "#2"},
				"south": {"uv": [7, 7, 8, 8], "texture": "#2"},
				"west": {"uv": [7, 7, 8, 8], "texture": "#2"},
				"up": {"uv": [7, 7, 8, 8], "texture": "#2"},
				"down": {"uv": [7, 7, 8, 8], "texture": "#2"}
			}
		},
		{
			"name": "Voxels-0F0F0F",
			"from": [7.73075, 8.33775, -3.18425],
			"to": [8.2615, 8.4685, -1.677],
			"rotation": {"angle": 0, "axis": "y", "origin": [7.5, 8, -6.7]},
			"faces": {
				"north": {"uv": [7, 7, 8, 8], "texture": "#2"},
				"east": {"uv": [7, 7, 8, 8], "texture": "#2"},
				"south": {"uv": [7, 7, 8, 8], "texture": "#2"},
				"west": {"uv": [7, 7, 8, 8], "texture": "#2"},
				"up": {"uv": [7, 7, 8, 8], "texture": "#2"},
				"down": {"uv": [7, 7, 8, 8], "texture": "#2"}
			}
		},
		{
			"name": "Voxels-0F0F0F",
			"from": [7.93075, 8.23775, -1.38425],
			"to": [8.0615, 8.5685, 10.223],
			"rotation": {"angle": 0, "axis": "y", "origin": [7.5, 8, 4.9]},
			"faces": {
				"north": {"uv": [5, 6, 6, 7], "texture": "#2"},
				"east": {"uv": [5, 6, 6, 7], "texture": "#2"},
				"south": {"uv": [5, 6, 6, 7], "texture": "#2"},
				"west": {"uv": [5, 6, 6, 7], "texture": "#2"},
				"up": {"uv": [5, 6, 6, 7], "texture": "#2"},
				"down": {"uv": [5, 6, 6, 7], "texture": "#2"}
			}
		},
		{
			"name": "Voxels-0F0F0F",
			"from": [7.93075, 8.33775, -3.88425],
			"to": [8.0615, 8.4685, -1.377],
			"rotation": {"angle": 0, "axis": "y", "origin": [7.5, 8, -6.7]},
			"faces": {
				"north": {"uv": [7, 7, 8, 8], "texture": "#2"},
				"east": {"uv": [7, 7, 8, 8], "texture": "#2"},
				"south": {"uv": [7, 7, 8, 8], "texture": "#2"},
				"west": {"uv": [7, 7, 8, 8], "texture": "#2"},
				"up": {"uv": [7, 7, 8, 8], "texture": "#2"},
				"down": {"uv": [7, 7, 8, 8], "texture": "#2"}
			}
		},
		{
			"name": "Voxels-0F0F0F",
			"from": [7.93075, 8.23775, -3.58425],
			"to": [8.0615, 8.5685, -1.377],
			"rotation": {"angle": 0, "axis": "y", "origin": [7.5, 8, -6.7]},
			"faces": {
				"north": {"uv": [7, 7, 8, 8], "texture": "#2"},
				"east": {"uv": [7, 7, 8, 8], "texture": "#2"},
				"south": {"uv": [7, 7, 8, 8], "texture": "#2"},
				"west": {"uv": [7, 7, 8, 8], "texture": "#2"},
				"up": {"uv": [7, 7, 8, 8], "texture": "#2"},
				"down": {"uv": [7, 7, 8, 8], "texture": "#2"}
			}
		},
		{
			"name": "Voxels-0F0F0F",
			"from": [7.63075, 8.33775, -2.78425],
			"to": [8.3615, 8.4685, -2.077],
			"rotation": {"angle": 0, "axis": "y", "origin": [7.5, 8, -6.7]},
			"faces": {
				"north": {"uv": [7, 7, 8, 8], "texture": "#2"},
				"east": {"uv": [7, 7, 8, 8], "texture": "#2"},
				"south": {"uv": [7, 7, 8, 8], "texture": "#2"},
				"west": {"uv": [7, 7, 8, 8], "texture": "#2"},
				"up": {"uv": [7, 7, 8, 8], "texture": "#2"},
				"down": {"uv": [7, 7, 8, 8], "texture": "#2"}
			}
		},
		{
			"name": "Voxels-0F0F0F",
			"from": [7.73075, 8.23775, -2.78425],
			"to": [8.2615, 8.5685, -2.077],
			"rotation": {"angle": 0, "axis": "y", "origin": [7.5, 8, -6.7]},
			"faces": {
				"north": {"uv": [7, 7, 8, 8], "texture": "#2"},
				"east": {"uv": [7, 7, 8, 8], "texture": "#2"},
				"south": {"uv": [7, 7, 8, 8], "texture": "#2"},
				"west": {"uv": [7, 7, 8, 8], "texture": "#2"},
				"up": {"uv": [7, 7, 8, 8], "texture": "#2"},
				"down": {"uv": [7, 7, 8, 8], "texture": "#2"}
			}
		},
		{
			"name": "Voxels-0F0F0F",
			"from": [7.83075, 8.13775, -2.78425],
			"to": [8.1615, 8.6685, -2.077],
			"rotation": {"angle": 0, "axis": "y", "origin": [7.5, 8, -6.7]},
			"faces": {
				"north": {"uv": [7, 7, 8, 8], "texture": "#2"},
				"east": {"uv": [7, 7, 8, 8], "texture": "#2"},
				"south": {"uv": [7, 7, 8, 8], "texture": "#2"},
				"west": {"uv": [7, 7, 8, 8], "texture": "#2"},
				"up": {"uv": [7, 7, 8, 8], "texture": "#2"},
				"down": {"uv": [7, 7, 8, 8], "texture": "#2"}
			}
		},
		{
			"name": "Voxels-0F0F0F",
			"from": [7.93075, 8.03775, -2.78425],
			"to": [8.0615, 8.7685, -2.077],
			"rotation": {"angle": 0, "axis": "y", "origin": [7.5, 8, -6.7]},
			"faces": {
				"north": {"uv": [7, 7, 8, 8], "texture": "#2"},
				"east": {"uv": [7, 7, 8, 8], "texture": "#2"},
				"south": {"uv": [7, 7, 8, 8], "texture": "#2"},
				"west": {"uv": [7, 7, 8, 8], "texture": "#2"},
				"up": {"uv": [7, 7, 8, 8], "texture": "#2"},
				"down": {"uv": [7, 7, 8, 8], "texture": "#2"}
			}
		},
		{
			"name": "Voxels-0F0F0F",
			"from": [7.93075, 8.13775, -3.18425],
			"to": [8.0615, 8.6685, -1.677],
			"rotation": {"angle": 0, "axis": "y", "origin": [7.5, 8, -6.7]},
			"faces": {
				"north": {"uv": [7, 7, 8, 8], "texture": "#2"},
				"east": {"uv": [7, 7, 8, 8], "texture": "#2"},
				"south": {"uv": [7, 7, 8, 8], "texture": "#2"},
				"west": {"uv": [7, 7, 8, 8], "texture": "#2"},
				"up": {"uv": [7, 7, 8, 8], "texture": "#2"},
				"down": {"uv": [7, 7, 8, 8], "texture": "#2"}
			}
		},
		{
			"name": "Voxels-000000",
			"from": [8.6615, 7.57625, 0.73125],
			"to": [8.99225, 7.907, 1.062],
			"faces": {
				"north": {"uv": [5, 0, 8, 1], "texture": "#2"},
				"east": {"uv": [5, 0, 8, 1], "texture": "#2"},
				"south": {"uv": [5, 0, 8, 1], "texture": "#2"},
				"west": {"uv": [5, 0, 8, 1], "texture": "#2"},
				"up": {"uv": [5, 0, 8, 1], "texture": "#2"},
				"down": {"uv": [5, 0, 8, 1], "texture": "#2"}
			}
		},
		{
			"name": "Voxels-000000",
			"from": [8.99225, 7.57625, -0.261],
			"to": [9.323, 7.907, 0.73125],
			"faces": {
				"north": {"uv": [5, 0, 8, 1], "texture": "#2"},
				"east": {"uv": [5, 0, 8, 1], "texture": "#2"},
				"south": {"uv": [5, 0, 8, 1], "texture": "#2"},
				"west": {"uv": [5, 0, 8, 1], "texture": "#2"},
				"up": {"uv": [5, 0, 8, 1], "texture": "#2"},
				"down": {"uv": [5, 0, 8, 1], "texture": "#2"}
			}
		},
		{
			"name": "wire",
			"from": [8.99225, 7.907, 9],
			"to": [9.323, 8.23775, 9.33075],
			"faces": {
				"north": {"uv": [3, 11, 4, 12], "texture": "#1"},
				"east": {"uv": [3, 11, 4, 12], "texture": "#1"},
				"south": {"uv": [3, 11, 4, 12], "texture": "#1"},
				"west": {"uv": [3, 11, 4, 12], "texture": "#1"},
				"up": {"uv": [3, 11, 4, 12], "texture": "#1"},
				"down": {"uv": [3, 11, 4, 12], "texture": "#1"}
			}
		},
		{
			"name": "wire",
			"from": [9.323, 7.907, 8.66925],
			"to": [9.65375, 8.23775, 9],
			"faces": {
				"north": {"uv": [3, 11, 4, 12], "texture": "#1"},
				"east": {"uv": [3, 11, 4, 12], "texture": "#1"},
				"south": {"uv": [3, 11, 4, 12], "texture": "#1"},
				"west": {"uv": [3, 11, 4, 12], "texture": "#1"},
				"up": {"uv": [3, 11, 4, 12], "texture": "#1"},
				"down": {"uv": [3, 11, 4, 12], "texture": "#1"}
			}
		},
		{
			"name": "Front",
			"from": [9.65375, 7.57625, 1.7235],
			"to": [10.646, 7.907, 2.05425],
			"faces": {
				"north": {"uv": [5, 0, 8, 1], "texture": "#2"},
				"east": {"uv": [5, 0, 8, 1], "texture": "#2"},
				"south": {"uv": [5, 0, 8, 1], "texture": "#2"},
				"west": {"uv": [5, 0, 8, 1], "texture": "#2"},
				"up": {"uv": [5, 0, 8, 1], "texture": "#2"},
				"down": {"uv": [5, 0, 8, 1], "texture": "#2"}
			}
		},
		{
			"name": "wire",
			"from": [9.65375, 7.907, 8.3385],
			"to": [9.9845, 8.23775, 8.66925],
			"faces": {
				"north": {"uv": [3, 11, 4, 12], "texture": "#1"},
				"east": {"uv": [3, 11, 4, 12], "texture": "#1"},
				"south": {"uv": [3, 11, 4, 12], "texture": "#1"},
				"west": {"uv": [3, 11, 4, 12], "texture": "#1"},
				"up": {"uv": [3, 11, 4, 12], "texture": "#1"},
				"down": {"uv": [3, 11, 4, 12], "texture": "#1"}
			}
		},
		{
			"name": "Front",
			"from": [9.65375, 8.23775, 1.7235],
			"to": [10.646, 8.5685, 2.05425],
			"faces": {
				"north": {"uv": [13.9458, 7.4315, 14.2765, 7.76225], "texture": "#3"},
				"east": {"uv": [13.9458, 7.4315, 14.2765, 7.76225], "texture": "#3"},
				"south": {"uv": [13.9458, 7.4315, 14.2765, 7.76225], "texture": "#3"},
				"west": {"uv": [13.9458, 7.4315, 14.2765, 7.76225], "texture": "#3"},
				"up": {"uv": [13.9458, 7.4315, 14.2765, 7.76225], "texture": "#3"},
				"down": {"uv": [13.9458, 7.4315, 14.2765, 7.76225], "texture": "#3"}
			}
		},
		{
			"name": "wire",
			"from": [9.9845, 7.907, 8.00775],
			"to": [10.3153, 8.23775, 8.3385],
			"faces": {
				"north": {"uv": [3, 11, 4, 12], "texture": "#1"},
				"east": {"uv": [3, 11, 4, 12], "texture": "#1"},
				"south": {"uv": [3, 11, 4, 12], "texture": "#1"},
				"west": {"uv": [3, 11, 4, 12], "texture": "#1"},
				"up": {"uv": [3, 11, 4, 12], "texture": "#1"},
				"down": {"uv": [3, 11, 4, 12], "texture": "#1"}
			}
		},
		{
			"name": "wire",
			"from": [10.3153, 7.907, 7.677],
			"to": [10.9768, 8.23775, 8.00775],
			"faces": {
				"north": {"uv": [3, 11, 4, 12], "texture": "#1"},
				"east": {"uv": [3, 11, 4, 12], "texture": "#1"},
				"south": {"uv": [3, 11, 4, 12], "texture": "#1"},
				"west": {"uv": [3, 11, 4, 12], "texture": "#1"},
				"up": {"uv": [3, 11, 4, 12], "texture": "#1"},
				"down": {"uv": [3, 11, 4, 12], "texture": "#1"}
			}
		},
		{
			"name": "Front",
			"from": [10.646, 7.57625, 2.05425],
			"to": [11.3075, 7.907, 2.385],
			"faces": {
				"north": {"uv": [5, 0, 8, 1], "texture": "#2"},
				"east": {"uv": [5, 0, 8, 1], "texture": "#2"},
				"south": {"uv": [5, 0, 8, 1], "texture": "#2"},
				"west": {"uv": [5, 0, 8, 1], "texture": "#2"},
				"up": {"uv": [5, 0, 8, 1], "texture": "#2"},
				"down": {"uv": [5, 0, 8, 1], "texture": "#2"}
			}
		},
		{
			"name": "Front",
			"from": [10.646, 8.23775, 2.05425],
			"to": [11.3075, 8.5685, 2.385],
			"faces": {
				"north": {"uv": [13.615, 7.4315, 13.9458, 7.76225], "texture": "#3"},
				"east": {"uv": [13.615, 7.4315, 13.9458, 7.76225], "texture": "#3"},
				"south": {"uv": [13.615, 7.4315, 13.9458, 7.76225], "texture": "#3"},
				"west": {"uv": [13.615, 7.4315, 13.9458, 7.76225], "texture": "#3"},
				"up": {"uv": [13.615, 7.4315, 13.9458, 7.76225], "texture": "#3"},
				"down": {"uv": [13.615, 7.4315, 13.9458, 7.76225], "texture": "#3"}
			}
		},
		{
			"name": "wire",
			"from": [10.9767, 7.907, 7.34625],
			"to": [11.3075, 8.23775, 7.677],
			"faces": {
				"north": {"uv": [3, 11, 4, 12], "texture": "#1"},
				"east": {"uv": [3, 11, 4, 12], "texture": "#1"},
				"south": {"uv": [3, 11, 4, 12], "texture": "#1"},
				"west": {"uv": [3, 11, 4, 12], "texture": "#1"},
				"up": {"uv": [3, 11, 4, 12], "texture": "#1"},
				"down": {"uv": [3, 11, 4, 12], "texture": "#1"}
			}
		},
		{
			"name": "Front",
			"from": [11.3075, 7.57625, 2.385],
			"to": [11.6383, 7.907, 2.71575],
			"faces": {
				"north": {"uv": [13.2843, 8.093, 13.615, 8.42375], "texture": "#3"},
				"east": {"uv": [13.2843, 8.093, 13.615, 8.42375], "texture": "#3"},
				"south": {"uv": [13.2843, 8.093, 13.615, 8.42375], "texture": "#3"},
				"west": {"uv": [13.2843, 8.093, 13.615, 8.42375], "texture": "#3"},
				"up": {"uv": [13.2843, 8.093, 13.615, 8.42375], "texture": "#3"},
				"down": {"uv": [13.2843, 8.093, 13.615, 8.42375], "texture": "#3"}
			}
		},
		{
			"name": "wire",
			"from": [11.3075, 7.907, 7.0155],
			"to": [11.6383, 8.23775, 7.34625],
			"faces": {
				"north": {"uv": [3, 11, 4, 12], "texture": "#1"},
				"east": {"uv": [3, 11, 4, 12], "texture": "#1"},
				"south": {"uv": [3, 11, 4, 12], "texture": "#1"},
				"west": {"uv": [3, 11, 4, 12], "texture": "#1"},
				"up": {"uv": [3, 11, 4, 12], "texture": "#1"},
				"down": {"uv": [3, 11, 4, 12], "texture": "#1"}
			}
		},
		{
			"name": "Front",
			"from": [11.3075, 8.23775, 2.385],
			"to": [11.6383, 8.5685, 2.71575],
			"faces": {
				"north": {"uv": [5, 0, 8, 1], "texture": "#2"},
				"east": {"uv": [5, 0, 8, 1], "texture": "#2"},
				"south": {"uv": [5, 0, 8, 1], "texture": "#2"},
				"west": {"uv": [5, 0, 8, 1], "texture": "#2"},
				"up": {"uv": [5, 0, 8, 1], "texture": "#2"},
				"down": {"uv": [5, 0, 8, 1], "texture": "#2"}
			}
		},
		{
			"name": "Front",
			"from": [11.6382, 7.57625, 2.71575],
			"to": [11.969, 7.907, 3.37725],
			"faces": {
				"north": {"uv": [5, 0, 8, 1], "texture": "#2"},
				"east": {"uv": [5, 0, 8, 1], "texture": "#2"},
				"south": {"uv": [5, 0, 8, 1], "texture": "#2"},
				"west": {"uv": [5, 0, 8, 1], "texture": "#2"},
				"up": {"uv": [5, 0, 8, 1], "texture": "#2"},
				"down": {"uv": [5, 0, 8, 1], "texture": "#2"}
			}
		},
		{
			"name": "wire",
			"from": [11.6382, 7.907, 6.68475],
			"to": [11.969, 8.23775, 7.0155],
			"faces": {
				"north": {"uv": [3, 11, 4, 12], "texture": "#1"},
				"east": {"uv": [3, 11, 4, 12], "texture": "#1"},
				"south": {"uv": [3, 11, 4, 12], "texture": "#1"},
				"west": {"uv": [3, 11, 4, 12], "texture": "#1"},
				"up": {"uv": [3, 11, 4, 12], "texture": "#1"},
				"down": {"uv": [3, 11, 4, 12], "texture": "#1"}
			}
		},
		{
			"name": "Front",
			"from": [11.6382, 8.23775, 2.71575],
			"to": [11.969, 8.5685, 3.37725],
			"faces": {
				"north": {"uv": [5, 0, 8, 1], "texture": "#2"},
				"east": {"uv": [5, 0, 8, 1], "texture": "#2"},
				"south": {"uv": [5, 0, 8, 1], "texture": "#2"},
				"west": {"uv": [5, 0, 8, 1], "texture": "#2"},
				"up": {"uv": [5, 0, 8, 1], "texture": "#2"},
				"down": {"uv": [5, 0, 8, 1], "texture": "#2"}
			}
		},
		{
			"name": "Front",
			"from": [11.969, 7.57625, 3.37725],
			"to": [12.2998, 7.907, 4.03875],
			"faces": {
				"north": {"uv": [5, 0, 8, 1], "texture": "#2"},
				"east": {"uv": [5, 0, 8, 1], "texture": "#2"},
				"south": {"uv": [5, 0, 8, 1], "texture": "#2"},
				"west": {"uv": [5, 0, 8, 1], "texture": "#2"},
				"up": {"uv": [5, 0, 8, 1], "texture": "#2"},
				"down": {"uv": [5, 0, 8, 1], "texture": "#2"}
			}
		},
		{
			"name": "wire",
			"from": [11.969, 7.907, 6.354],
			"to": [12.2998, 8.23775, 6.68475],
			"faces": {
				"north": {"uv": [3, 11, 4, 12], "texture": "#1"},
				"east": {"uv": [3, 11, 4, 12], "texture": "#1"},
				"south": {"uv": [3, 11, 4, 12], "texture": "#1"},
				"west": {"uv": [3, 11, 4, 12], "texture": "#1"},
				"up": {"uv": [3, 11, 4, 12], "texture": "#1"},
				"down": {"uv": [3, 11, 4, 12], "texture": "#1"}
			}
		},
		{
			"name": "Front",
			"from": [11.969, 8.23775, 3.37725],
			"to": [12.2998, 8.5685, 4.03875],
			"faces": {
				"north": {"uv": [11.9613, 7.4315, 12.6228, 7.76225], "texture": "#3"},
				"east": {"uv": [11.9613, 7.4315, 12.6228, 7.76225], "texture": "#3"},
				"south": {"uv": [11.9613, 7.4315, 12.6228, 7.76225], "texture": "#3"},
				"west": {"uv": [11.9613, 7.4315, 12.6228, 7.76225], "texture": "#3"},
				"up": {"uv": [11.9613, 7.4315, 12.6228, 7.76225], "texture": "#3"},
				"down": {"uv": [11.9613, 7.4315, 12.6228, 7.76225], "texture": "#3"}
			}
		},
		{
			"name": "Front",
			"from": [12.2998, 7.57625, 4.03875],
			"to": [12.6305, 7.907, 4.70025],
			"faces": {
				"north": {"uv": [11.2998, 8.093, 11.9613, 8.42375], "texture": "#3"},
				"east": {"uv": [11.2998, 8.093, 11.9613, 8.42375], "texture": "#3"},
				"south": {"uv": [11.2998, 8.093, 11.9613, 8.42375], "texture": "#3"},
				"west": {"uv": [11.2998, 8.093, 11.9613, 8.42375], "texture": "#3"},
				"up": {"uv": [11.2998, 8.093, 11.9613, 8.42375], "texture": "#3"},
				"down": {"uv": [11.2998, 8.093, 11.9613, 8.42375], "texture": "#3"}
			}
		},
		{
			"name": "Voxels-000000",
			"from": [12.2998, 7.907, 5.031],
			"to": [13.9535, 8.23775, 5.36175],
			"faces": {
				"north": {"uv": [5, 0, 8, 1], "texture": "#2"},
				"east": {"uv": [5, 0, 8, 1], "texture": "#2"},
				"south": {"uv": [5, 0, 8, 1], "texture": "#2"},
				"west": {"uv": [5, 0, 8, 1], "texture": "#2"},
				"up": {"uv": [5, 0, 8, 1], "texture": "#2"},
				"down": {"uv": [5, 0, 8, 1], "texture": "#2"}
			}
		},
		{
			"name": "wire",
			"from": [12.2998, 7.907, 6.02325],
			"to": [12.6305, 8.23775, 6.354],
			"faces": {
				"north": {"uv": [3, 11, 4, 12], "texture": "#1"},
				"east": {"uv": [3, 11, 4, 12], "texture": "#1"},
				"south": {"uv": [3, 11, 4, 12], "texture": "#1"},
				"west": {"uv": [3, 11, 4, 12], "texture": "#1"},
				"up": {"uv": [3, 11, 4, 12], "texture": "#1"},
				"down": {"uv": [3, 11, 4, 12], "texture": "#1"}
			}
		},
		{
			"name": "Front",
			"from": [12.2998, 8.23775, 4.03875],
			"to": [12.6305, 8.5685, 4.70025],
			"faces": {
				"north": {"uv": [5, 0, 8, 1], "texture": "#2"},
				"east": {"uv": [5, 0, 8, 1], "texture": "#2"},
				"south": {"uv": [5, 0, 8, 1], "texture": "#2"},
				"west": {"uv": [5, 0, 8, 1], "texture": "#2"},
				"up": {"uv": [5, 0, 8, 1], "texture": "#2"},
				"down": {"uv": [5, 0, 8, 1], "texture": "#2"}
			}
		},
		{
			"name": "Front",
			"from": [12.6305, 7.57625, 4.70025],
			"to": [12.9613, 7.907, 5.031],
			"faces": {
				"north": {"uv": [6, 0, 7, 1], "texture": "#2"},
				"east": {"uv": [6, 0, 7, 1], "texture": "#2"},
				"south": {"uv": [6, 0, 7, 1], "texture": "#2"},
				"west": {"uv": [6, 0, 7, 1], "texture": "#2"},
				"up": {"uv": [6, 0, 7, 1], "texture": "#2"},
				"down": {"uv": [6, 0, 7, 1], "texture": "#2"}
			}
		},
		{
			"name": "Voxels-000000",
			"from": [12.6305, 7.907, 4.70025],
			"to": [13.6228, 8.23775, 5.031],
			"faces": {
				"north": {"uv": [5, 0, 8, 1], "texture": "#2"},
				"east": {"uv": [5, 0, 8, 1], "texture": "#2"},
				"south": {"uv": [5, 0, 8, 1], "texture": "#2"},
				"west": {"uv": [5, 0, 8, 1], "texture": "#2"},
				"up": {"uv": [5, 0, 8, 1], "texture": "#2"},
				"down": {"uv": [5, 0, 8, 1], "texture": "#2"}
			}
		},
		{
			"name": "Voxels-000000",
			"from": [12.6305, 7.907, 5.36175],
			"to": [13.6228, 8.23775, 5.6925],
			"faces": {
				"north": {"uv": [5, 0, 8, 1], "texture": "#2"},
				"east": {"uv": [5, 0, 8, 1], "texture": "#2"},
				"south": {"uv": [5, 0, 8, 1], "texture": "#2"},
				"west": {"uv": [5, 0, 8, 1], "texture": "#2"},
				"up": {"uv": [5, 0, 8, 1], "texture": "#2"},
				"down": {"uv": [5, 0, 8, 1], "texture": "#2"}
			}
		},
		{
			"name": "wire",
			"from": [12.6305, 7.907, 5.6925],
			"to": [12.9613, 8.23775, 6.02325],
			"faces": {
				"north": {"uv": [3, 11, 4, 12], "texture": "#1"},
				"east": {"uv": [3, 11, 4, 12], "texture": "#1"},
				"south": {"uv": [3, 11, 4, 12], "texture": "#1"},
				"west": {"uv": [3, 11, 4, 12], "texture": "#1"},
				"up": {"uv": [3, 11, 4, 12], "texture": "#1"},
				"down": {"uv": [3, 11, 4, 12], "texture": "#1"}
			}
		},
		{
			"name": "Front",
			"from": [12.6305, 8.23775, 4.70025],
			"to": [12.9613, 8.5685, 5.031],
			"faces": {
				"north": {"uv": [10.969, 7.4315, 11.2998, 7.76225], "texture": "#3"},
				"east": {"uv": [10.969, 7.4315, 11.2998, 7.76225], "texture": "#3"},
				"south": {"uv": [10.969, 7.4315, 11.2998, 7.76225], "texture": "#3"},
				"west": {"uv": [10.969, 7.4315, 11.2998, 7.76225], "texture": "#3"},
				"up": {"uv": [10.969, 7.4315, 11.2998, 7.76225], "texture": "#3"},
				"down": {"uv": [10.969, 7.4315, 11.2998, 7.76225], "texture": "#3"}
			}
		},
		{
			"name": "Voxels-000000",
			"from": [12.9613, 7.907, 4.3695],
			"to": [13.292, 8.23775, 4.70025],
			"faces": {
				"north": {"uv": [5, 0, 8, 1], "texture": "#2"},
				"east": {"uv": [5, 0, 8, 1], "texture": "#2"},
				"south": {"uv": [5, 0, 8, 1], "texture": "#2"},
				"west": {"uv": [5, 0, 8, 1], "texture": "#2"},
				"up": {"uv": [5, 0, 8, 1], "texture": "#2"},
				"down": {"uv": [5, 0, 8, 1], "texture": "#2"}
			}
		},
		{
			"name": "Voxels-111111",
			"from": [13.8613, 7.907, 4.8695],
			"to": [14.192, 8.13775, 5.20025],
			"rotation": {"angle": 0, "axis": "y", "origin": [8.9, 8, 8.5]},
			"faces": {
				"north": {"uv": [11.2998, 7.76225, 11.6305, 8.093], "texture": "#3"},
				"east": {"uv": [11.2998, 7.76225, 11.6305, 8.093], "texture": "#3"},
				"south": {"uv": [11.2998, 7.76225, 11.6305, 8.093], "texture": "#3"},
				"west": {"uv": [11.2998, 7.76225, 11.6305, 8.093], "texture": "#3"},
				"up": {"uv": [11.2998, 7.76225, 11.6305, 8.093], "texture": "#3"},
				"down": {"uv": [11.2998, 7.76225, 11.6305, 8.093], "texture": "#3"}
			}
		},
		{
			"name": "Voxels-111112",
			"from": [1.8613, 7.907, 4.8695],
			"to": [2.192, 8.13775, 5.20025],
			"rotation": {"angle": 0, "axis": "y", "origin": [-3.1, 8, 8.5]},
			"faces": {
				"north": {"uv": [11.2998, 7.76225, 11.6305, 8.093], "texture": "#3"},
				"east": {"uv": [11.2998, 7.76225, 11.6305, 8.093], "texture": "#3"},
				"south": {"uv": [11.2998, 7.76225, 11.6305, 8.093], "texture": "#3"},
				"west": {"uv": [11.2998, 7.76225, 11.6305, 8.093], "texture": "#3"},
				"up": {"uv": [11.2998, 7.76225, 11.6305, 8.093], "texture": "#3"},
				"down": {"uv": [11.2998, 7.76225, 11.6305, 8.093], "texture": "#3"}
			}
		},
		{
			"name": "Voxels-111112",
			"from": [14.1613, 7.907, 4.7695],
			"to": [14.392, 8.13775, 5.00025],
			"rotation": {"angle": 0, "axis": "y", "origin": [9.2, 8, 8.4]},
			"faces": {
				"north": {"uv": [11.2998, 7.76225, 11.6305, 8.093], "texture": "#3"},
				"east": {"uv": [11.2998, 7.76225, 11.6305, 8.093], "texture": "#3"},
				"south": {"uv": [11.2998, 7.76225, 11.6305, 8.093], "texture": "#3"},
				"west": {"uv": [11.2998, 7.76225, 11.6305, 8.093], "texture": "#3"},
				"up": {"uv": [11.2998, 7.76225, 11.6305, 8.093], "texture": "#3"},
				"down": {"uv": [11.2998, 7.76225, 11.6305, 8.093], "texture": "#3"}
			}
		},
		{
			"name": "Voxels-111113",
			"from": [1.6613, 7.907, 4.7695],
			"to": [1.892, 8.13775, 5.00025],
			"rotation": {"angle": 0, "axis": "y", "origin": [-3.3, 8, 8.4]},
			"faces": {
				"north": {"uv": [11.2998, 7.76225, 11.6305, 8.093], "texture": "#3"},
				"east": {"uv": [11.2998, 7.76225, 11.6305, 8.093], "texture": "#3"},
				"south": {"uv": [11.2998, 7.76225, 11.6305, 8.093], "texture": "#3"},
				"west": {"uv": [11.2998, 7.76225, 11.6305, 8.093], "texture": "#3"},
				"up": {"uv": [11.2998, 7.76225, 11.6305, 8.093], "texture": "#3"},
				"down": {"uv": [11.2998, 7.76225, 11.6305, 8.093], "texture": "#3"}
			}
		},
		{
			"name": "Voxels-111113",
			"from": [14.2613, 7.907, 4.6695],
			"to": [14.492, 8.03775, 4.90025],
			"rotation": {"angle": 0, "axis": "y", "origin": [9.3, 8, 8.3]},
			"faces": {
				"north": {"uv": [11.2998, 7.76225, 11.6305, 8.093], "texture": "#3"},
				"east": {"uv": [11.2998, 7.76225, 11.6305, 8.093], "texture": "#3"},
				"south": {"uv": [11.2998, 7.76225, 11.6305, 8.093], "texture": "#3"},
				"west": {"uv": [11.2998, 7.76225, 11.6305, 8.093], "texture": "#3"},
				"up": {"uv": [11.2998, 7.76225, 11.6305, 8.093], "texture": "#3"},
				"down": {"uv": [11.2998, 7.76225, 11.6305, 8.093], "texture": "#3"}
			}
		},
		{
			"name": "Voxels-111114",
			"from": [1.5613, 7.907, 4.6695],
			"to": [1.792, 8.03775, 4.90025],
			"rotation": {"angle": 0, "axis": "y", "origin": [-3.4, 8, 8.3]},
			"faces": {
				"north": {"uv": [11.2998, 7.76225, 11.6305, 8.093], "texture": "#3"},
				"east": {"uv": [11.2998, 7.76225, 11.6305, 8.093], "texture": "#3"},
				"south": {"uv": [11.2998, 7.76225, 11.6305, 8.093], "texture": "#3"},
				"west": {"uv": [11.2998, 7.76225, 11.6305, 8.093], "texture": "#3"},
				"up": {"uv": [11.2998, 7.76225, 11.6305, 8.093], "texture": "#3"},
				"down": {"uv": [11.2998, 7.76225, 11.6305, 8.093], "texture": "#3"}
			}
		},
		{
			"name": "Voxels-111114",
			"from": [14.3613, 7.907, 4.5695],
			"to": [14.592, 8.03775, 4.80025],
			"rotation": {"angle": 0, "axis": "y", "origin": [9.4, 8, 8.2]},
			"faces": {
				"north": {"uv": [11.2998, 7.76225, 11.6305, 8.093], "texture": "#3"},
				"east": {"uv": [11.2998, 7.76225, 11.6305, 8.093], "texture": "#3"},
				"south": {"uv": [11.2998, 7.76225, 11.6305, 8.093], "texture": "#3"},
				"west": {"uv": [11.2998, 7.76225, 11.6305, 8.093], "texture": "#3"},
				"up": {"uv": [11.2998, 7.76225, 11.6305, 8.093], "texture": "#3"},
				"down": {"uv": [11.2998, 7.76225, 11.6305, 8.093], "texture": "#3"}
			}
		},
		{
			"name": "Voxels-111115",
			"from": [1.4613, 7.907, 4.5695],
			"to": [1.692, 8.03775, 4.80025],
			"rotation": {"angle": 0, "axis": "y", "origin": [-3.5, 8, 8.2]},
			"faces": {
				"north": {"uv": [11.2998, 7.76225, 11.6305, 8.093], "texture": "#3"},
				"east": {"uv": [11.2998, 7.76225, 11.6305, 8.093], "texture": "#3"},
				"south": {"uv": [11.2998, 7.76225, 11.6305, 8.093], "texture": "#3"},
				"west": {"uv": [11.2998, 7.76225, 11.6305, 8.093], "texture": "#3"},
				"up": {"uv": [11.2998, 7.76225, 11.6305, 8.093], "texture": "#3"},
				"down": {"uv": [11.2998, 7.76225, 11.6305, 8.093], "texture": "#3"}
			}
		},
		{
			"name": "Voxels-111115",
			"from": [14.4613, 7.907, 4.3695],
			"to": [14.592, 8.03775, 4.70025],
			"rotation": {"angle": 0, "axis": "y", "origin": [9.5, 8, 8.1]},
			"faces": {
				"north": {"uv": [11.2998, 7.76225, 11.6305, 8.093], "texture": "#3"},
				"east": {"uv": [11.2998, 7.76225, 11.6305, 8.093], "texture": "#3"},
				"south": {"uv": [11.2998, 7.76225, 11.6305, 8.093], "texture": "#3"},
				"west": {"uv": [11.2998, 7.76225, 11.6305, 8.093], "texture": "#3"},
				"up": {"uv": [11.2998, 7.76225, 11.6305, 8.093], "texture": "#3"},
				"down": {"uv": [11.2998, 7.76225, 11.6305, 8.093], "texture": "#3"}
			}
		},
		{
			"name": "Voxels-111116",
			"from": [1.4613, 7.907, 4.3695],
			"to": [1.592, 8.03775, 4.70025],
			"rotation": {"angle": 0, "axis": "y", "origin": [-3.5, 8, 8.1]},
			"faces": {
				"north": {"uv": [11.2998, 7.76225, 11.6305, 8.093], "texture": "#3"},
				"east": {"uv": [11.2998, 7.76225, 11.6305, 8.093], "texture": "#3"},
				"south": {"uv": [11.2998, 7.76225, 11.6305, 8.093], "texture": "#3"},
				"west": {"uv": [11.2998, 7.76225, 11.6305, 8.093], "texture": "#3"},
				"up": {"uv": [11.2998, 7.76225, 11.6305, 8.093], "texture": "#3"},
				"down": {"uv": [11.2998, 7.76225, 11.6305, 8.093], "texture": "#3"}
			}
		},
		{
			"name": "Voxels-111113",
			"from": [14.0613, 7.907, 4.8695],
			"to": [14.292, 8.13775, 5.10025],
			"rotation": {"angle": 0, "axis": "y", "origin": [9.1, 8, 8.5]},
			"faces": {
				"north": {"uv": [11.2998, 7.76225, 11.6305, 8.093], "texture": "#3"},
				"east": {"uv": [11.2998, 7.76225, 11.6305, 8.093], "texture": "#3"},
				"south": {"uv": [11.2998, 7.76225, 11.6305, 8.093], "texture": "#3"},
				"west": {"uv": [11.2998, 7.76225, 11.6305, 8.093], "texture": "#3"},
				"up": {"uv": [11.2998, 7.76225, 11.6305, 8.093], "texture": "#3"},
				"down": {"uv": [11.2998, 7.76225, 11.6305, 8.093], "texture": "#3"}
			}
		},
		{
			"name": "Voxels-111114",
			"from": [1.7613, 7.907, 4.8695],
			"to": [1.992, 8.13775, 5.10025],
			"rotation": {"angle": 0, "axis": "y", "origin": [-3.2, 8, 8.5]},
			"faces": {
				"north": {"uv": [11.2998, 7.76225, 11.6305, 8.093], "texture": "#3"},
				"east": {"uv": [11.2998, 7.76225, 11.6305, 8.093], "texture": "#3"},
				"south": {"uv": [11.2998, 7.76225, 11.6305, 8.093], "texture": "#3"},
				"west": {"uv": [11.2998, 7.76225, 11.6305, 8.093], "texture": "#3"},
				"up": {"uv": [11.2998, 7.76225, 11.6305, 8.093], "texture": "#3"},
				"down": {"uv": [11.2998, 7.76225, 11.6305, 8.093], "texture": "#3"}
			}
		},
		{
			"name": "Voxels-000000",
			"from": [12.9613, 7.907, 5.6925],
			"to": [13.292, 8.23775, 6.02325],
			"faces": {
				"north": {"uv": [5, 0, 8, 1], "texture": "#2"},
				"east": {"uv": [5, 0, 8, 1], "texture": "#2"},
				"south": {"uv": [5, 0, 8, 1], "texture": "#2"},
				"west": {"uv": [5, 0, 8, 1], "texture": "#2"},
				"up": {"uv": [5, 0, 8, 1], "texture": "#2"},
				"down": {"uv": [5, 0, 8, 1], "texture": "#2"}
			}
		}
	],
	"display": {
		"thirdperson_righthand": {
			"translation": [-0.19, 0.76, 0.49],
			"scale": [1.3, 1.3, 1.3]
		},
		"thirdperson_lefthand": {
			"translation": [-0.19, 0.76, 0.49],
			"scale": [1.3, 1.3, 1.3]
		},
		"firstperson_righthand": {
			"rotation": [0, -3, 0],
			"translation": [5.86, -2.27, -8.13],
			"scale": [2.7, 2.7, 2.7]
		},
		"firstperson_lefthand": {
			"rotation": [0, -3, 0],
			"translation": [5.86, -2.27, -8.13],
			"scale": [2.7, 2.7, 2.7]
		},
		"ground": {
			"rotation": [5.75, 0, -26.75],
			"translation": [-1.12, -0.46, 0.94],
			"scale": [1.16523, 1.10273, 1.08906]
		},
		"gui": {
			"rotation": [22, -22.25, 0],
			"translation": [-1.43, -1.13, -1.51],
			"scale": [1.2, 1.2, 1.2]
		},
		"head": {
			"rotation": [0, 90, 0],
			"translation": [1.75, 0, 0]
		},
		"fixed": {
			"translation": [0, 0, -1.32]
		}
	}
}