{
	"credit": "Made with Blockbench",
	"textures": {
		"5": "3dguns/blocks/bedrock",
		"texture": "3dguns/guns/gray",
		"hardened clay stained lime": "3dguns/guns/lime",
		"particle": "3dguns/guns/1-metal",
		"anvil 1": "3dguns/guns/1-metal",
		"door iron lower": "3dguns/guns/1-metal-mixed"
	},
	"elements": [
		{
			"from": [3.75, 7, 7.25],
			"to": [11.5, 10, 8.75],
			"faces": {
				"north": {"uv": [4.5, 6, 12.25, 9], "texture": "#texture"},
				"south": {"uv": [3.75, 6, 11.5, 9], "texture": "#texture"},
				"west": {"uv": [7.25, 6, 8.75, 9], "texture": "#texture"},
				"up": {"uv": [3.75, 7.25, 11.5, 8.75], "texture": "#texture"},
				"down": {"uv": [12.25, 8.75, 4.5, 7.25], "texture": "#texture"}
			}
		},
		{
			"from": [3.75, 7.75, 6.5],
			"to": [11.5, 9.25, 9.5],
			"faces": {
				"north": {"uv": [4.5, 6.75, 12.25, 8.25], "texture": "#texture"},
				"south": {"uv": [3.75, 6.75, 11.5, 8.25], "texture": "#texture"},
				"west": {"uv": [6.5, 6.75, 9.5, 8.25], "texture": "#texture"},
				"up": {"uv": [3.75, 6.5, 11.5, 9.5], "texture": "#texture"},
				"down": {"uv": [12.25, 9.5, 4.5, 6.5], "texture": "#texture"}
			}
		},
		{
			"from": [3.75, 7.25, 6.75],
			"to": [11.5, 9.75, 9.25],
			"faces": {
				"north": {"uv": [4.5, 6.25, 12.25, 8.75], "texture": "#texture"},
				"south": {"uv": [3.75, 6.25, 11.5, 8.75], "texture": "#texture"},
				"west": {"uv": [6.75, 6.25, 9.25, 8.75], "texture": "#texture"},
				"up": {"uv": [3.75, 6.75, 11.5, 9.25], "texture": "#texture"},
				"down": {"uv": [12.25, 9.25, 4.5, 6.75], "texture": "#texture"}
			}
		},
		{
			"from": [-4.5, 7.25, 7.5],
			"to": [3.75, 9.75, 8.5],
			"faces": {
				"north": {"uv": [12.25, 6.25, 16, 8.75], "texture": "#texture", "cullface": "west"},
				"south": {"uv": [0, 6.25, 3.75, 8.75], "texture": "#texture", "cullface": "west"},
				"up": {"uv": [0, 7.5, 3.75, 8.5], "texture": "#texture", "cullface": "west"},
				"down": {"uv": [16, 8.5, 12.25, 7.5], "texture": "#texture", "cullface": "west"}
			}
		},
		{
			"from": [-4.5, 8, 6.75],
			"to": [3.75, 9, 9.25],
			"faces": {
				"north": {"uv": [12.25, 7, 16, 8], "texture": "#texture", "cullface": "west"},
				"south": {"uv": [0, 7, 3.75, 8], "texture": "#texture", "cullface": "west"},
				"up": {"uv": [0, 6.75, 3.75, 9.25], "texture": "#texture", "cullface": "west"},
				"down": {"uv": [16, 9.25, 12.25, 6.75], "texture": "#texture", "cullface": "west"}
			}
		},
		{
			"from": [-4.5, 7.5, 7],
			"to": [3.75, 9.5, 9],
			"faces": {
				"north": {"uv": [12.25, 6.5, 16, 8.5], "texture": "#texture", "cullface": "west"},
				"south": {"uv": [0, 6.5, 3.75, 8.5], "texture": "#texture", "cullface": "west"},
				"up": {"uv": [0, 7, 3.75, 9], "texture": "#texture", "cullface": "west"},
				"down": {"uv": [16, 9, 12.25, 7], "texture": "#texture", "cullface": "west"}
			}
		},
		{
			"from": [-5.25, 7.125, 7.25],
			"to": [-4.5, 9.875, 8.75],
			"faces": {
				"north": {"uv": [16, 6.125, 16, 8.875], "texture": "#texture", "cullface": "west"},
				"east": {"uv": [7.25, 6.125, 8.75, 8.875], "texture": "#texture", "cullface": "west"},
				"south": {"uv": [0, 6.125, 0, 8.875], "texture": "#texture", "cullface": "west"},
				"west": {"uv": [7.25, 6.125, 8.75, 8.875], "texture": "#texture", "cullface": "west"},
				"up": {"uv": [0, 7.25, 0, 8.75], "texture": "#texture", "cullface": "west"},
				"down": {"uv": [16, 8.75, 16, 7.25], "texture": "#texture", "cullface": "west"}
			}
		},
		{
			"from": [-5.25, 7.375, 6.875],
			"to": [-4.5, 9.625, 9.125],
			"faces": {
				"north": {"uv": [16, 6.375, 16, 8.625], "texture": "#texture", "cullface": "west"},
				"east": {"uv": [6.875, 6.375, 9.125, 8.625], "texture": "#texture", "cullface": "west"},
				"south": {"uv": [0, 6.375, 0, 8.625], "texture": "#texture", "cullface": "west"},
				"west": {"uv": [6.875, 6.375, 9.125, 8.625], "texture": "#texture", "cullface": "west"},
				"up": {"uv": [0, 6.875, 0, 9.125], "texture": "#texture", "cullface": "west"},
				"down": {"uv": [16, 9.125, 16, 6.875], "texture": "#texture", "cullface": "west"}
			}
		},
		{
			"from": [-5.25, 7.75, 6.625],
			"to": [-4.5, 9.25, 9.375],
			"faces": {
				"north": {"uv": [16, 6.75, 16, 8.25], "texture": "#texture", "cullface": "west"},
				"east": {"uv": [6.625, 6.75, 9.375, 8.25], "texture": "#texture", "cullface": "west"},
				"south": {"uv": [0, 6.75, 0, 8.25], "texture": "#texture", "cullface": "west"},
				"west": {"uv": [6.625, 6.75, 9.375, 8.25], "texture": "#texture", "cullface": "west"},
				"up": {"uv": [0, 6.625, 0, 9.375], "texture": "#texture", "cullface": "west"},
				"down": {"uv": [16, 9.375, 16, 6.625], "texture": "#texture", "cullface": "west"}
			}
		},
		{
			"from": [-6.5, 7.75, 7.5],
			"to": [-5.25, 9.25, 8.5],
			"faces": {
				"north": {"uv": [16, 6.75, 16, 8.25], "texture": "#hardened clay stained lime", "cullface": "west"},
				"south": {"uv": [0, 6.75, 0, 8.25], "texture": "#hardened clay stained lime", "cullface": "west"},
				"up": {"uv": [0, 7.5, 0, 8.5], "texture": "#hardened clay stained lime", "cullface": "west"},
				"down": {"uv": [16, 8.5, 16, 7.5], "texture": "#hardened clay stained lime", "cullface": "west"}
			}
		},
		{
			"from": [-6.5, 8, 7.25],
			"to": [-5.25, 9, 8.75],
			"faces": {
				"north": {"uv": [16, 7, 16, 8], "texture": "#hardened clay stained lime", "cullface": "west"},
				"south": {"uv": [0, 7, 0, 8], "texture": "#hardened clay stained lime", "cullface": "west"},
				"up": {"uv": [0, 7.25, 0, 8.75], "texture": "#hardened clay stained lime", "cullface": "west"},
				"down": {"uv": [16, 8.75, 16, 7.25], "texture": "#hardened clay stained lime", "cullface": "west"}
			}
		},
		{
			"from": [-13.75, 7.5, 7.75],
			"to": [-13, 9.5, 8.25],
			"faces": {
				"north": {"uv": [16, 6.5, 16, 8.5], "texture": "#hardened clay stained lime", "cullface": "west"},
				"south": {"uv": [0, 6.5, 0, 8.5], "texture": "#hardened clay stained lime", "cullface": "west"},
				"west": {"uv": [7.75, 6.5, 8.25, 8.5], "texture": "#hardened clay stained lime", "cullface": "west"},
				"up": {"uv": [0, 7.75, 0, 8.25], "texture": "#hardened clay stained lime", "cullface": "west"},
				"down": {"uv": [16, 8.25, 16, 7.75], "texture": "#hardened clay stained lime", "cullface": "west"}
			}
		},
		{
			"from": [-13.75, 8.25, 7],
			"to": [-13, 8.75, 9],
			"faces": {
				"north": {"uv": [16, 7.25, 16, 7.75], "texture": "#hardened clay stained lime", "cullface": "west"},
				"south": {"uv": [0, 7.25, 0, 7.75], "texture": "#hardened clay stained lime", "cullface": "west"},
				"west": {"uv": [7, 7.25, 9, 7.75], "texture": "#hardened clay stained lime", "cullface": "west"},
				"up": {"uv": [0, 7, 0, 9], "texture": "#hardened clay stained lime", "cullface": "west"},
				"down": {"uv": [16, 9, 16, 7], "texture": "#hardened clay stained lime", "cullface": "west"}
			}
		},
		{
			"from": [-13.75, 7.75, 7.25],
			"to": [-13, 9.25, 8.75],
			"faces": {
				"north": {"uv": [16, 6.75, 16, 8.25], "texture": "#hardened clay stained lime", "cullface": "west"},
				"south": {"uv": [0, 6.75, 0, 8.25], "texture": "#hardened clay stained lime", "cullface": "west"},
				"west": {"uv": [7.25, 6.75, 8.75, 8.25], "texture": "#hardened clay stained lime", "cullface": "west"},
				"up": {"uv": [0, 7.25, 0, 8.75], "texture": "#hardened clay stained lime", "cullface": "west"},
				"down": {"uv": [16, 8.75, 16, 7.25], "texture": "#hardened clay stained lime", "cullface": "west"}
			}
		},
		{
			"from": [-13, 7.25, 7.75],
			"to": [-12.25, 9.75, 8.25],
			"faces": {
				"north": {"uv": [16, 6.25, 16, 8.75], "texture": "#hardened clay stained lime", "cullface": "west"},
				"south": {"uv": [0, 6.25, 0, 8.75], "texture": "#hardened clay stained lime", "cullface": "west"},
				"west": {"uv": [7.75, 6.25, 8.25, 8.75], "texture": "#hardened clay stained lime", "cullface": "west"},
				"up": {"uv": [0, 7.75, 0, 8.25], "texture": "#hardened clay stained lime", "cullface": "west"},
				"down": {"uv": [16, 8.25, 16, 7.75], "texture": "#hardened clay stained lime", "cullface": "west"}
			}
		},
		{
			"from": [-8, 8.25, 6.75],
			"to": [-7.25, 8.75, 9.25],
			"faces": {
				"north": {"uv": [16, 7.25, 16, 7.75], "texture": "#hardened clay stained lime", "cullface": "west"},
				"east": {"uv": [6.75, 7.25, 9.25, 7.75], "texture": "#hardened clay stained lime", "cullface": "west"},
				"south": {"uv": [0, 7.25, 0, 7.75], "texture": "#hardened clay stained lime", "cullface": "west"},
				"up": {"uv": [0, 6.75, 0, 9.25], "texture": "#hardened clay stained lime", "cullface": "west"},
				"down": {"uv": [16, 9.25, 16, 6.75], "texture": "#hardened clay stained lime", "cullface": "west"}
			}
		},
		{
			"from": [-13, 7.75, 7],
			"to": [-12.25, 9.25, 9],
			"faces": {
				"north": {"uv": [16, 6.75, 16, 8.25], "texture": "#hardened clay stained lime", "cullface": "west"},
				"south": {"uv": [0, 6.75, 0, 8.25], "texture": "#hardened clay stained lime", "cullface": "west"},
				"west": {"uv": [7, 6.75, 9, 8.25], "texture": "#hardened clay stained lime", "cullface": "west"},
				"up": {"uv": [0, 7, 0, 9], "texture": "#hardened clay stained lime", "cullface": "west"},
				"down": {"uv": [16, 9, 16, 7], "texture": "#hardened clay stained lime", "cullface": "west"}
			}
		},
		{
			"from": [-13, 7.5, 7.25],
			"to": [-12.25, 9.5, 8.75],
			"faces": {
				"north": {"uv": [16, 6.5, 16, 8.5], "texture": "#hardened clay stained lime", "cullface": "west"},
				"south": {"uv": [0, 6.5, 0, 8.5], "texture": "#hardened clay stained lime", "cullface": "west"},
				"west": {"uv": [7.25, 6.5, 8.75, 8.5], "texture": "#hardened clay stained lime", "cullface": "west"},
				"up": {"uv": [0, 7.25, 0, 8.75], "texture": "#hardened clay stained lime", "cullface": "west"},
				"down": {"uv": [16, 8.75, 16, 7.25], "texture": "#hardened clay stained lime", "cullface": "west"}
			}
		},
		{
			"from": [-8.75, 7.25, 7.5],
			"to": [-8, 9.75, 8.5],
			"faces": {
				"north": {"uv": [16, 6.25, 16, 8.75], "texture": "#hardened clay stained lime", "cullface": "west"},
				"east": {"uv": [7.5, 6.25, 8.5, 8.75], "texture": "#hardened clay stained lime", "cullface": "west"},
				"south": {"uv": [0, 6.25, 0, 8.75], "texture": "#hardened clay stained lime", "cullface": "west"},
				"up": {"uv": [0, 7.5, 0, 8.5], "texture": "#hardened clay stained lime", "cullface": "west"},
				"down": {"uv": [16, 8.5, 16, 7.5], "texture": "#hardened clay stained lime", "cullface": "west"}
			}
		},
		{
			"from": [-12.25, 8, 6.75],
			"to": [-11.5, 9, 9.25],
			"faces": {
				"north": {"uv": [16, 7, 16, 8], "texture": "#hardened clay stained lime", "cullface": "west"},
				"south": {"uv": [0, 7, 0, 8], "texture": "#hardened clay stained lime", "cullface": "west"},
				"west": {"uv": [6.75, 7, 9.25, 8], "texture": "#hardened clay stained lime", "cullface": "west"},
				"up": {"uv": [0, 6.75, 0, 9.25], "texture": "#hardened clay stained lime", "cullface": "west"},
				"down": {"uv": [16, 9.25, 16, 6.75], "texture": "#hardened clay stained lime", "cullface": "west"}
			}
		},
		{
			"from": [-12.25, 7.5, 7],
			"to": [-11.5, 9.5, 9],
			"faces": {
				"north": {"uv": [16, 6.5, 16, 8.5], "texture": "#hardened clay stained lime", "cullface": "west"},
				"south": {"uv": [0, 6.5, 0, 8.5], "texture": "#hardened clay stained lime", "cullface": "west"},
				"west": {"uv": [7, 6.5, 9, 8.5], "texture": "#hardened clay stained lime", "cullface": "west"},
				"up": {"uv": [0, 7, 0, 9], "texture": "#hardened clay stained lime", "cullface": "west"},
				"down": {"uv": [16, 9, 16, 7], "texture": "#hardened clay stained lime", "cullface": "west"}
			}
		},
		{
			"from": [-9.5, 7, 7.75],
			"to": [-8.75, 10, 8.25],
			"faces": {
				"north": {"uv": [16, 6, 16, 9], "texture": "#hardened clay stained lime", "cullface": "west"},
				"east": {"uv": [7.75, 6, 8.25, 9], "texture": "#hardened clay stained lime", "cullface": "west"},
				"south": {"uv": [0, 6, 0, 9], "texture": "#hardened clay stained lime", "cullface": "west"},
				"up": {"uv": [0, 7.75, 0, 8.25], "texture": "#hardened clay stained lime", "cullface": "west"},
				"down": {"uv": [16, 8.25, 16, 7.75], "texture": "#hardened clay stained lime", "cullface": "west"}
			}
		},
		{
			"from": [-9.5, 8.25, 6.5],
			"to": [-8.75, 8.75, 9.5],
			"faces": {
				"north": {"uv": [16, 7.25, 16, 7.75], "texture": "#hardened clay stained lime", "cullface": "west"},
				"east": {"uv": [6.5, 7.25, 9.5, 7.75], "texture": "#hardened clay stained lime", "cullface": "west"},
				"south": {"uv": [0, 7.25, 0, 7.75], "texture": "#hardened clay stained lime", "cullface": "west"},
				"up": {"uv": [0, 6.5, 0, 9.5], "texture": "#hardened clay stained lime", "cullface": "west"},
				"down": {"uv": [16, 9.5, 16, 6.5], "texture": "#hardened clay stained lime", "cullface": "west"}
			}
		},
		{
			"from": [-9.5, 7.25, 7.25],
			"to": [-8.75, 9.75, 8.75],
			"faces": {
				"north": {"uv": [16, 6.25, 16, 8.75], "texture": "#hardened clay stained lime", "cullface": "west"},
				"east": {"uv": [7.25, 6.25, 8.75, 8.75], "texture": "#hardened clay stained lime", "cullface": "west"},
				"south": {"uv": [0, 6.25, 0, 8.75], "texture": "#hardened clay stained lime", "cullface": "west"},
				"up": {"uv": [0, 7.25, 0, 8.75], "texture": "#hardened clay stained lime", "cullface": "west"},
				"down": {"uv": [16, 8.75, 16, 7.25], "texture": "#hardened clay stained lime", "cullface": "west"}
			}
		},
		{
			"from": [-9.5, 7.75, 6.75],
			"to": [-8.75, 9.25, 9.25],
			"faces": {
				"north": {"uv": [16, 6.75, 16, 8.25], "texture": "#hardened clay stained lime", "cullface": "west"},
				"east": {"uv": [6.75, 6.75, 9.25, 8.25], "texture": "#hardened clay stained lime", "cullface": "west"},
				"south": {"uv": [0, 6.75, 0, 8.25], "texture": "#hardened clay stained lime", "cullface": "west"},
				"up": {"uv": [0, 6.75, 0, 9.25], "texture": "#hardened clay stained lime", "cullface": "west"},
				"down": {"uv": [16, 9.25, 16, 6.75], "texture": "#hardened clay stained lime", "cullface": "west"}
			}
		},
		{
			"from": [-11.5, 7.5, 7],
			"to": [-10.75, 9.5, 9],
			"faces": {
				"north": {"uv": [16, 6.5, 16, 8.5], "texture": "#hardened clay stained lime", "cullface": "west"},
				"south": {"uv": [0, 6.5, 0, 8.5], "texture": "#hardened clay stained lime", "cullface": "west"},
				"up": {"uv": [0, 7, 0, 9], "texture": "#hardened clay stained lime", "cullface": "west"},
				"down": {"uv": [16, 9, 16, 7], "texture": "#hardened clay stained lime", "cullface": "west"}
			}
		},
		{
			"from": [-10.75, 6.75, 7.5],
			"to": [-9.5, 10.25, 8.5],
			"faces": {
				"north": {"uv": [16, 5.75, 16, 9.25], "texture": "#hardened clay stained lime", "cullface": "west"},
				"east": {"uv": [7.5, 5.75, 8.5, 9.25], "texture": "#hardened clay stained lime", "cullface": "west"},
				"south": {"uv": [0, 5.75, 0, 9.25], "texture": "#hardened clay stained lime", "cullface": "west"},
				"west": {"uv": [7.5, 5.75, 8.5, 9.25], "texture": "#hardened clay stained lime", "cullface": "west"},
				"up": {"uv": [0, 7.5, 0, 8.5], "texture": "#hardened clay stained lime", "cullface": "west"},
				"down": {"uv": [16, 8.5, 16, 7.5], "texture": "#hardened clay stained lime", "cullface": "west"}
			}
		},
		{
			"from": [-10.75, 8, 6.25],
			"to": [-9.5, 9, 9.75],
			"faces": {
				"north": {"uv": [16, 7, 16, 8], "texture": "#hardened clay stained lime", "cullface": "west"},
				"east": {"uv": [6.25, 7, 9.75, 8], "texture": "#hardened clay stained lime", "cullface": "west"},
				"south": {"uv": [0, 7, 0, 8], "texture": "#hardened clay stained lime", "cullface": "west"},
				"west": {"uv": [6.25, 7, 9.75, 8], "texture": "#hardened clay stained lime", "cullface": "west"},
				"up": {"uv": [0, 6.25, 0, 9.75], "texture": "#hardened clay stained lime", "cullface": "west"},
				"down": {"uv": [16, 9.75, 16, 6.25], "texture": "#hardened clay stained lime", "cullface": "west"}
			}
		},
		{
			"from": [-10.75, 7, 7],
			"to": [-9.5, 10, 9],
			"faces": {
				"north": {"uv": [16, 6, 16, 9], "texture": "#hardened clay stained lime", "cullface": "west"},
				"east": {"uv": [7, 6, 9, 9], "texture": "#hardened clay stained lime", "cullface": "west"},
				"south": {"uv": [0, 6, 0, 9], "texture": "#hardened clay stained lime", "cullface": "west"},
				"west": {"uv": [7, 6, 9, 9], "texture": "#hardened clay stained lime", "cullface": "west"},
				"up": {"uv": [0, 7, 0, 9], "texture": "#hardened clay stained lime", "cullface": "west"},
				"down": {"uv": [16, 9, 16, 7], "texture": "#hardened clay stained lime", "cullface": "west"}
			}
		},
		{
			"from": [-10.75, 7.5, 6.5],
			"to": [-9.5, 9.5, 9.5],
			"faces": {
				"north": {"uv": [16, 6.5, 16, 8.5], "texture": "#hardened clay stained lime", "cullface": "west"},
				"east": {"uv": [6.5, 6.5, 9.5, 8.5], "texture": "#hardened clay stained lime", "cullface": "west"},
				"south": {"uv": [0, 6.5, 0, 8.5], "texture": "#hardened clay stained lime", "cullface": "west"},
				"west": {"uv": [6.5, 6.5, 9.5, 8.5], "texture": "#hardened clay stained lime", "cullface": "west"},
				"up": {"uv": [0, 6.5, 0, 9.5], "texture": "#hardened clay stained lime", "cullface": "west"},
				"down": {"uv": [16, 9.5, 16, 6.5], "texture": "#hardened clay stained lime", "cullface": "west"}
			}
		},
		{
			"from": [-10.75, 7.25, 6.75],
			"to": [-9.5, 9.75, 9.25],
			"faces": {
				"north": {"uv": [16, 6.25, 16, 8.75], "texture": "#hardened clay stained lime", "cullface": "west"},
				"east": {"uv": [6.75, 6.25, 9.25, 8.75], "texture": "#hardened clay stained lime", "cullface": "west"},
				"south": {"uv": [0, 6.25, 0, 8.75], "texture": "#hardened clay stained lime", "cullface": "west"},
				"west": {"uv": [6.75, 6.25, 9.25, 8.75], "texture": "#hardened clay stained lime", "cullface": "west"},
				"up": {"uv": [0, 6.75, 0, 9.25], "texture": "#hardened clay stained lime", "cullface": "west"},
				"down": {"uv": [16, 9.25, 16, 6.75], "texture": "#hardened clay stained lime", "cullface": "west"}
			}
		},
		{
			"from": [-7.25, 7.5, 7.75],
			"to": [-6.5, 9.5, 8.25],
			"faces": {
				"north": {"uv": [16, 6.5, 16, 8.5], "texture": "#hardened clay stained lime", "cullface": "west"},
				"east": {"uv": [7.75, 6.5, 8.25, 8.5], "texture": "#hardened clay stained lime", "cullface": "west"},
				"south": {"uv": [0, 6.5, 0, 8.5], "texture": "#hardened clay stained lime", "cullface": "west"},
				"up": {"uv": [0, 7.75, 0, 8.25], "texture": "#hardened clay stained lime", "cullface": "west"},
				"down": {"uv": [16, 8.25, 16, 7.75], "texture": "#hardened clay stained lime", "cullface": "west"}
			}
		},
		{
			"from": [-7.25, 8.25, 7],
			"to": [-6.5, 8.75, 9],
			"faces": {
				"north": {"uv": [16, 7.25, 16, 7.75], "texture": "#hardened clay stained lime", "cullface": "west"},
				"east": {"uv": [7, 7.25, 9, 7.75], "texture": "#hardened clay stained lime", "cullface": "west"},
				"south": {"uv": [0, 7.25, 0, 7.75], "texture": "#hardened clay stained lime", "cullface": "west"},
				"up": {"uv": [0, 7, 0, 9], "texture": "#hardened clay stained lime", "cullface": "west"},
				"down": {"uv": [16, 9, 16, 7], "texture": "#hardened clay stained lime", "cullface": "west"}
			}
		},
		{
			"from": [-7.25, 7.75, 7.25],
			"to": [-6.5, 9.25, 8.75],
			"faces": {
				"north": {"uv": [16, 6.75, 16, 8.25], "texture": "#hardened clay stained lime", "cullface": "west"},
				"east": {"uv": [7.25, 6.75, 8.75, 8.25], "texture": "#hardened clay stained lime", "cullface": "west"},
				"south": {"uv": [0, 6.75, 0, 8.25], "texture": "#hardened clay stained lime", "cullface": "west"},
				"up": {"uv": [0, 7.25, 0, 8.75], "texture": "#hardened clay stained lime", "cullface": "west"},
				"down": {"uv": [16, 8.75, 16, 7.25], "texture": "#hardened clay stained lime", "cullface": "west"}
			}
		},
		{
			"from": [-8, 7.25, 7.75],
			"to": [-7.25, 9.75, 8.25],
			"faces": {
				"north": {"uv": [16, 6.25, 16, 8.75], "texture": "#hardened clay stained lime", "cullface": "west"},
				"east": {"uv": [7.75, 6.25, 8.25, 8.75], "texture": "#hardened clay stained lime", "cullface": "west"},
				"south": {"uv": [0, 6.25, 0, 8.75], "texture": "#hardened clay stained lime", "cullface": "west"},
				"up": {"uv": [0, 7.75, 0, 8.25], "texture": "#hardened clay stained lime", "cullface": "west"},
				"down": {"uv": [16, 8.25, 16, 7.75], "texture": "#hardened clay stained lime", "cullface": "west"}
			}
		},
		{
			"from": [-13, 8.25, 6.75],
			"to": [-12.25, 8.75, 9.25],
			"faces": {
				"north": {"uv": [16, 7.25, 16, 7.75], "texture": "#hardened clay stained lime", "cullface": "west"},
				"south": {"uv": [0, 7.25, 0, 7.75], "texture": "#hardened clay stained lime", "cullface": "west"},
				"west": {"uv": [6.75, 7.25, 9.25, 7.75], "texture": "#hardened clay stained lime", "cullface": "west"},
				"up": {"uv": [0, 6.75, 0, 9.25], "texture": "#hardened clay stained lime", "cullface": "west"},
				"down": {"uv": [16, 9.25, 16, 6.75], "texture": "#hardened clay stained lime", "cullface": "west"}
			}
		},
		{
			"from": [-8, 7.75, 7],
			"to": [-7.25, 9.25, 9],
			"faces": {
				"north": {"uv": [16, 6.75, 16, 8.25], "texture": "#hardened clay stained lime", "cullface": "west"},
				"east": {"uv": [7, 6.75, 9, 8.25], "texture": "#hardened clay stained lime", "cullface": "west"},
				"south": {"uv": [0, 6.75, 0, 8.25], "texture": "#hardened clay stained lime", "cullface": "west"},
				"up": {"uv": [0, 7, 0, 9], "texture": "#hardened clay stained lime", "cullface": "west"},
				"down": {"uv": [16, 9, 16, 7], "texture": "#hardened clay stained lime", "cullface": "west"}
			}
		},
		{
			"from": [-8, 7.5, 7.25],
			"to": [-7.25, 9.5, 8.75],
			"faces": {
				"north": {"uv": [16, 6.5, 16, 8.5], "texture": "#hardened clay stained lime", "cullface": "west"},
				"east": {"uv": [7.25, 6.5, 8.75, 8.5], "texture": "#hardened clay stained lime", "cullface": "west"},
				"south": {"uv": [0, 6.5, 0, 8.5], "texture": "#hardened clay stained lime", "cullface": "west"},
				"up": {"uv": [0, 7.25, 0, 8.75], "texture": "#hardened clay stained lime", "cullface": "west"},
				"down": {"uv": [16, 8.75, 16, 7.25], "texture": "#hardened clay stained lime", "cullface": "west"}
			}
		},
		{
			"from": [-12.25, 7.25, 7.5],
			"to": [-11.5, 9.75, 8.5],
			"faces": {
				"north": {"uv": [16, 6.25, 16, 8.75], "texture": "#hardened clay stained lime", "cullface": "west"},
				"south": {"uv": [0, 6.25, 0, 8.75], "texture": "#hardened clay stained lime", "cullface": "west"},
				"west": {"uv": [7.5, 6.25, 8.5, 8.75], "texture": "#hardened clay stained lime", "cullface": "west"},
				"up": {"uv": [0, 7.5, 0, 8.5], "texture": "#hardened clay stained lime", "cullface": "west"},
				"down": {"uv": [16, 8.5, 16, 7.5], "texture": "#hardened clay stained lime", "cullface": "west"}
			}
		},
		{
			"from": [-8.75, 8, 6.75],
			"to": [-8, 9, 9.25],
			"faces": {
				"north": {"uv": [16, 7, 16, 8], "texture": "#hardened clay stained lime", "cullface": "west"},
				"east": {"uv": [6.75, 7, 9.25, 8], "texture": "#hardened clay stained lime", "cullface": "west"},
				"south": {"uv": [0, 7, 0, 8], "texture": "#hardened clay stained lime", "cullface": "west"},
				"up": {"uv": [0, 6.75, 0, 9.25], "texture": "#hardened clay stained lime", "cullface": "west"},
				"down": {"uv": [16, 9.25, 16, 6.75], "texture": "#hardened clay stained lime", "cullface": "west"}
			}
		},
		{
			"from": [-8.75, 7.5, 7],
			"to": [-8, 9.5, 9],
			"faces": {
				"north": {"uv": [16, 6.5, 16, 8.5], "texture": "#hardened clay stained lime", "cullface": "west"},
				"east": {"uv": [7, 6.5, 9, 8.5], "texture": "#hardened clay stained lime", "cullface": "west"},
				"south": {"uv": [0, 6.5, 0, 8.5], "texture": "#hardened clay stained lime", "cullface": "west"},
				"up": {"uv": [0, 7, 0, 9], "texture": "#hardened clay stained lime", "cullface": "west"},
				"down": {"uv": [16, 9, 16, 7], "texture": "#hardened clay stained lime", "cullface": "west"}
			}
		},
		{
			"from": [-11.5, 7, 7.75],
			"to": [-10.75, 10, 8.25],
			"faces": {
				"north": {"uv": [16, 6, 16, 9], "texture": "#hardened clay stained lime", "cullface": "west"},
				"south": {"uv": [0, 6, 0, 9], "texture": "#hardened clay stained lime", "cullface": "west"},
				"west": {"uv": [7.75, 6, 8.25, 9], "texture": "#hardened clay stained lime", "cullface": "west"},
				"up": {"uv": [0, 7.75, 0, 8.25], "texture": "#hardened clay stained lime", "cullface": "west"},
				"down": {"uv": [16, 8.25, 16, 7.75], "texture": "#hardened clay stained lime", "cullface": "west"}
			}
		},
		{
			"from": [-11.5, 8.25, 6.5],
			"to": [-10.75, 8.75, 9.5],
			"faces": {
				"north": {"uv": [16, 7.25, 16, 7.75], "texture": "#hardened clay stained lime", "cullface": "west"},
				"south": {"uv": [0, 7.25, 0, 7.75], "texture": "#hardened clay stained lime", "cullface": "west"},
				"west": {"uv": [6.5, 7.25, 9.5, 7.75], "texture": "#hardened clay stained lime", "cullface": "west"},
				"up": {"uv": [0, 6.5, 0, 9.5], "texture": "#hardened clay stained lime", "cullface": "west"},
				"down": {"uv": [16, 9.5, 16, 6.5], "texture": "#hardened clay stained lime", "cullface": "west"}
			}
		},
		{
			"from": [-11.5, 7.25, 7.25],
			"to": [-10.75, 9.75, 8.75],
			"faces": {
				"north": {"uv": [16, 6.25, 16, 8.75], "texture": "#hardened clay stained lime", "cullface": "west"},
				"south": {"uv": [0, 6.25, 0, 8.75], "texture": "#hardened clay stained lime", "cullface": "west"},
				"west": {"uv": [7.25, 6.25, 8.75, 8.75], "texture": "#hardened clay stained lime", "cullface": "west"},
				"up": {"uv": [0, 7.25, 0, 8.75], "texture": "#hardened clay stained lime", "cullface": "west"},
				"down": {"uv": [16, 8.75, 16, 7.25], "texture": "#hardened clay stained lime", "cullface": "west"}
			}
		},
		{
			"from": [-11.5, 7.75, 6.75],
			"to": [-10.75, 9.25, 9.25],
			"faces": {
				"north": {"uv": [16, 6.75, 16, 8.25], "texture": "#hardened clay stained lime", "cullface": "west"},
				"south": {"uv": [0, 6.75, 0, 8.25], "texture": "#hardened clay stained lime", "cullface": "west"},
				"west": {"uv": [6.75, 6.75, 9.25, 8.25], "texture": "#hardened clay stained lime", "cullface": "west"},
				"up": {"uv": [0, 6.75, 0, 9.25], "texture": "#hardened clay stained lime", "cullface": "west"},
				"down": {"uv": [16, 9.25, 16, 6.75], "texture": "#hardened clay stained lime", "cullface": "west"}
			}
		},
		{
			"from": [-9.5, 7.5, 7],
			"to": [-8.75, 9.5, 9],
			"faces": {
				"north": {"uv": [16, 6.5, 16, 8.5], "texture": "#hardened clay stained lime", "cullface": "west"},
				"south": {"uv": [0, 6.5, 0, 8.5], "texture": "#hardened clay stained lime", "cullface": "west"},
				"up": {"uv": [0, 7, 0, 9], "texture": "#hardened clay stained lime", "cullface": "west"},
				"down": {"uv": [16, 9, 16, 7], "texture": "#hardened clay stained lime", "cullface": "west"}
			}
		},
		{
			"from": [-14.5, 7.75, 7.5],
			"to": [-13.75, 9.25, 8.5],
			"faces": {
				"north": {"uv": [16, 6.75, 16, 8.25], "texture": "#hardened clay stained lime", "cullface": "west"},
				"south": {"uv": [0, 6.75, 0, 8.25], "texture": "#hardened clay stained lime", "cullface": "west"},
				"west": {"uv": [7.5, 6.75, 8.5, 8.25], "texture": "#hardened clay stained lime", "cullface": "west"},
				"up": {"uv": [0, 7.5, 0, 8.5], "texture": "#hardened clay stained lime", "cullface": "west"},
				"down": {"uv": [16, 8.5, 16, 7.5], "texture": "#hardened clay stained lime", "cullface": "west"}
			}
		},
		{
			"from": [-14.5, 8, 7.25],
			"to": [-13.75, 9, 8.75],
			"faces": {
				"north": {"uv": [16, 7, 16, 8], "texture": "#hardened clay stained lime", "cullface": "west"},
				"south": {"uv": [0, 7, 0, 8], "texture": "#hardened clay stained lime", "cullface": "west"},
				"west": {"uv": [7.25, 7, 8.75, 8], "texture": "#hardened clay stained lime", "cullface": "west"},
				"up": {"uv": [0, 7.25, 0, 8.75], "texture": "#hardened clay stained lime", "cullface": "west"},
				"down": {"uv": [16, 8.75, 16, 7.25], "texture": "#hardened clay stained lime", "cullface": "west"}
			}
		},
		{
			"from": [-15.25, 8, 7.75],
			"to": [-14.5, 9, 8.25],
			"faces": {
				"north": {"uv": [16, 7, 16, 8], "texture": "#hardened clay stained lime", "cullface": "west"},
				"south": {"uv": [0, 7, 0, 8], "texture": "#hardened clay stained lime", "cullface": "west"},
				"west": {"uv": [7.75, 7, 8.25, 8], "texture": "#hardened clay stained lime", "cullface": "west"},
				"up": {"uv": [0, 7.75, 0, 8.25], "texture": "#hardened clay stained lime", "cullface": "west"},
				"down": {"uv": [16, 8.25, 16, 7.75], "texture": "#hardened clay stained lime", "cullface": "west"}
			}
		},
		{
			"from": [-15.25, 8.25, 7.5],
			"to": [-14.5, 8.75, 8.5],
			"faces": {
				"north": {"uv": [16, 7.25, 16, 7.75], "texture": "#hardened clay stained lime", "cullface": "west"},
				"south": {"uv": [0, 7.25, 0, 7.75], "texture": "#hardened clay stained lime", "cullface": "west"},
				"west": {"uv": [7.5, 7.25, 8.5, 7.75], "texture": "#hardened clay stained lime", "cullface": "west"},
				"up": {"uv": [0, 7.5, 0, 8.5], "texture": "#hardened clay stained lime", "cullface": "west"},
				"down": {"uv": [16, 8.5, 16, 7.5], "texture": "#hardened clay stained lime", "cullface": "west"}
			}
		},
		{
			"from": [-16, 8.25, 7.75],
			"to": [-15.25, 8.75, 8.25],
			"faces": {
				"north": {"uv": [16, 7.25, 16, 7.75], "texture": "#hardened clay stained lime", "cullface": "west"},
				"south": {"uv": [0, 7.25, 0, 7.75], "texture": "#hardened clay stained lime", "cullface": "west"},
				"west": {"uv": [7.75, 7.25, 8.25, 7.75], "texture": "#hardened clay stained lime", "cullface": "west"},
				"up": {"uv": [0, 7.75, 0, 8.25], "texture": "#hardened clay stained lime", "cullface": "west"},
				"down": {"uv": [16, 8.25, 16, 7.75], "texture": "#hardened clay stained lime", "cullface": "west"}
			}
		},
		{
			"from": [11.5, 6.75, 7.25],
			"to": [19.75, 10.25, 8.75],
			"faces": {
				"north": {"uv": [7, 1, 8, 2], "texture": "#5", "cullface": "east"},
				"east": {"uv": [7, 1, 8, 2], "texture": "#5", "cullface": "east"},
				"south": {"uv": [7, 1, 8, 2], "texture": "#5", "cullface": "east"},
				"west": {"uv": [7, 1, 8, 2], "texture": "#5", "cullface": "east"},
				"up": {"uv": [7, 1, 8, 2], "texture": "#5", "cullface": "east"},
				"down": {"uv": [7, 1, 8, 2], "texture": "#5", "cullface": "east"}
			}
		},
		{
			"from": [11.5, 7.75, 6.25],
			"to": [19.75, 9.25, 9.75],
			"faces": {
				"north": {"uv": [7, 1, 8, 2], "texture": "#5", "cullface": "east"},
				"east": {"uv": [7, 1, 8, 2], "texture": "#5", "cullface": "east"},
				"south": {"uv": [7, 1, 8, 2], "texture": "#5", "cullface": "east"},
				"west": {"uv": [7, 1, 8, 2], "texture": "#5", "cullface": "east"},
				"up": {"uv": [7, 1, 8, 2], "texture": "#5", "cullface": "east"},
				"down": {"uv": [7, 1, 8, 2], "texture": "#5", "cullface": "east"}
			}
		},
		{
			"from": [11.5, 7.25, 6.5],
			"to": [19.75, 9.75, 9.5],
			"faces": {
				"north": {"uv": [7, 1, 8, 2], "texture": "#5", "cullface": "east"},
				"east": {"uv": [7, 1, 8, 2], "texture": "#5", "cullface": "east"},
				"south": {"uv": [7, 1, 8, 2], "texture": "#5", "cullface": "east"},
				"west": {"uv": [7, 1, 8, 2], "texture": "#5", "cullface": "east"},
				"up": {"uv": [7, 1, 8, 2], "texture": "#5", "cullface": "east"},
				"down": {"uv": [7, 1, 8, 2], "texture": "#5", "cullface": "east"}
			}
		},
		{
			"from": [11.5, 7, 6.75],
			"to": [19.75, 10, 9.25],
			"faces": {
				"north": {"uv": [7, 1, 8, 2], "texture": "#5", "cullface": "east"},
				"east": {"uv": [7, 1, 8, 2], "texture": "#5", "cullface": "east"},
				"south": {"uv": [7, 1, 8, 2], "texture": "#5", "cullface": "east"},
				"west": {"uv": [7, 1, 8, 2], "texture": "#5", "cullface": "east"},
				"up": {"uv": [7, 1, 8, 2], "texture": "#5", "cullface": "east"},
				"down": {"uv": [7, 1, 8, 2], "texture": "#5", "cullface": "east"}
			}
		},
		{
			"from": [19.75, 7.25, 7.5],
			"to": [26.5, 9.75, 8.5],
			"faces": {
				"north": {"uv": [0, 6.25, 0, 8.75], "texture": "#texture", "cullface": "east"},
				"south": {"uv": [16, 6.25, 16, 8.75], "texture": "#texture", "cullface": "east"},
				"up": {"uv": [16, 7.5, 16, 8.5], "texture": "#texture", "cullface": "east"},
				"down": {"uv": [0, 8.5, 0, 7.5], "texture": "#texture", "cullface": "east"}
			}
		},
		{
			"from": [19.75, 8, 6.75],
			"to": [26.5, 9, 9.25],
			"faces": {
				"north": {"uv": [0, 7, 0, 8], "texture": "#texture", "cullface": "east"},
				"south": {"uv": [16, 7, 16, 8], "texture": "#texture", "cullface": "east"},
				"up": {"uv": [16, 6.75, 16, 9.25], "texture": "#texture", "cullface": "east"},
				"down": {"uv": [0, 9.25, 0, 6.75], "texture": "#texture", "cullface": "east"}
			}
		},
		{
			"from": [19.75, 7.5, 7],
			"to": [26.5, 9.5, 9],
			"faces": {
				"north": {"uv": [0, 6.5, 0, 8.5], "texture": "#texture", "cullface": "east"},
				"east": {"uv": [7, 6.5, 9, 8.5], "texture": "#texture", "cullface": "east"},
				"south": {"uv": [16, 6.5, 16, 8.5], "texture": "#texture", "cullface": "east"},
				"up": {"uv": [16, 7, 16, 9], "texture": "#texture", "cullface": "east"},
				"down": {"uv": [0, 9, 0, 7], "texture": "#texture", "cullface": "east"}
			}
		},
		{
			"from": [26.5, 7.75, 6.75],
			"to": [27.25, 9.25, 9.25],
			"faces": {
				"north": {"uv": [0, 6.75, 0, 8.25], "texture": "#texture", "cullface": "east"},
				"south": {"uv": [16, 6.75, 16, 8.25], "texture": "#texture", "cullface": "east"},
				"west": {"uv": [6.75, 6.75, 9.25, 8.25], "texture": "#texture", "cullface": "east"},
				"up": {"uv": [16, 6.75, 16, 9.25], "texture": "#texture", "cullface": "east"},
				"down": {"uv": [0, 9.25, 0, 6.75], "texture": "#texture", "cullface": "east"}
			}
		},
		{
			"from": [27.25, 7.5, 6.5],
			"to": [28, 9.5, 9.5],
			"faces": {
				"north": {"uv": [0, 6.5, 0, 8.5], "texture": "#texture", "cullface": "east"},
				"south": {"uv": [16, 6.5, 16, 8.5], "texture": "#texture", "cullface": "east"},
				"west": {"uv": [6.5, 6.5, 9.5, 8.5], "texture": "#texture", "cullface": "east"},
				"up": {"uv": [16, 6.5, 16, 9.5], "texture": "#texture", "cullface": "east"},
				"down": {"uv": [0, 9.5, 0, 6.5], "texture": "#texture", "cullface": "east"}
			}
		},
		{
			"from": [28.75, 7, 6],
			"to": [29.5, 10, 10],
			"faces": {
				"north": {"uv": [0, 6, 0, 9], "texture": "#texture", "cullface": "east"},
				"south": {"uv": [16, 6, 16, 9], "texture": "#texture", "cullface": "east"},
				"west": {"uv": [6, 6, 10, 9], "texture": "#texture", "cullface": "east"},
				"up": {"uv": [16, 6, 16, 10], "texture": "#texture", "cullface": "east"},
				"down": {"uv": [0, 10, 0, 6], "texture": "#texture", "cullface": "east"}
			}
		},
		{
			"from": [27.25, 7, 7],
			"to": [28, 10, 9],
			"faces": {
				"north": {"uv": [0, 6, 0, 9], "texture": "#texture", "cullface": "east"},
				"south": {"uv": [16, 6, 16, 9], "texture": "#texture", "cullface": "east"},
				"west": {"uv": [7, 6, 9, 9], "texture": "#texture", "cullface": "east"},
				"up": {"uv": [16, 7, 16, 9], "texture": "#texture", "cullface": "east"},
				"down": {"uv": [0, 9, 0, 7], "texture": "#texture", "cullface": "east"}
			}
		},
		{
			"from": [28, 6.75, 6.75],
			"to": [28.75, 10.25, 9.25],
			"faces": {
				"north": {"uv": [0, 5.75, 0, 9.25], "texture": "#texture", "cullface": "east"},
				"south": {"uv": [16, 5.75, 16, 9.25], "texture": "#texture", "cullface": "east"},
				"west": {"uv": [6.75, 5.75, 9.25, 9.25], "texture": "#texture", "cullface": "east"},
				"up": {"uv": [16, 6.75, 16, 9.25], "texture": "#texture", "cullface": "east"},
				"down": {"uv": [0, 9.25, 0, 6.75], "texture": "#texture", "cullface": "east"}
			}
		},
		{
			"from": [29.5, 6.25, 6.25],
			"to": [30.25, 10.75, 9.75],
			"faces": {
				"north": {"uv": [0, 5.25, 0, 9.75], "texture": "#texture", "cullface": "east"},
				"south": {"uv": [16, 5.25, 16, 9.75], "texture": "#texture", "cullface": "east"},
				"west": {"uv": [6.25, 5.25, 9.75, 9.75], "texture": "#texture", "cullface": "east"},
				"up": {"uv": [16, 6.25, 16, 9.75], "texture": "#texture", "cullface": "east"},
				"down": {"uv": [0, 9.75, 0, 6.25], "texture": "#texture", "cullface": "east"}
			}
		},
		{
			"from": [30.25, 6.5, 5.5],
			"to": [31, 10.5, 10.5],
			"faces": {
				"north": {"uv": [0, 5.5, 0, 9.5], "texture": "#texture", "cullface": "east"},
				"east": {"uv": [5.5, 5.5, 10.5, 9.5], "texture": "#texture", "cullface": "east"},
				"south": {"uv": [16, 5.5, 16, 9.5], "texture": "#texture", "cullface": "east"},
				"west": {"uv": [5.5, 5.5, 10.5, 9.5], "texture": "#texture", "cullface": "east"},
				"up": {"uv": [16, 5.5, 16, 10.5], "texture": "#texture", "cullface": "east"},
				"down": {"uv": [0, 10.5, 0, 5.5], "texture": "#texture", "cullface": "east"}
			}
		},
		{
			"from": [30.25, 6, 6],
			"to": [31, 11, 10],
			"faces": {
				"north": {"uv": [0, 5, 0, 10], "texture": "#texture", "cullface": "east"},
				"east": {"uv": [6, 5, 10, 10], "texture": "#texture", "cullface": "east"},
				"south": {"uv": [16, 5, 16, 10], "texture": "#texture", "cullface": "east"},
				"west": {"uv": [6, 5, 10, 10], "texture": "#texture", "cullface": "east"},
				"up": {"uv": [16, 6, 16, 10], "texture": "#texture", "cullface": "east"},
				"down": {"uv": [0, 10, 0, 6], "texture": "#texture", "cullface": "east"}
			}
		},
		{
			"from": [28.75, 6.5, 6.5],
			"to": [29.5, 10.5, 9.5],
			"faces": {
				"north": {"uv": [0, 5.5, 0, 9.5], "texture": "#texture", "cullface": "east"},
				"south": {"uv": [16, 5.5, 16, 9.5], "texture": "#texture", "cullface": "east"},
				"west": {"uv": [6.5, 5.5, 9.5, 9.5], "texture": "#texture", "cullface": "east"},
				"up": {"uv": [16, 6.5, 16, 9.5], "texture": "#texture", "cullface": "east"},
				"down": {"uv": [0, 9.5, 0, 6.5], "texture": "#texture", "cullface": "east"}
			}
		},
		{
			"from": [28, 7.25, 6.25],
			"to": [28.75, 9.75, 9.75],
			"faces": {
				"north": {"uv": [0, 6.25, 0, 8.75], "texture": "#texture", "cullface": "east"},
				"south": {"uv": [16, 6.25, 16, 8.75], "texture": "#texture", "cullface": "east"},
				"west": {"uv": [6.25, 6.25, 9.75, 8.75], "texture": "#texture", "cullface": "east"},
				"up": {"uv": [16, 6.25, 16, 9.75], "texture": "#texture", "cullface": "east"},
				"down": {"uv": [0, 9.75, 0, 6.25], "texture": "#texture", "cullface": "east"}
			}
		},
		{
			"from": [26.5, 7.25, 7.25],
			"to": [27.25, 9.75, 8.75],
			"faces": {
				"north": {"uv": [0, 6.25, 0, 8.75], "texture": "#texture", "cullface": "east"},
				"south": {"uv": [16, 6.25, 16, 8.75], "texture": "#texture", "cullface": "east"},
				"west": {"uv": [7.25, 6.25, 8.75, 8.75], "texture": "#texture", "cullface": "east"},
				"up": {"uv": [16, 7.25, 16, 8.75], "texture": "#texture", "cullface": "east"},
				"down": {"uv": [0, 8.75, 0, 7.25], "texture": "#texture", "cullface": "east"}
			}
		},
		{
			"from": [31, 10.5, 6.5],
			"to": [32, 11.25, 9.5],
			"faces": {
				"north": {"uv": [0, 4.75, 0, 5.5], "texture": "#texture", "cullface": "east"},
				"east": {"uv": [6.5, 4.75, 9.5, 5.5], "texture": "#texture", "cullface": "east"},
				"south": {"uv": [16, 4.75, 16, 5.5], "texture": "#texture", "cullface": "east"},
				"west": {"uv": [6.5, 4.75, 9.5, 5.5], "texture": "#texture", "cullface": "east"},
				"up": {"uv": [16, 6.5, 16, 9.5], "texture": "#texture", "cullface": "east"},
				"down": {"uv": [0, 9.5, 0, 6.5], "texture": "#texture", "cullface": "east"}
			}
		},
		{
			"from": [31, 7, 5.25],
			"to": [32, 10, 6],
			"faces": {
				"north": {"uv": [0, 6, 0, 9], "texture": "#texture", "cullface": "east"},
				"east": {"uv": [10, 6, 10.75, 9], "texture": "#texture", "cullface": "east"},
				"south": {"uv": [16, 6, 16, 9], "texture": "#texture", "cullface": "east"},
				"west": {"uv": [5.25, 6, 6, 9], "texture": "#texture", "cullface": "east"},
				"up": {"uv": [16, 5.25, 16, 6], "texture": "#texture", "cullface": "east"},
				"down": {"uv": [0, 6, 0, 5.25], "texture": "#texture", "cullface": "east"}
			}
		},
		{
			"from": [31, 5.75, 6.5],
			"to": [32, 6.5, 9.5],
			"faces": {
				"north": {"uv": [0, 9.5, 0, 10.25], "texture": "#texture", "cullface": "east"},
				"east": {"uv": [6.5, 9.5, 9.5, 10.25], "texture": "#texture", "cullface": "east"},
				"south": {"uv": [16, 9.5, 16, 10.25], "texture": "#texture", "cullface": "east"},
				"west": {"uv": [6.5, 9.5, 9.5, 10.25], "texture": "#texture", "cullface": "east"},
				"up": {"uv": [16, 6.5, 16, 9.5], "texture": "#texture", "cullface": "east"},
				"down": {"uv": [0, 9.5, 0, 6.5], "texture": "#texture", "cullface": "east"}
			}
		},
		{
			"from": [31, 7, 10],
			"to": [32, 10, 10.75],
			"faces": {
				"north": {"uv": [0, 6, 0, 9], "texture": "#texture", "cullface": "east"},
				"east": {"uv": [5.25, 6, 6, 9], "texture": "#texture", "cullface": "east"},
				"south": {"uv": [16, 6, 16, 9], "texture": "#texture", "cullface": "east"},
				"west": {"uv": [10, 6, 10.75, 9], "texture": "#texture", "cullface": "east"},
				"up": {"uv": [16, 10, 16, 10.75], "texture": "#texture", "cullface": "east"},
				"down": {"uv": [0, 10.75, 0, 10], "texture": "#texture", "cullface": "east"}
			}
		},
		{
			"from": [31, 10, 5.5],
			"to": [32, 11, 6.5],
			"faces": {
				"north": {"uv": [0, 5, 0, 6], "texture": "#texture", "cullface": "east"},
				"east": {"uv": [9.5, 5, 10.5, 6], "texture": "#texture", "cullface": "east"},
				"south": {"uv": [16, 5, 16, 6], "texture": "#texture", "cullface": "east"},
				"west": {"uv": [5.5, 5, 6.5, 6], "texture": "#texture", "cullface": "east"},
				"up": {"uv": [16, 5.5, 16, 6.5], "texture": "#texture", "cullface": "east"},
				"down": {"uv": [0, 6.5, 0, 5.5], "texture": "#texture", "cullface": "east"}
			}
		},
		{
			"from": [31, 10, 9.5],
			"to": [32, 11, 10.5],
			"faces": {
				"north": {"uv": [0, 5, 0, 6], "texture": "#texture", "cullface": "east"},
				"east": {"uv": [5.5, 5, 6.5, 6], "texture": "#texture", "cullface": "east"},
				"south": {"uv": [16, 5, 16, 6], "texture": "#texture", "cullface": "east"},
				"west": {"uv": [9.5, 5, 10.5, 6], "texture": "#texture", "cullface": "east"},
				"up": {"uv": [16, 9.5, 16, 10.5], "texture": "#texture", "cullface": "east"},
				"down": {"uv": [0, 10.5, 0, 9.5], "texture": "#texture", "cullface": "east"}
			}
		},
		{
			"from": [31, 6, 9.5],
			"to": [32, 7, 10.5],
			"faces": {
				"north": {"uv": [0, 9, 0, 10], "texture": "#texture", "cullface": "east"},
				"east": {"uv": [5.5, 9, 6.5, 10], "texture": "#texture", "cullface": "east"},
				"south": {"uv": [16, 9, 16, 10], "texture": "#texture", "cullface": "east"},
				"west": {"uv": [9.5, 9, 10.5, 10], "texture": "#texture", "cullface": "east"},
				"up": {"uv": [16, 9.5, 16, 10.5], "texture": "#texture", "cullface": "east"},
				"down": {"uv": [0, 10.5, 0, 9.5], "texture": "#texture", "cullface": "east"}
			}
		},
		{
			"from": [31, 6, 5.5],
			"to": [32, 7, 6.5],
			"faces": {
				"north": {"uv": [0, 9, 0, 10], "texture": "#texture", "cullface": "east"},
				"east": {"uv": [9.5, 9, 10.5, 10], "texture": "#texture", "cullface": "east"},
				"south": {"uv": [16, 9, 16, 10], "texture": "#texture", "cullface": "east"},
				"west": {"uv": [5.5, 9, 6.5, 10], "texture": "#texture", "cullface": "east"},
				"up": {"uv": [16, 5.5, 16, 6.5], "texture": "#texture", "cullface": "east"},
				"down": {"uv": [0, 6.5, 0, 5.5], "texture": "#texture", "cullface": "east"}
			}
		},
		{
			"from": [29.5, 6.75, 5.75],
			"to": [30.25, 10.25, 10.25],
			"faces": {
				"north": {"uv": [0, 5.75, 0, 9.25], "texture": "#texture", "cullface": "east"},
				"south": {"uv": [16, 5.75, 16, 9.25], "texture": "#texture", "cullface": "east"},
				"west": {"uv": [5.75, 5.75, 10.25, 9.25], "texture": "#texture", "cullface": "east"},
				"up": {"uv": [16, 5.75, 16, 10.25], "texture": "#texture", "cullface": "east"},
				"down": {"uv": [0, 10.25, 0, 5.75], "texture": "#texture", "cullface": "east"}
			}
		},
		{
			"from": [-3, 6.75, 7.25],
			"to": [3, 7.5, 8.75],
			"faces": {
				"north": {"uv": [13, 8.5, 16, 9.25], "texture": "#door iron lower", "cullface": "west"},
				"east": {"uv": [7.25, 8.5, 8.75, 9.25], "texture": "#door iron lower", "cullface": "west"},
				"south": {"uv": [0, 8.5, 3, 9.25], "texture": "#door iron lower", "cullface": "west"},
				"west": {"uv": [7.25, 8.5, 8.75, 9.25], "texture": "#door iron lower", "cullface": "west"},
				"down": {"uv": [16, 8.75, 13, 7.25], "texture": "#door iron lower", "cullface": "west"}
			}
		},
		{
			"from": [0.5, 4.5, 7.25],
			"to": [2.75, 6.75, 8.75],
			"faces": {
				"north": {"uv": [1, 9.25, 3.25, 11.5], "texture": "#door iron lower"},
				"east": {"uv": [7.25, 9.25, 8.75, 11.5], "texture": "#door iron lower"},
				"south": {"uv": [1, 9.25, 3.25, 11.5], "texture": "#door iron lower"},
				"west": {"uv": [7.25, 9.25, 8.75, 11.5], "texture": "#door iron lower"},
				"down": {"uv": [1, 7.25, 3.25, 8.75], "texture": "#door iron lower"}
			}
		},
		{
			"from": [0.5, 2, 7.5],
			"to": [2.75, 4.5, 8.5],
			"faces": {
				"north": {"uv": [13.25, 11.5, 15.5, 14], "texture": "#door iron lower"},
				"east": {"uv": [7.5, 11.5, 8.5, 14], "texture": "#door iron lower"},
				"south": {"uv": [0.5, 11.5, 2.75, 14], "texture": "#door iron lower"},
				"west": {"uv": [7.5, 11.5, 8.5, 14], "texture": "#door iron lower"},
				"down": {"uv": [15.5, 8.5, 13.25, 7.5], "texture": "#door iron lower"}
			}
		},
		{
			"from": [0.75, 2.25, 7.25],
			"to": [2.5, 4.5, 8.75],
			"faces": {
				"north": {"uv": [13.5, 11.5, 15.25, 13.75], "texture": "#anvil 1"},
				"east": {"uv": [7.25, 11.5, 8.75, 13.75], "texture": "#anvil 1"},
				"south": {"uv": [0.75, 11.5, 2.5, 13.75], "texture": "#anvil 1"},
				"west": {"uv": [7.25, 11.5, 8.75, 13.75], "texture": "#anvil 1"},
				"down": {"uv": [15.25, 8.75, 13.5, 7.25], "texture": "#anvil 1"}
			}
		},
		{
			"from": [-0.75, 5.5, 7.75],
			"to": [-0.5, 6.75, 8.25],
			"faces": {
				"north": {"uv": [1, 9.25, 1.25, 10.5], "texture": "#door iron lower", "cullface": "west"},
				"east": {"uv": [7.75, 9.25, 8.25, 10.5], "texture": "#door iron lower", "cullface": "west"},
				"south": {"uv": [1, 9.25, 1.25, 10.5], "texture": "#door iron lower", "cullface": "west"},
				"west": {"uv": [7.75, 9.25, 8.25, 10.5], "texture": "#door iron lower", "cullface": "west"},
				"down": {"uv": [1, 7.75, 1.25, 8.25], "texture": "#door iron lower", "cullface": "west"}
			}
		},
		{
			"from": [-0.6875, 5.5, 7.75],
			"to": [0.8125, 5.75, 8.25],
			"rotation": {"angle": -22.5, "axis": "z", "origin": [-0.6875, 5.75, 7.75]},
			"faces": {
				"north": {"uv": [16, 12, 16, 12.25], "texture": "#door iron lower", "cullface": "west"},
				"east": {"uv": [7.75, 12, 8.25, 12.25], "texture": "#door iron lower", "cullface": "west"},
				"south": {"uv": [0, 12, 0, 12.25], "texture": "#door iron lower", "cullface": "west"},
				"west": {"uv": [7.75, 12, 8.25, 12.25], "texture": "#door iron lower", "cullface": "west"},
				"up": {"uv": [0, 7.75, 0, 8.25], "texture": "#door iron lower", "cullface": "west"},
				"down": {"uv": [16, 8.25, 16, 7.75], "texture": "#door iron lower", "cullface": "west"}
			}
		},
		{
			"from": [0.5625, 5.4375, 7.875],
			"to": [0.8125, 6.9375, 8.125],
			"rotation": {"angle": -22.5, "axis": "z", "origin": [0.5625, 6.9375, 7.875]},
			"faces": {
				"north": {"uv": [16, 2.75, 16, 4.25], "texture": "#door iron lower"},
				"east": {"uv": [7.875, 2.75, 8.125, 4.25], "texture": "#door iron lower"},
				"south": {"uv": [0, 2.75, 0, 4.25], "texture": "#door iron lower"},
				"west": {"uv": [7.875, 2.75, 8.125, 4.25], "texture": "#door iron lower"},
				"up": {"uv": [0, 7.875, 0, 8.125], "texture": "#door iron lower"},
				"down": {"uv": [16, 8.125, 16, 7.875], "texture": "#door iron lower"}
			}
		},
		{
			"from": [0.25, 6.25, 7.25],
			"to": [0.5, 6.75, 8.75],
			"faces": {
				"north": {"uv": [15.5, 9.25, 15.75, 9.75], "texture": "#door iron lower"},
				"south": {"uv": [0.25, 9.25, 0.5, 9.75], "texture": "#door iron lower"},
				"west": {"uv": [7.25, 9.25, 8.75, 9.75], "texture": "#door iron lower"},
				"down": {"uv": [15.75, 8.75, 15.5, 7.25], "texture": "#door iron lower"}
			}
		},
		{
			"from": [8.5, 6.5, 7.25],
			"to": [11, 7, 8.75],
			"faces": {
				"north": {"uv": [5, 9, 7.5, 9.5], "texture": "#anvil 1"},
				"east": {"uv": [7.25, 9, 8.75, 9.5], "texture": "#anvil 1"},
				"south": {"uv": [8.5, 9, 11, 9.5], "texture": "#anvil 1"},
				"west": {"uv": [7.25, 9, 8.75, 9.5], "texture": "#anvil 1"},
				"down": {"uv": [7.5, 8.75, 5, 7.25], "texture": "#anvil 1"}
			}
		},
		{
			"from": [8.75, 2.25, 7.5],
			"to": [10.75, 6.5, 8.5],
			"faces": {
				"north": {"uv": [5.25, 9.5, 7.25, 13.75], "texture": "#anvil 1"},
				"east": {"uv": [7.5, 9.5, 8.5, 13.75], "texture": "#anvil 1"},
				"south": {"uv": [8.75, 9.5, 10.75, 13.75], "texture": "#anvil 1"},
				"west": {"uv": [7.5, 9.5, 8.5, 13.75], "texture": "#anvil 1"},
				"down": {"uv": [7.25, 8.5, 5.25, 7.5], "texture": "#anvil 1"}
			}
		},
		{
			"from": [9, 2.25, 7.25],
			"to": [10.5, 6.5, 8.75],
			"faces": {
				"north": {"uv": [5.5, 9.5, 7, 13.75], "texture": "#anvil 1"},
				"east": {"uv": [7.25, 9.5, 8.75, 13.75], "texture": "#anvil 1"},
				"south": {"uv": [9, 9.5, 10.5, 13.75], "texture": "#anvil 1"},
				"west": {"uv": [7.25, 9.5, 8.75, 13.75], "texture": "#anvil 1"},
				"down": {"uv": [7, 8.75, 5.5, 7.25], "texture": "#anvil 1"}
			}
		}
	],
	"display": {
		"thirdperson_righthand": {
			"rotation": [-180, -90, -180],
			"translation": [0, 0.94, 4.54],
			"scale": [0.7, 0.7, 0.7]
		},
		"thirdperson_lefthand": {
			"rotation": [-180, 90, -180],
			"translation": [0, 0.94, 4.54],
			"scale": [0.7, 0.7, 0.7]
		},
		"firstperson_righthand": {
			"rotation": [4, -90, 0],
			"translation": [-0.76, 5.29, 4.16],
			"scale": [0.9, 0.9, 0.9]
		},
		"firstperson_lefthand": {
			"rotation": [4, 90, 0],
			"translation": [-3.21, 5.29, 4.16],
			"scale": [0.9, 0.9, 0.9]
		},
		"ground": {
			"rotation": [90, 0, 0]
		},
		"gui": {
			"rotation": [0, 0, -45],
			"translation": [-0.38, 0, 0],
			"scale": [0.4082, 0.42969, 0.5]
		},
		"head": {
			"translation": [-1, 0, 0]
		},
		"fixed": {
			"rotation": [0, 180, -45],
			"translation": [2.08, 1.13, -2.46],
			"scale": [1.5, 1.5, 1.5]
		}
	}
}