{
	"credit": "Made with Blockbench",
	"textures": {
		"0": "3dguns/blocks/cauldron_side",
		"1": "3dguns/blocks/hardened_clay_stained_green",
		"particle": "3dguns/blocks/cauldron_side"
	},
	"elements": [
		{
			"from": [7.9232, 6.92, -13.68],
			"to": [8, 7.30784, 2.7696],
			"rotation": {"angle": 0, "axis": "y", "origin": [8.5376, 7.5344, -6]},
			"faces": {
				"north": {"uv": [0, 1, 1, 2.05], "texture": "#0"},
				"east": {"uv": [0, 1, 1, 2.05], "texture": "#0"},
				"south": {"uv": [0, 1, 1, 2.05], "texture": "#0"},
				"west": {"uv": [0, 1, 1, 2.05], "texture": "#0"},
				"up": {"uv": [0, 1, 1, 2.05], "texture": "#0"},
				"down": {"uv": [0, 1, 1, 2.05], "texture": "#0"}
			}
		},
		{
			"from": [7.89582, 6.85146, -15.11203],
			"to": [8, 7.37757, -13.42766],
			"rotation": {"angle": 0, "axis": "y", "origin": [8.72927, 7.68491, -5.37489]},
			"faces": {
				"north": {"uv": [0, 1, 1, 2.05], "texture": "#0"},
				"east": {"uv": [0, 1, 1, 2.05], "texture": "#0"},
				"south": {"uv": [0, 1, 1, 2.05], "texture": "#0"},
				"west": {"uv": [0, 1, 1, 2.05], "texture": "#0"},
				"up": {"uv": [0, 1, 1, 2.05], "texture": "#0"},
				"down": {"uv": [0, 1, 1, 2.05], "texture": "#0"}
			}
		},
		{
			"from": [7.83921, 7.62078, -3.53674],
			"to": [8, 8.43277, -1.55683],
			"rotation": {"angle": 0, "axis": "y", "origin": [9.12553, 8.9071, 4.36797]},
			"faces": {
				"north": {"uv": [0, 1, 1, 2.05], "texture": "#0"},
				"east": {"uv": [0, 1, 1, 2.05], "texture": "#0"},
				"south": {"uv": [0, 1, 1, 2.05], "texture": "#0"},
				"west": {"uv": [0, 1, 1, 2.05], "texture": "#0"},
				"up": {"uv": [0, 1, 1, 2.05], "texture": "#0"},
				"down": {"uv": [0, 1, 1, 2.05], "texture": "#0"}
			}
		},
		{
			"from": [7.83921, 7.62078, 3.76326],
			"to": [8, 8.43277, 4.54317],
			"rotation": {"angle": 0, "axis": "y", "origin": [9.12553, 8.9071, 11.66797]},
			"faces": {
				"north": {"uv": [0, 1, 1, 2.05], "texture": "#0"},
				"east": {"uv": [0, 1, 1, 2.05], "texture": "#0"},
				"south": {"uv": [0, 1, 1, 2.05], "texture": "#0"},
				"west": {"uv": [0, 1, 1, 2.05], "texture": "#0"},
				"up": {"uv": [0, 1, 1, 2.05], "texture": "#0"},
				"down": {"uv": [0, 1, 1, 2.05], "texture": "#0"}
			}
		},
		{
			"from": [7.89582, 7.75146, -2.81203],
			"to": [8, 8.27757, 3.87234],
			"rotation": {"angle": 0, "axis": "y", "origin": [8.72927, 8.58491, 5.92511]},
			"faces": {
				"north": {"uv": [0, 1, 1, 2.05], "texture": "#0"},
				"east": {"uv": [0, 1, 1, 2.05], "texture": "#0"},
				"south": {"uv": [0, 1, 1, 2.05], "texture": "#0"},
				"west": {"uv": [0, 1, 1, 2.05], "texture": "#0"},
				"up": {"uv": [0, 1, 1, 2.05], "texture": "#0"},
				"down": {"uv": [0, 1, 1, 2.05], "texture": "#0"}
			}
		},
		{
			"from": [7.71968, 7.10816, -13.68],
			"to": [7.79648, 7.496, 2.7696],
			"rotation": {"angle": 22.5, "axis": "z", "origin": [8.33408, 7.72256, -6]},
			"faces": {
				"north": {"uv": [0, 1, 1, 2.05], "texture": "#0"},
				"east": {"uv": [0, 1, 1, 2.05], "texture": "#0"},
				"south": {"uv": [0, 1, 1, 2.05], "texture": "#0"},
				"west": {"uv": [0, 1, 1, 2.05], "texture": "#0"},
				"up": {"uv": [0, 1, 1, 2.05], "texture": "#0"},
				"down": {"uv": [0, 1, 1, 2.05], "texture": "#0"}
			}
		},
		{
			"from": [7.61974, 7.1067, -15.11203],
			"to": [7.72392, 7.63282, -13.42766],
			"rotation": {"angle": 22.5, "axis": "z", "origin": [8.45319, 7.94016, -5.37489]},
			"faces": {
				"north": {"uv": [0, 1, 1, 2.05], "texture": "#0"},
				"east": {"uv": [0, 1, 1, 2.05], "texture": "#0"},
				"south": {"uv": [0, 1, 1, 2.05], "texture": "#0"},
				"west": {"uv": [0, 1, 1, 2.05], "texture": "#0"},
				"up": {"uv": [0, 1, 1, 2.05], "texture": "#0"},
				"down": {"uv": [0, 1, 1, 2.05], "texture": "#0"}
			}
		},
		{
			"from": [7.41312, 8.01472, -3.53674],
			"to": [7.57391, 8.82671, -1.55683],
			"rotation": {"angle": 22.5, "axis": "z", "origin": [8.69944, 9.30104, 4.36797]},
			"faces": {
				"north": {"uv": [0, 1, 1, 2.05], "texture": "#0"},
				"east": {"uv": [0, 1, 1, 2.05], "texture": "#0"},
				"south": {"uv": [0, 1, 1, 2.05], "texture": "#0"},
				"west": {"uv": [0, 1, 1, 2.05], "texture": "#0"},
				"up": {"uv": [0, 1, 1, 2.05], "texture": "#0"},
				"down": {"uv": [0, 1, 1, 2.05], "texture": "#0"}
			}
		},
		{
			"from": [7.41312, 8.01472, 3.76326],
			"to": [7.57391, 8.82671, 4.54317],
			"rotation": {"angle": 22.5, "axis": "z", "origin": [8.69944, 9.30104, 11.66797]},
			"faces": {
				"north": {"uv": [0, 1, 1, 2.05], "texture": "#0"},
				"east": {"uv": [0, 1, 1, 2.05], "texture": "#0"},
				"south": {"uv": [0, 1, 1, 2.05], "texture": "#0"},
				"west": {"uv": [0, 1, 1, 2.05], "texture": "#0"},
				"up": {"uv": [0, 1, 1, 2.05], "texture": "#0"},
				"down": {"uv": [0, 1, 1, 2.05], "texture": "#0"}
			}
		},
		{
			"from": [7.61974, 8.0067, -2.81203],
			"to": [7.72392, 8.53282, 3.87234],
			"rotation": {"angle": 22.5, "axis": "z", "origin": [8.45319, 8.84016, 5.92511]},
			"faces": {
				"north": {"uv": [0, 1, 1, 2.05], "texture": "#0"},
				"east": {"uv": [0, 1, 1, 2.05], "texture": "#0"},
				"south": {"uv": [0, 1, 1, 2.05], "texture": "#0"},
				"west": {"uv": [0, 1, 1, 2.05], "texture": "#0"},
				"up": {"uv": [0, 1, 1, 2.05], "texture": "#0"},
				"down": {"uv": [0, 1, 1, 2.05], "texture": "#0"}
			}
		},
		{
			"from": [7.58144, 6.87008, -13.68],
			"to": [7.96928, 6.94688, 2.7696],
			"rotation": {"angle": 22.5, "axis": "z", "origin": [7.35488, 7.48448, -6]},
			"faces": {
				"north": {"uv": [0, 1, 1, 2.05], "rotation": 90, "texture": "#0"},
				"east": {"uv": [0, 1, 1, 2.05], "rotation": 90, "texture": "#0"},
				"south": {"uv": [0, 1, 1, 2.05], "rotation": 90, "texture": "#0"},
				"west": {"uv": [0, 1, 1, 2.05], "rotation": 90, "texture": "#0"},
				"up": {"uv": [0, 1, 1, 2.05], "rotation": 90, "texture": "#0"},
				"down": {"uv": [0, 1, 1, 2.05], "rotation": 90, "texture": "#0"}
			}
		},
		{
			"from": [7.43221, 6.78374, -15.11203],
			"to": [7.95833, 6.88792, -13.42766],
			"rotation": {"angle": 22.5, "axis": "z", "origin": [7.12487, 7.61719, -5.37489]},
			"faces": {
				"north": {"uv": [0, 1, 1, 2.05], "rotation": 90, "texture": "#0"},
				"east": {"uv": [0, 1, 1, 2.05], "rotation": 90, "texture": "#0"},
				"south": {"uv": [0, 1, 1, 2.05], "rotation": 90, "texture": "#0"},
				"west": {"uv": [0, 1, 1, 2.05], "rotation": 90, "texture": "#0"},
				"up": {"uv": [0, 1, 1, 2.05], "rotation": 90, "texture": "#0"},
				"down": {"uv": [0, 1, 1, 2.05], "rotation": 90, "texture": "#0"}
			}
		},
		{
			"from": [7.12369, 7.51627, -3.53674],
			"to": [7.93568, 7.67706, -1.55683],
			"rotation": {"angle": 22.5, "axis": "z", "origin": [6.64936, 8.80259, 4.36797]},
			"faces": {
				"north": {"uv": [0, 1, 1, 2.05], "rotation": 90, "texture": "#0"},
				"east": {"uv": [0, 1, 1, 2.05], "rotation": 90, "texture": "#0"},
				"south": {"uv": [0, 1, 1, 2.05], "rotation": 90, "texture": "#0"},
				"west": {"uv": [0, 1, 1, 2.05], "rotation": 90, "texture": "#0"},
				"up": {"uv": [0, 1, 1, 2.05], "rotation": 90, "texture": "#0"},
				"down": {"uv": [0, 1, 1, 2.05], "rotation": 90, "texture": "#0"}
			}
		},
		{
			"from": [7.12369, 7.51627, 3.76326],
			"to": [7.93568, 7.67706, 4.54317],
			"rotation": {"angle": 22.5, "axis": "z", "origin": [6.64936, 8.80259, 11.66797]},
			"faces": {
				"north": {"uv": [0, 1, 1, 2.05], "rotation": 90, "texture": "#0"},
				"east": {"uv": [0, 1, 1, 2.05], "rotation": 90, "texture": "#0"},
				"south": {"uv": [0, 1, 1, 2.05], "rotation": 90, "texture": "#0"},
				"west": {"uv": [0, 1, 1, 2.05], "rotation": 90, "texture": "#0"},
				"up": {"uv": [0, 1, 1, 2.05], "rotation": 90, "texture": "#0"},
				"down": {"uv": [0, 1, 1, 2.05], "rotation": 90, "texture": "#0"}
			}
		},
		{
			"from": [7.43221, 7.68374, -2.81203],
			"to": [7.95833, 7.78792, 3.87234],
			"rotation": {"angle": 22.5, "axis": "z", "origin": [7.12487, 8.51719, 5.92511]},
			"faces": {
				"north": {"uv": [0, 1, 1, 2.05], "rotation": 90, "texture": "#0"},
				"east": {"uv": [0, 1, 1, 2.05], "rotation": 90, "texture": "#0"},
				"south": {"uv": [0, 1, 1, 2.05], "rotation": 90, "texture": "#0"},
				"west": {"uv": [0, 1, 1, 2.05], "rotation": 90, "texture": "#0"},
				"up": {"uv": [0, 1, 1, 2.05], "rotation": 90, "texture": "#0"},
				"down": {"uv": [0, 1, 1, 2.05], "rotation": 90, "texture": "#0"}
			}
		},
		{
			"from": [7.45856, 7.20416, -13.68],
			"to": [7.53536, 7.592, 2.7696],
			"rotation": {"angle": 45, "axis": "z", "origin": [8.07296, 7.81856, -6]},
			"faces": {
				"north": {"uv": [0, 1, 1, 2.05], "texture": "#0"},
				"east": {"uv": [0, 1, 1, 2.05], "texture": "#0"},
				"south": {"uv": [0, 1, 1, 2.05], "texture": "#0"},
				"west": {"uv": [0, 1, 1, 2.05], "texture": "#0"},
				"up": {"uv": [0, 1, 1, 2.05], "texture": "#0"},
				"down": {"uv": [0, 1, 1, 2.05], "texture": "#0"}
			}
		},
		{
			"from": [7.26552, 7.23693, -15.11203],
			"to": [7.3697, 7.76305, -13.42766],
			"rotation": {"angle": 45, "axis": "z", "origin": [8.09897, 8.07038, -5.37489]},
			"faces": {
				"north": {"uv": [0, 1, 1, 2.05], "texture": "#0"},
				"east": {"uv": [0, 1, 1, 2.05], "texture": "#0"},
				"south": {"uv": [0, 1, 1, 2.05], "texture": "#0"},
				"west": {"uv": [0, 1, 1, 2.05], "texture": "#0"},
				"up": {"uv": [0, 1, 1, 2.05], "texture": "#0"},
				"down": {"uv": [0, 1, 1, 2.05], "texture": "#0"}
			}
		},
		{
			"from": [6.86643, 8.21571, -3.53674],
			"to": [7.02722, 9.0277, -1.55683],
			"rotation": {"angle": 45, "axis": "z", "origin": [8.15275, 9.50203, 4.36797]},
			"faces": {
				"north": {"uv": [0, 1, 1, 2.05], "texture": "#0"},
				"east": {"uv": [0, 1, 1, 2.05], "texture": "#0"},
				"south": {"uv": [0, 1, 1, 2.05], "texture": "#0"},
				"west": {"uv": [0, 1, 1, 2.05], "texture": "#0"},
				"up": {"uv": [0, 1, 1, 2.05], "texture": "#0"},
				"down": {"uv": [0, 1, 1, 2.05], "texture": "#0"}
			}
		},
		{
			"from": [6.86643, 8.21571, 3.76326],
			"to": [7.02722, 9.0277, 4.54317],
			"rotation": {"angle": 45, "axis": "z", "origin": [8.15275, 9.50203, 11.66797]},
			"faces": {
				"north": {"uv": [0, 1, 1, 2.05], "texture": "#0"},
				"east": {"uv": [0, 1, 1, 2.05], "texture": "#0"},
				"south": {"uv": [0, 1, 1, 2.05], "texture": "#0"},
				"west": {"uv": [0, 1, 1, 2.05], "texture": "#0"},
				"up": {"uv": [0, 1, 1, 2.05], "texture": "#0"},
				"down": {"uv": [0, 1, 1, 2.05], "texture": "#0"}
			}
		},
		{
			"from": [7.26552, 8.13693, -2.81203],
			"to": [7.3697, 8.66305, 3.87234],
			"rotation": {"angle": 45, "axis": "z", "origin": [8.09897, 8.97038, 5.92511]},
			"faces": {
				"north": {"uv": [0, 1, 1, 2.05], "texture": "#0"},
				"east": {"uv": [0, 1, 1, 2.05], "texture": "#0"},
				"south": {"uv": [0, 1, 1, 2.05], "texture": "#0"},
				"west": {"uv": [0, 1, 1, 2.05], "texture": "#0"},
				"up": {"uv": [0, 1, 1, 2.05], "texture": "#0"},
				"down": {"uv": [0, 1, 1, 2.05], "texture": "#0"}
			}
		},
		{
			"from": [7.48544, 6.60896, -13.68],
			"to": [7.87328, 6.68576, 2.7696],
			"rotation": {"angle": 45, "axis": "z", "origin": [7.25888, 7.22336, -6]},
			"faces": {
				"north": {"uv": [0, 1, 1, 2.05], "rotation": 90, "texture": "#0"},
				"east": {"uv": [0, 1, 1, 2.05], "rotation": 90, "texture": "#0"},
				"south": {"uv": [0, 1, 1, 2.05], "rotation": 90, "texture": "#0"},
				"west": {"uv": [0, 1, 1, 2.05], "rotation": 90, "texture": "#0"},
				"up": {"uv": [0, 1, 1, 2.05], "rotation": 90, "texture": "#0"},
				"down": {"uv": [0, 1, 1, 2.05], "rotation": 90, "texture": "#0"}
			}
		},
		{
			"from": [7.30198, 6.42952, -15.11203],
			"to": [7.8281, 6.5337, -13.42766],
			"rotation": {"angle": 45, "axis": "z", "origin": [6.99465, 7.26297, -5.37489]},
			"faces": {
				"north": {"uv": [0, 1, 1, 2.05], "rotation": 90, "texture": "#0"},
				"east": {"uv": [0, 1, 1, 2.05], "rotation": 90, "texture": "#0"},
				"south": {"uv": [0, 1, 1, 2.05], "rotation": 90, "texture": "#0"},
				"west": {"uv": [0, 1, 1, 2.05], "rotation": 90, "texture": "#0"},
				"up": {"uv": [0, 1, 1, 2.05], "rotation": 90, "texture": "#0"},
				"down": {"uv": [0, 1, 1, 2.05], "rotation": 90, "texture": "#0"}
			}
		},
		{
			"from": [6.92271, 6.96958, -3.53674],
			"to": [7.7347, 7.13037, -1.55683],
			"rotation": {"angle": 45, "axis": "z", "origin": [6.44838, 8.2559, 4.36797]},
			"faces": {
				"north": {"uv": [0, 1, 1, 2.05], "rotation": 90, "texture": "#0"},
				"east": {"uv": [0, 1, 1, 2.05], "rotation": 90, "texture": "#0"},
				"south": {"uv": [0, 1, 1, 2.05], "rotation": 90, "texture": "#0"},
				"west": {"uv": [0, 1, 1, 2.05], "rotation": 90, "texture": "#0"},
				"up": {"uv": [0, 1, 1, 2.05], "rotation": 90, "texture": "#0"},
				"down": {"uv": [0, 1, 1, 2.05], "rotation": 90, "texture": "#0"}
			}
		},
		{
			"from": [6.92271, 6.96958, 3.76326],
			"to": [7.7347, 7.13037, 4.54317],
			"rotation": {"angle": 45, "axis": "z", "origin": [6.44838, 8.2559, 11.66797]},
			"faces": {
				"north": {"uv": [0, 1, 1, 2.05], "rotation": 90, "texture": "#0"},
				"east": {"uv": [0, 1, 1, 2.05], "rotation": 90, "texture": "#0"},
				"south": {"uv": [0, 1, 1, 2.05], "rotation": 90, "texture": "#0"},
				"west": {"uv": [0, 1, 1, 2.05], "rotation": 90, "texture": "#0"},
				"up": {"uv": [0, 1, 1, 2.05], "rotation": 90, "texture": "#0"},
				"down": {"uv": [0, 1, 1, 2.05], "rotation": 90, "texture": "#0"}
			}
		},
		{
			"from": [7.30198, 7.32952, -2.81203],
			"to": [7.8281, 7.4337, 3.87234],
			"rotation": {"angle": 45, "axis": "z", "origin": [6.99465, 8.16297, 5.92511]},
			"faces": {
				"north": {"uv": [0, 1, 1, 2.05], "rotation": 90, "texture": "#0"},
				"east": {"uv": [0, 1, 1, 2.05], "rotation": 90, "texture": "#0"},
				"south": {"uv": [0, 1, 1, 2.05], "rotation": 90, "texture": "#0"},
				"west": {"uv": [0, 1, 1, 2.05], "rotation": 90, "texture": "#0"},
				"up": {"uv": [0, 1, 1, 2.05], "rotation": 90, "texture": "#0"},
				"down": {"uv": [0, 1, 1, 2.05], "rotation": 90, "texture": "#0"}
			}
		},
		{
			"from": [8.02304, 7.19264, -13.68],
			"to": [8.41088, 7.26944, 2.7696],
			"rotation": {"angle": -22.5, "axis": "z", "origin": [7.79648, 7.80704, -6]},
			"faces": {
				"north": {"uv": [0, 1, 1, 2.05], "rotation": 90, "texture": "#0"},
				"east": {"uv": [0, 1, 1, 2.05], "rotation": 90, "texture": "#0"},
				"south": {"uv": [0, 1, 1, 2.05], "rotation": 90, "texture": "#0"},
				"west": {"uv": [0, 1, 1, 2.05], "rotation": 90, "texture": "#0"},
				"up": {"uv": [0, 1, 1, 2.05], "rotation": 90, "texture": "#0"},
				"down": {"uv": [0, 1, 1, 2.05], "rotation": 90, "texture": "#0"}
			}
		},
		{
			"from": [8.03125, 7.2213, -15.11203],
			"to": [8.55737, 7.32548, -13.42766],
			"rotation": {"angle": -22.5, "axis": "z", "origin": [7.72392, 8.05476, -5.37489]},
			"faces": {
				"north": {"uv": [0, 1, 1, 2.05], "rotation": 90, "texture": "#0"},
				"east": {"uv": [0, 1, 1, 2.05], "rotation": 90, "texture": "#0"},
				"south": {"uv": [0, 1, 1, 2.05], "rotation": 90, "texture": "#0"},
				"west": {"uv": [0, 1, 1, 2.05], "rotation": 90, "texture": "#0"},
				"up": {"uv": [0, 1, 1, 2.05], "rotation": 90, "texture": "#0"},
				"down": {"uv": [0, 1, 1, 2.05], "rotation": 90, "texture": "#0"}
			}
		},
		{
			"from": [8.04824, 8.19159, -3.53674],
			"to": [8.86023, 8.35238, -1.55683],
			"rotation": {"angle": -22.5, "axis": "z", "origin": [7.57391, 9.47791, 4.36797]},
			"faces": {
				"north": {"uv": [0, 1, 1, 2.05], "rotation": 90, "texture": "#0"},
				"east": {"uv": [0, 1, 1, 2.05], "rotation": 90, "texture": "#0"},
				"south": {"uv": [0, 1, 1, 2.05], "rotation": 90, "texture": "#0"},
				"west": {"uv": [0, 1, 1, 2.05], "rotation": 90, "texture": "#0"},
				"up": {"uv": [0, 1, 1, 2.05], "rotation": 90, "texture": "#0"},
				"down": {"uv": [0, 1, 1, 2.05], "rotation": 90, "texture": "#0"}
			}
		},
		{
			"from": [8.04824, 8.19159, 3.76326],
			"to": [8.86023, 8.35238, 4.54317],
			"rotation": {"angle": -22.5, "axis": "z", "origin": [7.57391, 9.47791, 11.66797]},
			"faces": {
				"north": {"uv": [0, 1, 1, 2.05], "rotation": 90, "texture": "#0"},
				"east": {"uv": [0, 1, 1, 2.05], "rotation": 90, "texture": "#0"},
				"south": {"uv": [0, 1, 1, 2.05], "rotation": 90, "texture": "#0"},
				"west": {"uv": [0, 1, 1, 2.05], "rotation": 90, "texture": "#0"},
				"up": {"uv": [0, 1, 1, 2.05], "rotation": 90, "texture": "#0"},
				"down": {"uv": [0, 1, 1, 2.05], "rotation": 90, "texture": "#0"}
			}
		},
		{
			"from": [8.03125, 8.1213, -2.81203],
			"to": [8.55737, 8.22548, 3.87234],
			"rotation": {"angle": -22.5, "axis": "z", "origin": [7.72392, 8.95476, 5.92511]},
			"faces": {
				"north": {"uv": [0, 1, 1, 2.05], "rotation": 90, "texture": "#0"},
				"east": {"uv": [0, 1, 1, 2.05], "rotation": 90, "texture": "#0"},
				"south": {"uv": [0, 1, 1, 2.05], "rotation": 90, "texture": "#0"},
				"west": {"uv": [0, 1, 1, 2.05], "rotation": 90, "texture": "#0"},
				"up": {"uv": [0, 1, 1, 2.05], "rotation": 90, "texture": "#0"},
				"down": {"uv": [0, 1, 1, 2.05], "rotation": 90, "texture": "#0"}
			}
		},
		{
			"from": [7.808, 7.17344, -13.68],
			"to": [7.8848, 7.56128, 2.7696],
			"rotation": {"angle": -22.5, "axis": "z", "origin": [7.2704, 6.94688, -6]},
			"faces": {
				"north": {"uv": [0, 1, 1, 2.05], "rotation": 180, "texture": "#0"},
				"east": {"uv": [0, 1, 1, 2.05], "rotation": 180, "texture": "#0"},
				"south": {"uv": [0, 1, 1, 2.05], "rotation": 180, "texture": "#0"},
				"west": {"uv": [0, 1, 1, 2.05], "rotation": 180, "texture": "#0"},
				"up": {"uv": [0, 1, 1, 2.05], "rotation": 180, "texture": "#0"},
				"down": {"uv": [0, 1, 1, 2.05], "rotation": 180, "texture": "#0"}
			}
		},
		{
			"from": [7.73955, 7.19526, -15.11203],
			"to": [7.84373, 7.72137, -13.42766],
			"rotation": {"angle": -22.5, "axis": "z", "origin": [7.01027, 6.88792, -5.37489]},
			"faces": {
				"north": {"uv": [0, 1, 1, 2.05], "rotation": 180, "texture": "#0"},
				"east": {"uv": [0, 1, 1, 2.05], "rotation": 180, "texture": "#0"},
				"south": {"uv": [0, 1, 1, 2.05], "rotation": 180, "texture": "#0"},
				"west": {"uv": [0, 1, 1, 2.05], "rotation": 180, "texture": "#0"},
				"up": {"uv": [0, 1, 1, 2.05], "rotation": 180, "texture": "#0"},
				"down": {"uv": [0, 1, 1, 2.05], "rotation": 180, "texture": "#0"}
			}
		},
		{
			"from": [7.59802, 8.15139, -3.53674],
			"to": [7.75881, 8.96338, -1.55683],
			"rotation": {"angle": -22.5, "axis": "z", "origin": [6.47249, 7.67706, 4.36797]},
			"faces": {
				"north": {"uv": [0, 1, 1, 2.05], "rotation": 180, "texture": "#0"},
				"east": {"uv": [0, 1, 1, 2.05], "rotation": 180, "texture": "#0"},
				"south": {"uv": [0, 1, 1, 2.05], "rotation": 180, "texture": "#0"},
				"west": {"uv": [0, 1, 1, 2.05], "rotation": 180, "texture": "#0"},
				"up": {"uv": [0, 1, 1, 2.05], "rotation": 180, "texture": "#0"},
				"down": {"uv": [0, 1, 1, 2.05], "rotation": 180, "texture": "#0"}
			}
		},
		{
			"from": [7.59802, 8.15139, 3.76326],
			"to": [7.75881, 8.96338, 4.54317],
			"rotation": {"angle": -22.5, "axis": "z", "origin": [6.47249, 7.67706, 11.66797]},
			"faces": {
				"north": {"uv": [0, 1, 1, 2.05], "rotation": 180, "texture": "#0"},
				"east": {"uv": [0, 1, 1, 2.05], "rotation": 180, "texture": "#0"},
				"south": {"uv": [0, 1, 1, 2.05], "rotation": 180, "texture": "#0"},
				"west": {"uv": [0, 1, 1, 2.05], "rotation": 180, "texture": "#0"},
				"up": {"uv": [0, 1, 1, 2.05], "rotation": 180, "texture": "#0"},
				"down": {"uv": [0, 1, 1, 2.05], "rotation": 180, "texture": "#0"}
			}
		},
		{
			"from": [7.73955, 8.09526, -2.81203],
			"to": [7.84373, 8.62137, 3.87234],
			"rotation": {"angle": -22.5, "axis": "z", "origin": [7.01027, 7.78792, 5.92511]},
			"faces": {
				"north": {"uv": [0, 1, 1, 2.05], "rotation": 180, "texture": "#0"},
				"east": {"uv": [0, 1, 1, 2.05], "rotation": 180, "texture": "#0"},
				"south": {"uv": [0, 1, 1, 2.05], "rotation": 180, "texture": "#0"},
				"west": {"uv": [0, 1, 1, 2.05], "rotation": 180, "texture": "#0"},
				"up": {"uv": [0, 1, 1, 2.05], "rotation": 180, "texture": "#0"},
				"down": {"uv": [0, 1, 1, 2.05], "rotation": 180, "texture": "#0"}
			}
		},
		{
			"from": [7.7696, 7.0736, -13.68],
			"to": [8.15744, 7.1504, 2.7696],
			"rotation": {"angle": 0, "axis": "z", "origin": [7.54304, 7.688, -6]},
			"faces": {
				"north": {"uv": [0, 1, 1, 2.05], "rotation": 90, "texture": "#0"},
				"east": {"uv": [0, 1, 1, 2.05], "rotation": 90, "texture": "#0"},
				"south": {"uv": [0, 1, 1, 2.05], "rotation": 90, "texture": "#0"},
				"west": {"uv": [0, 1, 1, 2.05], "rotation": 90, "texture": "#0"},
				"up": {"uv": [0, 1, 1, 2.05], "rotation": 90, "texture": "#0"},
				"down": {"uv": [0, 1, 1, 2.05], "rotation": 90, "texture": "#0"}
			}
		},
		{
			"from": [7.68745, 7.05982, -15.11203],
			"to": [8.21357, 7.164, -13.42766],
			"rotation": {"angle": 0, "axis": "z", "origin": [7.38012, 7.89327, -5.37489]},
			"faces": {
				"north": {"uv": [0, 1, 1, 2.05], "rotation": 90, "texture": "#0"},
				"east": {"uv": [0, 1, 1, 2.05], "rotation": 90, "texture": "#0"},
				"south": {"uv": [0, 1, 1, 2.05], "rotation": 90, "texture": "#0"},
				"west": {"uv": [0, 1, 1, 2.05], "rotation": 90, "texture": "#0"},
				"up": {"uv": [0, 1, 1, 2.05], "rotation": 90, "texture": "#0"},
				"down": {"uv": [0, 1, 1, 2.05], "rotation": 90, "texture": "#0"}
			}
		},
		{
			"from": [7.51763, 7.94236, -3.53674],
			"to": [8.32962, 8.10315, -1.55683],
			"rotation": {"angle": 0, "axis": "z", "origin": [7.0433, 9.22868, 4.36797]},
			"faces": {
				"north": {"uv": [0, 1, 1, 2.05], "rotation": 90, "texture": "#0"},
				"east": {"uv": [0, 1, 1, 2.05], "rotation": 90, "texture": "#0"},
				"south": {"uv": [0, 1, 1, 2.05], "rotation": 90, "texture": "#0"},
				"west": {"uv": [0, 1, 1, 2.05], "rotation": 90, "texture": "#0"},
				"up": {"uv": [0, 1, 1, 2.05], "rotation": 90, "texture": "#0"},
				"down": {"uv": [0, 1, 1, 2.05], "rotation": 90, "texture": "#0"}
			}
		},
		{
			"from": [7.51763, 7.94236, 3.76326],
			"to": [8.32962, 8.10315, 4.54317],
			"rotation": {"angle": 0, "axis": "z", "origin": [7.0433, 9.22868, 11.66797]},
			"faces": {
				"north": {"uv": [0, 1, 1, 2.05], "rotation": 90, "texture": "#0"},
				"east": {"uv": [0, 1, 1, 2.05], "rotation": 90, "texture": "#0"},
				"south": {"uv": [0, 1, 1, 2.05], "rotation": 90, "texture": "#0"},
				"west": {"uv": [0, 1, 1, 2.05], "rotation": 90, "texture": "#0"},
				"up": {"uv": [0, 1, 1, 2.05], "rotation": 90, "texture": "#0"},
				"down": {"uv": [0, 1, 1, 2.05], "rotation": 90, "texture": "#0"}
			}
		},
		{
			"from": [7.68745, 7.95982, -2.81203],
			"to": [8.21357, 8.064, 3.87234],
			"rotation": {"angle": 0, "axis": "z", "origin": [7.38012, 8.79327, 5.92511]},
			"faces": {
				"north": {"uv": [0, 1, 1, 2.05], "rotation": 90, "texture": "#0"},
				"east": {"uv": [0, 1, 1, 2.05], "rotation": 90, "texture": "#0"},
				"south": {"uv": [0, 1, 1, 2.05], "rotation": 90, "texture": "#0"},
				"west": {"uv": [0, 1, 1, 2.05], "rotation": 90, "texture": "#0"},
				"up": {"uv": [0, 1, 1, 2.05], "rotation": 90, "texture": "#0"},
				"down": {"uv": [0, 1, 1, 2.05], "rotation": 90, "texture": "#0"}
			}
		},
		{
			"from": [7.7, 6.6, -4],
			"to": [8.2, 7.1, -3],
			"rotation": {"angle": 0, "axis": "y", "origin": [15.4, 15, 4]},
			"faces": {
				"north": {"uv": [0, 0, 0.85, 0.9], "texture": "#1"},
				"east": {"uv": [0, 0, 0.85, 0.9], "texture": "#1"},
				"south": {"uv": [0, 0, 0.85, 0.9], "texture": "#1"},
				"west": {"uv": [0, 0, 0.85, 0.9], "texture": "#1"},
				"up": {"uv": [0, 0, 0.85, 0.9], "texture": "#1"},
				"down": {"uv": [0, 0, 0.85, 0.9], "texture": "#1"}
			}
		},
		{
			"from": [7.7, 6.2, -3.2],
			"to": [8.2, 7.1, -2.2],
			"rotation": {"angle": 0, "axis": "y", "origin": [15.4, 14.6, 4.8]},
			"faces": {
				"north": {"uv": [0, 0, 0.85, 0.9], "texture": "#1"},
				"east": {"uv": [0, 0, 0.85, 0.9], "texture": "#1"},
				"south": {"uv": [0, 0, 0.85, 0.9], "texture": "#1"},
				"west": {"uv": [0, 0, 0.85, 0.9], "texture": "#1"},
				"up": {"uv": [0, 0, 0.85, 0.9], "texture": "#1"},
				"down": {"uv": [0, 0, 0.85, 0.9], "texture": "#1"}
			}
		},
		{
			"from": [7.7, 6.4, -3.6],
			"to": [8.2, 7.1, -2.6],
			"rotation": {"angle": 0, "axis": "y", "origin": [15.4, 14.8, 4.4]},
			"faces": {
				"north": {"uv": [0, 0, 0.85, 0.9], "texture": "#1"},
				"east": {"uv": [0, 0, 0.85, 0.9], "texture": "#1"},
				"south": {"uv": [0, 0, 0.85, 0.9], "texture": "#1"},
				"west": {"uv": [0, 0, 0.85, 0.9], "texture": "#1"},
				"up": {"uv": [0, 0, 0.85, 0.9], "texture": "#1"},
				"down": {"uv": [0, 0, 0.85, 0.9], "texture": "#1"}
			}
		},
		{
			"from": [7.7, 6.5, -3.8],
			"to": [8.2, 7.1, -2.8],
			"rotation": {"angle": 0, "axis": "y", "origin": [15.4, 14.9, 4.2]},
			"faces": {
				"north": {"uv": [0, 0, 0.85, 0.9], "texture": "#1"},
				"east": {"uv": [0, 0, 0.85, 0.9], "texture": "#1"},
				"south": {"uv": [0, 0, 0.85, 0.9], "texture": "#1"},
				"west": {"uv": [0, 0, 0.85, 0.9], "texture": "#1"},
				"up": {"uv": [0, 0, 0.85, 0.9], "texture": "#1"},
				"down": {"uv": [0, 0, 0.85, 0.9], "texture": "#1"}
			}
		},
		{
			"from": [7.7, 6.1, -3],
			"to": [8.2, 7.1, 3],
			"rotation": {"angle": 0, "axis": "y", "origin": [15.4, 14.5, 5]},
			"faces": {
				"north": {"uv": [0, 0, 0.85, 0.9], "texture": "#1"},
				"east": {"uv": [0, 0, 0.85, 0.9], "texture": "#1"},
				"south": {"uv": [0, 0, 0.85, 0.9], "texture": "#1"},
				"west": {"uv": [0, 0, 0.85, 0.9], "texture": "#1"},
				"up": {"uv": [0, 0, 0.85, 0.9], "texture": "#1"},
				"down": {"uv": [0, 0, 0.85, 0.9], "texture": "#1"}
			}
		},
		{
			"from": [7.7, 6.6, 3],
			"to": [8.2, 7.1, 9],
			"rotation": {"angle": 0, "axis": "y", "origin": [15.4, 14.5, 11]},
			"faces": {
				"north": {"uv": [0, 0, 0.85, 0.9], "texture": "#1"},
				"east": {"uv": [0, 0, 0.85, 0.9], "texture": "#1"},
				"south": {"uv": [0, 0, 0.85, 0.9], "texture": "#1"},
				"west": {"uv": [0, 0, 0.85, 0.9], "texture": "#1"},
				"up": {"uv": [0, 0, 0.85, 0.9], "texture": "#1"},
				"down": {"uv": [0, 0, 0.85, 0.9], "texture": "#1"}
			}
		},
		{
			"from": [7.75, 6.8, 3.3],
			"to": [8.15, 7.3, 9.3],
			"rotation": {"angle": 0, "axis": "y", "origin": [15.4, 14.7, 11.3]},
			"faces": {
				"north": {"uv": [0, 0, 0.85, 0.9], "texture": "#1"},
				"east": {"uv": [0, 0, 0.85, 0.9], "texture": "#1"},
				"south": {"uv": [0, 0, 0.85, 0.9], "texture": "#1"},
				"west": {"uv": [0, 0, 0.85, 0.9], "texture": "#1"},
				"up": {"uv": [0, 0, 0.85, 0.9], "texture": "#1"},
				"down": {"uv": [0, 0, 0.85, 0.9], "texture": "#1"}
			}
		},
		{
			"from": [7.7, 6.4, 5.2],
			"to": [8.2, 6.6, 9],
			"rotation": {"angle": 0, "axis": "y", "origin": [15.4, 14, 11]},
			"faces": {
				"north": {"uv": [0, 0, 0.85, 0.9], "texture": "#1"},
				"east": {"uv": [0, 0, 0.85, 0.9], "texture": "#1"},
				"south": {"uv": [0, 0, 0.85, 0.9], "texture": "#1"},
				"west": {"uv": [0, 0, 0.85, 0.9], "texture": "#1"},
				"up": {"uv": [0, 0, 0.85, 0.9], "texture": "#1"},
				"down": {"uv": [0, 0, 0.85, 0.9], "texture": "#1"}
			}
		},
		{
			"from": [7.7, 5.55, 4.1],
			"to": [8.2, 5.75, 5.1],
			"rotation": {"angle": 0, "axis": "y", "origin": [15.4, 13.45, 11]},
			"faces": {
				"north": {"uv": [0, 0, 0.85, 0.9], "texture": "#1"},
				"east": {"uv": [0, 0, 0.85, 0.9], "texture": "#1"},
				"south": {"uv": [0, 0, 0.85, 0.9], "texture": "#1"},
				"west": {"uv": [0, 0, 0.85, 0.9], "texture": "#1"},
				"up": {"uv": [0, 0, 0.85, 0.9], "texture": "#1"},
				"down": {"uv": [0, 0, 0.85, 0.9], "texture": "#1"}
			}
		},
		{
			"from": [7.7, 9.45, -4.95],
			"to": [8.2, 9.95, -4.05],
			"rotation": {"angle": -45, "axis": "x", "origin": [15.4, 17.35, 3.05]},
			"faces": {
				"north": {"uv": [0, 0, 0.85, 0.9], "texture": "#1"},
				"east": {"uv": [0, 0, 0.85, 0.9], "texture": "#1"},
				"south": {"uv": [0, 0, 0.85, 0.9], "texture": "#1"},
				"west": {"uv": [0, 0, 0.85, 0.9], "texture": "#1"},
				"up": {"uv": [0, 0, 0.85, 0.9], "texture": "#1"},
				"down": {"uv": [0, 0, 0.85, 0.9], "texture": "#1"}
			}
		},
		{
			"from": [7.7, 9.25, -2.55],
			"to": [8.2, 9.75, -1.65],
			"rotation": {"angle": -45, "axis": "x", "origin": [15.4, 17.15, 5.45]},
			"faces": {
				"north": {"uv": [0, 0, 0.85, 0.9], "texture": "#1"},
				"east": {"uv": [0, 0, 0.85, 0.9], "texture": "#1"},
				"south": {"uv": [0, 0, 0.85, 0.9], "texture": "#1"},
				"west": {"uv": [0, 0, 0.85, 0.9], "texture": "#1"},
				"up": {"uv": [0, 0, 0.85, 0.9], "texture": "#1"},
				"down": {"uv": [0, 0, 0.85, 0.9], "texture": "#1"}
			}
		},
		{
			"from": [7.7, 8.05, 0.45],
			"to": [8.2, 8.55, 1.05],
			"rotation": {"angle": -45, "axis": "x", "origin": [15.4, 15.95, 8.45]},
			"faces": {
				"north": {"uv": [0, 0, 0.85, 0.9], "texture": "#1"},
				"east": {"uv": [0, 0, 0.85, 0.9], "texture": "#1"},
				"south": {"uv": [0, 0, 0.85, 0.9], "texture": "#1"},
				"west": {"uv": [0, 0, 0.85, 0.9], "texture": "#1"},
				"up": {"uv": [0, 0, 0.85, 0.9], "texture": "#1"},
				"down": {"uv": [0, 0, 0.85, 0.9], "texture": "#1"}
			}
		},
		{
			"from": [7.7, 8.7, 1.95],
			"to": [8.2, 9.2, 2.85],
			"rotation": {"angle": -22.5, "axis": "x", "origin": [15.4, 16.6, 9.95]},
			"faces": {
				"north": {"uv": [0, 0, 0.85, 0.9], "texture": "#1"},
				"east": {"uv": [0, 0, 0.85, 0.9], "texture": "#1"},
				"south": {"uv": [0, 0, 0.85, 0.9], "texture": "#1"},
				"west": {"uv": [0, 0, 0.85, 0.9], "texture": "#1"},
				"up": {"uv": [0, 0, 0.85, 0.9], "texture": "#1"},
				"down": {"uv": [0, 0, 0.85, 0.9], "texture": "#1"}
			}
		},
		{
			"from": [7.7, 6.9, 4.15],
			"to": [8.2, 7.4, 5.05],
			"rotation": {"angle": -22.5, "axis": "x", "origin": [15.4, 14.8, 12.15]},
			"faces": {
				"north": {"uv": [0, 0, 0.85, 0.9], "texture": "#1"},
				"east": {"uv": [0, 0, 0.85, 0.9], "texture": "#1"},
				"south": {"uv": [0, 0, 0.85, 0.9], "texture": "#1"},
				"west": {"uv": [0, 0, 0.85, 0.9], "texture": "#1"},
				"up": {"uv": [0, 0, 0.85, 0.9], "texture": "#1"},
				"down": {"uv": [0, 0, 0.85, 0.9], "texture": "#1"}
			}
		},
		{
			"from": [7.7, 8.15, 8.55],
			"to": [8.2, 8.85, 9.05],
			"rotation": {"angle": 22.5, "axis": "x", "origin": [15.4, 15.95, 1.15]},
			"faces": {
				"north": {"uv": [0, 0, 0.85, 0.9], "rotation": 90, "texture": "#1"},
				"east": {"uv": [0, 0, 0.85, 0.9], "rotation": 90, "texture": "#1"},
				"south": {"uv": [0, 0, 0.85, 0.9], "rotation": 90, "texture": "#1"},
				"west": {"uv": [0, 0, 0.85, 0.9], "rotation": 90, "texture": "#1"},
				"up": {"uv": [0, 0, 0.85, 0.9], "rotation": 90, "texture": "#1"},
				"down": {"uv": [0, 0, 0.85, 0.9], "rotation": 90, "texture": "#1"}
			}
		},
		{
			"from": [7.7, 6.85, 12.15],
			"to": [8.2, 8.85, 12.65],
			"rotation": {"angle": 22.5, "axis": "x", "origin": [15.4, 15.95, 4.75]},
			"faces": {
				"north": {"uv": [0, 0, 0.85, 0.9], "rotation": 90, "texture": "#1"},
				"east": {"uv": [0, 0, 0.85, 0.9], "rotation": 90, "texture": "#1"},
				"south": {"uv": [0, 0, 0.85, 0.9], "rotation": 90, "texture": "#1"},
				"west": {"uv": [0, 0, 0.85, 0.9], "rotation": 90, "texture": "#1"},
				"up": {"uv": [0, 0, 0.85, 0.9], "rotation": 90, "texture": "#1"},
				"down": {"uv": [0, 0, 0.85, 0.9], "rotation": 90, "texture": "#1"}
			}
		},
		{
			"from": [7.7, 5.6, 5.1],
			"to": [8.2, 6.25, 5.6],
			"rotation": {"angle": 0, "axis": "x", "origin": [15.4, 13.35, -2.3]},
			"faces": {
				"north": {"uv": [0, 0, 0.85, 0.9], "rotation": 90, "texture": "#1"},
				"east": {"uv": [0, 0, 0.85, 0.9], "rotation": 90, "texture": "#1"},
				"south": {"uv": [0, 0, 0.85, 0.9], "rotation": 90, "texture": "#1"},
				"west": {"uv": [0, 0, 0.85, 0.9], "rotation": 90, "texture": "#1"},
				"up": {"uv": [0, 0, 0.85, 0.9], "rotation": 90, "texture": "#1"},
				"down": {"uv": [0, 0, 0.85, 0.9], "rotation": 90, "texture": "#1"}
			}
		},
		{
			"from": [7.7, 5.6, 8.5],
			"to": [8.2, 6.25, 9],
			"rotation": {"angle": 0, "axis": "x", "origin": [15.4, 13.35, 1.1]},
			"faces": {
				"north": {"uv": [0, 0, 0.85, 0.9], "rotation": 90, "texture": "#1"},
				"east": {"uv": [0, 0, 0.85, 0.9], "rotation": 90, "texture": "#1"},
				"south": {"uv": [0, 0, 0.85, 0.9], "rotation": 90, "texture": "#1"},
				"west": {"uv": [0, 0, 0.85, 0.9], "rotation": 90, "texture": "#1"},
				"up": {"uv": [0, 0, 0.85, 0.9], "rotation": 90, "texture": "#1"},
				"down": {"uv": [0, 0, 0.85, 0.9], "rotation": 90, "texture": "#1"}
			}
		},
		{
			"from": [7.7, 5.25, 8.8],
			"to": [8.2, 7.1, 10.7],
			"rotation": {"angle": 0, "axis": "x", "origin": [15.4, 14.2, 1.4]},
			"faces": {
				"north": {"uv": [0, 0, 0.85, 0.9], "rotation": 90, "texture": "#1"},
				"east": {"uv": [0, 0, 0.85, 0.9], "rotation": 90, "texture": "#1"},
				"south": {"uv": [0, 0, 0.85, 0.9], "rotation": 90, "texture": "#1"},
				"west": {"uv": [0, 0, 0.85, 0.9], "rotation": 90, "texture": "#1"},
				"up": {"uv": [0, 0, 0.85, 0.9], "rotation": 90, "texture": "#1"},
				"down": {"uv": [0, 0, 0.85, 0.9], "rotation": 90, "texture": "#1"}
			}
		},
		{
			"from": [7.7, 5.05, 10.7],
			"to": [8.2, 7.1, 11],
			"rotation": {"angle": 0, "axis": "x", "origin": [15.4, 14.2, 3.3]},
			"faces": {
				"north": {"uv": [0, 1, 1, 2.05], "rotation": 180, "texture": "#0"},
				"east": {"uv": [0, 1, 1, 2.05], "rotation": 180, "texture": "#0"},
				"south": {"uv": [0, 1, 1, 2.05], "rotation": 180, "texture": "#0"},
				"west": {"uv": [0, 1, 1, 2.05], "rotation": 180, "texture": "#0"},
				"up": {"uv": [0, 1, 1, 2.05], "rotation": 180, "texture": "#0"},
				"down": {"uv": [0, 1, 1, 2.05], "rotation": 180, "texture": "#0"}
			}
		},
		{
			"from": [7.7, 7.1, 9.2],
			"to": [8.2, 7.35, 10.7],
			"rotation": {"angle": 0, "axis": "x", "origin": [15.4, 16.25, 3.3]},
			"faces": {
				"north": {"uv": [0, 1, 1, 2.05], "rotation": 180, "texture": "#0"},
				"east": {"uv": [0, 1, 1, 2.05], "rotation": 180, "texture": "#0"},
				"south": {"uv": [0, 1, 1, 2.05], "rotation": 180, "texture": "#0"},
				"west": {"uv": [0, 1, 1, 2.05], "rotation": 180, "texture": "#0"},
				"up": {"uv": [0, 1, 1, 2.05], "rotation": 180, "texture": "#0"},
				"down": {"uv": [0, 1, 1, 2.05], "rotation": 180, "texture": "#0"}
			}
		},
		{
			"from": [7.7, 7.1, -0.5],
			"to": [8.2, 7.35, 5.7],
			"rotation": {"angle": 0, "axis": "x", "origin": [15.4, 16.25, -1.7]},
			"faces": {
				"north": {"uv": [0, 1, 1, 2.05], "rotation": 180, "texture": "#0"},
				"east": {"uv": [0, 1, 1, 2.05], "rotation": 180, "texture": "#0"},
				"south": {"uv": [0, 1, 1, 2.05], "rotation": 180, "texture": "#0"},
				"west": {"uv": [0, 1, 1, 2.05], "rotation": 180, "texture": "#0"},
				"up": {"uv": [0, 1, 1, 2.05], "rotation": 180, "texture": "#0"},
				"down": {"uv": [0, 1, 1, 2.05], "rotation": 180, "texture": "#0"}
			}
		},
		{
			"from": [7.7, 7.2, -0.5],
			"to": [8.2, 7.45, 5],
			"rotation": {"angle": 0, "axis": "x", "origin": [15.4, 16.35, -1.7]},
			"faces": {
				"north": {"uv": [0, 1, 1, 2.05], "rotation": 180, "texture": "#0"},
				"east": {"uv": [0, 1, 1, 2.05], "rotation": 180, "texture": "#0"},
				"south": {"uv": [0, 1, 1, 2.05], "rotation": 180, "texture": "#0"},
				"west": {"uv": [0, 1, 1, 2.05], "rotation": 180, "texture": "#0"},
				"up": {"uv": [0, 1, 1, 2.05], "rotation": 180, "texture": "#0"},
				"down": {"uv": [0, 1, 1, 2.05], "rotation": 180, "texture": "#0"}
			}
		},
		{
			"from": [7.7, 7.3, -0.5],
			"to": [8.2, 7.55, 4.3],
			"rotation": {"angle": 0, "axis": "x", "origin": [15.4, 16.45, -1.7]},
			"faces": {
				"north": {"uv": [0, 1, 1, 2.05], "rotation": 180, "texture": "#0"},
				"east": {"uv": [0, 1, 1, 2.05], "rotation": 180, "texture": "#0"},
				"south": {"uv": [0, 1, 1, 2.05], "rotation": 180, "texture": "#0"},
				"west": {"uv": [0, 1, 1, 2.05], "rotation": 180, "texture": "#0"},
				"up": {"uv": [0, 1, 1, 2.05], "rotation": 180, "texture": "#0"},
				"down": {"uv": [0, 1, 1, 2.05], "rotation": 180, "texture": "#0"}
			}
		},
		{
			"from": [7.7, 7.4, -0.5],
			"to": [8.2, 7.65, 3.6],
			"rotation": {"angle": 0, "axis": "x", "origin": [15.4, 16.55, -1.7]},
			"faces": {
				"north": {"uv": [0, 1, 1, 2.05], "rotation": 180, "texture": "#0"},
				"east": {"uv": [0, 1, 1, 2.05], "rotation": 180, "texture": "#0"},
				"south": {"uv": [0, 1, 1, 2.05], "rotation": 180, "texture": "#0"},
				"west": {"uv": [0, 1, 1, 2.05], "rotation": 180, "texture": "#0"},
				"up": {"uv": [0, 1, 1, 2.05], "rotation": 180, "texture": "#0"},
				"down": {"uv": [0, 1, 1, 2.05], "rotation": 180, "texture": "#0"}
			}
		},
		{
			"from": [7.7, 7.6, 0.5],
			"to": [8.2, 7.85, 0.8],
			"rotation": {"angle": 0, "axis": "x", "origin": [15.4, 16.75, -1.7]},
			"faces": {
				"north": {"uv": [0, 1, 1, 2.05], "rotation": 180, "texture": "#0"},
				"east": {"uv": [0, 1, 1, 2.05], "rotation": 180, "texture": "#0"},
				"south": {"uv": [0, 1, 1, 2.05], "rotation": 180, "texture": "#0"},
				"west": {"uv": [0, 1, 1, 2.05], "rotation": 180, "texture": "#0"},
				"up": {"uv": [0, 1, 1, 2.05], "rotation": 180, "texture": "#0"},
				"down": {"uv": [0, 1, 1, 2.05], "rotation": 180, "texture": "#0"}
			}
		},
		{
			"from": [7.7, 7.6, 2],
			"to": [8.2, 7.85, 2.3],
			"rotation": {"angle": 0, "axis": "x", "origin": [15.4, 16.75, -0.2]},
			"faces": {
				"north": {"uv": [0, 1, 1, 2.05], "rotation": 180, "texture": "#0"},
				"east": {"uv": [0, 1, 1, 2.05], "rotation": 180, "texture": "#0"},
				"south": {"uv": [0, 1, 1, 2.05], "rotation": 180, "texture": "#0"},
				"west": {"uv": [0, 1, 1, 2.05], "rotation": 180, "texture": "#0"},
				"up": {"uv": [0, 1, 1, 2.05], "rotation": 180, "texture": "#0"},
				"down": {"uv": [0, 1, 1, 2.05], "rotation": 180, "texture": "#0"}
			}
		},
		{
			"from": [7.8, 7.6, 0.4],
			"to": [8.1, 7.85, 0.9],
			"rotation": {"angle": 0, "axis": "x", "origin": [15.4, 16.75, -1.7]},
			"faces": {
				"north": {"uv": [0, 1, 1, 2.05], "rotation": 180, "texture": "#0"},
				"east": {"uv": [0, 1, 1, 2.05], "rotation": 180, "texture": "#0"},
				"south": {"uv": [0, 1, 1, 2.05], "rotation": 180, "texture": "#0"},
				"west": {"uv": [0, 1, 1, 2.05], "rotation": 180, "texture": "#0"},
				"up": {"uv": [0, 1, 1, 2.05], "rotation": 180, "texture": "#0"},
				"down": {"uv": [0, 1, 1, 2.05], "rotation": 180, "texture": "#0"}
			}
		},
		{
			"from": [7.8, 7.6, 1.9],
			"to": [8.1, 7.85, 2.4],
			"rotation": {"angle": 0, "axis": "x", "origin": [15.4, 16.75, -0.2]},
			"faces": {
				"north": {"uv": [0, 1, 1, 2.05], "rotation": 180, "texture": "#0"},
				"east": {"uv": [0, 1, 1, 2.05], "rotation": 180, "texture": "#0"},
				"south": {"uv": [0, 1, 1, 2.05], "rotation": 180, "texture": "#0"},
				"west": {"uv": [0, 1, 1, 2.05], "rotation": 180, "texture": "#0"},
				"up": {"uv": [0, 1, 1, 2.05], "rotation": 180, "texture": "#0"},
				"down": {"uv": [0, 1, 1, 2.05], "rotation": 180, "texture": "#0"}
			}
		},
		{
			"from": [7.7, 9.35, 19],
			"to": [8.2, 9.6, 19.4],
			"rotation": {"angle": 45, "axis": "x", "origin": [15.4, 18.5, 12]},
			"faces": {
				"north": {"uv": [0, 1, 1, 2.05], "rotation": 180, "texture": "#0"},
				"east": {"uv": [0, 1, 1, 2.05], "rotation": 180, "texture": "#0"},
				"south": {"uv": [0, 1, 1, 2.05], "rotation": 180, "texture": "#0"},
				"west": {"uv": [0, 1, 1, 2.05], "rotation": 180, "texture": "#0"},
				"up": {"uv": [0, 1, 1, 2.05], "rotation": 180, "texture": "#0"},
				"down": {"uv": [0, 1, 1, 2.05], "rotation": 180, "texture": "#0"}
			}
		},
		{
			"from": [7.7, -1.35, 7.55],
			"to": [8.2, -0.85, 8.45],
			"rotation": {"angle": 45, "axis": "x", "origin": [15.4, 6.55, 15.55]},
			"faces": {
				"north": {"uv": [0, 0, 0.85, 0.9], "texture": "#1"},
				"east": {"uv": [0, 0, 0.85, 0.9], "texture": "#1"},
				"south": {"uv": [0, 0, 0.85, 0.9], "texture": "#1"},
				"west": {"uv": [0, 0, 0.85, 0.9], "texture": "#1"},
				"up": {"uv": [0, 0, 0.85, 0.9], "texture": "#1"},
				"down": {"uv": [0, 0, 0.85, 0.9], "texture": "#1"}
			}
		},
		{
			"from": [7.7, -2.75, 8.55],
			"to": [8.2, -2.25, 9.35],
			"rotation": {"angle": 45, "axis": "x", "origin": [15.4, 5.15, 16.45]},
			"faces": {
				"north": {"uv": [0, 0, 0.85, 0.9], "texture": "#1"},
				"east": {"uv": [0, 0, 0.85, 0.9], "texture": "#1"},
				"south": {"uv": [0, 0, 0.85, 0.9], "texture": "#1"},
				"west": {"uv": [0, 0, 0.85, 0.9], "texture": "#1"},
				"up": {"uv": [0, 0, 0.85, 0.9], "texture": "#1"},
				"down": {"uv": [0, 0, 0.85, 0.9], "texture": "#1"}
			}
		},
		{
			"from": [7.7, -1.65, 11.25],
			"to": [8.2, -1.15, 12.25],
			"rotation": {"angle": 45, "axis": "x", "origin": [15.4, 6.25, 19.45]},
			"faces": {
				"north": {"uv": [0, 0, 0.85, 0.9], "texture": "#1"},
				"east": {"uv": [0, 0, 0.85, 0.9], "texture": "#1"},
				"south": {"uv": [0, 0, 0.85, 0.9], "texture": "#1"},
				"west": {"uv": [0, 0, 0.85, 0.9], "texture": "#1"},
				"up": {"uv": [0, 0, 0.85, 0.9], "texture": "#1"},
				"down": {"uv": [0, 0, 0.85, 0.9], "texture": "#1"}
			}
		},
		{
			"from": [7.7, -3.15, 8.7],
			"to": [8.2, -2.65, 9.15],
			"rotation": {"angle": 45, "axis": "x", "origin": [15.4, 4.75, 16.6]},
			"faces": {
				"north": {"uv": [0, 0, 0.85, 0.9], "texture": "#1"},
				"east": {"uv": [0, 0, 0.85, 0.9], "texture": "#1"},
				"south": {"uv": [0, 0, 0.85, 0.9], "texture": "#1"},
				"west": {"uv": [0, 0, 0.85, 0.9], "texture": "#1"},
				"up": {"uv": [0, 0, 0.85, 0.9], "texture": "#1"},
				"down": {"uv": [0, 0, 0.85, 0.9], "texture": "#1"}
			}
		},
		{
			"from": [7.7, 1.25, 8.1],
			"to": [8.2, 1.65, 8.9],
			"rotation": {"angle": 22.5, "axis": "x", "origin": [15.4, 9.05, 16]},
			"faces": {
				"north": {"uv": [0, 0, 0.85, 0.9], "texture": "#1"},
				"east": {"uv": [0, 0, 0.85, 0.9], "texture": "#1"},
				"south": {"uv": [0, 0, 0.85, 0.9], "texture": "#1"},
				"west": {"uv": [0, 0, 0.85, 0.9], "texture": "#1"},
				"up": {"uv": [0, 0, 0.85, 0.9], "texture": "#1"},
				"down": {"uv": [0, 0, 0.85, 0.9], "texture": "#1"}
			}
		},
		{
			"from": [7.7, 2.85, 10.1],
			"to": [8.2, 3.25, 10.9],
			"rotation": {"angle": 22.5, "axis": "x", "origin": [15.4, 10.65, 18]},
			"faces": {
				"north": {"uv": [0, 0, 0.85, 0.9], "texture": "#1"},
				"east": {"uv": [0, 0, 0.85, 0.9], "texture": "#1"},
				"south": {"uv": [0, 0, 0.85, 0.9], "texture": "#1"},
				"west": {"uv": [0, 0, 0.85, 0.9], "texture": "#1"},
				"up": {"uv": [0, 0, 0.85, 0.9], "texture": "#1"},
				"down": {"uv": [0, 0, 0.85, 0.9], "texture": "#1"}
			}
		},
		{
			"from": [7.7, 1.95, 6.9],
			"to": [8.2, 2.05, 7.7],
			"rotation": {"angle": 22.5, "axis": "x", "origin": [15.4, 9.85, 14.8]},
			"faces": {
				"north": {"uv": [0, 0, 0.85, 0.9], "texture": "#1"},
				"east": {"uv": [0, 0, 0.85, 0.9], "texture": "#1"},
				"south": {"uv": [0, 0, 0.85, 0.9], "texture": "#1"},
				"west": {"uv": [0, 0, 0.85, 0.9], "texture": "#1"},
				"up": {"uv": [0, 0, 0.85, 0.9], "texture": "#1"},
				"down": {"uv": [0, 0, 0.85, 0.9], "texture": "#1"}
			}
		},
		{
			"from": [7.7, 1.95, 7.2],
			"to": [8.2, 2.15, 7.9],
			"rotation": {"angle": 22.5, "axis": "x", "origin": [15.4, 9.85, 15]},
			"faces": {
				"north": {"uv": [0, 0, 0.85, 0.9], "texture": "#1"},
				"east": {"uv": [0, 0, 0.85, 0.9], "texture": "#1"},
				"south": {"uv": [0, 0, 0.85, 0.9], "texture": "#1"},
				"west": {"uv": [0, 0, 0.85, 0.9], "texture": "#1"},
				"up": {"uv": [0, 0, 0.85, 0.9], "texture": "#1"},
				"down": {"uv": [0, 0, 0.85, 0.9], "texture": "#1"}
			}
		},
		{
			"from": [7.7, 4.45, 5.75],
			"to": [8.2, 4.95, 8.55],
			"rotation": {"angle": 0, "axis": "x", "origin": [15.4, 12.35, 13.95]},
			"faces": {
				"north": {"uv": [0, 0, 0.85, 0.9], "texture": "#1"},
				"east": {"uv": [0, 0, 0.85, 0.9], "texture": "#1"},
				"south": {"uv": [0, 0, 0.85, 0.9], "texture": "#1"},
				"west": {"uv": [0, 0, 0.85, 0.9], "texture": "#1"},
				"up": {"uv": [0, 0, 0.85, 0.9], "texture": "#1"},
				"down": {"uv": [0, 0, 0.85, 0.9], "texture": "#1"}
			}
		},
		{
			"from": [7.7, 8.25, 7.2],
			"to": [8.2, 10.25, 7.7],
			"rotation": {"angle": -22.5, "axis": "x", "origin": [15.4, 2.05, 15.1]},
			"faces": {
				"north": {"uv": [0, 0, 0.85, 0.9], "rotation": 270, "texture": "#1"},
				"east": {"uv": [0, 0, 0.85, 0.9], "rotation": 270, "texture": "#1"},
				"south": {"uv": [0, 0, 0.85, 0.9], "rotation": 270, "texture": "#1"},
				"west": {"uv": [0, 0, 0.85, 0.9], "rotation": 270, "texture": "#1"},
				"up": {"uv": [0, 0, 0.85, 0.9], "rotation": 270, "texture": "#1"},
				"down": {"uv": [0, 0, 0.85, 0.9], "rotation": 270, "texture": "#1"}
			}
		},
		{
			"from": [7.7, 2.45, 5.15],
			"to": [8.2, 2.65, 6.55],
			"rotation": {"angle": 22.5, "axis": "x", "origin": [15.4, 10.15, 13.15]},
			"faces": {
				"north": {"uv": [0, 0, 0.85, 0.9], "texture": "#1"},
				"east": {"uv": [0, 0, 0.85, 0.9], "texture": "#1"},
				"south": {"uv": [0, 0, 0.85, 0.9], "texture": "#1"},
				"west": {"uv": [0, 0, 0.85, 0.9], "texture": "#1"},
				"up": {"uv": [0, 0, 0.85, 0.9], "texture": "#1"},
				"down": {"uv": [0, 0, 0.85, 0.9], "texture": "#1"}
			}
		},
		{
			"from": [7.7, 6.3, -3.4],
			"to": [8.2, 7.1, -2.4],
			"rotation": {"angle": 0, "axis": "y", "origin": [15.4, 14.7, 4.6]},
			"faces": {
				"north": {"uv": [0, 0, 0.85, 0.9], "texture": "#1"},
				"east": {"uv": [0, 0, 0.85, 0.9], "texture": "#1"},
				"south": {"uv": [0, 0, 0.85, 0.9], "texture": "#1"},
				"west": {"uv": [0, 0, 0.85, 0.9], "texture": "#1"},
				"up": {"uv": [0, 0, 0.85, 0.9], "texture": "#1"},
				"down": {"uv": [0, 0, 0.85, 0.9], "texture": "#1"}
			}
		}
	],
	"display": {
		"thirdperson_righthand": {
			"translation": [0, 2.75, 7],
			"scale": [1.43945, 1.46094, 1]
		},
		"thirdperson_lefthand": {
			"translation": [0, 2.75, 6.75],
			"scale": [1.65625, 1.70117, 1]
		},
		"firstperson_righthand": {
			"translation": [4.75, 4.75, 2.75],
			"scale": [1.76758, 1.75781, 1]
		},
		"firstperson_lefthand": {
			"translation": [0, 5, 5.25],
			"scale": [1.72656, 1.66406, 1]
		},
		"ground": {
			"rotation": [0, 0, -52],
			"translation": [0, 0, 10.25],
			"scale": [1.64648, 1.66406, 1]
		},
		"gui": {
			"rotation": [33, 37.5, -27],
			"translation": [6.25, -2.25, 0],
			"scale": [1.29492, 1.2207, 0.95898]
		},
		"head": {
			"rotation": [0, 90, 0],
			"translation": [10.5, 0, 0]
		}
	}
}