{
	"credit": "Made By Ubalube",
	"textures": {
		"texture": "guns/alien_metal",
		"texture1": "guns/alien_spikes_glowing",
		"texture2": "guns/alien_red",
		"texture3": "guns/alien_metal_3",
		"texture4": "guns/alien_spikes",
		"texture5": "guns/alien_metal_2",
		"texture6": "guns/alien_copper",
		"particle": "blocks/e_particle"
	},
	"elements": [
		{
			"name": "Box1",
			"from": [-5, 8, 7.5],
			"to": [-4, 10, 9.5],
			"faces": {
				"north": {"uv": [4, 6, 5, 8], "texture": "#texture"},
				"east": {"uv": [6.5, 6, 8.5, 8], "texture": "#texture"},
				"south": {"uv": [11, 6, 12, 8], "texture": "#texture"},
				"west": {"uv": [7.5, 6, 9.5, 8], "texture": "#texture"},
				"up": {"uv": [11, 7.5, 12, 9.5], "texture": "#texture"},
				"down": {"uv": [11, 6.5, 12, 8.5], "texture": "#texture"}
			}
		},
		{
			"name": "Box2",
			"from": [-4.5, 8, 7.5],
			"to": [-0.5, 9, 9.5],
			"rotation": {"angle": -22.5, "axis": "z", "origin": [-4.5, 8, 7.5]},
			"faces": {
				"north": {"uv": [1, 7, 4.5, 8], "texture": "#texture"},
				"east": {"uv": [1, 7, 2, 8], "texture": "#texture"},
				"south": {"uv": [11.5, 7, 15, 8], "texture": "#texture"},
				"west": {"uv": [14, 7, 15, 8], "texture": "#texture"},
				"up": {"uv": [11.5, 14, 15, 15], "texture": "#texture"},
				"down": {"uv": [11.5, 1, 15, 2], "texture": "#texture"}
			}
		},
		{
			"name": "Box3",
			"from": [-1, 6.5, 7.5],
			"to": [1, 7.5, 9.5],
			"faces": {
				"north": {"uv": [15, 8.5, 16, 9.5], "texture": "#texture"},
				"east": {"uv": [6.5, 8.5, 8.5, 9.5], "texture": "#texture"},
				"south": {"uv": [0, 8.5, 1, 9.5], "texture": "#texture"},
				"west": {"uv": [7.5, 8.5, 9.5, 9.5], "texture": "#texture"},
				"up": {"uv": [0, 7.5, 1, 9.5], "texture": "#texture"},
				"down": {"uv": [0, 6.5, 1, 8.5], "texture": "#texture"}
			}
		},
		{
			"name": "Box2",
			"from": [0.5, 6, 7.5],
			"to": [2, 7, 9.5],
			"rotation": {"angle": -22.5, "axis": "z", "origin": [2, 6, 9.5]},
			"faces": {
				"north": {"uv": [11.5, 7, 15, 8], "texture": "#texture"},
				"east": {"uv": [14, 7, 15, 8], "texture": "#texture"},
				"south": {"uv": [1, 7, 4.5, 8], "texture": "#texture"},
				"west": {"uv": [1, 7, 2, 8], "texture": "#texture"},
				"up": {"uv": [11.5, 14, 15, 15], "rotation": 180, "texture": "#texture"},
				"down": {"uv": [11.5, 1, 15, 2], "rotation": 180, "texture": "#texture"}
			}
		},
		{
			"name": "Box5",
			"from": [2, 6, 7.5],
			"to": [4, 7, 9.5],
			"faces": {
				"north": {"uv": [12, 9, 14, 10], "texture": "#texture"},
				"east": {"uv": [6.5, 9, 8.5, 10], "texture": "#texture"},
				"south": {"uv": [2, 9, 4, 10], "texture": "#texture"},
				"west": {"uv": [7.5, 9, 9.5, 10], "texture": "#texture"},
				"up": {"uv": [2, 7.5, 4, 9.5], "texture": "#texture"},
				"down": {"uv": [2, 6.5, 4, 8.5], "texture": "#texture"}
			}
		},
		{
			"name": "Box6",
			"from": [4, 6, 7.5],
			"to": [5.5, 7, 9.5],
			"rotation": {"angle": 45, "axis": "z", "origin": [4, 6, 7.5]},
			"faces": {
				"north": {"uv": [10.5, 9, 12, 10], "texture": "#texture"},
				"east": {"uv": [1, 9, 2, 10], "texture": "#texture"},
				"south": {"uv": [4, 9, 5.5, 10], "texture": "#texture"},
				"west": {"uv": [14, 9, 15, 10], "texture": "#texture"},
				"up": {"uv": [4, 14, 5.5, 15], "texture": "#texture"},
				"down": {"uv": [4, 1, 5.5, 2], "texture": "#texture"}
			}
		},
		{
			"name": "Box7",
			"from": [4, 7, 7.5],
			"to": [5, 8, 9.5],
			"rotation": {"angle": -22.5, "axis": "z", "origin": [5, 7, 9.5]},
			"faces": {
				"north": {"uv": [5.5, 8, 6.5, 9], "texture": "#texture"},
				"east": {"uv": [14, 8, 15, 9], "texture": "#texture"},
				"south": {"uv": [9.5, 8, 10.5, 9], "texture": "#texture"},
				"west": {"uv": [1, 8, 2, 9], "texture": "#texture"},
				"up": {"uv": [5.5, 14, 6.5, 15], "rotation": 180, "texture": "#texture"},
				"down": {"uv": [5.5, 1, 6.5, 2], "rotation": 180, "texture": "#texture"}
			}
		},
		{
			"name": "Box8",
			"from": [4.5, 8, 7.5],
			"to": [5.5, 9, 9.5],
			"rotation": {"angle": 22.5, "axis": "z", "origin": [5.5, 8, 9.5]},
			"faces": {
				"north": {"uv": [4.5, 7, 5.5, 8], "texture": "#texture"},
				"east": {"uv": [14, 7, 15, 8], "texture": "#texture"},
				"south": {"uv": [10.5, 7, 11.5, 8], "texture": "#texture"},
				"west": {"uv": [1, 7, 2, 8], "texture": "#texture"},
				"up": {"uv": [4.5, 14, 5.5, 15], "rotation": 180, "texture": "#texture"},
				"down": {"uv": [4.5, 1, 5.5, 2], "rotation": 180, "texture": "#texture"}
			}
		},
		{
			"name": "Box9",
			"from": [4, 8.5, 7.5],
			"to": [5, 10, 9.5],
			"faces": {
				"north": {"uv": [11, 6, 12, 7.5], "texture": "#texture"},
				"east": {"uv": [6.5, 6, 8.5, 7.5], "texture": "#texture"},
				"south": {"uv": [4, 6, 5, 7.5], "texture": "#texture"},
				"west": {"uv": [7.5, 6, 9.5, 7.5], "texture": "#texture"},
				"up": {"uv": [4, 7.5, 5, 9.5], "texture": "#texture"},
				"down": {"uv": [4, 6.5, 5, 8.5], "texture": "#texture"}
			}
		},
		{
			"name": "Box10",
			"from": [5, 9, 7.5],
			"to": [6, 10, 9.5],
			"rotation": {"angle": 45, "axis": "z", "origin": [5, 9, 7.5]},
			"faces": {
				"north": {"uv": [10, 6, 11, 7], "texture": "#texture"},
				"east": {"uv": [1, 6, 2, 7], "texture": "#texture"},
				"south": {"uv": [5, 6, 6, 7], "texture": "#texture"},
				"west": {"uv": [14, 6, 15, 7], "texture": "#texture"},
				"up": {"uv": [5, 14, 6, 15], "texture": "#texture"},
				"down": {"uv": [5, 1, 6, 2], "texture": "#texture"}
			}
		},
		{
			"name": "Box11",
			"from": [5, 9.5, 7.5],
			"to": [8, 10.5, 9.5],
			"faces": {
				"north": {"uv": [8, 5.5, 11, 6.5], "texture": "#texture3"},
				"east": {"uv": [6.5, 5.5, 8.5, 6.5], "texture": "#texture3"},
				"south": {"uv": [5, 5.5, 8, 6.5], "texture": "#texture3"},
				"west": {"uv": [7.5, 5.5, 9.5, 6.5], "texture": "#texture3"},
				"up": {"uv": [5, 7.5, 8, 9.5], "texture": "#texture3"},
				"down": {"uv": [5, 6.5, 8, 8.5], "texture": "#texture3"}
			}
		},
		{
			"name": "Box12",
			"from": [8, 8.5, 7.5],
			"to": [9.5, 10.5, 9.5],
			"faces": {
				"north": {"uv": [6.5, 5.5, 8, 7.5], "texture": "#texture3"},
				"east": {"uv": [6.5, 5.5, 8.5, 7.5], "texture": "#texture3"},
				"south": {"uv": [8, 5.5, 9.5, 7.5], "texture": "#texture3"},
				"west": {"uv": [7.5, 5.5, 9.5, 7.5], "texture": "#texture3"},
				"up": {"uv": [8, 7.5, 9.5, 9.5], "texture": "#texture3"},
				"down": {"uv": [8, 6.5, 9.5, 8.5], "texture": "#texture3"}
			}
		},
		{
			"name": "Box13",
			"from": [8, 7, 7.5],
			"to": [9.5, 8.5, 9.5],
			"rotation": {"angle": 22.5, "axis": "z", "origin": [8, 8.5, 9.5]},
			"faces": {
				"north": {"uv": [9.5, 9, 8, 7.5], "texture": "#texture3"},
				"east": {"uv": [1, 7.5, 2, 9], "rotation": 180, "texture": "#texture3"},
				"south": {"uv": [8, 9, 6.5, 7.5], "texture": "#texture3"},
				"west": {"uv": [14, 7.5, 15, 9], "rotation": 180, "texture": "#texture3"},
				"up": {"uv": [8, 1, 9.5, 2], "texture": "#texture3"},
				"down": {"uv": [8, 14, 9.5, 15], "texture": "#texture3"}
			}
		},
		{
			"name": "Box14",
			"from": [11, 5.5, 7.5],
			"to": [12.5, 7, 9.5],
			"faces": {
				"north": {"uv": [3.5, 9, 5, 10.5], "texture": "#texture3"},
				"east": {"uv": [6.5, 9, 8.5, 10.5], "texture": "#texture3"},
				"south": {"uv": [11, 9, 12.5, 10.5], "texture": "#texture3"},
				"west": {"uv": [7.5, 9, 9.5, 10.5], "texture": "#texture3"},
				"up": {"uv": [11, 7.5, 12.5, 9.5], "texture": "#texture3"},
				"down": {"uv": [11, 6.5, 12.5, 8.5], "texture": "#texture3"}
			}
		},
		{
			"name": "Box13",
			"from": [8.625, 5.625, 7.5],
			"to": [10.125, 7.125, 9.5],
			"rotation": {"angle": 45, "axis": "z", "origin": [8.625, 7.125, 9.5]},
			"faces": {
				"north": {"uv": [9.5, 9, 8, 7.5], "texture": "#texture3"},
				"east": {"uv": [1, 7.5, 2, 9], "rotation": 180, "texture": "#texture3"},
				"south": {"uv": [8, 9, 6.5, 7.5], "texture": "#texture3"},
				"west": {"uv": [14, 7.5, 15, 9], "rotation": 180, "texture": "#texture3"},
				"up": {"uv": [8, 1, 9.5, 2], "texture": "#texture3"},
				"down": {"uv": [8, 14, 9.5, 15], "texture": "#texture3"}
			}
		},
		{
			"name": "Box13",
			"from": [9.625, 6.125, 7.5],
			"to": [11.125, 7.625, 9.5],
			"rotation": {"angle": -22.5, "axis": "z", "origin": [9.625, 6.125, 9.5]},
			"faces": {
				"north": {"uv": [8, 7.5, 9.5, 9], "rotation": 270, "texture": "#texture3"},
				"east": {"uv": [8, 14, 9.5, 15], "rotation": 270, "texture": "#texture3"},
				"south": {"uv": [6.5, 7.5, 8, 9], "rotation": 90, "texture": "#texture3"},
				"west": {"uv": [9.5, 2, 8, 1], "rotation": 90, "texture": "#texture3"},
				"up": {"uv": [1, 7.5, 2, 9], "rotation": 90, "texture": "#texture3"},
				"down": {"uv": [15, 9, 14, 7.5], "rotation": 270, "texture": "#texture3"}
			}
		},
		{
			"name": "Box17",
			"from": [12.5, 5.5, 7.5],
			"to": [13.5, 7, 9.5],
			"rotation": {"angle": 22.5, "axis": "z", "origin": [12.5, 5.5, 7.5]},
			"faces": {
				"north": {"uv": [2.5, 9, 3.5, 10.5], "texture": "#texture3"},
				"east": {"uv": [1, 9, 2, 10.5], "texture": "#texture3"},
				"south": {"uv": [12.5, 9, 13.5, 10.5], "texture": "#texture3"},
				"west": {"uv": [14, 9, 15, 10.5], "texture": "#texture3"},
				"up": {"uv": [12.5, 14, 13.5, 15], "texture": "#texture3"},
				"down": {"uv": [12.5, 1, 13.5, 2], "texture": "#texture3"}
			}
		},
		{
			"name": "Box18",
			"from": [13, 5.75, 8],
			"to": [15, 7.25, 9],
			"rotation": {"angle": 22.5, "axis": "z", "origin": [13, 5.75, 8]},
			"faces": {
				"north": {"uv": [1.5, 8.5, 3.5, 10], "texture": "#texture"},
				"east": {"uv": [1, 8.5, 2, 10], "texture": "#texture"},
				"south": {"uv": [12.5, 8.5, 14.5, 10], "texture": "#texture"},
				"west": {"uv": [14, 8.5, 15, 10], "texture": "#texture"},
				"up": {"uv": [12.5, 14, 14.5, 15], "texture": "#texture"},
				"down": {"uv": [12.5, 1, 14.5, 2], "texture": "#texture"}
			}
		},
		{
			"name": "Box19",
			"from": [14.8478, 4.9846, 8],
			"to": [15.8478, 6.4846, 9],
			"rotation": {"angle": 45, "axis": "z", "origin": [13, 5.75, 8]},
			"faces": {
				"north": {"uv": [6, 15.5, 7, 16], "texture": "#texture"},
				"east": {"uv": [1, 15.5, 2, 16], "texture": "#texture"},
				"south": {"uv": [9, 15.5, 10, 16], "texture": "#texture"},
				"west": {"uv": [14, 15.5, 15, 16], "texture": "#texture"},
				"up": {"uv": [9, 14, 10, 15], "texture": "#texture"},
				"down": {"uv": [9, 1, 10, 2], "texture": "#texture"}
			}
		},
		{
			"name": "Box19",
			"from": [15.2322, 6.8269, 8],
			"to": [16.7322, 7.8269, 9],
			"rotation": {"angle": -22.5, "axis": "z", "origin": [17, 10.125, 8]},
			"faces": {
				"north": {"uv": [6, 15.5, 7, 16], "rotation": 270, "texture": "#texture"},
				"east": {"uv": [10, 15, 9, 14], "rotation": 270, "texture": "#texture"},
				"south": {"uv": [9, 15.5, 10, 16], "rotation": 90, "texture": "#texture"},
				"west": {"uv": [9, 1, 10, 2], "rotation": 90, "texture": "#texture"},
				"up": {"uv": [15, 16, 14, 15.5], "rotation": 270, "texture": "#texture"},
				"down": {"uv": [1, 15.5, 2, 16], "rotation": 90, "texture": "#texture"}
			}
		},
		{
			"name": "Box19",
			"from": [14.3509, 8.0133, 8],
			"to": [15.8509, 9.0133, 9],
			"faces": {
				"north": {"uv": [7, 16, 6, 15.5], "rotation": 270, "texture": "#texture"},
				"east": {"uv": [9, 1, 10, 2], "rotation": 270, "texture": "#texture"},
				"south": {"uv": [10, 16, 9, 15.5], "rotation": 90, "texture": "#texture"},
				"west": {"uv": [10, 15, 9, 14], "rotation": 90, "texture": "#texture"},
				"up": {"uv": [1, 15.5, 2, 16], "rotation": 270, "texture": "#texture"},
				"down": {"uv": [15, 16, 14, 15.5], "rotation": 90, "texture": "#texture"}
			}
		},
		{
			"name": "Box19",
			"from": [15.375, 7.625, 8],
			"to": [16.875, 8.625, 9],
			"rotation": {"angle": 22.5, "axis": "z", "origin": [13, 5.75, 8]},
			"faces": {
				"north": {"uv": [7, 16, 6, 15.5], "rotation": 270, "texture": "#texture"},
				"east": {"uv": [9, 1, 10, 2], "rotation": 270, "texture": "#texture"},
				"south": {"uv": [10, 16, 9, 15.5], "rotation": 90, "texture": "#texture"},
				"west": {"uv": [10, 15, 9, 14], "rotation": 90, "texture": "#texture"},
				"up": {"uv": [1, 15.5, 2, 16], "rotation": 270, "texture": "#texture"},
				"down": {"uv": [15, 16, 14, 15.5], "rotation": 90, "texture": "#texture"}
			}
		},
		{
			"name": "Box23",
			"from": [14, 5.5, 7.5],
			"to": [15, 8, 9.5],
			"rotation": {"angle": 22.5, "axis": "z", "origin": [14, 5.5, 7.5]},
			"faces": {
				"north": {"uv": [1, 8, 2, 10.5], "texture": "#texture3"},
				"east": {"uv": [1, 8, 2, 10.5], "texture": "#texture3"},
				"south": {"uv": [14, 8, 15, 10.5], "texture": "#texture3"},
				"west": {"uv": [14, 8, 15, 10.5], "texture": "#texture3"},
				"up": {"uv": [14, 14, 15, 15], "texture": "#texture3"},
				"down": {"uv": [14, 1, 15, 2], "texture": "#texture3"}
			}
		},
		{
			"name": "Box24",
			"from": [11.5, 7, 7.5],
			"to": [12.5, 9.5, 9.5],
			"rotation": {"angle": 22.5, "axis": "z", "origin": [12.5, 7, 9.5]},
			"faces": {
				"north": {"uv": [11.5, 6.5, 12.5, 9], "texture": "#texture3"},
				"east": {"uv": [14, 6.5, 15, 9], "texture": "#texture3"},
				"south": {"uv": [3.5, 6.5, 4.5, 9], "texture": "#texture3"},
				"west": {"uv": [1, 6.5, 2, 9], "texture": "#texture3"},
				"up": {"uv": [11.5, 14, 12.5, 15], "rotation": 180, "texture": "#texture3"},
				"down": {"uv": [11.5, 1, 12.5, 2], "rotation": 180, "texture": "#texture3"}
			}
		},
		{
			"name": "Box25",
			"from": [10.5, 8.5, 7.5],
			"to": [11.5, 10, 9.5],
			"faces": {
				"north": {"uv": [4.5, 6, 5.5, 7.5], "texture": "#texture3"},
				"east": {"uv": [6.5, 6, 8.5, 7.5], "texture": "#texture3"},
				"south": {"uv": [10.5, 6, 11.5, 7.5], "texture": "#texture3"},
				"west": {"uv": [7.5, 6, 9.5, 7.5], "texture": "#texture3"},
				"up": {"uv": [10.5, 7.5, 11.5, 9.5], "texture": "#texture3"},
				"down": {"uv": [10.5, 6.5, 11.5, 8.5], "texture": "#texture3"}
			}
		},
		{
			"name": "Box26",
			"from": [9.5, 10, 7.5],
			"to": [11.5, 10.5, 9.5],
			"faces": {
				"north": {"uv": [4.5, 5.5, 6.5, 6], "texture": "#texture3"},
				"east": {"uv": [6.5, 5.5, 8.5, 6], "texture": "#texture3"},
				"south": {"uv": [9.5, 5.5, 11.5, 6], "texture": "#texture3"},
				"west": {"uv": [7.5, 5.5, 9.5, 6], "texture": "#texture3"},
				"up": {"uv": [9.5, 7.5, 11.5, 9.5], "texture": "#texture3"},
				"down": {"uv": [9.5, 6.5, 11.5, 8.5], "texture": "#texture3"}
			}
		},
		{
			"name": "Box27",
			"from": [10.5, 9, 7.5],
			"to": [11.5, 10.5, 9.5],
			"rotation": {"angle": 45, "axis": "z", "origin": [10.5, 9, 7.5]},
			"faces": {
				"north": {"uv": [5, 5.5, 5.5, 7], "texture": "#texture3"},
				"east": {"uv": [1, 5.5, 2, 7], "texture": "#texture3"},
				"south": {"uv": [10.5, 5.5, 11, 7], "texture": "#texture3"},
				"west": {"uv": [14, 5.5, 15, 7], "texture": "#texture3"},
				"up": {"uv": [10.5, 14, 11, 15], "texture": "#texture3"},
				"down": {"uv": [10.5, 1, 11, 2], "texture": "#texture3"}
			}
		},
		{
			"name": "Box28",
			"from": [10.5, 10.5, 7.5],
			"to": [11.5, 12, 9.5],
			"rotation": {"angle": -22.5, "axis": "z", "origin": [10.5, 10.5, 7.5]},
			"faces": {
				"north": {"uv": [4.5, 4, 5.5, 5.5], "texture": "#texture"},
				"east": {"uv": [1, 4, 2, 5.5], "texture": "#texture"},
				"south": {"uv": [10.5, 4, 11.5, 5.5], "texture": "#texture"},
				"west": {"uv": [14, 4, 15, 5.5], "texture": "#texture"},
				"up": {"uv": [10.5, 14, 11.5, 15], "texture": "#texture"},
				"down": {"uv": [10.5, 1, 11.5, 2], "texture": "#texture"}
			}
		},
		{
			"name": "Box29",
			"from": [11, 11.5, 7.5],
			"to": [12, 12.5, 9.5],
			"faces": {
				"north": {"uv": [4, 3.5, 5, 4.5], "texture": "#texture"},
				"east": {"uv": [1, 3.5, 2, 4.5], "texture": "#texture"},
				"south": {"uv": [11, 3.5, 12, 4.5], "texture": "#texture"},
				"west": {"uv": [14, 3.5, 15, 4.5], "texture": "#texture"},
				"up": {"uv": [11, 14, 12, 15], "texture": "#texture"},
				"down": {"uv": [11, 1, 12, 2], "texture": "#texture"}
			}
		},
		{
			"name": "Box30",
			"from": [12, 11.5, 7.5],
			"to": [13.5, 12.5, 9.5],
			"rotation": {"angle": 22.5, "axis": "z", "origin": [12, 11.5, 7.5]},
			"faces": {
				"north": {"uv": [2.5, 3.5, 4, 4.5], "texture": "#texture"},
				"east": {"uv": [1, 3.5, 2, 4.5], "texture": "#texture"},
				"south": {"uv": [12, 3.5, 13.5, 4.5], "texture": "#texture"},
				"west": {"uv": [14, 3.5, 15, 4.5], "texture": "#texture"},
				"up": {"uv": [12, 14, 13.5, 15], "texture": "#texture"},
				"down": {"uv": [12, 1, 13.5, 2], "texture": "#texture"}
			}
		},
		{
			"name": "Box31",
			"from": [13, 12, 7.5],
			"to": [13.5, 13, 9.5],
			"faces": {
				"north": {"uv": [2.5, 3, 3, 4], "texture": "#texture"},
				"east": {"uv": [6.5, 3, 8.5, 4], "texture": "#texture"},
				"south": {"uv": [13, 3, 13.5, 4], "texture": "#texture"},
				"west": {"uv": [7.5, 3, 9.5, 4], "texture": "#texture"},
				"up": {"uv": [13, 7.5, 13.5, 9.5], "texture": "#texture"},
				"down": {"uv": [13, 6.5, 13.5, 8.5], "texture": "#texture"}
			}
		},
		{
			"name": "Box32",
			"from": [13, 13, 7.5],
			"to": [13.5, 15, 9.5],
			"faces": {
				"north": {"uv": [2.5, 1, 3, 3], "texture": "#texture"},
				"east": {"uv": [6.5, 1, 8.5, 3], "texture": "#texture"},
				"south": {"uv": [13, 1, 13.5, 3], "texture": "#texture"},
				"west": {"uv": [7.5, 1, 9.5, 3], "texture": "#texture"},
				"up": {"uv": [13, 7.5, 13.5, 9.5], "texture": "#texture"},
				"down": {"uv": [13, 6.5, 13.5, 8.5], "texture": "#texture"}
			}
		},
		{
			"name": "Box33",
			"from": [12.5, 14.5, 7.5],
			"to": [13.5, 15, 9.5],
			"rotation": {"angle": -45, "axis": "z", "origin": [13.5, 15, 9.5]},
			"faces": {
				"north": {"uv": [13.5, 1, 13, 0], "rotation": 270, "texture": "#texture"},
				"east": {"uv": [13, 1, 13.5, 2], "rotation": 90, "texture": "#texture"},
				"south": {"uv": [3, 1, 2.5, 0], "rotation": 90, "texture": "#texture"},
				"west": {"uv": [13.5, 15, 13, 14], "rotation": 270, "texture": "#texture"},
				"up": {"uv": [14, 0, 15, 1], "rotation": 270, "texture": "#texture"},
				"down": {"uv": [2, 1, 1, 0], "rotation": 90, "texture": "#texture"}
			}
		},
		{
			"name": "Box34",
			"from": [-5, 10, 7.5],
			"to": [-4, 11.5, 9.5],
			"rotation": {"angle": -45, "axis": "z", "origin": [-5, 10, 7.5]},
			"faces": {
				"north": {"uv": [4, 4.5, 5, 6], "texture": "#texture"},
				"east": {"uv": [1, 4.5, 2, 6], "texture": "#texture"},
				"south": {"uv": [11, 4.5, 12, 6], "texture": "#texture"},
				"west": {"uv": [14, 4.5, 15, 6], "texture": "#texture"},
				"up": {"uv": [11, 14, 12, 15], "texture": "#texture"},
				"down": {"uv": [11, 1, 12, 2], "texture": "#texture"}
			}
		},
		{
			"name": "Box35",
			"from": [-4.125, 10.375, 7.5],
			"to": [-3.125, 12.875, 9.5],
			"faces": {
				"north": {"uv": [3.125, 3.125, 4.125, 5.625], "texture": "#texture"},
				"east": {"uv": [6.5, 3.125, 8.5, 5.625], "texture": "#texture"},
				"south": {"uv": [11.875, 3.125, 12.875, 5.625], "texture": "#texture"},
				"west": {"uv": [7.5, 3.125, 9.5, 5.625], "texture": "#texture"},
				"up": {"uv": [11.875, 7.5, 12.875, 9.5], "texture": "#texture"},
				"down": {"uv": [11.875, 6.5, 12.875, 8.5], "texture": "#texture"}
			}
		},
		{
			"name": "Box36",
			"from": [-5, 13, 7.5],
			"to": [-4, 15.5, 9.5],
			"faces": {
				"north": {"uv": [4, 0.5, 5, 3], "texture": "#texture"},
				"east": {"uv": [6.5, 0.5, 8.5, 3], "texture": "#texture"},
				"south": {"uv": [11, 0.5, 12, 3], "texture": "#texture"},
				"west": {"uv": [7.5, 0.5, 9.5, 3], "texture": "#texture"},
				"up": {"uv": [11, 7.5, 12, 9.5], "texture": "#texture"},
				"down": {"uv": [11, 6.5, 12, 8.5], "texture": "#texture"}
			}
		},
		{
			"name": "Box34",
			"from": [-4.125, 12.75, 7.5],
			"to": [-3.125, 14.25, 9.5],
			"rotation": {"angle": 45, "axis": "z", "origin": [-3.125, 12.75, 9.5]},
			"faces": {
				"north": {"uv": [11, 4.5, 12, 6], "texture": "#texture"},
				"east": {"uv": [14, 4.5, 15, 6], "texture": "#texture"},
				"south": {"uv": [4, 4.5, 5, 6], "texture": "#texture"},
				"west": {"uv": [1, 4.5, 2, 6], "texture": "#texture"},
				"up": {"uv": [11, 14, 12, 15], "rotation": 180, "texture": "#texture"},
				"down": {"uv": [11, 1, 12, 2], "rotation": 180, "texture": "#texture"}
			}
		},
		{
			"name": "Box38",
			"from": [-5, 15.5, 7.5],
			"to": [-4, 16.5, 9.5],
			"rotation": {"angle": -45, "axis": "z", "origin": [-5, 15.5, 7.5]},
			"faces": {
				"north": {"uv": [4, 0, 5, 0.5], "texture": "#texture"},
				"east": {"uv": [1, 0, 2, 0.5], "texture": "#texture"},
				"south": {"uv": [11, 0, 12, 0.5], "texture": "#texture"},
				"west": {"uv": [14, 0, 15, 0.5], "texture": "#texture"},
				"up": {"uv": [11, 14, 12, 15], "texture": "#texture"},
				"down": {"uv": [11, 1, 12, 2], "texture": "#texture"}
			}
		},
		{
			"name": "Box39",
			"from": [-4.5, 15.5, 7.5],
			"to": [7.5, 16.5, 9.5],
			"faces": {
				"north": {"uv": [8.5, 0, 16, 0.5], "texture": "#texture"},
				"east": {"uv": [6.5, 0, 8.5, 0.5], "texture": "#texture"},
				"south": {"uv": [0, 0, 7.5, 0.5], "texture": "#texture"},
				"west": {"uv": [7.5, 0, 9.5, 0.5], "texture": "#texture"},
				"up": {"uv": [0, 7.5, 7.5, 9.5], "texture": "#texture"},
				"down": {"uv": [0, 6.5, 7.5, 8.5], "texture": "#texture"}
			}
		},
		{
			"name": "Box40",
			"from": [7.5, 15.5, 7.5],
			"to": [9.5, 16.5, 9.5],
			"faces": {
				"north": {"uv": [6.5, 0, 8.5, 0.5], "texture": "#texture"},
				"east": {"uv": [6.5, 0, 8.5, 0.5], "texture": "#texture"},
				"south": {"uv": [7.5, 0, 9.5, 0.5], "texture": "#texture"},
				"west": {"uv": [7.5, 0, 9.5, 0.5], "texture": "#texture"},
				"up": {"uv": [7.5, 7.5, 9.5, 9.5], "texture": "#texture"},
				"down": {"uv": [7.5, 6.5, 9.5, 8.5], "texture": "#texture"}
			}
		},
		{
			"name": "Box40",
			"from": [9.4634, 15.5366, 7.5],
			"to": [10.9634, 16.5366, 9.5],
			"rotation": {"angle": -22.5, "axis": "z", "origin": [9.375, 16.5, 9.5]},
			"faces": {
				"north": {"uv": [11.5, 0.5, 9.5, 0], "texture": "#texture"},
				"east": {"uv": [1, 0, 2, 0.5], "rotation": 180, "texture": "#texture"},
				"south": {"uv": [6.5, 0.5, 4.5, 0], "texture": "#texture"},
				"west": {"uv": [14, 0, 15, 0.5], "rotation": 180, "texture": "#texture"},
				"up": {"uv": [9.5, 1, 11.5, 2], "texture": "#texture"},
				"down": {"uv": [9.5, 14, 11.5, 15], "texture": "#texture"}
			}
		},
		{
			"name": "Box42",
			"from": [10.375, 15, 7.5],
			"to": [11.375, 16, 9.5],
			"faces": {
				"north": {"uv": [4.625, 0, 5.625, 1], "texture": "#texture"},
				"east": {"uv": [6.5, 0, 8.5, 1], "texture": "#texture"},
				"south": {"uv": [10.375, 0, 11.375, 1], "texture": "#texture"},
				"west": {"uv": [7.5, 0, 9.5, 1], "texture": "#texture"},
				"up": {"uv": [10.375, 7.5, 11.375, 9.5], "texture": "#texture"},
				"down": {"uv": [10.375, 6.5, 11.375, 8.5], "texture": "#texture"}
			}
		},
		{
			"name": "Box43",
			"from": [11, 15, 7.5],
			"to": [13, 16, 9.5],
			"faces": {
				"north": {"uv": [3, 0, 5, 1], "texture": "#texture"},
				"east": {"uv": [6.5, 0, 8.5, 1], "texture": "#texture"},
				"south": {"uv": [11, 0, 13, 1], "texture": "#texture"},
				"west": {"uv": [7.5, 0, 9.5, 1], "texture": "#texture"},
				"up": {"uv": [11, 7.5, 13, 9.5], "texture": "#texture"},
				"down": {"uv": [11, 6.5, 13, 8.5], "texture": "#texture"}
			}
		},
		{
			"name": "Box44",
			"from": [-4, 12, 7.75],
			"to": [12.5, 15.5, 9.25],
			"faces": {
				"north": {"uv": [3.5, 0.5, 16, 4], "texture": "#texture"},
				"east": {"uv": [6.75, 0.5, 8.25, 4], "texture": "#texture"},
				"south": {"uv": [0, 0.5, 12.5, 4], "texture": "#texture"},
				"west": {"uv": [7.75, 0.5, 9.25, 4], "texture": "#texture"},
				"up": {"uv": [0, 7.75, 12.5, 9.25], "texture": "#texture"},
				"down": {"uv": [0, 6.75, 12.5, 8.25], "texture": "#texture"}
			}
		},
		{
			"name": "Box45",
			"from": [12.5, 12.5, 7.5],
			"to": [13, 15, 9.5],
			"faces": {
				"north": {"uv": [3, 1, 3.5, 3.5], "texture": "#texture"},
				"east": {"uv": [6.5, 1, 8.5, 3.5], "texture": "#texture"},
				"south": {"uv": [12.5, 1, 13, 3.5], "texture": "#texture"},
				"west": {"uv": [7.5, 1, 9.5, 3.5], "texture": "#texture"},
				"up": {"uv": [12.5, 7.5, 13, 9.5], "texture": "#texture"},
				"down": {"uv": [12.5, 6.5, 13, 8.5], "texture": "#texture"}
			}
		},
		{
			"name": "Box46",
			"from": [-4, 8, 7.75],
			"to": [5, 10.5, 9.25],
			"faces": {
				"north": {"uv": [11, 5.5, 16, 8], "texture": "#texture"},
				"east": {"uv": [6.75, 5.5, 8.25, 8], "texture": "#texture"},
				"south": {"uv": [0, 5.5, 5, 8], "texture": "#texture"},
				"west": {"uv": [7.75, 5.5, 9.25, 8], "texture": "#texture"},
				"up": {"uv": [0, 7.75, 5, 9.25], "texture": "#texture"},
				"down": {"uv": [0, 6.75, 5, 8.25], "texture": "#texture"}
			}
		},
		{
			"name": "Box47",
			"from": [-2, 7, 7.75],
			"to": [4.5, 8, 9.25],
			"faces": {
				"north": {"uv": [11.5, 8, 16, 9], "texture": "#texture"},
				"east": {"uv": [6.75, 8, 8.25, 9], "texture": "#texture"},
				"south": {"uv": [0, 8, 4.5, 9], "texture": "#texture"},
				"west": {"uv": [7.75, 8, 9.25, 9], "texture": "#texture"},
				"up": {"uv": [0, 7.75, 4.5, 9.25], "texture": "#texture"},
				"down": {"uv": [0, 6.75, 4.5, 8.25], "texture": "#texture"}
			}
		},
		{
			"name": "Box48",
			"from": [-3.5, 10.5, 7.75],
			"to": [11, 12, 9.25],
			"faces": {
				"north": {"uv": [5, 4, 16, 5.5], "texture": "#texture"},
				"east": {"uv": [6.75, 4, 8.25, 5.5], "texture": "#texture"},
				"south": {"uv": [0, 4, 11, 5.5], "texture": "#texture"},
				"west": {"uv": [7.75, 4, 9.25, 5.5], "texture": "#texture"},
				"up": {"uv": [0, 7.75, 11, 9.25], "texture": "#texture"},
				"down": {"uv": [0, 6.75, 11, 8.25], "texture": "#texture"}
			}
		},
		{
			"name": "Box51",
			"from": [4.25, 10.875, 7],
			"to": [8.25, 11.875, 10],
			"faces": {
				"north": {"uv": [7.75, 4.125, 11.75, 5.125], "texture": "#texture3"},
				"east": {"uv": [6, 4.125, 9, 5.125], "texture": "#texture3"},
				"south": {"uv": [4.25, 4.125, 8.25, 5.125], "texture": "#texture3"},
				"west": {"uv": [7, 4.125, 10, 5.125], "texture": "#texture3"},
				"up": {"uv": [4.25, 7, 8.25, 10], "texture": "#texture3"},
				"down": {"uv": [4.25, 6, 8.25, 9], "texture": "#texture3"}
			}
		},
		{
			"name": "Box52",
			"from": [-4.5, 14.5, 7],
			"to": [5, 15.5, 10],
			"rotation": {"angle": -22.5, "axis": "z", "origin": [-4.5, 14.5, 7]},
			"faces": {
				"north": {"uv": [9, 2, 16, 3], "texture": "#texture3"},
				"east": {"uv": [6, 2, 9, 3], "texture": "#texture3"},
				"south": {"uv": [0, 2, 7, 3], "texture": "#texture3"},
				"west": {"uv": [7, 2, 10, 3], "texture": "#texture3"},
				"up": {"uv": [0, 7, 7, 10], "texture": "#texture3"},
				"down": {"uv": [0, 6, 7, 9], "texture": "#texture3"}
			}
		},
		{
			"name": "Box52",
			"from": [-4, 15.375, 6.75],
			"to": [5.5, 16.375, 10.25],
			"rotation": {"angle": -22.5, "axis": "z", "origin": [-4, 15.375, 6.75]},
			"faces": {
				"north": {"uv": [9, 2, 16, 3], "texture": "#texture3"},
				"east": {"uv": [6, 2, 9, 3], "texture": "#texture3"},
				"south": {"uv": [0, 2, 7, 3], "texture": "#texture3"},
				"west": {"uv": [7, 2, 10, 3], "texture": "#texture3"},
				"up": {"uv": [0, 7, 7, 10], "texture": "#texture3"},
				"down": {"uv": [0, 6, 7, 9], "texture": "#texture3"}
			}
		},
		{
			"name": "Box51",
			"from": [4.75, 11.75, 6.75],
			"to": [8.75, 12.75, 10.25],
			"faces": {
				"north": {"uv": [7.25, 3.25, 11.25, 4.25], "texture": "#texture3"},
				"east": {"uv": [5.75, 3.25, 9.25, 4.25], "texture": "#texture3"},
				"south": {"uv": [4.75, 3.25, 8.75, 4.25], "texture": "#texture3"},
				"west": {"uv": [6.75, 3.25, 10.25, 4.25], "texture": "#texture3"},
				"up": {"uv": [4.75, 6.75, 8.75, 10.25], "texture": "#texture3"},
				"down": {"uv": [4.75, 5.75, 8.75, 9.25], "texture": "#texture3"}
			}
		},
		{
			"name": "Box51",
			"from": [5.375, 12.625, 6.625],
			"to": [9.375, 13.625, 10.625],
			"faces": {
				"north": {"uv": [6.625, 2.375, 10.625, 3.375], "texture": "#texture3"},
				"east": {"uv": [5.375, 2.375, 9.375, 3.375], "texture": "#texture3"},
				"south": {"uv": [5.375, 2.375, 9.375, 3.375], "texture": "#texture3"},
				"west": {"uv": [6.625, 2.375, 10.625, 3.375], "texture": "#texture3"},
				"up": {"uv": [5.375, 6.625, 9.375, 10.625], "texture": "#texture3"},
				"down": {"uv": [5.375, 5.375, 9.375, 9.375], "texture": "#texture3"}
			}
		},
		{
			"name": "Box52",
			"from": [-1.5, 15.5, 6.625],
			"to": [6, 16.5, 10.625],
			"rotation": {"angle": -22.5, "axis": "z", "origin": [-1.5, 15.5, 6.625]},
			"faces": {
				"north": {"uv": [9, 2, 16, 3], "texture": "#texture3"},
				"east": {"uv": [6, 2, 9, 3], "texture": "#texture3"},
				"south": {"uv": [0, 2, 7, 3], "texture": "#texture3"},
				"west": {"uv": [7, 2, 10, 3], "texture": "#texture3"},
				"up": {"uv": [0, 7, 7, 10], "texture": "#texture3"},
				"down": {"uv": [0, 6, 7, 9], "texture": "#texture3"}
			}
		},
		{
			"name": "Box63",
			"from": [-2, 8.5, 9],
			"to": [2, 11.5, 10],
			"faces": {
				"north": {"uv": [14, 4.5, 16, 7.5], "texture": "#texture3"},
				"east": {"uv": [6, 4.5, 7, 7.5], "texture": "#texture3"},
				"south": {"uv": [0, 4.5, 2, 7.5], "texture": "#texture3"},
				"west": {"uv": [9, 4.5, 10, 7.5], "texture": "#texture3"},
				"up": {"uv": [0, 9, 2, 10], "texture": "#texture3"},
				"down": {"uv": [0, 6, 2, 7], "texture": "#texture3"}
			}
		},
		{
			"name": "Box64",
			"from": [-2, 9.5, 10],
			"to": [-1, 10.5, 11.5],
			"faces": {
				"north": {"uv": [1, 5.5, 2, 6.5], "texture": "#texture1"},
				"east": {"uv": [4.5, 5.5, 6, 6.5], "texture": "#texture1"},
				"south": {"uv": [14, 5.5, 15, 6.5], "texture": "#texture1"},
				"west": {"uv": [10, 5.5, 11.5, 6.5], "texture": "#texture1"},
				"up": {"uv": [14, 10, 15, 11.5], "texture": "#texture1"},
				"down": {"uv": [14, 4.5, 15, 6], "texture": "#texture1"}
			}
		},
		{
			"name": "Box64",
			"from": [-2, 9.5, 11.5],
			"to": [-1, 10.5, 12.5],
			"rotation": {"angle": -22.5, "axis": "x", "origin": [-2, 9.5, 11.5]},
			"faces": {
				"north": {"uv": [1, 5.5, 2, 6.5], "texture": "#texture1"},
				"east": {"uv": [3.5, 5.5, 4.5, 6.5], "texture": "#texture1"},
				"south": {"uv": [14, 5.5, 15, 6.5], "texture": "#texture1"},
				"west": {"uv": [11.5, 5.5, 12.5, 6.5], "texture": "#texture1"},
				"up": {"uv": [14, 11.5, 15, 12.5], "texture": "#texture1"},
				"down": {"uv": [14, 3.5, 15, 4.5], "texture": "#texture1"}
			}
		},
		{
			"name": "Box64",
			"from": [-2, 9.875, 12.375],
			"to": [-1, 10.875, 13.375],
			"rotation": {"angle": -45, "axis": "x", "origin": [-2, 9.875, 12.375]},
			"faces": {
				"north": {"uv": [1, 5.5, 2, 6.5], "texture": "#texture1"},
				"east": {"uv": [3.5, 5.5, 4.5, 6.5], "texture": "#texture1"},
				"south": {"uv": [14, 5.5, 15, 6.5], "texture": "#texture1"},
				"west": {"uv": [11.5, 5.5, 12.5, 6.5], "texture": "#texture1"},
				"up": {"uv": [14, 11.5, 15, 12.5], "texture": "#texture1"},
				"down": {"uv": [14, 3.5, 15, 4.5], "texture": "#texture1"}
			}
		},
		{
			"name": "Box67",
			"from": [-2, 10.5, 12],
			"to": [-1, 11.5, 13],
			"rotation": {"angle": 22.5, "axis": "x", "origin": [-2, 10.5, 13]},
			"faces": {
				"north": {"uv": [15, 14, 14, 13], "texture": "#texture1"},
				"east": {"uv": [2, 4.5, 3, 5.5], "rotation": 90, "texture": "#texture1"},
				"south": {"uv": [14, 2, 15, 3], "texture": "#texture1"},
				"west": {"uv": [13, 4.5, 14, 5.5], "rotation": 270, "texture": "#texture1"},
				"up": {"uv": [14, 4.5, 15, 5.5], "texture": "#texture1"},
				"down": {"uv": [2, 5.5, 1, 4.5], "texture": "#texture1"}
			}
		},
		{
			"name": "Box67",
			"from": [-2, 11.375, 12.375],
			"to": [-1, 12.875, 13.375],
			"faces": {
				"north": {"uv": [15, 14, 14, 13], "texture": "#texture1"},
				"east": {"uv": [2, 4.5, 3, 5.5], "rotation": 90, "texture": "#texture1"},
				"south": {"uv": [14, 2, 15, 3], "texture": "#texture1"},
				"west": {"uv": [13, 4.5, 14, 5.5], "rotation": 270, "texture": "#texture1"},
				"up": {"uv": [14, 4.5, 15, 5.5], "texture": "#texture1"},
				"down": {"uv": [2, 5.5, 1, 4.5], "texture": "#texture1"}
			}
		},
		{
			"name": "Box67",
			"from": [-2, 12.875, 12.375],
			"to": [-1, 14.375, 13.375],
			"rotation": {"angle": -22.5, "axis": "z", "origin": [-2, 12.875, 13.375]},
			"faces": {
				"north": {"uv": [15, 14, 14, 13], "texture": "#texture1"},
				"east": {"uv": [2, 4.5, 3, 5.5], "rotation": 90, "texture": "#texture1"},
				"south": {"uv": [14, 2, 15, 3], "texture": "#texture1"},
				"west": {"uv": [13, 4.5, 14, 5.5], "rotation": 270, "texture": "#texture1"},
				"up": {"uv": [14, 4.5, 15, 5.5], "texture": "#texture1"},
				"down": {"uv": [2, 5.5, 1, 4.5], "texture": "#texture1"}
			}
		},
		{
			"name": "Box70",
			"from": [-1.375, 13.25, 12.375],
			"to": [1.125, 14.25, 13.375],
			"faces": {
				"north": {"uv": [14.875, 1.75, 16, 2.75], "texture": "#texture1"},
				"east": {"uv": [2.625, 1.75, 3.625, 2.75], "texture": "#texture1"},
				"south": {"uv": [0, 1.75, 1.125, 2.75], "texture": "#texture1"},
				"west": {"uv": [12.375, 1.75, 13.375, 2.75], "texture": "#texture1"},
				"up": {"uv": [0, 12.375, 1.125, 13.375], "texture": "#texture1"},
				"down": {"uv": [0, 2.625, 1.125, 3.625], "texture": "#texture1"}
			}
		},
		{
			"name": "Box70",
			"from": [1, 13.25, 12.375],
			"to": [3.5, 14.25, 13.375],
			"rotation": {"angle": 45, "axis": "z", "origin": [1, 13.25, 12.375]},
			"faces": {
				"north": {"uv": [12.5, 1.75, 15, 2.75], "texture": "#texture1"},
				"east": {"uv": [2.625, 1.75, 3.625, 2.75], "texture": "#texture1"},
				"south": {"uv": [1, 1.75, 3.5, 2.75], "texture": "#texture1"},
				"west": {"uv": [12.375, 1.75, 13.375, 2.75], "texture": "#texture1"},
				"up": {"uv": [1, 12.375, 3.5, 13.375], "texture": "#texture1"},
				"down": {"uv": [1, 2.625, 3.5, 3.625], "texture": "#texture1"}
			}
		},
		{
			"name": "Box72",
			"from": [2, 14.75, 12.375],
			"to": [3, 15.75, 13.375],
			"faces": {
				"north": {"uv": [13, 0.25, 14, 1.25], "texture": "#texture1"},
				"east": {"uv": [2.625, 0.25, 3.625, 1.25], "texture": "#texture1"},
				"south": {"uv": [2, 0.25, 3, 1.25], "texture": "#texture1"},
				"west": {"uv": [12.375, 0.25, 13.375, 1.25], "texture": "#texture1"},
				"up": {"uv": [2, 12.375, 3, 13.375], "texture": "#texture1"},
				"down": {"uv": [2, 2.625, 3, 3.625], "texture": "#texture1"}
			}
		},
		{
			"name": "Box73",
			"from": [2, 14.75, 12.375],
			"to": [3, 15.75, 13.375],
			"rotation": {"angle": 22.5, "axis": "x", "origin": [3, 15.75, 13.375]},
			"faces": {
				"north": {"uv": [3, 13.5, 2, 12.5], "rotation": 180, "texture": "#texture1"},
				"east": {"uv": [12.5, 0, 13.5, 0.5], "rotation": 90, "texture": "#texture1"},
				"south": {"uv": [2, 2.5, 3, 3.5], "rotation": 180, "texture": "#texture1"},
				"west": {"uv": [2.5, 0, 3.5, 0.5], "rotation": 270, "texture": "#texture1"},
				"up": {"uv": [13, 0, 14, 0.5], "texture": "#texture1"},
				"down": {"uv": [3, 0.5, 2, 0], "texture": "#texture1"}
			}
		},
		{
			"name": "Box74",
			"from": [2, 15.125, 9.5],
			"to": [3, 16.125, 12.5],
			"faces": {
				"north": {"uv": [13, 0, 14, 0.875], "texture": "#texture1"},
				"east": {"uv": [3.5, 0, 6.5, 0.875], "texture": "#texture1"},
				"south": {"uv": [2, 0, 3, 0.875], "texture": "#texture1"},
				"west": {"uv": [9.5, 0, 12.5, 0.875], "texture": "#texture1"},
				"up": {"uv": [2, 9.5, 3, 12.5], "texture": "#texture1"},
				"down": {"uv": [2, 3.5, 3, 6.5], "texture": "#texture1"}
			}
		},
		{
			"name": "Box75",
			"from": [-1, 9.5, 6],
			"to": [0, 10.5, 7],
			"faces": {
				"north": {"uv": [0, 5.5, 1, 6.5], "texture": "#texture1"},
				"east": {"uv": [9, 5.5, 10, 6.5], "texture": "#texture1"},
				"south": {"uv": [15, 5.5, 16, 6.5], "texture": "#texture1"},
				"west": {"uv": [6, 5.5, 7, 6.5], "texture": "#texture1"},
				"up": {"uv": [15, 6, 16, 7], "texture": "#texture1"},
				"down": {"uv": [15, 9, 16, 10], "texture": "#texture1"}
			}
		},
		{
			"name": "Box63",
			"from": [-2, 8.5, 7],
			"to": [2, 11.5, 8],
			"faces": {
				"north": {"uv": [14, 4.5, 16, 7.5], "texture": "#texture3"},
				"east": {"uv": [8, 4.5, 9, 7.5], "texture": "#texture3"},
				"south": {"uv": [0, 4.5, 2, 7.5], "texture": "#texture3"},
				"west": {"uv": [7, 4.5, 8, 7.5], "texture": "#texture3"},
				"up": {"uv": [0, 7, 2, 8], "texture": "#texture3"},
				"down": {"uv": [0, 8, 2, 9], "texture": "#texture3"}
			}
		},
		{
			"name": "Box75",
			"from": [-1, 9.5, 6],
			"to": [0, 11, 7],
			"rotation": {"angle": -22.5, "axis": "x", "origin": [-1, 9.5, 6]},
			"faces": {
				"north": {"uv": [4, 5.5, 5, 6.5], "rotation": 270, "texture": "#texture1"},
				"east": {"uv": [15, 4, 16, 5], "rotation": 180, "texture": "#texture1"},
				"south": {"uv": [11, 5.5, 12, 6.5], "rotation": 90, "texture": "#texture1"},
				"west": {"uv": [16, 12, 15, 11], "rotation": 180, "texture": "#texture1"},
				"up": {"uv": [16, 6.5, 15, 5.5], "rotation": 270, "texture": "#texture1"},
				"down": {"uv": [0, 5.5, 1, 6.5], "rotation": 90, "texture": "#texture1"}
			}
		},
		{
			"name": "Box75",
			"from": [-1, 10.875, 5.375],
			"to": [0, 13.375, 6.375],
			"faces": {
				"north": {"uv": [4, 5.5, 5, 6.5], "rotation": 270, "texture": "#texture1"},
				"east": {"uv": [15, 4, 16, 5], "rotation": 180, "texture": "#texture1"},
				"south": {"uv": [11, 5.5, 12, 6.5], "rotation": 90, "texture": "#texture1"},
				"west": {"uv": [16, 12, 15, 11], "rotation": 180, "texture": "#texture1"},
				"up": {"uv": [16, 6.5, 15, 5.5], "rotation": 270, "texture": "#texture1"},
				"down": {"uv": [0, 5.5, 1, 6.5], "rotation": 90, "texture": "#texture1"}
			}
		},
		{
			"name": "Box75",
			"from": [-1, 13.375, 5.375],
			"to": [0, 15.375, 6.375],
			"rotation": {"angle": 45, "axis": "x", "origin": [-1, 13.375, 5.375]},
			"faces": {
				"north": {"uv": [4, 5.5, 5, 6.5], "rotation": 270, "texture": "#texture1"},
				"east": {"uv": [15, 4, 16, 5], "rotation": 180, "texture": "#texture1"},
				"south": {"uv": [11, 5.5, 12, 6.5], "rotation": 90, "texture": "#texture1"},
				"west": {"uv": [16, 12, 15, 11], "rotation": 180, "texture": "#texture1"},
				"up": {"uv": [16, 6.5, 15, 5.5], "rotation": 270, "texture": "#texture1"},
				"down": {"uv": [0, 5.5, 1, 6.5], "rotation": 90, "texture": "#texture1"}
			}
		},
		{
			"name": "Box83",
			"from": [2.5, 16.5, 7.75],
			"to": [7.5, 17, 9.25],
			"faces": {
				"north": {"uv": [8.5, 15, 13.5, 15.5], "texture": "#texture4"},
				"east": {"uv": [6.75, 15, 8.25, 15.5], "texture": "#texture4"},
				"south": {"uv": [2.5, 15, 7.5, 15.5], "texture": "#texture4"},
				"west": {"uv": [7.75, 15, 9.25, 15.5], "texture": "#texture4"},
				"up": {"uv": [2.5, 7.75, 7.5, 9.25], "texture": "#texture4"},
				"down": {"uv": [2.5, 6.75, 7.5, 8.25], "texture": "#texture4"}
			}
		},
		{
			"name": "Box84",
			"from": [5.5, 16.5, 7.5],
			"to": [6.5, 18, 8],
			"rotation": {"angle": 22.5, "axis": "z", "origin": [5.5, 18, 7.5]},
			"faces": {
				"north": {"uv": [8.5, 14, 9.5, 15.5], "texture": "#texture4"},
				"east": {"uv": [8, 14, 8.5, 15.5], "texture": "#texture4"},
				"south": {"uv": [6.5, 14, 7.5, 15.5], "texture": "#texture4"},
				"west": {"uv": [7.5, 14, 8, 15.5], "texture": "#texture4"},
				"up": {"uv": [6.5, 7.5, 7.5, 8], "texture": "#texture4"},
				"down": {"uv": [6.5, 8, 7.5, 8.5], "texture": "#texture4"}
			}
		},
		{
			"name": "Box84",
			"from": [5.5, 16.5, 9],
			"to": [6.5, 18, 9.5],
			"rotation": {"angle": 22.5, "axis": "z", "origin": [5.5, 18, 7.5]},
			"faces": {
				"north": {"uv": [8.5, 14, 9.5, 15.5], "texture": "#texture4"},
				"east": {"uv": [6.5, 14, 7, 15.5], "texture": "#texture4"},
				"south": {"uv": [6.5, 14, 7.5, 15.5], "texture": "#texture4"},
				"west": {"uv": [9, 14, 9.5, 15.5], "texture": "#texture4"},
				"up": {"uv": [6.5, 9, 7.5, 9.5], "texture": "#texture4"},
				"down": {"uv": [6.5, 6.5, 7.5, 7], "texture": "#texture4"}
			}
		},
		{
			"name": "Box84",
			"from": [5.5, 18, 7.5],
			"to": [6.5, 19, 8],
			"faces": {
				"north": {"uv": [8.5, 12.5, 9.5, 14], "texture": "#texture4"},
				"east": {"uv": [8, 12.5, 8.5, 14], "texture": "#texture4"},
				"south": {"uv": [6.5, 12.5, 7.5, 14], "texture": "#texture4"},
				"west": {"uv": [7.5, 12.5, 8, 14], "texture": "#texture4"},
				"up": {"uv": [6.5, 7.5, 7.5, 8], "texture": "#texture4"},
				"down": {"uv": [6.5, 8, 7.5, 8.5], "texture": "#texture4"}
			}
		},
		{
			"name": "Box84",
			"from": [5.5, 18, 9],
			"to": [6.5, 19, 9.5],
			"faces": {
				"north": {"uv": [8.5, 14, 9.5, 15.5], "texture": "#texture4"},
				"east": {"uv": [6.5, 14, 7, 15.5], "texture": "#texture4"},
				"south": {"uv": [6.5, 14, 7.5, 15.5], "texture": "#texture4"},
				"west": {"uv": [9, 14, 9.5, 15.5], "texture": "#texture4"},
				"up": {"uv": [6.5, 9, 7.5, 9.5], "texture": "#texture4"},
				"down": {"uv": [6.5, 6.5, 7.5, 7], "texture": "#texture4"}
			}
		},
		{
			"name": "Box88",
			"from": [5.8858, 18.574, 7.5],
			"to": [6.8858, 19.074, 9.5],
			"rotation": {"angle": 22.5, "axis": "z", "origin": [5.5, 18, 7.5]},
			"faces": {
				"north": {"uv": [8, 14, 7.5, 13], "rotation": 270, "texture": "#texture4"},
				"east": {"uv": [8, 1, 8.5, 2], "rotation": 270, "texture": "#texture4"},
				"south": {"uv": [8.5, 14, 8, 13], "rotation": 90, "texture": "#texture4"},
				"west": {"uv": [8.5, 15, 8, 14], "rotation": 90, "texture": "#texture4"},
				"up": {"uv": [1, 13, 2, 14], "rotation": 270, "texture": "#texture4"},
				"down": {"uv": [15, 14, 14, 13], "rotation": 90, "texture": "#texture4"}
			}
		},
		{
			"name": "Box89",
			"from": [5.875, 18, 8.7],
			"to": [6.29688, 18.125, 8.95],
			"faces": {
				"north": {"uv": [1, 9, 2, 9.5], "texture": "#texture2"},
				"east": {"uv": [5, 9, 6, 9.5], "texture": "#texture2"},
				"south": {"uv": [14, 9, 15, 9.5], "texture": "#texture2"},
				"west": {"uv": [10, 9, 11, 9.5], "texture": "#texture2"},
				"up": {"uv": [5, 14, 6, 15], "rotation": 270, "texture": "#texture2"},
				"down": {"uv": [5, 1, 6, 2], "rotation": 90, "texture": "#texture2"}
			}
		},
		{
			"name": "Box90",
			"from": [5.875, 18, 8.45],
			"to": [6.29688, 18.125, 8.575],
			"faces": {
				"north": {"uv": [1, 9, 2, 9.5], "texture": "#texture2"},
				"east": {"uv": [6.5, 9, 7, 9.5], "texture": "#texture2"},
				"south": {"uv": [14, 9, 15, 9.5], "texture": "#texture2"},
				"west": {"uv": [9, 9, 9.5, 9.5], "texture": "#texture2"},
				"up": {"uv": [6.5, 14, 7, 15], "rotation": 270, "texture": "#texture2"},
				"down": {"uv": [6.5, 1, 7, 2], "rotation": 90, "texture": "#texture2"}
			}
		},
		{
			"name": "Box91",
			"from": [5.875, 18, 8.075],
			"to": [6.29688, 18.125, 8.325],
			"faces": {
				"north": {"uv": [1, 9, 2, 9.5], "texture": "#texture2"},
				"east": {"uv": [7.5, 9, 8.5, 9.5], "texture": "#texture2"},
				"south": {"uv": [14, 9, 15, 9.5], "texture": "#texture2"},
				"west": {"uv": [7.5, 9, 8.5, 9.5], "texture": "#texture2"},
				"up": {"uv": [7.5, 14, 8.5, 15], "rotation": 270, "texture": "#texture2"},
				"down": {"uv": [7.5, 1, 8.5, 2], "rotation": 90, "texture": "#texture2"}
			}
		},
		{
			"name": "Box92",
			"from": [5.875, 17.875, 8.2],
			"to": [6.29688, 18, 8.325],
			"faces": {
				"north": {"uv": [1, 9.5, 2, 10], "texture": "#texture2"},
				"east": {"uv": [7.5, 9.5, 8, 10], "texture": "#texture2"},
				"south": {"uv": [14, 9.5, 15, 10], "texture": "#texture2"},
				"west": {"uv": [8, 9.5, 8.5, 10], "texture": "#texture2"},
				"up": {"uv": [7.5, 14, 8, 15], "rotation": 270, "texture": "#texture2"},
				"down": {"uv": [7.5, 1, 8, 2], "rotation": 90, "texture": "#texture2"}
			}
		},
		{
			"name": "Box92",
			"from": [5.875, 17.875, 8.7],
			"to": [6.29688, 18, 8.825],
			"faces": {
				"north": {"uv": [1, 9.5, 2, 10], "texture": "#texture2"},
				"east": {"uv": [5.5, 9.5, 6, 10], "texture": "#texture2"},
				"south": {"uv": [14, 9.5, 15, 10], "texture": "#texture2"},
				"west": {"uv": [10, 9.5, 10.5, 10], "texture": "#texture2"},
				"up": {"uv": [5.5, 14, 6, 15], "rotation": 270, "texture": "#texture2"},
				"down": {"uv": [5.5, 1, 6, 2], "rotation": 90, "texture": "#texture2"}
			}
		},
		{
			"name": "Box84",
			"from": [-0.5, 13.25, 8.5],
			"to": [0.5, 14.25, 12.5],
			"rotation": {"angle": -22.5, "axis": "x", "origin": [-0.5, 14.25, 12.5]},
			"faces": {
				"north": {"uv": [0.125, 2.75, 0, 1.75], "texture": "#texture1"},
				"east": {"uv": [3.5, 1.75, 6, 2.75], "rotation": 180, "texture": "#texture1"},
				"south": {"uv": [16, 2.75, 15.875, 1.75], "texture": "#texture1"},
				"west": {"uv": [10, 1.75, 12.5, 2.75], "rotation": 180, "texture": "#texture1"},
				"up": {"uv": [0, 3.5, 0.125, 6], "texture": "#texture1"},
				"down": {"uv": [0, 10, 0.125, 12.5], "texture": "#texture1"}
			}
		},
		{
			"name": "Box90",
			"from": [-4.5, 10.5, 8],
			"to": [-4, 12.5, 9],
			"faces": {
				"north": {"uv": [4, 3.5, 4.5, 5.5], "texture": "#texture4"},
				"east": {"uv": [7, 3.5, 8, 5.5], "texture": "#texture4"},
				"south": {"uv": [11.5, 3.5, 12, 5.5], "texture": "#texture4"},
				"west": {"uv": [8, 3.5, 9, 5.5], "texture": "#texture4"},
				"up": {"uv": [11.5, 8, 12, 9], "texture": "#texture4"},
				"down": {"uv": [11.5, 7, 12, 8], "texture": "#texture4"}
			}
		},
		{
			"name": "Box91",
			"from": [-1, 5.5, 7.75],
			"to": [-0.5, 7, 9.25],
			"faces": {
				"north": {"uv": [0.5, 9, 1, 10.5], "texture": "#texture5"},
				"east": {"uv": [6.75, 9, 8.25, 10.5], "texture": "#texture5"},
				"south": {"uv": [15, 9, 15.5, 10.5], "texture": "#texture5"},
				"west": {"uv": [7.75, 9, 9.25, 10.5], "texture": "#texture5"},
				"up": {"uv": [15, 7.75, 15.5, 9.25], "texture": "#texture5"},
				"down": {"uv": [15, 6.75, 15.5, 8.25], "texture": "#texture5"}
			}
		},
		{
			"name": "Box92",
			"from": [-1, 5.5, 7.75],
			"to": [2.5, 6, 9.25],
			"rotation": {"angle": -22.5, "axis": "z", "origin": [-1, 5.5, 7.75]},
			"faces": {
				"north": {"uv": [13.5, 10, 16, 10.5], "texture": "#texture5"},
				"east": {"uv": [1, 10, 2, 10.5], "texture": "#texture5"},
				"south": {"uv": [0, 10, 2.5, 10.5], "texture": "#texture5"},
				"west": {"uv": [14, 10, 15, 10.5], "texture": "#texture5"},
				"up": {"uv": [0, 14, 2.5, 15], "texture": "#texture5"},
				"down": {"uv": [0, 1, 2.5, 2], "texture": "#texture5"}
			}
		},
		{
			"name": "Box93",
			"from": [2.25, 4.125, 7.75],
			"to": [3.75, 4.625, 9.25],
			"faces": {
				"north": {"uv": [12.25, 11.375, 13.75, 11.875], "texture": "#texture5"},
				"east": {"uv": [0.5, 11.375, 2, 11.875], "texture": "#texture5"},
				"south": {"uv": [2.25, 11.375, 3.75, 11.875], "texture": "#texture5"},
				"west": {"uv": [14, 11.375, 15.5, 11.875], "texture": "#texture5"},
				"up": {"uv": [2.25, 14, 3.75, 15.5], "texture": "#texture5"},
				"down": {"uv": [2.25, 0.5, 3.75, 2], "texture": "#texture5"}
			}
		},
		{
			"name": "Box94",
			"from": [3.75, 4.125, 7.75],
			"to": [4.75, 4.625, 9.25],
			"rotation": {"angle": 45, "axis": "z", "origin": [3.75, 4.125, 7.75]},
			"faces": {
				"north": {"uv": [11.5, 11.5, 12.5, 12], "texture": "#texture5"},
				"east": {"uv": [1, 11.5, 2, 12], "texture": "#texture5"},
				"south": {"uv": [3.5, 11.5, 4.5, 12], "texture": "#texture5"},
				"west": {"uv": [14, 11.5, 15, 12], "texture": "#texture5"},
				"up": {"uv": [3.5, 14, 4.5, 15], "texture": "#texture5"},
				"down": {"uv": [3.5, 1, 4.5, 2], "texture": "#texture5"}
			}
		},
		{
			"name": "Box95",
			"from": [4, 4.875, 7.75],
			"to": [4.5, 6.875, 9.25],
			"faces": {
				"north": {"uv": [11.5, 9.125, 12, 11.125], "texture": "#texture5"},
				"east": {"uv": [0.5, 9.125, 2, 11.125], "texture": "#texture5"},
				"south": {"uv": [4, 9.125, 4.5, 11.125], "texture": "#texture5"},
				"west": {"uv": [14, 9.125, 15.5, 11.125], "texture": "#texture5"},
				"up": {"uv": [4, 14, 4.5, 15.5], "texture": "#texture5"},
				"down": {"uv": [4, 0.5, 4.5, 2], "texture": "#texture5"}
			}
		},
		{
			"name": "Box96",
			"from": [-0.5, 5.5, 8],
			"to": [4, 6.5, 9],
			"faces": {
				"north": {"uv": [12, 9.5, 16, 10.5], "texture": "#texture6"},
				"east": {"uv": [1, 9.5, 2, 10.5], "texture": "#texture6"},
				"south": {"uv": [0, 9.5, 4, 10.5], "texture": "#texture6"},
				"west": {"uv": [14, 9.5, 15, 10.5], "texture": "#texture6"},
				"up": {"uv": [0, 14, 4, 15], "texture": "#texture6"},
				"down": {"uv": [0, 1, 4, 2], "texture": "#texture6"}
			}
		},
		{
			"name": "Box96",
			"from": [0.25, 5, 8],
			"to": [4.25, 5.5, 9],
			"faces": {
				"north": {"uv": [11.75, 10.5, 15.75, 11], "texture": "#texture6"},
				"east": {"uv": [1, 10.5, 2, 11], "texture": "#texture6"},
				"south": {"uv": [0.25, 10.5, 4.25, 11], "texture": "#texture6"},
				"west": {"uv": [14, 10.5, 15, 11], "texture": "#texture6"},
				"up": {"uv": [0.25, 14, 4.25, 15], "texture": "#texture6"},
				"down": {"uv": [0.25, 1, 4.25, 2], "texture": "#texture6"}
			}
		},
		{
			"name": "Box96",
			"from": [1.5, 4.5, 8],
			"to": [4, 5, 9],
			"faces": {
				"north": {"uv": [12, 11, 14.5, 11.5], "texture": "#texture6"},
				"east": {"uv": [7, 11, 8, 11.5], "texture": "#texture6"},
				"south": {"uv": [1.5, 11, 4, 11.5], "texture": "#texture6"},
				"west": {"uv": [8, 11, 9, 11.5], "texture": "#texture6"},
				"up": {"uv": [1.5, 8, 4, 9], "texture": "#texture6"},
				"down": {"uv": [1.5, 7, 4, 8], "texture": "#texture6"}
			}
		}
	],
	"display": {
		"thirdperson_righthand": {
			"rotation": [0, -90, 0],
			"translation": [0, -0.695, 0],
			"scale": [0.4, 0.4, 0.4]
		},
		"thirdperson_lefthand": {
			"rotation": [0, 90, 0],
			"translation": [0, -0.695, 0],
			"scale": [0.4, 0.4, 0.4]
		},
		"firstperson_righthand": {
			"rotation": [0, -90, 0],
			"translation": [0, 0.0009, -0.695],
			"scale": [0.6, 0.6, 0.6]
		},
		"firstperson_lefthand": {
			"rotation": [0, 90, 0],
			"translation": [0, 0.0009, -0.695],
			"scale": [0.6, 0.6, 0.6]
		},
		"ground": {
			"rotation": [-90, 0, 0],
			"scale": [0.5, 0.5, 0.5]
		},
		"gui": {
			"rotation": [13, 44, 0],
			"translation": [0.6956, -0.695, 0],
			"scale": [0.5, 0.5, 0.5]
		},
		"head": {
			"translation": [3, -1.25, -0.5],
			"scale": [0.8, 0.8, 0.8]
		},
		"fixed": {
			"translation": [1.3913, -0.695, 0],
			"scale": [0.6, 0.6, 0.6]
		}
	}
}