{
	"credit": "Designed by Sgeorge1970 with Cubik Studio - https://cubik.studio",
	"textures": {
		"texture": "guns/tan2",
		"texture1": "guns/tan6",
		"texture2": "guns/gray7",
		"texture3": "guns/scope2",
		"particle": "blocks/e_particle"
	},
	"elements": [
		{
			"name": "Box1",
			"from": [2, 8.5, 3],
			"to": [6, 9.5, 3.5],
			"faces": {
				"north": {"uv": [10, 6.5, 14, 7.5], "texture": "#texture2"},
				"east": {"uv": [12.5, 6.5, 13, 7.5], "texture": "#texture2"},
				"south": {"uv": [2, 6.5, 6, 7.5], "texture": "#texture2"},
				"west": {"uv": [3, 6.5, 3.5, 7.5], "texture": "#texture2"},
				"up": {"uv": [2, 3, 6, 3.5], "texture": "#texture2"},
				"down": {"uv": [2, 12.5, 6, 13], "texture": "#texture2"}
			}
		},
		{
			"name": "Box2",
			"from": [2, 9.5, 3],
			"to": [6, 10.5, 3.5],
			"rotation": {"angle": 45, "axis": "x", "origin": [2, 9.5, 3]},
			"faces": {
				"north": {"uv": [13.5, 5.5, 14, 6.5], "texture": "#texture2"},
				"east": {"uv": [12.5, 5.5, 13, 6.5], "texture": "#texture2"},
				"south": {"uv": [2, 5.5, 2.5, 6.5], "texture": "#texture2"},
				"west": {"uv": [3, 5.5, 3.5, 6.5], "texture": "#texture2"},
				"up": {"uv": [2, 3, 2.5, 3.5], "texture": "#texture2"},
				"down": {"uv": [2, 12.5, 2.5, 13], "texture": "#texture2"}
			}
		},
		{
			"name": "Box3",
			"from": [2, 7.5, 3],
			"to": [6, 8.5, 3.5],
			"rotation": {"angle": -45, "axis": "x", "origin": [6, 8.5, 3]},
			"faces": {
				"north": {"uv": [2, 8.5, 1, 7.5], "texture": "#texture2"},
				"east": {"uv": [3.5, 7.5, 4, 8.5], "rotation": 180, "texture": "#texture2"},
				"south": {"uv": [15, 8.5, 14, 7.5], "texture": "#texture2"},
				"west": {"uv": [12, 7.5, 12.5, 8.5], "rotation": 180, "texture": "#texture2"},
				"up": {"uv": [14, 12, 15, 12.5], "rotation": 180, "texture": "#texture2"},
				"down": {"uv": [14, 3.5, 15, 4], "rotation": 180, "texture": "#texture2"}
			}
		},
		{
			"name": "Box4",
			"from": [2, 7.77, 3.72],
			"to": [6, 8.27, 4.72],
			"faces": {
				"north": {"uv": [10, 7.73, 14, 8.23], "texture": "#texture2"},
				"east": {"uv": [11.28, 7.73, 12.28, 8.23], "texture": "#texture2"},
				"south": {"uv": [2, 7.73, 6, 8.23], "texture": "#texture2"},
				"west": {"uv": [3.72, 7.73, 4.72, 8.23], "texture": "#texture2"},
				"up": {"uv": [2, 3.72, 6, 4.72], "texture": "#texture2"},
				"down": {"uv": [2, 11.28, 6, 12.28], "texture": "#texture2"}
			}
		},
		{
			"name": "Box4",
			"from": [2, 9.71, 3.72],
			"to": [6, 10.21, 4.72],
			"faces": {
				"north": {"uv": [10, 5.79, 14, 6.29], "texture": "#texture2"},
				"east": {"uv": [11.28, 5.79, 12.28, 6.29], "texture": "#texture2"},
				"south": {"uv": [2, 5.79, 6, 6.29], "texture": "#texture2"},
				"west": {"uv": [3.72, 5.79, 4.72, 6.29], "texture": "#texture2"},
				"up": {"uv": [2, 3.72, 6, 4.72], "texture": "#texture2"},
				"down": {"uv": [2, 11.28, 6, 12.28], "texture": "#texture2"}
			}
		},
		{
			"name": "Box6",
			"from": [2, 7.77, 4.72],
			"to": [6, 8.27, 5.72],
			"rotation": {"angle": -45, "axis": "x", "origin": [2, 7.77, 4.72]},
			"faces": {
				"north": {"uv": [1, 7.5, 2, 8], "texture": "#texture2"},
				"east": {"uv": [10.5, 7.5, 11.5, 8], "texture": "#texture2"},
				"south": {"uv": [14, 7.5, 15, 8], "texture": "#texture2"},
				"west": {"uv": [4.5, 7.5, 5.5, 8], "texture": "#texture2"},
				"up": {"uv": [14, 4.5, 15, 5.5], "texture": "#texture2"},
				"down": {"uv": [14, 10.5, 15, 11.5], "texture": "#texture2"}
			}
		},
		{
			"name": "Box1",
			"from": [2, 8.5, 4.95],
			"to": [6, 9.5, 5.45],
			"faces": {
				"north": {"uv": [10, 6.5, 14, 7.5], "texture": "#texture2"},
				"east": {"uv": [10.55, 6.5, 11.05, 7.5], "texture": "#texture2"},
				"south": {"uv": [2, 6.5, 6, 7.5], "texture": "#texture2"},
				"west": {"uv": [4.95, 6.5, 5.45, 7.5], "texture": "#texture2"},
				"up": {"uv": [2, 4.95, 6, 5.45], "texture": "#texture2"},
				"down": {"uv": [2, 10.55, 6, 11.05], "texture": "#texture2"}
			}
		},
		{
			"name": "Box8",
			"from": [1.9901, 9.5, 5],
			"to": [5.99998, 10.5, 5.5],
			"rotation": {"angle": -45, "axis": "x", "origin": [6, 9.5, 5.5]},
			"faces": {
				"north": {"uv": [14, 5.5, 15, 6.5], "texture": "#texture2"},
				"east": {"uv": [5, 5.5, 5.5, 6.5], "texture": "#texture2"},
				"south": {"uv": [1, 5.5, 2, 6.5], "texture": "#texture2"},
				"west": {"uv": [10.5, 5.5, 11, 6.5], "texture": "#texture2"},
				"up": {"uv": [14, 5, 15, 5.5], "rotation": 180, "texture": "#texture2"},
				"down": {"uv": [14, 10.5, 15, 11], "rotation": 180, "texture": "#texture2"}
			}
		},
		{
			"name": "Box9",
			"from": [6, 8, 3.25],
			"to": [11, 10, 5.25],
			"faces": {
				"north": {"uv": [5, 6, 10, 8], "texture": "#texture2"},
				"east": {"uv": [10.75, 6, 12.75, 8], "texture": "#texture2"},
				"south": {"uv": [6, 6, 11, 8], "texture": "#texture2"},
				"west": {"uv": [3.25, 6, 5.25, 8], "texture": "#texture2"},
				"up": {"uv": [6, 3.25, 11, 5.25], "texture": "#texture2"},
				"down": {"uv": [6, 10.75, 11, 12.75], "texture": "#texture2"}
			}
		},
		{
			"name": "Box10",
			"from": [10.5, 8, 5.25],
			"to": [12.5, 9.5, 6.25],
			"faces": {
				"north": {"uv": [3.5, 6.5, 5.5, 8], "texture": "#texture"},
				"east": {"uv": [9.75, 6.5, 10.75, 8], "texture": "#texture"},
				"south": {"uv": [10.5, 6.5, 12.5, 8], "texture": "#texture"},
				"west": {"uv": [5.25, 6.5, 6.25, 8], "texture": "#texture"},
				"up": {"uv": [10.5, 5.25, 12.5, 6.25], "texture": "#texture"},
				"down": {"uv": [10.5, 9.75, 12.5, 10.75], "texture": "#texture"}
			}
		},
		{
			"name": "Box10",
			"from": [10.6, 9.5, 5.25],
			"to": [12.4, 11.5, 6.25],
			"rotation": {"angle": -22.5, "axis": "x", "origin": [12.4, 9.5, 6.25]},
			"faces": {
				"north": {"uv": [10.5, 5, 12.5, 8], "texture": "#texture"},
				"east": {"uv": [5, 5, 6, 8], "texture": "#texture"},
				"south": {"uv": [3.5, 5, 5.5, 8], "texture": "#texture"},
				"west": {"uv": [10, 5, 11, 8], "texture": "#texture"},
				"up": {"uv": [10.5, 5, 12.5, 6], "rotation": 180, "texture": "#texture"},
				"down": {"uv": [10.5, 10, 12.5, 11], "rotation": 180, "texture": "#texture"}
			}
		},
		{
			"name": "Box10",
			"from": [10.6, 6, 5.25],
			"to": [12.4, 8, 6.25],
			"rotation": {"angle": 22.5, "axis": "x", "origin": [10.6, 8, 6.25]},
			"faces": {
				"north": {"uv": [12.5, 8, 10.5, 5], "texture": "#texture"},
				"east": {"uv": [10, 5, 11, 8], "rotation": 180, "texture": "#texture"},
				"south": {"uv": [5.5, 8, 3.5, 5], "texture": "#texture"},
				"west": {"uv": [5, 5, 6, 8], "rotation": 180, "texture": "#texture"},
				"up": {"uv": [10.5, 10, 12.5, 11], "texture": "#texture"},
				"down": {"uv": [10.5, 5, 12.5, 6], "texture": "#texture"}
			}
		},
		{
			"name": "Box13",
			"from": [10.5, 6, 3],
			"to": [12.5, 7, 5.5],
			"faces": {
				"north": {"uv": [3.5, 9, 5.5, 10], "texture": "#texture"},
				"east": {"uv": [10.5, 9, 13, 10], "texture": "#texture"},
				"south": {"uv": [10.5, 9, 12.5, 10], "texture": "#texture"},
				"west": {"uv": [3, 9, 5.5, 10], "texture": "#texture"},
				"up": {"uv": [10.5, 3, 12.5, 5.5], "texture": "#texture"},
				"down": {"uv": [10.5, 10.5, 12.5, 13], "texture": "#texture"}
			}
		},
		{
			"name": "Box13",
			"from": [10.5, 10.5, 3],
			"to": [12.5, 11.5, 5.5],
			"faces": {
				"north": {"uv": [3.5, 4.5, 5.5, 5.5], "texture": "#texture"},
				"east": {"uv": [10.5, 4.5, 13, 5.5], "texture": "#texture"},
				"south": {"uv": [10.5, 4.5, 12.5, 5.5], "texture": "#texture"},
				"west": {"uv": [3, 4.5, 5.5, 5.5], "texture": "#texture"},
				"up": {"uv": [10.5, 3, 12.5, 5.5], "texture": "#texture"},
				"down": {"uv": [10.5, 10.5, 12.5, 13], "texture": "#texture"}
			}
		},
		{
			"name": "Box10",
			"from": [10.6, 9.5, 2.25],
			"to": [12.4, 11.5, 3.25],
			"rotation": {"angle": 22.5, "axis": "x", "origin": [10.6, 9.5, 2.25]},
			"faces": {
				"north": {"uv": [3.5, 5, 5.5, 8], "texture": "#texture"},
				"east": {"uv": [10, 5, 11, 8], "texture": "#texture"},
				"south": {"uv": [10.5, 5, 12.5, 8], "texture": "#texture"},
				"west": {"uv": [5, 5, 6, 8], "texture": "#texture"},
				"up": {"uv": [10.5, 5, 12.5, 6], "texture": "#texture"},
				"down": {"uv": [10.5, 10, 12.5, 11], "texture": "#texture"}
			}
		},
		{
			"name": "Box10",
			"from": [10.5, 8, 2.25],
			"to": [12.5, 9.5, 3.25],
			"faces": {
				"north": {"uv": [3.5, 6.5, 5.5, 8], "texture": "#texture"},
				"east": {"uv": [12.75, 6.5, 13.75, 8], "texture": "#texture"},
				"south": {"uv": [10.5, 6.5, 12.5, 8], "texture": "#texture"},
				"west": {"uv": [2.25, 6.5, 3.25, 8], "texture": "#texture"},
				"up": {"uv": [10.5, 2.25, 12.5, 3.25], "texture": "#texture"},
				"down": {"uv": [10.5, 12.75, 12.5, 13.75], "texture": "#texture"}
			}
		},
		{
			"name": "Box10",
			"from": [10.6, 6, 2.25],
			"to": [12.4, 8, 3.25],
			"rotation": {"angle": -22.5, "axis": "x", "origin": [12.4, 8, 2.25]},
			"faces": {
				"north": {"uv": [5.5, 8, 3.5, 5], "texture": "#texture"},
				"east": {"uv": [5, 5, 6, 8], "rotation": 180, "texture": "#texture"},
				"south": {"uv": [12.5, 8, 10.5, 5], "texture": "#texture"},
				"west": {"uv": [10, 5, 11, 8], "rotation": 180, "texture": "#texture"},
				"up": {"uv": [10.5, 10, 12.5, 11], "rotation": 180, "texture": "#texture"},
				"down": {"uv": [10.5, 5, 12.5, 6], "rotation": 180, "texture": "#texture"}
			}
		},
		{
			"name": "Box18",
			"from": [11, 6.5, 3],
			"to": [12, 11, 5],
			"faces": {
				"north": {"uv": [4, 5, 5, 9.5], "texture": "#texture"},
				"east": {"uv": [11, 5, 13, 9.5], "texture": "#texture"},
				"south": {"uv": [11, 5, 12, 9.5], "texture": "#texture"},
				"west": {"uv": [3, 5, 5, 9.5], "texture": "#texture"},
				"up": {"uv": [11, 3, 12, 5], "texture": "#texture"},
				"down": {"uv": [11, 11, 12, 13], "texture": "#texture"}
			}
		},
		{
			"name": "Box19",
			"from": [3.5, 7.5, 3.5],
			"to": [6.5, 8, 5],
			"faces": {
				"north": {"uv": [9.5, 8, 12.5, 8.5], "texture": "#texture"},
				"east": {"uv": [11, 8, 12.5, 8.5], "texture": "#texture"},
				"south": {"uv": [3.5, 8, 6.5, 8.5], "texture": "#texture"},
				"west": {"uv": [3.5, 8, 5, 8.5], "texture": "#texture"},
				"up": {"uv": [3.5, 3.5, 6.5, 5], "texture": "#texture"},
				"down": {"uv": [3.5, 11, 6.5, 12.5], "texture": "#texture"}
			}
		},
		{
			"name": "Box20",
			"from": [5, 4, 3.5],
			"to": [6.5, 7.5, 5],
			"rotation": {"angle": 22.5, "axis": "z", "origin": [5, 7.5, 5]},
			"faces": {
				"north": {"uv": [6.5, 11.5, 5, 8.5], "texture": "#texture"},
				"east": {"uv": [1, 8.5, 2, 11.5], "rotation": 180, "texture": "#texture"},
				"south": {"uv": [11, 11.5, 9.5, 8.5], "texture": "#texture"},
				"west": {"uv": [14, 8.5, 15, 11.5], "rotation": 180, "texture": "#texture"},
				"up": {"uv": [5, 1, 6.5, 2], "texture": "#texture"},
				"down": {"uv": [5, 14, 6.5, 15], "texture": "#texture"}
			}
		},
		{
			"name": "Box21",
			"from": [5.5, 3.5, 3.5],
			"to": [22.5, 5, 5],
			"faces": {
				"north": {"uv": [0, 11, 10.5, 12.5], "texture": "#texture"},
				"east": {"uv": [11, 11, 12.5, 12.5], "texture": "#texture"},
				"south": {"uv": [5.5, 11, 16, 12.5], "texture": "#texture"},
				"west": {"uv": [3.5, 11, 5, 12.5], "texture": "#texture"},
				"up": {"uv": [5.5, 3.5, 16, 5], "texture": "#texture"},
				"down": {"uv": [5.5, 11, 16, 12.5], "texture": "#texture"}
			}
		},
		{
			"name": "Box13",
			"from": [15, 6, 3.1],
			"to": [17, 7, 5.6],
			"faces": {
				"north": {"uv": [0, 9, 1, 10], "texture": "#texture"},
				"east": {"uv": [10.4, 9, 12.9, 10], "texture": "#texture"},
				"south": {"uv": [15, 9, 16, 10], "texture": "#texture"},
				"west": {"uv": [3.1, 9, 5.6, 10], "texture": "#texture"},
				"up": {"uv": [15, 3.1, 16, 5.6], "texture": "#texture"},
				"down": {"uv": [15, 10.4, 16, 12.9], "texture": "#texture"}
			}
		},
		{
			"name": "Box10",
			"from": [15.1, 6, 5.35],
			"to": [16.9, 8, 6.35],
			"rotation": {"angle": 22.5, "axis": "x", "origin": [15.1, 8, 6.35]},
			"faces": {
				"north": {"uv": [12.5, 8, 10.5, 5], "texture": "#texture"},
				"east": {"uv": [10, 5, 11, 8], "rotation": 180, "texture": "#texture"},
				"south": {"uv": [5.5, 8, 3.5, 5], "texture": "#texture"},
				"west": {"uv": [5, 5, 6, 8], "rotation": 180, "texture": "#texture"},
				"up": {"uv": [10.5, 10, 12.5, 11], "texture": "#texture"},
				"down": {"uv": [10.5, 5, 12.5, 6], "texture": "#texture"}
			}
		},
		{
			"name": "Box10",
			"from": [15, 8, 5.35],
			"to": [17, 9.5, 6.35],
			"faces": {
				"north": {"uv": [0, 6.5, 1, 8], "texture": "#texture"},
				"east": {"uv": [9.65, 6.5, 10.65, 8], "texture": "#texture"},
				"south": {"uv": [15, 6.5, 16, 8], "texture": "#texture"},
				"west": {"uv": [5.35, 6.5, 6.35, 8], "texture": "#texture"},
				"up": {"uv": [15, 5.35, 16, 6.35], "texture": "#texture"},
				"down": {"uv": [15, 9.65, 16, 10.65], "texture": "#texture"}
			}
		},
		{
			"name": "Box10",
			"from": [15.1, 9.5, 5.35],
			"to": [16.9, 11.5, 6.35],
			"rotation": {"angle": -22.5, "axis": "x", "origin": [16.9, 9.5, 6.35]},
			"faces": {
				"north": {"uv": [10.5, 5, 12.5, 8], "texture": "#texture"},
				"east": {"uv": [5, 5, 6, 8], "texture": "#texture"},
				"south": {"uv": [3.5, 5, 5.5, 8], "texture": "#texture"},
				"west": {"uv": [10, 5, 11, 8], "texture": "#texture"},
				"up": {"uv": [10.5, 5, 12.5, 6], "rotation": 180, "texture": "#texture"},
				"down": {"uv": [10.5, 10, 12.5, 11], "rotation": 180, "texture": "#texture"}
			}
		},
		{
			"name": "Box13",
			"from": [15, 10.5, 3.1],
			"to": [17, 11.5, 5.6],
			"faces": {
				"north": {"uv": [0, 4.5, 1, 5.5], "texture": "#texture"},
				"east": {"uv": [10.4, 4.5, 12.9, 5.5], "texture": "#texture"},
				"south": {"uv": [15, 4.5, 16, 5.5], "texture": "#texture"},
				"west": {"uv": [3.1, 4.5, 5.6, 5.5], "texture": "#texture"},
				"up": {"uv": [15, 3.1, 16, 5.6], "texture": "#texture"},
				"down": {"uv": [15, 10.4, 16, 12.9], "texture": "#texture"}
			}
		},
		{
			"name": "Box10",
			"from": [15.1, 9.5, 2.35],
			"to": [16.9, 11.5, 3.35],
			"rotation": {"angle": 22.5, "axis": "x", "origin": [15.1, 9.5, 2.35]},
			"faces": {
				"north": {"uv": [3.5, 5, 5.5, 8], "texture": "#texture"},
				"east": {"uv": [10, 5, 11, 8], "texture": "#texture"},
				"south": {"uv": [10.5, 5, 12.5, 8], "texture": "#texture"},
				"west": {"uv": [5, 5, 6, 8], "texture": "#texture"},
				"up": {"uv": [10.5, 5, 12.5, 6], "texture": "#texture"},
				"down": {"uv": [10.5, 10, 12.5, 11], "texture": "#texture"}
			}
		},
		{
			"name": "Box10",
			"from": [15, 8, 2.35],
			"to": [17, 9.5, 3.35],
			"faces": {
				"north": {"uv": [0, 6.5, 1, 8], "texture": "#texture"},
				"east": {"uv": [12.65, 6.5, 13.65, 8], "texture": "#texture"},
				"south": {"uv": [15, 6.5, 16, 8], "texture": "#texture"},
				"west": {"uv": [2.35, 6.5, 3.35, 8], "texture": "#texture"},
				"up": {"uv": [15, 2.35, 16, 3.35], "texture": "#texture"},
				"down": {"uv": [15, 12.65, 16, 13.65], "texture": "#texture"}
			}
		},
		{
			"name": "Box10",
			"from": [15.1, 6, 2.35],
			"to": [16.9, 8, 3.35],
			"rotation": {"angle": -22.5, "axis": "x", "origin": [16.9, 8, 2.35]},
			"faces": {
				"north": {"uv": [5.5, 8, 3.5, 5], "texture": "#texture"},
				"east": {"uv": [5, 5, 6, 8], "rotation": 180, "texture": "#texture"},
				"south": {"uv": [12.5, 8, 10.5, 5], "texture": "#texture"},
				"west": {"uv": [10, 5, 11, 8], "rotation": 180, "texture": "#texture"},
				"up": {"uv": [10.5, 10, 12.5, 11], "rotation": 180, "texture": "#texture"},
				"down": {"uv": [10.5, 5, 12.5, 6], "rotation": 180, "texture": "#texture"}
			}
		},
		{
			"name": "Box18",
			"from": [15.5, 6.5, 3.1],
			"to": [17, 11, 5.1],
			"faces": {
				"north": {"uv": [0, 5, 0.5, 9.5], "texture": "#texture"},
				"east": {"uv": [10.9, 5, 12.9, 9.5], "texture": "#texture"},
				"south": {"uv": [15.5, 5, 16, 9.5], "texture": "#texture"},
				"west": {"uv": [3.1, 5, 5.1, 9.5], "texture": "#texture"},
				"up": {"uv": [15.5, 3.1, 16, 5.1], "texture": "#texture"},
				"down": {"uv": [15.5, 10.9, 16, 12.9], "texture": "#texture"}
			}
		},
		{
			"name": "Box31",
			"from": [12, 6.5, 2.5],
			"to": [15.5, 11, 6],
			"faces": {
				"north": {"uv": [0.5, 5, 4, 9.5], "texture": "#texture2"},
				"east": {"uv": [10, 5, 13.5, 9.5], "texture": "#texture2"},
				"south": {"uv": [12, 5, 15.5, 9.5], "texture": "#texture2"},
				"west": {"uv": [2.5, 5, 6, 9.5], "texture": "#texture2"},
				"up": {"uv": [12, 2.5, 15.5, 6], "texture": "#texture2"},
				"down": {"uv": [12, 10, 15.5, 13.5], "texture": "#texture2"}
			}
		},
		{
			"name": "Box32",
			"from": [12.5, 7.5, 6],
			"to": [15, 10.5, 6.5],
			"faces": {
				"north": {"uv": [1, 5.5, 3.5, 8.5], "texture": "#texture2"},
				"east": {"uv": [9.5, 5.5, 10, 8.5], "texture": "#texture2"},
				"south": {"uv": [12.5, 5.5, 15, 8.5], "texture": "#texture2"},
				"west": {"uv": [6, 5.5, 6.5, 8.5], "texture": "#texture2"},
				"up": {"uv": [12.5, 6, 15, 6.5], "texture": "#texture2"},
				"down": {"uv": [12.5, 9.5, 15, 10], "texture": "#texture2"}
			}
		},
		{
			"name": "Box32",
			"from": [12.5, 7.5, 2],
			"to": [15, 10.5, 2.5],
			"faces": {
				"north": {"uv": [1, 5.5, 3.5, 8.5], "texture": "#texture2"},
				"east": {"uv": [13.5, 5.5, 14, 8.5], "texture": "#texture2"},
				"south": {"uv": [12.5, 5.5, 15, 8.5], "texture": "#texture2"},
				"west": {"uv": [2, 5.5, 2.5, 8.5], "texture": "#texture2"},
				"up": {"uv": [12.5, 2, 15, 2.5], "texture": "#texture2"},
				"down": {"uv": [12.5, 13.5, 15, 14], "texture": "#texture2"}
			}
		},
		{
			"name": "Box34",
			"from": [12.5, 10.75, 3],
			"to": [15, 11.25, 5.5],
			"faces": {
				"north": {"uv": [1, 4.75, 3.5, 5.25], "texture": "#texture2"},
				"east": {"uv": [10.5, 4.75, 13, 5.25], "texture": "#texture2"},
				"south": {"uv": [12.5, 4.75, 15, 5.25], "texture": "#texture2"},
				"west": {"uv": [3, 4.75, 5.5, 5.25], "texture": "#texture2"},
				"up": {"uv": [12.5, 3, 15, 5.5], "texture": "#texture2"},
				"down": {"uv": [12.5, 10.5, 15, 13], "texture": "#texture2"}
			}
		},
		{
			"name": "Box34",
			"from": [12.5, 6.25, 3],
			"to": [15, 6.75, 5.5],
			"faces": {
				"north": {"uv": [1, 9.25, 3.5, 9.75], "texture": "#texture2"},
				"east": {"uv": [10.5, 9.25, 13, 9.75], "texture": "#texture2"},
				"south": {"uv": [12.5, 9.25, 15, 9.75], "texture": "#texture2"},
				"west": {"uv": [3, 9.25, 5.5, 9.75], "texture": "#texture2"},
				"up": {"uv": [12.5, 3, 15, 5.5], "texture": "#texture2"},
				"down": {"uv": [12.5, 10.5, 15, 13], "texture": "#texture2"}
			}
		},
		{
			"name": "Box36",
			"from": [20.5, 4, 3.25],
			"to": [22.5, 8, 5.25],
			"rotation": {"angle": 22.5, "axis": "z", "origin": [20.5, 4, 3.25]},
			"faces": {
				"north": {"uv": [11, 7.5, 13, 11.5], "texture": "#texture"},
				"east": {"uv": [1, 7.5, 2, 11.5], "texture": "#texture"},
				"south": {"uv": [3, 7.5, 5, 11.5], "texture": "#texture"},
				"west": {"uv": [14, 7.5, 15, 11.5], "texture": "#texture"},
				"up": {"uv": [3, 14, 5, 15], "texture": "#texture"},
				"down": {"uv": [3, 1, 5, 2], "texture": "#texture"}
			}
		},
		{
			"name": "Box37",
			"from": [19, 7.5, 3.25],
			"to": [21, 9.5, 5.25],
			"faces": {
				"north": {"uv": [11, 6.5, 13, 8.5], "texture": "#texture"},
				"east": {"uv": [10.75, 6.5, 12.75, 8.5], "texture": "#texture"},
				"south": {"uv": [3, 6.5, 5, 8.5], "texture": "#texture"},
				"west": {"uv": [3.25, 6.5, 5.25, 8.5], "texture": "#texture"},
				"up": {"uv": [3, 3.25, 5, 5.25], "texture": "#texture"},
				"down": {"uv": [3, 10.75, 5, 12.75], "texture": "#texture"}
			}
		},
		{
			"name": "Box38",
			"from": [17, 8.5, 3.5],
			"to": [19, 9.5, 5],
			"faces": {
				"north": {"uv": [13, 6.5, 15, 7.5], "texture": "#texture1"},
				"east": {"uv": [11, 6.5, 12.5, 7.5], "texture": "#texture1"},
				"south": {"uv": [1, 6.5, 3, 7.5], "texture": "#texture1"},
				"west": {"uv": [3.5, 6.5, 5, 7.5], "texture": "#texture1"},
				"up": {"uv": [1, 3.5, 3, 5], "texture": "#texture1"},
				"down": {"uv": [1, 11, 3, 12.5], "texture": "#texture1"}
			}
		},
		{
			"name": "Box39",
			"from": [17, 9.5, 3],
			"to": [21, 10.5, 5.5],
			"faces": {
				"north": {"uv": [11, 5.5, 15, 6.5], "texture": "#texture1"},
				"east": {"uv": [10.5, 5.5, 13, 6.5], "texture": "#texture1"},
				"south": {"uv": [1, 5.5, 5, 6.5], "texture": "#texture1"},
				"west": {"uv": [3, 5.5, 5.5, 6.5], "texture": "#texture1"},
				"up": {"uv": [1, 3, 5, 5.5], "texture": "#texture1"},
				"down": {"uv": [1, 10.5, 5, 13], "texture": "#texture1"}
			}
		},
		{
			"name": "Box40",
			"from": [17, 10.5, 3],
			"to": [21, 11.5, 4],
			"rotation": {"angle": 22.5, "axis": "x", "origin": [17, 10.5, 3]},
			"faces": {
				"north": {"uv": [11, 4.5, 15, 5.5], "texture": "#texture1"},
				"east": {"uv": [12, 4.5, 13, 5.5], "texture": "#texture1"},
				"south": {"uv": [1, 4.5, 5, 5.5], "texture": "#texture1"},
				"west": {"uv": [3, 4.5, 4, 5.5], "texture": "#texture1"},
				"up": {"uv": [1, 3, 5, 4], "texture": "#texture1"},
				"down": {"uv": [1, 12, 5, 13], "texture": "#texture1"}
			}
		},
		{
			"name": "Box40",
			"from": [17, 10.5, 4.5],
			"to": [21, 11.5, 5.5],
			"rotation": {"angle": -22.5, "axis": "x", "origin": [21, 10.5, 5.5]},
			"faces": {
				"north": {"uv": [1, 4.5, 5, 5.5], "texture": "#texture1"},
				"east": {"uv": [3, 4.5, 4, 5.5], "texture": "#texture1"},
				"south": {"uv": [11, 4.5, 15, 5.5], "texture": "#texture1"},
				"west": {"uv": [12, 4.5, 13, 5.5], "texture": "#texture1"},
				"up": {"uv": [1, 3, 5, 4], "rotation": 180, "texture": "#texture1"},
				"down": {"uv": [1, 12, 5, 13], "rotation": 180, "texture": "#texture1"}
			}
		},
		{
			"name": "Box42",
			"from": [17, 10.5, 3.5],
			"to": [21, 11.5, 5],
			"faces": {
				"north": {"uv": [11, 4.5, 15, 5.5], "texture": "#texture1"},
				"east": {"uv": [11, 4.5, 12.5, 5.5], "texture": "#texture1"},
				"south": {"uv": [1, 4.5, 5, 5.5], "texture": "#texture1"},
				"west": {"uv": [3.5, 4.5, 5, 5.5], "texture": "#texture1"},
				"up": {"uv": [1, 3.5, 5, 5], "texture": "#texture1"},
				"down": {"uv": [1, 11, 5, 12.5], "texture": "#texture1"}
			}
		},
		{
			"name": "Box43",
			"from": [21, 9, 3.5],
			"to": [22, 11, 5],
			"faces": {
				"north": {"uv": [10, 5, 11, 7], "texture": "#texture1"},
				"east": {"uv": [11, 5, 12.5, 7], "texture": "#texture1"},
				"south": {"uv": [5, 5, 6, 7], "texture": "#texture1"},
				"west": {"uv": [3.5, 5, 5, 7], "texture": "#texture1"},
				"up": {"uv": [5, 3.5, 6, 5], "texture": "#texture1"},
				"down": {"uv": [5, 11, 6, 12.5], "texture": "#texture1"}
			}
		},
		{
			"name": "Box44",
			"from": [22, 9.5, 3.5],
			"to": [24.5, 11, 5],
			"faces": {
				"north": {"uv": [7.5, 5, 10, 6.5], "texture": "#texture1"},
				"east": {"uv": [11, 5, 12.5, 6.5], "texture": "#texture1"},
				"south": {"uv": [6, 5, 8.5, 6.5], "texture": "#texture1"},
				"west": {"uv": [3.5, 5, 5, 6.5], "texture": "#texture1"},
				"up": {"uv": [6, 3.5, 8.5, 5], "texture": "#texture1"},
				"down": {"uv": [6, 11, 8.5, 12.5], "texture": "#texture1"}
			}
		},
		{
			"name": "Box45",
			"from": [24.5, 9.5, 3.5],
			"to": [26.5, 10, 5],
			"faces": {
				"north": {"uv": [5.5, 6, 7.5, 6.5], "texture": "#texture1"},
				"east": {"uv": [11, 6, 12.5, 6.5], "texture": "#texture1"},
				"south": {"uv": [8.5, 6, 10.5, 6.5], "texture": "#texture1"},
				"west": {"uv": [3.5, 6, 5, 6.5], "texture": "#texture1"},
				"up": {"uv": [8.5, 3.5, 10.5, 5], "texture": "#texture1"},
				"down": {"uv": [8.5, 11, 10.5, 12.5], "texture": "#texture1"}
			}
		},
		{
			"name": "Box46",
			"from": [24.4116, 9.9634, 3.5],
			"to": [26.9116, 10.9634, 5],
			"rotation": {"angle": -22.5, "axis": "z", "origin": [24.5, 11, 5]},
			"faces": {
				"north": {"uv": [10.5, 6, 8.5, 5], "texture": "#texture1"},
				"east": {"uv": [1, 5, 2, 6], "rotation": 180, "texture": "#texture1"},
				"south": {"uv": [7.5, 6, 5.5, 5], "texture": "#texture1"},
				"west": {"uv": [14, 5, 15, 6], "rotation": 180, "texture": "#texture1"},
				"up": {"uv": [8.5, 1, 10.5, 2], "texture": "#texture1"},
				"down": {"uv": [8.5, 14, 10.5, 15], "texture": "#texture1"}
			}
		},
		{
			"name": "Box47",
			"from": [24.5, 9, 3.5],
			"to": [26.5, 9.5, 5],
			"faces": {
				"north": {"uv": [5.5, 6.5, 7.5, 7], "texture": "#texture1"},
				"east": {"uv": [11, 6.5, 12.5, 7], "texture": "#texture1"},
				"south": {"uv": [8.5, 6.5, 10.5, 7], "texture": "#texture1"},
				"west": {"uv": [3.5, 6.5, 5, 7], "texture": "#texture1"},
				"up": {"uv": [8.5, 3.5, 10.5, 5], "texture": "#texture1"},
				"down": {"uv": [8.5, 11, 10.5, 12.5], "texture": "#texture1"}
			}
		},
		{
			"name": "Box48",
			"from": [26.5, 7, 3],
			"to": [27.5, 10.5, 5.5],
			"faces": {
				"north": {"uv": [4.5, 5.5, 5.5, 9], "texture": "#texture"},
				"east": {"uv": [10.5, 5.5, 13, 9], "texture": "#texture"},
				"south": {"uv": [10.5, 5.5, 11.5, 9], "texture": "#texture"},
				"west": {"uv": [3, 5.5, 5.5, 9], "texture": "#texture"},
				"up": {"uv": [10.5, 3, 11.5, 5.5], "texture": "#texture"},
				"down": {"uv": [10.5, 10.5, 11.5, 13], "texture": "#texture"}
			}
		},
		{
			"name": "Box49",
			"from": [26.5, 10.5, 3.25],
			"to": [27.5, 11.5, 5.25],
			"rotation": {"angle": 45, "axis": "z", "origin": [27.5, 10.5, 5.25]},
			"faces": {
				"north": {"uv": [10.5, 4.5, 11.5, 5.5], "texture": "#texture"},
				"east": {"uv": [14, 4.5, 15, 5.5], "texture": "#texture"},
				"south": {"uv": [4.5, 4.5, 5.5, 5.5], "texture": "#texture"},
				"west": {"uv": [1, 4.5, 2, 5.5], "texture": "#texture"},
				"up": {"uv": [10.5, 14, 11.5, 15], "rotation": 180, "texture": "#texture"},
				"down": {"uv": [10.5, 1, 11.5, 2], "rotation": 180, "texture": "#texture"}
			}
		},
		{
			"name": "Box50",
			"from": [26.5, 6, 3],
			"to": [27.5, 7, 4],
			"rotation": {"angle": -45, "axis": "x", "origin": [27.5, 7, 3]},
			"faces": {
				"north": {"uv": [5.5, 10, 4.5, 9], "texture": "#texture"},
				"east": {"uv": [3, 9, 4, 10], "rotation": 180, "texture": "#texture"},
				"south": {"uv": [11.5, 10, 10.5, 9], "texture": "#texture"},
				"west": {"uv": [12, 9, 13, 10], "rotation": 180, "texture": "#texture"},
				"up": {"uv": [10.5, 12, 11.5, 13], "rotation": 180, "texture": "#texture"},
				"down": {"uv": [10.5, 3, 11.5, 4], "rotation": 180, "texture": "#texture"}
			}
		},
		{
			"name": "Box50",
			"from": [26.5, 6, 4.5],
			"to": [27.5, 7, 5.5],
			"rotation": {"angle": 45, "axis": "x", "origin": [26.5, 7, 5.5]},
			"faces": {
				"north": {"uv": [11.5, 10, 10.5, 9], "texture": "#texture"},
				"east": {"uv": [12, 9, 13, 10], "rotation": 180, "texture": "#texture"},
				"south": {"uv": [5.5, 10, 4.5, 9], "texture": "#texture"},
				"west": {"uv": [3, 9, 4, 10], "rotation": 180, "texture": "#texture"},
				"up": {"uv": [10.5, 12, 11.5, 13], "texture": "#texture"},
				"down": {"uv": [10.5, 3, 11.5, 4], "texture": "#texture"}
			}
		},
		{
			"name": "Box52",
			"from": [26.5, 6.25, 3.75],
			"to": [27.5, 7.25, 4.75],
			"faces": {
				"north": {"uv": [4.5, 8.75, 5.5, 9.75], "texture": "#texture"},
				"east": {"uv": [11.25, 8.75, 12.25, 9.75], "texture": "#texture"},
				"south": {"uv": [10.5, 8.75, 11.5, 9.75], "texture": "#texture"},
				"west": {"uv": [3.75, 8.75, 4.75, 9.75], "texture": "#texture"},
				"up": {"uv": [10.5, 3.75, 11.5, 4.75], "texture": "#texture"},
				"down": {"uv": [10.5, 11.25, 11.5, 12.25], "texture": "#texture"}
			}
		},
		{
			"name": "Box53",
			"from": [25, 6.5, 3.5],
			"to": [26.5, 9, 5],
			"faces": {
				"north": {"uv": [5.5, 7, 7, 9.5], "texture": "#texture"},
				"east": {"uv": [11, 7, 12.5, 9.5], "texture": "#texture"},
				"south": {"uv": [9, 7, 10.5, 9.5], "texture": "#texture"},
				"west": {"uv": [3.5, 7, 5, 9.5], "texture": "#texture"},
				"up": {"uv": [9, 3.5, 10.5, 5], "texture": "#texture"},
				"down": {"uv": [9, 11, 10.5, 12.5], "texture": "#texture"}
			}
		},
		{
			"name": "Box54",
			"from": [24, 11, 3.75],
			"to": [27, 11.5, 4.75],
			"faces": {
				"north": {"uv": [5, 4.5, 8, 5], "texture": "#texture"},
				"east": {"uv": [11.25, 4.5, 12.25, 5], "texture": "#texture"},
				"south": {"uv": [8, 4.5, 11, 5], "texture": "#texture"},
				"west": {"uv": [3.75, 4.5, 4.75, 5], "texture": "#texture"},
				"up": {"uv": [8, 3.75, 11, 4.75], "texture": "#texture"},
				"down": {"uv": [8, 11.25, 11, 12.25], "texture": "#texture"}
			}
		},
		{
			"name": "Box55",
			"from": [26, 10.5, 3.5],
			"to": [26.5, 11, 5],
			"faces": {
				"north": {"uv": [5.5, 5, 6, 5.5], "texture": "#texture"},
				"east": {"uv": [11, 5, 12.5, 5.5], "texture": "#texture"},
				"south": {"uv": [10, 5, 10.5, 5.5], "texture": "#texture"},
				"west": {"uv": [3.5, 5, 5, 5.5], "texture": "#texture"},
				"up": {"uv": [10, 3.5, 10.5, 5], "texture": "#texture"},
				"down": {"uv": [10, 11, 10.5, 12.5], "texture": "#texture"}
			}
		},
		{
			"name": "Box56",
			"from": [23, 11, 3.75],
			"to": [24, 11.5, 4.75],
			"rotation": {"angle": 22.5, "axis": "z", "origin": [24, 11.5, 3.75]},
			"faces": {
				"north": {"uv": [2, 16, 1, 15.5], "texture": "#texture"},
				"east": {"uv": [14, 15.5, 15, 16], "rotation": 180, "texture": "#texture"},
				"south": {"uv": [15, 16, 14, 15.5], "texture": "#texture"},
				"west": {"uv": [1, 15.5, 2, 16], "rotation": 180, "texture": "#texture"},
				"up": {"uv": [14, 1, 15, 2], "rotation": 180, "texture": "#texture"},
				"down": {"uv": [14, 14, 15, 15], "rotation": 180, "texture": "#texture"}
			}
		},
		{
			"name": "Box57",
			"from": [6, 10, 3.75],
			"to": [7, 12, 4.75],
			"rotation": {"angle": -22.5, "axis": "z", "origin": [6, 10, 3.75]},
			"faces": {
				"north": {"uv": [9, 4, 10, 6], "texture": "#texture"},
				"east": {"uv": [1, 4, 2, 6], "texture": "#texture"},
				"south": {"uv": [6, 4, 7, 6], "texture": "#texture"},
				"west": {"uv": [14, 4, 15, 6], "texture": "#texture"},
				"up": {"uv": [6, 14, 7, 15], "texture": "#texture"},
				"down": {"uv": [6, 1, 7, 2], "texture": "#texture"}
			}
		},
		{
			"name": "Box58",
			"from": [6.5, 11.5, 3.5],
			"to": [12, 12, 5],
			"faces": {
				"north": {"uv": [4, 4, 9.5, 4.5], "texture": "#texture"},
				"east": {"uv": [11, 4, 12.5, 4.5], "texture": "#texture"},
				"south": {"uv": [6.5, 4, 12, 4.5], "texture": "#texture"},
				"west": {"uv": [3.5, 4, 5, 4.5], "texture": "#texture"},
				"up": {"uv": [6.5, 3.5, 12, 5], "texture": "#texture"},
				"down": {"uv": [6.5, 11, 12, 12.5], "texture": "#texture"}
			}
		},
		{
			"name": "Box59",
			"from": [15.5, 11.5, 3.5],
			"to": [16.5, 11.85, 5],
			"faces": {
				"north": {"uv": [0, 4.15, 0.5, 4.5], "texture": "#texture"},
				"east": {"uv": [11, 4.15, 12.5, 4.5], "texture": "#texture"},
				"south": {"uv": [15.5, 4.15, 16, 4.5], "texture": "#texture"},
				"west": {"uv": [3.5, 4.15, 5, 4.5], "texture": "#texture"},
				"up": {"uv": [15.5, 3.5, 16, 5], "texture": "#texture"},
				"down": {"uv": [15.5, 11, 16, 12.5], "texture": "#texture"}
			}
		},
		{
			"name": "Box59",
			"from": [19, 11.5, 3.5],
			"to": [19.5, 11.85, 5],
			"faces": {
				"north": {"uv": [12.5, 4.15, 13, 4.5], "texture": "#texture"},
				"east": {"uv": [11, 4.15, 12.5, 4.5], "texture": "#texture"},
				"south": {"uv": [3, 4.15, 3.5, 4.5], "texture": "#texture"},
				"west": {"uv": [3.5, 4.15, 5, 4.5], "texture": "#texture"},
				"up": {"uv": [3, 3.5, 3.5, 5], "texture": "#texture"},
				"down": {"uv": [3, 11, 3.5, 12.5], "texture": "#texture"}
			}
		},
		{
			"name": "Box59",
			"from": [20, 11.5, 3.5],
			"to": [21, 11.85, 5],
			"faces": {
				"north": {"uv": [11, 4.15, 12, 4.5], "texture": "#texture"},
				"east": {"uv": [11, 4.15, 12.5, 4.5], "texture": "#texture"},
				"south": {"uv": [4, 4.15, 5, 4.5], "texture": "#texture"},
				"west": {"uv": [3.5, 4.15, 5, 4.5], "texture": "#texture"},
				"up": {"uv": [4, 3.5, 5, 5], "texture": "#texture"},
				"down": {"uv": [4, 11, 5, 12.5], "texture": "#texture"}
			}
		},
		{
			"name": "Box63",
			"from": [18.5, 7.5, 4],
			"to": [19.5, 9, 4.5],
			"rotation": {"angle": 22.5, "axis": "z", "origin": [18.5, 7.5, 4]},
			"faces": {
				"north": {"uv": [12.5, 7.5, 13.5, 9], "texture": "#texture2"},
				"east": {"uv": [1, 7.5, 2, 9], "texture": "#texture2"},
				"south": {"uv": [2.5, 7.5, 3.5, 9], "texture": "#texture2"},
				"west": {"uv": [14, 7.5, 15, 9], "texture": "#texture2"},
				"up": {"uv": [2.5, 14, 3.5, 15], "texture": "#texture2"},
				"down": {"uv": [2.5, 1, 3.5, 2], "texture": "#texture2"}
			}
		},
		{
			"name": "Box64",
			"from": [16.5, 11.5, 3.5],
			"to": [19, 12, 5],
			"faces": {
				"north": {"uv": [13, 4, 15.5, 4.5], "texture": "#texture2"},
				"east": {"uv": [11, 4, 12.5, 4.5], "texture": "#texture2"},
				"south": {"uv": [0.5, 4, 3, 4.5], "texture": "#texture2"},
				"west": {"uv": [3.5, 4, 5, 4.5], "texture": "#texture2"},
				"up": {"uv": [0.5, 3.5, 3, 5], "texture": "#texture2"},
				"down": {"uv": [0.5, 11, 3, 12.5], "texture": "#texture2"}
			}
		},
		{
			"name": "Box65",
			"from": [17.9268, 11.8232, 3],
			"to": [18.9268, 14.8232, 3.5],
			"rotation": {"angle": 22.5, "axis": "z", "origin": [19, 12, 3.5]},
			"faces": {
				"north": {"uv": [2, 2, 3, 4], "texture": "#texture2"},
				"east": {"uv": [14, 2, 15, 4], "texture": "#texture2"},
				"south": {"uv": [13, 2, 14, 4], "texture": "#texture2"},
				"west": {"uv": [1, 2, 2, 4], "texture": "#texture2"},
				"up": {"uv": [2, 14, 3, 15], "rotation": 180, "texture": "#texture2"},
				"down": {"uv": [2, 1, 3, 2], "rotation": 180, "texture": "#texture2"}
			}
		},
		{
			"name": "Box65",
			"from": [17.9268, 11.8232, 5],
			"to": [18.9268, 14.8232, 5.5],
			"rotation": {"angle": 22.5, "axis": "z", "origin": [19, 12, 5.5]},
			"faces": {
				"north": {"uv": [2, 2, 3, 4], "texture": "#texture2"},
				"east": {"uv": [14, 2, 15, 4], "texture": "#texture2"},
				"south": {"uv": [13, 2, 14, 4], "texture": "#texture2"},
				"west": {"uv": [1, 2, 2, 4], "texture": "#texture2"},
				"up": {"uv": [2, 14, 3, 15], "rotation": 180, "texture": "#texture2"},
				"down": {"uv": [2, 1, 3, 2], "rotation": 180, "texture": "#texture2"}
			}
		},
		{
			"name": "Box67",
			"from": [17, 14, 3.1],
			"to": [18, 14.5, 5.35],
			"faces": {
				"north": {"uv": [14, 1.5, 15, 2], "texture": "#texture2"},
				"east": {"uv": [10.65, 1.5, 12.9, 2], "texture": "#texture2"},
				"south": {"uv": [1, 1.5, 2, 2], "texture": "#texture2"},
				"west": {"uv": [3.1, 1.5, 5.35, 2], "texture": "#texture2"},
				"up": {"uv": [1, 3.1, 2, 5.35], "texture": "#texture2"},
				"down": {"uv": [1, 10.65, 2, 12.9], "texture": "#texture2"}
			}
		},
		{
			"name": "Box68",
			"from": [18, 11, 3],
			"to": [19, 12.5, 3.5],
			"faces": {
				"north": {"uv": [13, 3.5, 14, 5], "texture": "#texture2"},
				"east": {"uv": [12.5, 3.5, 13, 5], "texture": "#texture2"},
				"south": {"uv": [2, 3.5, 3, 5], "texture": "#texture2"},
				"west": {"uv": [3, 3.5, 3.5, 5], "texture": "#texture2"},
				"up": {"uv": [2, 3, 3, 3.5], "texture": "#texture2"},
				"down": {"uv": [2, 12.5, 3, 13], "texture": "#texture2"}
			}
		},
		{
			"name": "Box68",
			"from": [18, 11, 5],
			"to": [19, 12.5, 5.5],
			"faces": {
				"north": {"uv": [13, 3.5, 14, 5], "texture": "#texture2"},
				"east": {"uv": [10.5, 3.5, 11, 5], "texture": "#texture2"},
				"south": {"uv": [2, 3.5, 3, 5], "texture": "#texture2"},
				"west": {"uv": [5, 3.5, 5.5, 5], "texture": "#texture2"},
				"up": {"uv": [2, 5, 3, 5.5], "texture": "#texture2"},
				"down": {"uv": [2, 10.5, 3, 11], "texture": "#texture2"}
			}
		},
		{
			"name": "Box70",
			"from": [17.75, 12.25, 4.15],
			"to": [17.875, 12.5, 4.4],
			"faces": {
				"north": {"uv": [1.5, 14.5, 2, 15.5], "texture": "#texture3"},
				"east": {"uv": [5, 14.5, 6, 15.5], "texture": "#texture3"},
				"south": {"uv": [14, 14.5, 14.5, 15.5], "texture": "#texture3"},
				"west": {"uv": [10, 14.5, 11, 15.5], "texture": "#texture3"},
				"up": {"uv": [5, 14, 6, 14.5], "rotation": 270, "texture": "#texture3"},
				"down": {"uv": [5, 1.5, 6, 2], "rotation": 90, "texture": "#texture3"}
			}
		},
		{
			"name": "Box71",
			"from": [17.75, 12.5, 4.275],
			"to": [17.875, 12.625, 4.4],
			"rotation": {"angle": -22.5, "axis": "x", "origin": [17.75, 12.5, 4.4]},
			"faces": {
				"north": {"uv": [1, 14, 2, 14.5], "texture": "#texture3"},
				"east": {"uv": [5, 14, 5.5, 14.5], "texture": "#texture3"},
				"south": {"uv": [14, 14, 15, 14.5], "texture": "#texture3"},
				"west": {"uv": [10.5, 14, 11, 14.5], "texture": "#texture3"},
				"up": {"uv": [5, 14, 5.5, 15], "rotation": 270, "texture": "#texture3"},
				"down": {"uv": [5, 1, 5.5, 2], "rotation": 90, "texture": "#texture3"}
			}
		},
		{
			"name": "Box72",
			"from": [17.75, 12.4, 4.13],
			"to": [17.875, 12.525, 4.255],
			"rotation": {"angle": 22.5, "axis": "x", "origin": [17.75, 12.4, 4.38]},
			"faces": {
				"north": {"uv": [14, 14, 15, 14.5], "texture": "#texture3"},
				"east": {"uv": [10, 14, 10.5, 14.5], "texture": "#texture3"},
				"south": {"uv": [1, 14, 2, 14.5], "texture": "#texture3"},
				"west": {"uv": [5.5, 14, 6, 14.5], "texture": "#texture3"},
				"up": {"uv": [5.5, 14, 6, 15], "rotation": 90, "texture": "#texture3"},
				"down": {"uv": [5.5, 1, 6, 2], "rotation": 270, "texture": "#texture3"}
			}
		},
		{
			"name": "Box73",
			"from": [17.75, 12.75, 4.025],
			"to": [17.875, 12.875, 4.525],
			"faces": {
				"north": {"uv": [1.5, 13, 2, 13.5], "texture": "#texture3"},
				"east": {"uv": [4.5, 13, 6.5, 13.5], "texture": "#texture3"},
				"south": {"uv": [14, 13, 14.5, 13.5], "texture": "#texture3"},
				"west": {"uv": [9.5, 13, 11.5, 13.5], "texture": "#texture3"},
				"up": {"uv": [4.5, 14, 6.5, 14.5], "rotation": 270, "texture": "#texture3"},
				"down": {"uv": [4.5, 1.5, 6.5, 2], "rotation": 90, "texture": "#texture3"}
			}
		},
		{
			"name": "Box73",
			"from": [17.75, 13, 3.9],
			"to": [17.875, 13.125, 4.65],
			"faces": {
				"north": {"uv": [1.5, 12, 2, 12.5], "texture": "#texture3"},
				"east": {"uv": [4, 12, 7, 12.5], "texture": "#texture3"},
				"south": {"uv": [14, 12, 14.5, 12.5], "texture": "#texture3"},
				"west": {"uv": [9, 12, 12, 12.5], "texture": "#texture3"},
				"up": {"uv": [4, 14, 7, 14.5], "rotation": 270, "texture": "#texture3"},
				"down": {"uv": [4, 1.5, 7, 2], "rotation": 90, "texture": "#texture3"}
			}
		},
		{
			"name": "Box73",
			"from": [17.75, 13.25, 3.775],
			"to": [17.875, 13.375, 4.775],
			"faces": {
				"north": {"uv": [1.5, 11, 2, 11.5], "texture": "#texture3"},
				"east": {"uv": [3.5, 11, 7.5, 11.5], "texture": "#texture3"},
				"south": {"uv": [14, 11, 14.5, 11.5], "texture": "#texture3"},
				"west": {"uv": [8.5, 11, 12.5, 11.5], "texture": "#texture3"},
				"up": {"uv": [3.5, 14, 7.5, 14.5], "rotation": 270, "texture": "#texture3"},
				"down": {"uv": [3.5, 1.5, 7.5, 2], "rotation": 90, "texture": "#texture3"}
			}
		},
		{
			"name": "Box76",
			"from": [17.75, 13.5, 4.15],
			"to": [17.875, 13.75, 4.4],
			"faces": {
				"north": {"uv": [1.5, 9.5, 2, 10.5], "texture": "#texture3"},
				"east": {"uv": [5, 9.5, 6, 10.5], "texture": "#texture3"},
				"south": {"uv": [14, 9.5, 14.5, 10.5], "texture": "#texture3"},
				"west": {"uv": [10, 9.5, 11, 10.5], "texture": "#texture3"},
				"up": {"uv": [5, 14, 6, 14.5], "rotation": 270, "texture": "#texture3"},
				"down": {"uv": [5, 1.5, 6, 2], "rotation": 90, "texture": "#texture3"}
			}
		}
	],
	"display": {
		"thirdperson_righthand": {
			"rotation": [0, -90, 0],
			"translation": [-2.782, 0, -6.956],
			"scale": [0.8, 0.8, 0.8]
		},
		"thirdperson_lefthand": {
			"rotation": [0, 90, 0],
			"translation": [2.78, 0, -6.956],
			"scale": [0.8, 0.8, 0.8]
		},
		"firstperson_righthand": {
			"rotation": [0, -90, 0],
			"translation": [-6.26, 1.3913, -9.043]
		},
		"firstperson_lefthand": {
			"rotation": [0, 90, 0],
			"translation": [-6.26, 1.3913, -9.043]
		},
		"ground": {
			"rotation": [-90, 0, 0],
			"translation": [-6.26, 0, 0]
		},
		"gui": {
			"rotation": [25, 41, -28],
			"translation": [-1.39, 0, 0],
			"scale": [0.7, 0.7, 0.7]
		},
		"head": {
			"translation": [-6.25, 0, 3.5]
		},
		"fixed": {
			"rotation": [0, 180, 0],
			"translation": [4.8695, 0, -4.173]
		}
	}
}