{
	"credit": "Made by SrDarmith - YouTube: Mainclay",
	"textures": {
		"particle": "itemm/anvil_1",
		"texture": "itemm/anvil_1"
	},
	"elements": [
		{
			"from": [1.325, 9.075, 8.125],
			"to": [1.575, 12.675, 8.3],
			"rotation": {"angle": 0, "axis": "y", "origin": [0.075, 0.075, 0]},
			"faces": {
				"north": {"uv": [14.5, 3.5, 14.75, 6.5], "texture": "#texture"},
				"east": {"uv": [7.75, 3.5, 8.25, 6.5], "texture": "#texture"},
				"south": {"uv": [1.25, 3.5, 1.5, 6.5], "texture": "#texture"},
				"west": {"uv": [7.75, 3.5, 8.25, 6.5], "texture": "#texture"},
				"up": {"uv": [1.25, 7.75, 1.5, 8.25], "texture": "#texture"},
				"down": {"uv": [14.75, 8.25, 14.5, 7.75], "texture": "#texture"}
			}
		},
		{
			"from": [1.325, 9.075, 7.7],
			"to": [1.575, 12.675, 7.875],
			"rotation": {"angle": 0, "axis": "y", "origin": [0.075, 0.075, 0]},
			"faces": {
				"north": {"uv": [14.5, 3.5, 14.75, 6.5], "texture": "#texture"},
				"east": {"uv": [7.75, 3.5, 8.25, 6.5], "texture": "#texture"},
				"south": {"uv": [1.25, 3.5, 1.5, 6.5], "texture": "#texture"},
				"west": {"uv": [7.75, 3.5, 8.25, 6.5], "texture": "#texture"},
				"up": {"uv": [1.25, 7.75, 1.5, 8.25], "texture": "#texture"},
				"down": {"uv": [14.75, 8.25, 14.5, 7.75], "texture": "#texture"}
			}
		},
		{
			"from": [1.325, 9.075, 7.875],
			"to": [1.575, 12.325, 8.125],
			"rotation": {"angle": 0, "axis": "y", "origin": [0.075, 0.075, 0]},
			"faces": {
				"north": {"uv": [14.5, 3.5, 14.75, 6.5], "texture": "#texture"},
				"east": {"uv": [7.75, 3.5, 8.25, 6.5], "texture": "#texture"},
				"south": {"uv": [1.25, 3.5, 1.5, 6.5], "texture": "#texture"},
				"west": {"uv": [7.75, 3.5, 8.25, 10], "texture": "#texture"},
				"up": {"uv": [1.25, 7.75, 1.5, 8.25], "texture": "#texture"},
				"down": {"uv": [14.75, 8.25, 14.5, 7.75], "texture": "#texture"}
			}
		},
		{
			"from": [1.325, 9.55, 7.4],
			"to": [1.575, 10.2, 8.575],
			"rotation": {"angle": 0, "axis": "y", "origin": [0.075, 0.075, 0]},
			"faces": {
				"north": {"uv": [14.5, 5.5, 14.75, 6.5], "texture": "#texture"},
				"east": {"uv": [7.75, 3.5, 8.25, 6.5], "texture": "#texture"},
				"south": {"uv": [1.25, 5.5, 1.5, 6.5], "texture": "#texture"},
				"west": {"uv": [7.75, 3.5, 8.25, 6.5], "texture": "#texture"},
				"up": {"uv": [1.25, 7.75, 1.5, 8.25], "texture": "#texture"},
				"down": {"uv": [14.75, 8.25, 14.5, 7.75], "texture": "#texture"}
			}
		},
		{
			"from": [3.25, 9.55, 7.4],
			"to": [3.5, 10.2, 8.575],
			"rotation": {"angle": 0, "axis": "y", "origin": [0.075, 0.075, 0]},
			"faces": {
				"north": {"uv": [14.5, 5.5, 14.75, 6.5], "texture": "#texture"},
				"east": {"uv": [7.75, 3.5, 8.25, 6.5], "texture": "#texture"},
				"south": {"uv": [1.25, 5.5, 1.5, 6.5], "texture": "#texture"},
				"west": {"uv": [7.75, 3.5, 8.25, 6.5], "texture": "#texture"},
				"up": {"uv": [1.25, 7.75, 1.5, 8.25], "texture": "#texture"},
				"down": {"uv": [14.75, 8.25, 14.5, 7.75], "texture": "#texture"}
			}
		},
		{
			"from": [3.25, 9.05, 7.7],
			"to": [3.5, 10.95, 8.3],
			"rotation": {"angle": 0, "axis": "y", "origin": [0.075, 0.075, 0]},
			"faces": {
				"north": {"uv": [14.5, 3.5, 14.75, 6.5], "texture": "#texture"},
				"east": {"uv": [7.75, 3.5, 8.25, 6.5], "texture": "#texture"},
				"south": {"uv": [1.25, 3.5, 1.5, 6.5], "texture": "#texture"},
				"west": {"uv": [7.75, 3.5, 8.25, 6.5], "texture": "#texture"},
				"up": {"uv": [1.25, 7.75, 1.5, 8.25], "texture": "#texture"},
				"down": {"uv": [14.75, 8.25, 14.5, 7.75], "texture": "#texture"}
			}
		},
		{
			"from": [1.575, 11.975, 7.7],
			"to": [1.825, 12.675, 7.875],
			"rotation": {"angle": 0, "axis": "y", "origin": [-13.925, 0.075, 0]},
			"faces": {
				"north": {"uv": [14, 3.5, 14.5, 4], "texture": "#texture"},
				"east": {"uv": [7.75, 3.5, 8.25, 4], "texture": "#texture"},
				"south": {"uv": [1.5, 3.5, 2, 4], "texture": "#texture"},
				"up": {"uv": [1.5, 7.75, 2, 8.25], "texture": "#texture"},
				"down": {"uv": [14.5, 8.25, 14, 7.75], "texture": "#texture"}
			}
		},
		{
			"from": [1.575, 11.975, 8.125],
			"to": [1.825, 12.675, 8.3],
			"rotation": {"angle": 0, "axis": "y", "origin": [-13.925, 0.075, 0]},
			"faces": {
				"north": {"uv": [14, 3.5, 14.5, 4], "texture": "#texture"},
				"east": {"uv": [7.75, 3.5, 8.25, 4], "texture": "#texture"},
				"south": {"uv": [1.5, 3.5, 2, 4], "texture": "#texture"},
				"up": {"uv": [1.5, 7.75, 2, 8.25], "texture": "#texture"},
				"down": {"uv": [14.5, 8.25, 14, 7.75], "texture": "#texture"}
			}
		},
		{
			"from": [1.575, 11.475, 7.7],
			"to": [1.825, 11.975, 8.3],
			"rotation": {"angle": 0, "axis": "y", "origin": [0.075, 0.075, 0]},
			"faces": {
				"north": {"uv": [14, 3.5, 14.5, 4], "texture": "#texture"},
				"east": {"uv": [7.75, 3.5, 8.25, 4], "texture": "#texture"},
				"south": {"uv": [1.5, 3.5, 2, 4], "texture": "#texture"},
				"up": {"uv": [1.5, 7.75, 2, 8.25], "texture": "#texture"},
				"down": {"uv": [14.5, 8.25, 14, 7.75], "texture": "#texture"}
			}
		},
		{
			"from": [1.575, 11.825, 7.7],
			"to": [2.175, 12.325, 8.3],
			"rotation": {"angle": 0, "axis": "y", "origin": [0.075, 0.075, 0]},
			"faces": {
				"north": {"uv": [14, 3.5, 14.5, 4], "texture": "#texture"},
				"east": {"uv": [7.75, 3.5, 8.25, 4], "texture": "#texture"},
				"south": {"uv": [1.5, 3.5, 2, 4], "texture": "#texture"},
				"up": {"uv": [1.5, 7.75, 2, 8.25], "texture": "#texture"},
				"down": {"uv": [14.5, 8.25, 14, 7.75], "texture": "#texture"}
			}
		},
		{
			"from": [2.175, 11.825, 7.7],
			"to": [2.325, 11.975, 8.3],
			"rotation": {"angle": 0, "axis": "y", "origin": [0.075, 0.075, 0]},
			"faces": {
				"north": {"uv": [14, 3.5, 14.5, 4], "texture": "#texture"},
				"east": {"uv": [7.75, 3.5, 8.25, 4], "texture": "#texture"},
				"south": {"uv": [1.5, 3.5, 2, 4], "texture": "#texture"},
				"up": {"uv": [1.5, 7.75, 2, 8.25], "texture": "#texture"},
				"down": {"uv": [14.5, 8.25, 14, 7.75], "texture": "#texture"}
			}
		},
		{
			"from": [1.825, 9.725, 7.7],
			"to": [2.075, 12.075, 8.3],
			"rotation": {"angle": 45, "axis": "z", "origin": [1.825, 12.325, 7.75]},
			"faces": {
				"north": {"uv": [14, 3.25, 14.5, 5.25], "texture": "#texture"},
				"east": {"uv": [7.5, 5.25, 8.5, 7.25], "texture": "#texture"},
				"south": {"uv": [1, 3.25, 1.5, 5.25], "texture": "#texture"},
				"west": {"uv": [7.5, 5.25, 8.5, 7.25], "texture": "#texture"},
				"up": {"uv": [0, 7.5, 0.5, 8.5], "texture": "#texture"},
				"down": {"uv": [16, 8.5, 15.5, 7.5], "texture": "#texture"}
			}
		},
		{
			"from": [1.825, 12.075, 8.125],
			"to": [2.075, 12.575, 8.3],
			"rotation": {"angle": 45, "axis": "z", "origin": [1.825, 12.325, 7.75]},
			"faces": {
				"north": {"uv": [14, 3.25, 14.5, 4], "texture": "#texture"},
				"east": {"uv": [7.5, 5.25, 8.5, 6], "texture": "#texture"},
				"south": {"uv": [1, 3.25, 1.5, 4], "texture": "#texture"},
				"west": {"uv": [7.5, 5.25, 8.5, 6], "texture": "#texture"},
				"up": {"uv": [0, 7.5, 0.5, 8.5], "texture": "#texture"},
				"down": {"uv": [16, 8.5, 15.5, 7.5], "texture": "#texture"}
			}
		},
		{
			"from": [1.825, 12.075, 7.7],
			"to": [2.075, 12.575, 7.875],
			"rotation": {"angle": 45, "axis": "z", "origin": [1.825, 12.325, 7.75]},
			"faces": {
				"north": {"uv": [14, 3.25, 14.5, 4], "texture": "#texture"},
				"east": {"uv": [7.5, 5.25, 8.5, 6], "texture": "#texture"},
				"south": {"uv": [1, 3.25, 1.5, 4], "texture": "#texture"},
				"west": {"uv": [7.5, 5.25, 8.5, 6], "texture": "#texture"},
				"up": {"uv": [0, 7.5, 0.5, 8.5], "texture": "#texture"},
				"down": {"uv": [16, 8.5, 15.5, 7.5], "texture": "#texture"}
			}
		},
		{
			"from": [3.75, 8.375, 7.425],
			"to": [9.875, 11.325, 8.6],
			"rotation": {"angle": 0, "axis": "y", "origin": [0.25, -0.025, 0]},
			"faces": {
				"north": {"uv": [0, 11.1, 0.75, 11.95], "texture": "#texture"},
				"east": {"uv": [0.5, 11, 0.6, 11.85], "texture": "#texture"},
				"south": {"uv": [0, 11.2, 0.75, 11.95], "texture": "#texture"},
				"west": {"uv": [15.7, 11.1, 15.5, 11.95], "texture": "#texture"},
				"up": {"uv": [0, 11.65, 0.85, 11.25], "texture": "#texture"},
				"down": {"uv": [0.85, 11.45, 0, 11.55], "texture": "#texture"}
			}
		},
		{
			"from": [1.325, 10.55, 7.8],
			"to": [3.325, 10.75, 8.2],
			"rotation": {"angle": 0, "axis": "y", "origin": [0.075, 0.075, 0]},
			"faces": {
				"north": {"uv": [13.25, 5.25, 14.75, 5.5], "texture": "#texture"},
				"south": {"uv": [1.25, 5.25, 2.75, 5.5], "texture": "#texture"},
				"up": {"uv": [1.25, 7.75, 2.75, 8.25], "texture": "#texture"},
				"down": {"uv": [14.75, 8.25, 13.25, 7.75], "texture": "#texture"}
			}
		},
		{
			"from": [3.75, 9.325, 6.475],
			"to": [9.875, 10.375, 9.55],
			"rotation": {"angle": 0, "axis": "y", "origin": [0.25, -0.025, 0]},
			"faces": {
				"north": {"uv": [0, 11.6, 0.75, 11.45], "texture": "#texture"},
				"east": {"uv": [0, 11.5, 1.1, 11.35], "texture": "#texture"},
				"south": {"uv": [0, 11.7, 0.75, 11.45], "texture": "#texture"},
				"west": {"uv": [15.2, 11.6, 16, 11.45], "texture": "#texture"},
				"up": {"uv": [0, 11.15, 0.85, 11.75], "texture": "#texture"},
				"down": {"uv": [0.85, 11.95, 0, 11.05], "texture": "#texture"}
			}
		},
		{
			"from": [9.75, 8.875, 7.4],
			"to": [10.5, 10.825, 8.6],
			"rotation": {"angle": 0, "axis": "y", "origin": [0.25, -0.025, 0]},
			"faces": {
				"north": {"uv": [5.75, 5.25, 6.5, 7], "texture": "#texture"},
				"east": {"uv": [7.25, 5.25, 8.75, 7], "texture": "#texture"},
				"south": {"uv": [9.5, 5.25, 10.25, 7], "texture": "#texture"},
				"up": {"uv": [9.5, 7.25, 10.25, 8.75], "texture": "#texture"},
				"down": {"uv": [6.5, 8.75, 5.75, 7.25], "texture": "#texture"}
			}
		},
		{
			"from": [9.75, 9.125, 7.15],
			"to": [10.5, 10.575, 8.85],
			"rotation": {"angle": 0, "axis": "y", "origin": [0.25, -0.025, 0]},
			"faces": {
				"north": {"uv": [5.75, 5.25, 6.5, 7], "texture": "#texture"},
				"east": {"uv": [7.25, 5.25, 8.75, 7], "texture": "#texture"},
				"south": {"uv": [9.5, 5.25, 10.25, 7], "texture": "#texture"},
				"up": {"uv": [9.5, 7.25, 10.25, 8.75], "texture": "#texture"},
				"down": {"uv": [6.5, 8.75, 5.75, 7.25], "texture": "#texture"}
			}
		},
		{
			"from": [10.5, 9.125, 7.4],
			"to": [10.75, 10.575, 8.6],
			"rotation": {"angle": 0, "axis": "y", "origin": [0.25, -0.025, 0]},
			"faces": {
				"north": {"uv": [5.5, 5.5, 5.75, 6.75], "texture": "#texture"},
				"south": {"uv": [10.25, 5.5, 10.5, 6.75], "texture": "#texture"},
				"up": {"uv": [10.25, 7.5, 10.5, 8.5], "texture": "#texture"},
				"down": {"uv": [5.75, 8.5, 5.5, 7.5], "texture": "#texture"}
			}
		},
		{
			"from": [10.75, 9.5, 7.15],
			"to": [18.4, 10.375, 8.85],
			"faces": {
				"north": {"uv": [0, 5, 5.5, 7], "texture": "#texture", "cullface": "east"},
				"east": {"uv": [7, 5, 9, 7.25], "texture": "#texture", "cullface": "east"},
				"south": {"uv": [9.5, 5, 15, 7], "texture": "#texture", "cullface": "east"},
				"west": {"uv": [7, 5, 9, 7.25], "texture": "#texture", "cullface": "east"},
				"up": {"uv": [10.5, 7, 16, 9], "texture": "#texture", "cullface": "east"},
				"down": {"uv": [5.5, 9, 0, 7], "texture": "#texture", "cullface": "east"}
			}
		},
		{
			"from": [10.75, 8.5, 7.4],
			"to": [18.65, 10.85, 8.6],
			"faces": {
				"north": {"uv": [0, 5, 5.5, 7.25], "texture": "#texture", "cullface": "east"},
				"east": {"uv": [7, 5, 9, 7.25], "texture": "#texture", "cullface": "east"},
				"south": {"uv": [9.5, 5, 15, 7.25], "texture": "#texture", "cullface": "east"},
				"west": {"uv": [7, 5, 9, 7.25], "texture": "#texture", "cullface": "east"},
				"up": {"uv": [10.5, 7, 16, 9], "texture": "#texture", "cullface": "east"},
				"down": {"uv": [5.5, 9, 0, 7], "texture": "#texture", "cullface": "east"}
			}
		},
		{
			"from": [11, 7, 7.325],
			"to": [12.5, 9.5, 8.675],
			"rotation": {"angle": 0, "axis": "y", "origin": [0.25, 0, 0]},
			"faces": {
				"north": {"uv": [1.75, 6.25, 3.25, 8], "texture": "#texture"},
				"south": {"uv": [10.75, 7.25, 12.25, 9], "texture": "#texture"},
				"west": {"uv": [7, 7.25, 9, 9], "texture": "#texture"},
				"down": {"uv": [5.25, 9, 3.75, 7], "texture": "#texture"}
			}
		},
		{
			"from": [12.5, 6.75, 7.325],
			"to": [14, 9.5, 8.675],
			"rotation": {"angle": 0, "axis": "y", "origin": [0.25, 0, 0]},
			"faces": {
				"north": {"uv": [0.25, 6.25, 1.75, 8.25], "texture": "#texture"},
				"east": {"uv": [7, 7.25, 9, 9.25], "texture": "#texture"},
				"south": {"uv": [12.25, 7.25, 13.75, 9.25], "texture": "#texture"},
				"west": {"uv": [7, 7.25, 9, 9.25], "texture": "#texture"},
				"down": {"uv": [3.75, 9, 2.25, 7], "texture": "#texture"}
			}
		},
		{
			"from": [3.75, 8.725, 6.855],
			"to": [9.875, 10.925, 9.18],
			"rotation": {"angle": 0, "axis": "y", "origin": [0.25, -0.025, 0]},
			"faces": {
				"north": {"uv": [0, 11.35, 0.75, 11.7], "texture": "#texture"},
				"east": {"uv": [0.25, 11.25, 0.85, 11.6], "texture": "#texture"},
				"south": {"uv": [0, 11.45, 0.75, 11.7], "texture": "#texture"},
				"west": {"uv": [0.8, 11.9, 0, 11.2], "texture": "#texture"},
				"up": {"uv": [0, 11.4, 0.85, 11.5], "texture": "#texture"},
				"down": {"uv": [0.85, 11.7, 0, 11.3], "texture": "#texture"}
			}
		},
		{
			"from": [14, 8.25, 7.4],
			"to": [18.1, 8.5, 8.6],
			"faces": {
				"north": {"uv": [0, 7.25, 2.25, 7.75], "texture": "#texture", "cullface": "east"},
				"east": {"uv": [7, 7.25, 9, 7.75], "texture": "#texture", "cullface": "east"},
				"south": {"uv": [13.75, 7.25, 16, 7.75], "texture": "#texture", "cullface": "east"},
				"down": {"uv": [2.25, 9, 0, 7], "texture": "#texture", "cullface": "east"}
			}
		},
		{
			"from": [14, 6.75, 7.575],
			"to": [14.25, 7.25, 8.425],
			"faces": {
				"north": {"uv": [1.75, 8.75, 2.25, 9.25], "texture": "#texture"},
				"east": {"uv": [7.5, 8.75, 8.5, 9.25], "texture": "#texture"},
				"south": {"uv": [13.75, 8.75, 14.25, 9.25], "texture": "#texture"},
				"up": {"uv": [13.75, 7.5, 14.25, 8.5], "texture": "#texture"},
				"down": {"uv": [2.25, 8.5, 1.75, 7.5], "texture": "#texture"}
			}
		},
		{
			"from": [14.25, 6.75, 7.625],
			"to": [16, 7, 8.375],
			"faces": {
				"north": {"uv": [0, 9, 1.75, 9.25], "texture": "#texture"},
				"south": {"uv": [14.25, 9, 16, 9.25], "texture": "#texture"},
				"up": {"uv": [14.25, 7.75, 16, 8.25], "texture": "#texture"},
				"down": {"uv": [1.75, 8.25, 0, 7.75], "texture": "#texture"}
			}
		},
		{
			"from": [14, 8, 7.575],
			"to": [14.25, 8.25, 8.425],
			"faces": {
				"north": {"uv": [1.75, 7.75, 2.25, 8.25], "texture": "#texture"},
				"east": {"uv": [7.5, 7.75, 8.5, 8.25], "texture": "#texture"},
				"south": {"uv": [13.75, 7.75, 14.25, 8.25], "texture": "#texture"},
				"down": {"uv": [2.25, 8.5, 1.75, 7.5], "texture": "#texture"}
			}
		},
		{
			"from": [16, 6.75, 7.575],
			"to": [16.5, 7.25, 8.425],
			"faces": {
				"north": {"uv": [0, 8.75, 1, 9.25], "texture": "#texture", "cullface": "east"},
				"south": {"uv": [16, 8.75, 15, 9.25], "texture": "#texture", "cullface": "east"},
				"west": {"uv": [7.5, 8.75, 8.5, 9.25], "texture": "#texture", "cullface": "east"},
				"up": {"uv": [16, 7.5, 15, 8.5], "texture": "#texture", "cullface": "east"},
				"down": {"uv": [0, 8.5, 1, 7.5], "texture": "#texture", "cullface": "east"}
			}
		},
		{
			"from": [16, 8, 7.575],
			"to": [16.5, 8.25, 8.425],
			"faces": {
				"north": {"uv": [0, 7.75, 1, 8.25], "texture": "#texture", "cullface": "east"},
				"south": {"uv": [16, 7.75, 15, 8.25], "texture": "#texture", "cullface": "east"},
				"west": {"uv": [7.5, 7.75, 8.5, 8.25], "texture": "#texture", "cullface": "east"},
				"down": {"uv": [0, 8.5, 1, 7.5], "texture": "#texture", "cullface": "east"}
			}
		},
		{
			"from": [16.25, 7.25, 7.575],
			"to": [16.5, 8, 8.425],
			"faces": {
				"north": {"uv": [0, 8.25, 1, 8.75], "texture": "#texture", "cullface": "east"},
				"south": {"uv": [16, 8.25, 15, 8.75], "texture": "#texture", "cullface": "east"},
				"west": {"uv": [7.5, 8.25, 8.5, 8.75], "texture": "#texture", "cullface": "east"}
			}
		},
		{
			"from": [15.625, 7.325, 7.825],
			"to": [15.875, 8.575, 8.175],
			"rotation": {"angle": -22.5, "axis": "z", "origin": [15.5, 8.5, 7.75]},
			"faces": {
				"north": {"uv": [8.25, 0, 8.5, 1.25], "texture": "#texture"},
				"east": {"uv": [7.75, 0, 8.25, 1.25], "texture": "#texture"},
				"south": {"uv": [7.5, 0, 7.75, 1.25], "texture": "#texture"},
				"west": {"uv": [7.75, 0, 8.25, 1.25], "texture": "#texture"},
				"up": {"uv": [7.5, 7.75, 7.75, 8.25], "texture": "#texture"},
				"down": {"uv": [8.5, 8.25, 8.25, 7.75], "texture": "#texture"}
			}
		},
		{
			"from": [16.5, 6.75, 7.4],
			"to": [17.825, 8.25, 8.6],
			"faces": {
				"north": {"uv": [0, 11.15, 0.8, 11.65], "texture": "#texture", "cullface": "east"},
				"east": {"uv": [0, 11.15, 0.8, 11.85], "texture": "#texture", "cullface": "east"},
				"south": {"uv": [0.9, 11.85, 0, 11.15], "texture": "#texture", "cullface": "east"},
				"west": {"uv": [0, 11.8, 0.7, 11.35], "texture": "#texture", "cullface": "east"},
				"down": {"uv": [0.8, 11.75, 0, 11.25], "texture": "#texture", "cullface": "east"}
			}
		},
		{
			"from": [16.5, 3.5, 7.4],
			"to": [17.925, 7.25, 8.6],
			"rotation": {"angle": 22.5, "axis": "z", "origin": [16.5, 7.25, 7.25]},
			"faces": {
				"north": {"uv": [0, 11.25, 0.9, 11.9], "texture": "#texture", "cullface": "east"},
				"east": {"uv": [0, 11.25, 0.9, 11.9], "texture": "#texture", "cullface": "east"},
				"south": {"uv": [1, 11.65, 0, 11.9], "texture": "#texture", "cullface": "east"},
				"west": {"uv": [0, 11.2, 0.9, 11.9], "texture": "#texture", "cullface": "east"},
				"up": {"uv": [0, 11.25, 0.9, 11.85], "texture": "#texture", "cullface": "east"},
				"down": {"uv": [0, 11.75, 0.9, 11.25], "texture": "#texture", "cullface": "east"}
			}
		},
		{
			"from": [16.575, 11.025, 7.425],
			"to": [16.825, 11.525, 8.575],
			"faces": {
				"north": {"uv": [13, 5.25, 14, 5.75], "texture": "#texture"},
				"east": {"uv": [7.5, 5.25, 8.5, 5.75], "texture": "#texture"},
				"south": {"uv": [2, 5.25, 3, 5.75], "texture": "#texture"},
				"west": {"uv": [7.5, 5.25, 8.5, 5.75], "texture": "#texture"},
				"up": {"uv": [2, 7.5, 3, 8.5], "texture": "#texture"},
				"down": {"uv": [2, 7, 3, 8], "texture": "#texture"}
			}
		},
		{
			"from": [16.825, 11.025, 7.425],
			"to": [17.55, 11.7, 8.575],
			"faces": {
				"north": {"uv": [1, 6, 1.5, 6.25], "texture": "#texture"},
				"east": {"uv": [7.75, 6, 8.25, 6.25], "texture": "#texture"},
				"south": {"uv": [14.5, 6, 15, 6.25], "texture": "#texture"},
				"west": {"uv": [7.75, 6, 8.25, 6.25], "texture": "#texture"},
				"up": {"uv": [14.5, 7.75, 15, 8.25], "texture": "#texture"},
				"down": {"uv": [2, 7, 3, 8], "texture": "#texture"}
			}
		},
		{
			"from": [17.025, 11.7, 7.5],
			"to": [17.5, 12.725, 7.65],
			"faces": {
				"north": {"uv": [1, 6, 1.5, 6.25], "texture": "#texture"},
				"east": {"uv": [7.75, 6, 8.25, 6.25], "texture": "#texture"},
				"south": {"uv": [14.5, 6, 15, 6.25], "texture": "#texture"},
				"west": {"uv": [7.75, 6, 8.25, 6.25], "texture": "#texture"},
				"up": {"uv": [14.5, 7.75, 15, 8.25], "texture": "#texture"},
				"down": {"uv": [8, 5, 9, 6], "texture": "#texture"}
			}
		},
		{
			"from": [17.025, 11.7, 8.35],
			"to": [17.5, 12.725, 8.5],
			"faces": {
				"north": {"uv": [1, 6, 1.5, 6.25], "texture": "#texture"},
				"east": {"uv": [7.75, 6, 8.25, 6.25], "texture": "#texture"},
				"south": {"uv": [14.5, 6, 15, 6.25], "texture": "#texture"},
				"west": {"uv": [7.75, 6, 8.25, 6.25], "texture": "#texture"},
				"up": {"uv": [14.5, 7.75, 15, 8.25], "texture": "#texture"},
				"down": {"uv": [8, 5, 9, 6], "texture": "#texture"}
			}
		},
		{
			"from": [17.2, 12.325, 7.775],
			"to": [17.425, 12.6, 7.875],
			"faces": {
				"north": {"uv": [1, 6, 1.5, 6.25], "texture": "#texture"},
				"east": {"uv": [7.75, 6, 8.25, 6.25], "texture": "#texture"},
				"south": {"uv": [14.5, 6, 15, 6.25], "texture": "#texture"},
				"west": {"uv": [7.75, 6, 8.25, 6.25], "texture": "#texture"},
				"up": {"uv": [14.5, 7.75, 15, 8.25], "texture": "#texture"},
				"down": {"uv": [8, 6, 9, 7], "texture": "#texture"}
			}
		},
		{
			"from": [17.2, 12.325, 8.125],
			"to": [17.425, 12.6, 8.225],
			"faces": {
				"north": {"uv": [1, 6, 1.5, 6.25], "texture": "#texture"},
				"east": {"uv": [7.75, 6, 8.25, 6.25], "texture": "#texture"},
				"south": {"uv": [14.5, 6, 15, 6.25], "texture": "#texture"},
				"west": {"uv": [7.75, 6, 8.25, 6.25], "texture": "#texture"},
				"up": {"uv": [14.5, 7.75, 15, 8.25], "texture": "#texture"},
				"down": {"uv": [8, 6, 9, 7], "texture": "#texture"}
			}
		},
		{
			"from": [17.2, 12.6, 7.875],
			"to": [17.425, 12.7, 8.125],
			"faces": {
				"north": {"uv": [1, 6, 1.5, 6.25], "texture": "#texture"},
				"east": {"uv": [7.75, 6, 8.25, 6.25], "texture": "#texture"},
				"south": {"uv": [14.5, 6, 15, 6.25], "texture": "#texture"},
				"west": {"uv": [7.75, 6, 8.25, 6.25], "texture": "#texture"},
				"up": {"uv": [14.5, 7.75, 15, 8.25], "texture": "#texture"},
				"down": {"uv": [8, 6, 9, 7], "texture": "#texture"}
			}
		},
		{
			"from": [17.2, 12.075, 7.875],
			"to": [17.425, 12.325, 8.125],
			"faces": {
				"north": {"uv": [1, 6, 1.5, 6.25], "texture": "#texture"},
				"east": {"uv": [7.75, 6, 8.25, 6.25], "texture": "#texture"},
				"south": {"uv": [14.5, 6, 15, 6.25], "texture": "#texture"},
				"west": {"uv": [7.75, 6, 8.25, 6.25], "texture": "#texture"},
				"up": {"uv": [14.5, 7.75, 15, 8.25], "texture": "#texture"}
			}
		},
		{
			"from": [17.025, 11.7, 7.65],
			"to": [17.5, 12.225, 8.35],
			"faces": {
				"north": {"uv": [1, 6, 1.5, 6.25], "texture": "#texture"},
				"east": {"uv": [7.75, 6, 8.25, 6.25], "texture": "#texture"},
				"south": {"uv": [14.5, 6, 15, 6.25], "texture": "#texture"},
				"west": {"uv": [7.75, 6, 8.25, 6.25], "texture": "#texture"},
				"up": {"uv": [14.5, 7.75, 15, 8.25], "texture": "#texture"}
			}
		},
		{
			"from": [-4.75, 9.375, 7.75],
			"to": [4, 9.625, 8.25],
			"rotation": {"angle": 0, "axis": "y", "origin": [0, -0.025, 0]},
			"faces": {
				"north": {"uv": [14.5, 7.5, 16, 7.75], "texture": "#texture", "cullface": "west"},
				"south": {"uv": [0, 7.5, 1.5, 7.75], "texture": "#texture", "cullface": "west"},
				"west": {"uv": [7.75, 7.5, 8.25, 7.75], "texture": "#texture", "cullface": "west"},
				"up": {"uv": [0, 7.75, 1.5, 8.25], "texture": "#texture", "cullface": "west"},
				"down": {"uv": [16, 8.25, 14.5, 7.75], "texture": "#texture", "cullface": "west"}
			}
		},
		{
			"from": [-4.75, 9.625, 8.25],
			"to": [4, 10.125, 8.5],
			"rotation": {"angle": 0, "axis": "y", "origin": [0, -0.025, 0]},
			"faces": {
				"north": {"uv": [14.5, 7, 16, 7.5], "texture": "#texture", "cullface": "west"},
				"south": {"uv": [0, 7, 1.5, 7.5], "texture": "#texture", "cullface": "west"},
				"west": {"uv": [8.25, 7, 8.5, 7.5], "texture": "#texture", "cullface": "west"},
				"up": {"uv": [0, 8.25, 1.5, 8.5], "texture": "#texture", "cullface": "west"},
				"down": {"uv": [16, 8.5, 14.5, 8.25], "texture": "#texture", "cullface": "west"}
			}
		},
		{
			"from": [-4.75, 9.625, 7.5],
			"to": [4, 10.125, 7.75],
			"rotation": {"angle": 0, "axis": "y", "origin": [0, -0.025, 0]},
			"faces": {
				"north": {"uv": [14.5, 7, 16, 7.5], "texture": "#texture", "cullface": "west"},
				"south": {"uv": [0, 7, 1.5, 7.5], "texture": "#texture", "cullface": "west"},
				"west": {"uv": [7.5, 7, 7.75, 7.5], "texture": "#texture", "cullface": "west"},
				"up": {"uv": [0, 7.5, 1.5, 7.75], "texture": "#texture", "cullface": "west"},
				"down": {"uv": [16, 7.75, 14.5, 7.5], "texture": "#texture", "cullface": "west"}
			}
		},
		{
			"from": [-4.75, 10.125, 7.75],
			"to": [4, 10.375, 8.25],
			"rotation": {"angle": 0, "axis": "y", "origin": [0, -0.025, 0]},
			"faces": {
				"north": {"uv": [13.5, 6.75, 15, 7], "texture": "#texture", "cullface": "west"},
				"south": {"uv": [0, 6.75, 1.5, 7], "texture": "#texture", "cullface": "west"},
				"west": {"uv": [7.75, 6.75, 8.25, 7], "texture": "#texture", "cullface": "west"},
				"up": {"uv": [0, 7.75, 1.5, 8.25], "texture": "#texture", "cullface": "west"},
				"down": {"uv": [16, 8.25, 14.5, 7.75], "texture": "#texture", "cullface": "west"}
			}
		},
		{
			"from": [16.25, 3.475, 7.575],
			"to": [16.75, 6.875, 8.425],
			"rotation": {"angle": 22.5, "axis": "z", "origin": [16.5, 6.75, 7.25]},
			"faces": {
				"north": {"uv": [0, 11.15, 0.9, 11.8], "texture": "#texture", "cullface": "east"},
				"east": {"uv": [0, 11.15, 0.9, 11.9], "texture": "#texture", "cullface": "east"},
				"south": {"uv": [1, 11.85, 0, 11.2], "texture": "#texture", "cullface": "east"},
				"west": {"uv": [0, 11.2, 0.9, 11.9], "texture": "#texture", "cullface": "east"},
				"down": {"uv": [0, 11.65, 1, 11.35], "texture": "#texture", "cullface": "east"}
			}
		},
		{
			"from": [19.85, 9, 7.25],
			"to": [25.3, 10.75, 8.75],
			"rotation": {"angle": 0, "axis": "y", "origin": [0.9, 0, 0]},
			"faces": {
				"north": {"uv": [0, 11.15, 1, 11.9], "texture": "#texture", "cullface": "east"},
				"south": {"uv": [15.9, 11.05, 16, 12], "texture": "#texture", "cullface": "east"},
				"up": {"uv": [15.8, 11.55, 16, 11.45], "texture": "#texture", "cullface": "east"},
				"down": {"uv": [0, 11.35, 1, 11.65], "texture": "#texture", "cullface": "east"}
			}
		},
		{
			"from": [19.7, 8.75, 7.5],
			"to": [25.3, 9, 8.5],
			"rotation": {"angle": 0, "axis": "y", "origin": [0.9, 0, 0]},
			"faces": {
				"north": {"uv": [0, 11.9, 1, 11.15], "texture": "#texture", "cullface": "east"},
				"east": {"uv": [15.95, 11.8, 15.25, 11.15], "texture": "#texture", "cullface": "east"},
				"south": {"uv": [15.9, 11.8, 16, 11.25], "texture": "#texture", "cullface": "east"},
				"west": {"uv": [15.8, 11.8, 15.25, 11.15], "texture": "#texture", "cullface": "east"},
				"down": {"uv": [0, 11.1, 1, 11.9], "texture": "#texture", "cullface": "east"}
			}
		},
		{
			"from": [20.95, 7.875, 7.7],
			"to": [25.3, 8.75, 8.3],
			"rotation": {"angle": 0, "axis": "y", "origin": [0.9, 0, 0]},
			"faces": {
				"north": {"uv": [0.1, 11.95, 1, 11.2], "texture": "#texture", "cullface": "east"},
				"east": {"uv": [16, 11.75, 15.3, 11.1], "texture": "#texture", "cullface": "east"},
				"south": {"uv": [15.7, 11.95, 15.8, 11.4], "texture": "#texture", "cullface": "east"},
				"west": {"uv": [15.8, 11.75, 15.25, 11.1], "texture": "#texture", "cullface": "east"},
				"down": {"uv": [0, 11.1, 1, 11.9], "texture": "#texture", "cullface": "east"}
			}
		},
		{
			"from": [22.525, 7.65, 7.7],
			"to": [25.3, 7.9, 8.3],
			"rotation": {"angle": 0, "axis": "y", "origin": [0.525, 0.4, 0]},
			"faces": {
				"north": {"uv": [15, 11.5, 15.5, 11.25], "texture": "#texture", "cullface": "east"},
				"east": {"uv": [16, 11.7, 15.3, 11.05], "texture": "#texture", "cullface": "east"},
				"south": {"uv": [15.9, 11.7, 16, 11.15], "texture": "#texture", "cullface": "east"},
				"west": {"uv": [16, 11.6, 15.35, 11.05], "rotation": 90, "texture": "#texture", "cullface": "east"},
				"down": {"uv": [16, 11.1, 15, 11.9], "texture": "#texture", "cullface": "east"}
			}
		},
		{
			"from": [24.375, 7, 7.7],
			"to": [25.3, 7.25, 8.3],
			"rotation": {"angle": 0, "axis": "y", "origin": [1.075, 0.4, 0]},
			"faces": {
				"north": {"uv": [15.5, 11.95, 15, 11.3], "texture": "#texture", "cullface": "east"},
				"east": {"uv": [16, 11.95, 15.3, 11.3], "texture": "#texture", "cullface": "east"},
				"south": {"uv": [15.9, 11.95, 16, 11.4], "texture": "#texture", "cullface": "east"},
				"west": {"uv": [16, 11.85, 15.35, 11.3], "rotation": 90, "texture": "#texture", "cullface": "east"},
				"down": {"uv": [16, 11.1, 15, 11.9], "texture": "#texture", "cullface": "east"}
			}
		},
		{
			"from": [24.125, 7.25, 7.7],
			"to": [25.3, 7.5, 8.3],
			"rotation": {"angle": 0, "axis": "y", "origin": [0.525, 0.4, 0]},
			"faces": {
				"north": {"uv": [15.5, 11.7, 15, 11.05], "texture": "#texture", "cullface": "east"},
				"east": {"uv": [16, 11.7, 15.3, 11.05], "texture": "#texture", "cullface": "east"},
				"south": {"uv": [15.9, 11.7, 16, 11.15], "texture": "#texture", "cullface": "east"},
				"west": {"uv": [16, 11.6, 15.35, 11.05], "rotation": 90, "texture": "#texture", "cullface": "east"},
				"down": {"uv": [16, 11.1, 15, 11.9], "texture": "#texture", "cullface": "east"}
			}
		},
		{
			"from": [24.875, 6.5, 7.7],
			"to": [25.3, 6.75, 8.3],
			"rotation": {"angle": 0, "axis": "y", "origin": [1.075, 0.4, 0]},
			"faces": {
				"north": {"uv": [15, 11.75, 15.8, 11.3], "texture": "#texture", "cullface": "east"},
				"east": {"uv": [16, 11.95, 15.3, 11.3], "texture": "#texture", "cullface": "east"},
				"south": {"uv": [15.9, 11.95, 16, 11.4], "texture": "#texture", "cullface": "east"},
				"west": {"uv": [16, 11.85, 15.35, 11.3], "rotation": 90, "texture": "#texture", "cullface": "east"},
				"down": {"uv": [16, 11.1, 15, 11.9], "texture": "#texture", "cullface": "east"}
			}
		},
		{
			"from": [17.325, -2.975, 7.775],
			"to": [17.475, -2.55, 8.225],
			"rotation": {"angle": 22.5, "axis": "z", "origin": [0.825, 0.4, 0]},
			"faces": {
				"north": {"uv": [0, 11.75, 0, 12], "rotation": 270, "texture": "#texture", "cullface": "east"},
				"south": {"uv": [0.8, 11.25, 0, 11.9], "rotation": 90, "texture": "#texture", "cullface": "east"},
				"west": {"uv": [0, 11.3, 0.6, 11.7], "rotation": 90, "texture": "#texture", "cullface": "east"},
				"up": {"uv": [0, 11.75, 1, 12], "rotation": 90, "texture": "#texture", "cullface": "east"},
				"down": {"uv": [0, 11.45, 1, 11.7], "rotation": 90, "texture": "#texture", "cullface": "east"}
			}
		},
		{
			"from": [17.325, -0.975, 7.775],
			"to": [17.475, -0.55, 8.225],
			"rotation": {"angle": 22.5, "axis": "z", "origin": [0.825, 0.4, 0]},
			"faces": {
				"north": {"uv": [0, 11.75, 0, 12], "rotation": 270, "texture": "#texture", "cullface": "east"},
				"south": {"uv": [0.8, 11.25, 0, 11.9], "rotation": 90, "texture": "#texture", "cullface": "east"},
				"west": {"uv": [0, 11.3, 0.6, 11.6], "rotation": 90, "texture": "#texture", "cullface": "east"},
				"up": {"uv": [0, 11.75, 1, 12], "rotation": 90, "texture": "#texture", "cullface": "east"},
				"down": {"uv": [0, 11.45, 1, 11.7], "rotation": 90, "texture": "#texture", "cullface": "east"}
			}
		},
		{
			"from": [25.075, 6.3, 7.7],
			"to": [25.3, 6.55, 8.3],
			"rotation": {"angle": 0, "axis": "y", "origin": [1.075, 0.4, 0]},
			"faces": {
				"north": {"uv": [0.1, 11.35, 1, 11.8], "texture": "#texture", "cullface": "east"},
				"east": {"uv": [15.6, 11.35, 16, 11.7], "texture": "#texture", "cullface": "east"},
				"south": {"uv": [15.5, 11.15, 16, 12], "texture": "#texture", "cullface": "east"},
				"west": {"uv": [15.7, 11.25, 16, 12], "texture": "#texture", "cullface": "east"},
				"down": {"uv": [0.1, 11.2, 1, 11.7], "texture": "#texture", "cullface": "east"}
			}
		},
		{
			"from": [24.625, 6.75, 7.7],
			"to": [25.3, 7, 8.3],
			"rotation": {"angle": 0, "axis": "y", "origin": [0.525, 0.4, 0]},
			"faces": {
				"north": {"uv": [15.5, 11.7, 15, 11.05], "texture": "#texture", "cullface": "east"},
				"east": {"uv": [16, 11.7, 15.3, 11.05], "texture": "#texture", "cullface": "east"},
				"south": {"uv": [15.9, 11.7, 16, 11.15], "texture": "#texture", "cullface": "east"},
				"west": {"uv": [16, 11.6, 15.35, 11.05], "rotation": 90, "texture": "#texture", "cullface": "east"},
				"down": {"uv": [16, 11.1, 15, 11.9], "texture": "#texture", "cullface": "east"}
			}
		},
		{
			"from": [22.775, 7.4, 7.7],
			"to": [25.3, 7.65, 8.3],
			"rotation": {"angle": 0, "axis": "y", "origin": [1.075, 0.4, 0]},
			"faces": {
				"north": {"uv": [15, 11.75, 15.5, 11.5], "texture": "#texture", "cullface": "east"},
				"east": {"uv": [16, 11.95, 15.3, 11.3], "texture": "#texture", "cullface": "east"},
				"south": {"uv": [15.9, 11.95, 16, 11.4], "texture": "#texture", "cullface": "east"},
				"west": {"uv": [16, 11.85, 15.35, 11.3], "rotation": 90, "texture": "#texture", "cullface": "east"},
				"down": {"uv": [16, 11.1, 15, 11.9], "texture": "#texture", "cullface": "east"}
			}
		},
		{
			"from": [23.025, 7.15, 7.7],
			"to": [23.425, 7.4, 8.3],
			"rotation": {"angle": 0, "axis": "y", "origin": [0.525, 0.4, 0]},
			"faces": {
				"north": {"uv": [0, 11.9, 1, 11.15], "texture": "#texture", "cullface": "east"},
				"east": {"uv": [15.95, 11.8, 15.25, 11.15], "texture": "#texture", "cullface": "east"},
				"south": {"uv": [15.9, 11.8, 16, 11.25], "texture": "#texture", "cullface": "east"},
				"west": {"uv": [15.8, 11.8, 15.25, 11.15], "texture": "#texture", "cullface": "east"},
				"down": {"uv": [0, 11.1, 1, 11.9], "texture": "#texture", "cullface": "east"}
			}
		},
		{
			"from": [23.25, 6.825, 7.7],
			"to": [23.425, 7.15, 8.3],
			"rotation": {"angle": 0, "axis": "y", "origin": [0.525, 0.4, 0]},
			"faces": {
				"north": {"uv": [0, 11.75, 1, 11.4], "texture": "#texture", "cullface": "east"},
				"east": {"uv": [15.95, 12.05, 15.25, 11.4], "texture": "#texture", "cullface": "east"},
				"south": {"uv": [15.9, 11.45, 15.4, 11.5], "texture": "#texture", "cullface": "east"},
				"west": {"uv": [15.8, 12.05, 15.25, 11.4], "texture": "#texture", "cullface": "east"},
				"down": {"uv": [0, 11.1, 1, 11.9], "texture": "#texture", "cullface": "east"}
			}
		},
		{
			"from": [18.65, 9.475, 7.45],
			"to": [19.65, 10.65, 8.55],
			"faces": {
				"north": {"uv": [2, 5.25, 5.25, 7], "texture": "#texture", "cullface": "east"},
				"east": {"uv": [6.75, 5.25, 9.25, 7], "texture": "#texture", "cullface": "east"},
				"south": {"uv": [10.75, 5.25, 14, 7], "texture": "#texture", "cullface": "east"},
				"west": {"uv": [6.75, 5.25, 9.25, 7], "texture": "#texture", "cullface": "east"},
				"up": {"uv": [10.75, 6.75, 14, 9.25], "texture": "#texture", "cullface": "east"},
				"down": {"uv": [5.25, 9.25, 2, 6.75], "texture": "#texture", "cullface": "east"}
			}
		},
		{
			"from": [19.65, 9, 7.25],
			"to": [19.9, 10.75, 8.75],
			"rotation": {"angle": 0, "axis": "y", "origin": [0.5, 0, 0]},
			"faces": {
				"north": {"uv": [0, 11.15, 1, 11.9], "texture": "#texture", "cullface": "east"},
				"east": {"uv": [15.2, 11.05, 16, 11.9], "texture": "#texture", "cullface": "east"},
				"south": {"uv": [15.15, 11.05, 16, 12], "texture": "#texture", "cullface": "east"},
				"west": {"uv": [15.2, 11.05, 16, 11.9], "texture": "#texture", "cullface": "east"},
				"up": {"uv": [15.15, 11.05, 16, 11.95], "texture": "#texture", "cullface": "east"},
				"down": {"uv": [1, 11.85, 0, 11.15], "texture": "#texture", "cullface": "east"}
			}
		},
		{
			"from": [3.5, 8.9, 7.38],
			"to": [3.75, 10.75, 8.63],
			"rotation": {"angle": 0, "axis": "y", "origin": [0.25, -0.025, 0]},
			"faces": {
				"north": {"uv": [12.75, 5.25, 13.25, 7], "texture": "#texture"},
				"south": {"uv": [2.75, 5.25, 3.25, 7], "texture": "#texture"},
				"west": {"uv": [7, 5.25, 9, 7], "texture": "#texture"},
				"up": {"uv": [2.75, 7, 3.25, 9], "texture": "#texture"},
				"down": {"uv": [13.25, 9, 12.75, 7], "texture": "#texture"}
			}
		},
		{
			"from": [3.5, 9.15, 7.13],
			"to": [3.75, 10.5, 8.88],
			"rotation": {"angle": 0, "axis": "y", "origin": [0.25, -0.025, 0]},
			"faces": {
				"north": {"uv": [12.75, 5.25, 13.25, 7], "texture": "#texture"},
				"south": {"uv": [2.75, 5.25, 3.25, 7], "texture": "#texture"},
				"west": {"uv": [7, 5.25, 9, 7], "texture": "#texture"},
				"up": {"uv": [2.75, 7, 3.25, 9], "texture": "#texture"},
				"down": {"uv": [13.25, 9, 12.75, 7], "texture": "#texture"}
			}
		},
		{
			"from": [25.3, 6, 7.25],
			"to": [25.8, 10.75, 8.75],
			"rotation": {"angle": 0, "axis": "y", "origin": [0.9, 0, 0]},
			"faces": {
				"north": {"uv": [1, 5.25, 0, 10.25], "texture": "#texture", "cullface": "east"},
				"east": {"uv": [7.25, 4.25, 8.75, 9.25], "texture": "#texture", "cullface": "east"},
				"south": {"uv": [15, 5.25, 14, 10.25], "texture": "#texture", "cullface": "east"},
				"west": {"uv": [7.25, 5.25, 8.75, 10.25], "texture": "#texture", "cullface": "east"},
				"up": {"uv": [15, 7.25, 16, 8.75], "texture": "#texture", "cullface": "east"},
				"down": {"uv": [0, 8.75, 1, 7.25], "texture": "#texture", "cullface": "east"}
			}
		},
		{
			"from": [13.375, 11.1, 7.6],
			"to": [13.525, 11.25, 8.4],
			"rotation": {"angle": 0, "axis": "y", "origin": [0, -0.25, 0]},
			"faces": {
				"north": {"uv": [13, 5.25, 14, 5.75], "texture": "#texture"},
				"east": {"uv": [7.5, 5.25, 8.5, 5.75], "texture": "#texture"},
				"south": {"uv": [2, 5.25, 3, 5.75], "texture": "#texture"},
				"west": {"uv": [7.5, 5.25, 8.5, 5.75], "texture": "#texture"},
				"up": {"uv": [2, 7.5, 3, 8.5], "texture": "#texture"},
				"down": {"uv": [2, 8, 3, 9], "texture": "#texture"}
			}
		},
		{
			"from": [13.025, 11.1, 7.6],
			"to": [13.175, 11.25, 8.4],
			"rotation": {"angle": 0, "axis": "y", "origin": [0, -0.25, 0]},
			"faces": {
				"north": {"uv": [13, 5.25, 14, 5.75], "texture": "#texture"},
				"east": {"uv": [7.5, 5.25, 8.5, 5.75], "texture": "#texture"},
				"south": {"uv": [2, 5.25, 3, 5.75], "texture": "#texture"},
				"west": {"uv": [7.5, 5.25, 8.5, 5.75], "texture": "#texture"},
				"up": {"uv": [2, 7.5, 3, 8.5], "texture": "#texture"},
				"down": {"uv": [2, 8, 3, 9], "texture": "#texture"}
			}
		},
		{
			"from": [12.675, 11.1, 7.6],
			"to": [12.825, 11.25, 8.4],
			"rotation": {"angle": 0, "axis": "y", "origin": [0, -0.25, 0]},
			"faces": {
				"north": {"uv": [13, 5.25, 14, 5.75], "texture": "#texture"},
				"east": {"uv": [7.5, 5.25, 8.5, 5.75], "texture": "#texture"},
				"south": {"uv": [2, 5.25, 3, 5.75], "texture": "#texture"},
				"west": {"uv": [7.5, 5.25, 8.5, 5.75], "texture": "#texture"},
				"up": {"uv": [2, 7.5, 3, 8.5], "texture": "#texture"},
				"down": {"uv": [2, 8, 3, 9], "texture": "#texture"}
			}
		},
		{
			"from": [12.325, 11.1, 7.6],
			"to": [12.475, 11.25, 8.4],
			"rotation": {"angle": 0, "axis": "y", "origin": [0, -0.25, 0]},
			"faces": {
				"north": {"uv": [13, 5.25, 14, 5.75], "texture": "#texture"},
				"east": {"uv": [7.5, 5.25, 8.5, 5.75], "texture": "#texture"},
				"south": {"uv": [2, 5.25, 3, 5.75], "texture": "#texture"},
				"west": {"uv": [7.5, 5.25, 8.5, 5.75], "texture": "#texture"},
				"up": {"uv": [2, 7.5, 3, 8.5], "texture": "#texture"},
				"down": {"uv": [2, 8, 3, 9], "texture": "#texture"}
			}
		},
		{
			"from": [11.975, 11.1, 7.6],
			"to": [12.125, 11.25, 8.4],
			"rotation": {"angle": 0, "axis": "y", "origin": [0, -0.25, 0]},
			"faces": {
				"north": {"uv": [13, 5.25, 14, 5.75], "texture": "#texture"},
				"east": {"uv": [7.5, 5.25, 8.5, 5.75], "texture": "#texture"},
				"south": {"uv": [2, 5.25, 3, 5.75], "texture": "#texture"},
				"west": {"uv": [7.5, 5.25, 8.5, 5.75], "texture": "#texture"},
				"up": {"uv": [2, 7.5, 3, 8.5], "texture": "#texture"},
				"down": {"uv": [2, 8, 3, 9], "texture": "#texture"}
			}
		},
		{
			"from": [11.625, 11.1, 7.6],
			"to": [11.775, 11.25, 8.4],
			"rotation": {"angle": 0, "axis": "y", "origin": [0, -0.25, 0]},
			"faces": {
				"north": {"uv": [13, 5.25, 14, 5.75], "texture": "#texture"},
				"east": {"uv": [7.5, 5.25, 8.5, 5.75], "texture": "#texture"},
				"south": {"uv": [2, 5.25, 3, 5.75], "texture": "#texture"},
				"west": {"uv": [7.5, 5.25, 8.5, 5.75], "texture": "#texture"},
				"up": {"uv": [2, 7.5, 3, 8.5], "texture": "#texture"},
				"down": {"uv": [2, 8, 3, 9], "texture": "#texture"}
			}
		},
		{
			"from": [11, 11.1, 7.6],
			"to": [11.425, 11.25, 8.4],
			"rotation": {"angle": 0, "axis": "y", "origin": [0, -0.25, 0]},
			"faces": {
				"north": {"uv": [13, 5.25, 14, 5.75], "texture": "#texture"},
				"east": {"uv": [7.5, 5.25, 8.5, 5.75], "texture": "#texture"},
				"south": {"uv": [2, 5.25, 3, 5.75], "texture": "#texture"},
				"west": {"uv": [7.5, 5.25, 8.5, 5.75], "texture": "#texture"},
				"up": {"uv": [2, 7.5, 3, 8.5], "texture": "#texture"},
				"down": {"uv": [2, 8, 3, 9], "texture": "#texture"}
			}
		},
		{
			"from": [11, 10.85, 7.6],
			"to": [18.425, 11.1, 8.4],
			"rotation": {"angle": 0, "axis": "y", "origin": [0, -0.25, 0]},
			"faces": {
				"north": {"uv": [13, 5.25, 14, 5.75], "texture": "#texture"},
				"east": {"uv": [7.5, 5.25, 8.5, 5.75], "texture": "#texture"},
				"south": {"uv": [2, 5.25, 3, 5.75], "texture": "#texture"},
				"west": {"uv": [7.5, 5.25, 8.5, 5.75], "texture": "#texture"},
				"up": {"uv": [2, 7.5, 3, 8.5], "texture": "#texture"},
				"down": {"uv": [2, 8, 3, 9], "texture": "#texture"}
			}
		},
		{
			"from": [15.825, 11.1, 7.6],
			"to": [15.975, 11.25, 8.4],
			"rotation": {"angle": 0, "axis": "y", "origin": [0, -0.25, 0]},
			"faces": {
				"north": {"uv": [13, 5.25, 14, 5.75], "texture": "#texture"},
				"east": {"uv": [7.5, 5.25, 8.5, 5.75], "texture": "#texture"},
				"south": {"uv": [2, 5.25, 3, 5.75], "texture": "#texture"},
				"west": {"uv": [7.5, 5.25, 8.5, 5.75], "texture": "#texture"},
				"up": {"uv": [2, 7.5, 3, 8.5], "texture": "#texture"},
				"down": {"uv": [2, 8, 3, 9], "texture": "#texture"}
			}
		},
		{
			"from": [15.475, 11.1, 7.6],
			"to": [15.625, 11.25, 8.4],
			"rotation": {"angle": 0, "axis": "y", "origin": [0, -0.25, 0]},
			"faces": {
				"north": {"uv": [13, 5.25, 14, 5.75], "texture": "#texture"},
				"east": {"uv": [7.5, 5.25, 8.5, 5.75], "texture": "#texture"},
				"south": {"uv": [2, 5.25, 3, 5.75], "texture": "#texture"},
				"west": {"uv": [7.5, 5.25, 8.5, 5.75], "texture": "#texture"},
				"up": {"uv": [2, 7.5, 3, 8.5], "texture": "#texture"},
				"down": {"uv": [2, 8, 3, 9], "texture": "#texture"}
			}
		},
		{
			"from": [15.125, 11.1, 7.6],
			"to": [15.275, 11.25, 8.4],
			"rotation": {"angle": 0, "axis": "y", "origin": [0, -0.25, 0]},
			"faces": {
				"north": {"uv": [13, 5.25, 14, 5.75], "texture": "#texture"},
				"east": {"uv": [7.5, 5.25, 8.5, 5.75], "texture": "#texture"},
				"south": {"uv": [2, 5.25, 3, 5.75], "texture": "#texture"},
				"west": {"uv": [7.5, 5.25, 8.5, 5.75], "texture": "#texture"},
				"up": {"uv": [2, 7.5, 3, 8.5], "texture": "#texture"},
				"down": {"uv": [2, 8, 3, 9], "texture": "#texture"}
			}
		},
		{
			"from": [14.775, 11.1, 7.6],
			"to": [14.925, 11.25, 8.4],
			"rotation": {"angle": 0, "axis": "y", "origin": [0, -0.25, 0]},
			"faces": {
				"north": {"uv": [13, 5.25, 14, 5.75], "texture": "#texture"},
				"east": {"uv": [7.5, 5.25, 8.5, 5.75], "texture": "#texture"},
				"south": {"uv": [2, 5.25, 3, 5.75], "texture": "#texture"},
				"west": {"uv": [7.5, 5.25, 8.5, 5.75], "texture": "#texture"},
				"up": {"uv": [2, 7.5, 3, 8.5], "texture": "#texture"},
				"down": {"uv": [2, 8, 3, 9], "texture": "#texture"}
			}
		},
		{
			"from": [17.225, 11.1, 7.6],
			"to": [17.375, 11.25, 8.4],
			"rotation": {"angle": 0, "axis": "y", "origin": [0, -0.25, 0]},
			"faces": {
				"north": {"uv": [13, 5.25, 14, 5.75], "texture": "#texture"},
				"east": {"uv": [7.5, 5.25, 8.5, 5.75], "texture": "#texture"},
				"south": {"uv": [2, 5.25, 3, 5.75], "texture": "#texture"},
				"west": {"uv": [7.5, 5.25, 8.5, 5.75], "texture": "#texture"},
				"up": {"uv": [2, 7.5, 3, 8.5], "texture": "#texture"},
				"down": {"uv": [2, 8, 3, 9], "texture": "#texture"}
			}
		},
		{
			"from": [16.875, 11.1, 7.6],
			"to": [17.025, 11.25, 8.4],
			"rotation": {"angle": 0, "axis": "y", "origin": [0, -0.25, 0]},
			"faces": {
				"north": {"uv": [13, 5.25, 14, 5.75], "texture": "#texture"},
				"east": {"uv": [7.5, 5.25, 8.5, 5.75], "texture": "#texture"},
				"south": {"uv": [2, 5.25, 3, 5.75], "texture": "#texture"},
				"west": {"uv": [7.5, 5.25, 8.5, 5.75], "texture": "#texture"},
				"up": {"uv": [2, 7.5, 3, 8.5], "texture": "#texture"},
				"down": {"uv": [2, 8, 3, 9], "texture": "#texture"}
			}
		},
		{
			"from": [17.575, 11.1, 7.6],
			"to": [18.425, 11.25, 8.4],
			"rotation": {"angle": 0, "axis": "y", "origin": [0, -0.25, 0]},
			"faces": {
				"north": {"uv": [13, 5.25, 14, 5.75], "texture": "#texture"},
				"east": {"uv": [7.5, 5.25, 8.5, 5.75], "texture": "#texture"},
				"south": {"uv": [2, 5.25, 3, 5.75], "texture": "#texture"},
				"west": {"uv": [7.5, 5.25, 8.5, 5.75], "texture": "#texture"},
				"up": {"uv": [2, 7.5, 3, 8.5], "texture": "#texture"},
				"down": {"uv": [2, 8, 3, 9], "texture": "#texture"}
			}
		},
		{
			"from": [16.525, 11.1, 7.6],
			"to": [16.675, 11.25, 8.4],
			"rotation": {"angle": 0, "axis": "y", "origin": [0, -0.25, 0]},
			"faces": {
				"north": {"uv": [13, 5.25, 14, 5.75], "texture": "#texture"},
				"east": {"uv": [7.5, 5.25, 8.5, 5.75], "texture": "#texture"},
				"south": {"uv": [2, 5.25, 3, 5.75], "texture": "#texture"},
				"west": {"uv": [7.5, 5.25, 8.5, 5.75], "texture": "#texture"},
				"up": {"uv": [2, 7.5, 3, 8.5], "texture": "#texture"},
				"down": {"uv": [2, 8, 3, 9], "texture": "#texture"}
			}
		},
		{
			"from": [16.175, 11.1, 7.6],
			"to": [16.325, 11.25, 8.4],
			"rotation": {"angle": 0, "axis": "y", "origin": [0, -0.25, 0]},
			"faces": {
				"north": {"uv": [13, 5.25, 14, 5.75], "texture": "#texture"},
				"east": {"uv": [7.5, 5.25, 8.5, 5.75], "texture": "#texture"},
				"south": {"uv": [2, 5.25, 3, 5.75], "texture": "#texture"},
				"west": {"uv": [7.5, 5.25, 8.5, 5.75], "texture": "#texture"},
				"up": {"uv": [2, 7.5, 3, 8.5], "texture": "#texture"},
				"down": {"uv": [2, 8, 3, 9], "texture": "#texture"}
			}
		},
		{
			"from": [14.425, 11.1, 7.6],
			"to": [14.575, 11.25, 8.4],
			"rotation": {"angle": 0, "axis": "y", "origin": [0, -0.25, 0]},
			"faces": {
				"north": {"uv": [13, 5.25, 14, 5.75], "texture": "#texture"},
				"east": {"uv": [7.5, 5.25, 8.5, 5.75], "texture": "#texture"},
				"south": {"uv": [2, 5.25, 3, 5.75], "texture": "#texture"},
				"west": {"uv": [7.5, 5.25, 8.5, 5.75], "texture": "#texture"},
				"up": {"uv": [2, 7.5, 3, 8.5], "texture": "#texture"},
				"down": {"uv": [2, 8, 3, 9], "texture": "#texture"}
			}
		},
		{
			"from": [14.075, 11.1, 7.6],
			"to": [14.225, 11.25, 8.4],
			"rotation": {"angle": 0, "axis": "y", "origin": [0, -0.25, 0]},
			"faces": {
				"north": {"uv": [13, 5.25, 14, 5.75], "texture": "#texture"},
				"east": {"uv": [7.5, 5.25, 8.5, 5.75], "texture": "#texture"},
				"south": {"uv": [2, 5.25, 3, 5.75], "texture": "#texture"},
				"west": {"uv": [7.5, 5.25, 8.5, 5.75], "texture": "#texture"},
				"up": {"uv": [2, 7.5, 3, 8.5], "texture": "#texture"},
				"down": {"uv": [2, 8, 3, 9], "texture": "#texture"}
			}
		},
		{
			"from": [13.725, 11.1, 7.6],
			"to": [13.875, 11.25, 8.4],
			"rotation": {"angle": 0, "axis": "y", "origin": [0, -0.25, 0]},
			"faces": {
				"north": {"uv": [13, 5.25, 14, 5.75], "texture": "#texture"},
				"east": {"uv": [7.5, 5.25, 8.5, 5.75], "texture": "#texture"},
				"south": {"uv": [2, 5.25, 3, 5.75], "texture": "#texture"},
				"west": {"uv": [7.5, 5.25, 8.5, 5.75], "texture": "#texture"},
				"up": {"uv": [2, 7.5, 3, 8.5], "texture": "#texture"},
				"down": {"uv": [2, 8, 3, 9], "texture": "#texture"}
			}
		},
		{
			"from": [22.6, 8.4, 7.7],
			"to": [24.1, 8.65, 8.3],
			"rotation": {"angle": -45, "axis": "z", "origin": [21.775, 8.65, 7.5]},
			"faces": {
				"north": {"uv": [0, 11.9, 1, 11.15], "texture": "#texture", "cullface": "east"},
				"east": {"uv": [15.95, 11.8, 15.25, 11.15], "texture": "#texture", "cullface": "east"},
				"south": {"uv": [15.9, 11.8, 16, 11.25], "texture": "#texture", "cullface": "east"},
				"west": {"uv": [15.8, 11.8, 15.25, 11.15], "texture": "#texture", "cullface": "east"},
				"up": {"uv": [15.8, 11.8, 16, 11.2], "texture": "#texture", "cullface": "east"},
				"down": {"uv": [0, 11.1, 1, 11.9], "texture": "#texture", "cullface": "east"}
			}
		},
		{
			"from": [24.15, 8.525, 7.7],
			"to": [26.15, 8.775, 8.3],
			"rotation": {"angle": -45, "axis": "z", "origin": [22.7, 8.25, 7.5]},
			"faces": {
				"north": {"uv": [0, 11.9, 1, 11.15], "texture": "#texture", "cullface": "east"},
				"east": {"uv": [15.95, 11.8, 15.25, 11.15], "texture": "#texture", "cullface": "east"},
				"south": {"uv": [15.9, 11.8, 16, 11.25], "texture": "#texture", "cullface": "east"},
				"west": {"uv": [15.8, 11.8, 15.25, 11.15], "texture": "#texture", "cullface": "east"},
				"up": {"uv": [15.8, 11.8, 16, 11.2], "texture": "#texture", "cullface": "east"},
				"down": {"uv": [0, 11.1, 1, 11.9], "texture": "#texture", "cullface": "east"}
			}
		},
		{
			"from": [11.15, 5.525, 7.525],
			"to": [13.9, 8.025, 8.475],
			"rotation": {"angle": 0, "axis": "y", "origin": [0, -1, 0]},
			"faces": {
				"north": {"uv": [0, 8.2, 6.6, 8.7], "texture": "#texture", "cullface": "east"},
				"east": {"uv": [6.1, 8.1, 6.7, 8.8], "texture": "#texture", "cullface": "east"},
				"south": {"uv": [6.7, 8.1, 0, 8.8], "texture": "#texture", "cullface": "east"},
				"west": {"uv": [6, 8, 7, 9], "texture": "#texture"},
				"down": {"uv": [6.1, 8.9, 6.8, 8.1], "texture": "#texture", "cullface": "east"}
			}
		},
		{
			"from": [11, 4.275, 7.525],
			"to": [13.75, 5.525, 8.475],
			"rotation": {"angle": 0, "axis": "y", "origin": [0, -1, 0]},
			"faces": {
				"north": {"uv": [0, 8.2, 6.5, 8.7], "texture": "#texture", "cullface": "east"},
				"east": {"uv": [6.2, 8.1, 6.7, 8.8], "texture": "#texture", "cullface": "east"},
				"south": {"uv": [6.7, 8.1, 0, 8.8], "texture": "#texture", "cullface": "east"},
				"west": {"uv": [6, 8, 7, 9], "texture": "#texture"},
				"up": {"uv": [6, 8, 7, 9], "texture": "#texture"},
				"down": {"uv": [6.1, 8.9, 6.8, 8.1], "texture": "#texture", "cullface": "east"}
			}
		},
		{
			"from": [11, 5.525, 7.525],
			"to": [11.4, 5.775, 8.475],
			"rotation": {"angle": 0, "axis": "y", "origin": [0, -1, 0]},
			"faces": {
				"north": {"uv": [6, 8.2, 6.5, 8.7], "texture": "#texture", "cullface": "east"},
				"east": {"uv": [6.2, 8.1, 6.7, 8.8], "texture": "#texture", "cullface": "east"},
				"south": {"uv": [6.7, 8.1, 6, 8.8], "texture": "#texture", "cullface": "east"},
				"west": {"uv": [6, 8, 7, 9], "texture": "#texture"},
				"up": {"uv": [6, 8, 7, 9], "texture": "#texture"},
				"down": {"uv": [6.1, 8.9, 6.8, 8.1], "texture": "#texture", "cullface": "east"}
			}
		},
		{
			"from": [10.75, 4.275, 7.525],
			"to": [11, 4.525, 8.475],
			"rotation": {"angle": 0, "axis": "y", "origin": [0, -1, 0]},
			"faces": {
				"north": {"uv": [6.5, 8.2, 6, 8.7], "texture": "#texture", "cullface": "east"},
				"east": {"uv": [6.2, 8.1, 6.7, 8.8], "texture": "#texture", "cullface": "east"},
				"south": {"uv": [6.7, 8.1, 6, 8.8], "texture": "#texture", "cullface": "east"},
				"west": {"uv": [6, 8, 7, 9], "texture": "#texture"},
				"up": {"uv": [6, 8, 7, 9], "texture": "#texture"},
				"down": {"uv": [6.1, 8.9, 6.8, 8.1], "texture": "#texture", "cullface": "east"}
			}
		},
		{
			"from": [10.75, 3.275, 7.525],
			"to": [13.5, 4.275, 8.475],
			"rotation": {"angle": 0, "axis": "y", "origin": [0, -1, 0]},
			"faces": {
				"north": {"uv": [0, 8.2, 6.5, 8.7], "texture": "#texture", "cullface": "east"},
				"east": {"uv": [6.2, 8.1, 6.7, 8.8], "texture": "#texture", "cullface": "east"},
				"south": {"uv": [6.7, 8.1, 0, 8.8], "texture": "#texture", "cullface": "east"},
				"west": {"uv": [6, 8, 7, 9], "texture": "#texture"},
				"up": {"uv": [6, 8, 7, 9], "texture": "#texture"},
				"down": {"uv": [6.1, 8.9, 6.8, 8.1], "texture": "#texture", "cullface": "east"}
			}
		},
		{
			"from": [11.85, 2.275, 7.525],
			"to": [13.25, 2.525, 8.475],
			"rotation": {"angle": 0, "axis": "y", "origin": [0, -1, 0]},
			"faces": {
				"north": {"uv": [0, 8.2, 6.5, 8.7], "texture": "#texture", "cullface": "east"},
				"east": {"uv": [6.2, 8.1, 6.7, 8.8], "texture": "#texture", "cullface": "east"},
				"south": {"uv": [2.7, 8.1, 0, 8.8], "texture": "#texture", "cullface": "east"},
				"west": {"uv": [6, 8, 7, 9], "texture": "#texture"},
				"up": {"uv": [6, 8, 7, 9], "texture": "#texture"},
				"down": {"uv": [6.1, 8.9, 6.8, 8.1], "texture": "#texture", "cullface": "east"}
			}
		},
		{
			"from": [10.5, 2.525, 7.525],
			"to": [13.25, 3.275, 8.475],
			"rotation": {"angle": 0, "axis": "y", "origin": [0, -1, 0]},
			"faces": {
				"north": {"uv": [0, 8.2, 6.5, 8.7], "texture": "#texture", "cullface": "east"},
				"east": {"uv": [6.2, 8.1, 6.7, 8.8], "texture": "#texture", "cullface": "east"},
				"south": {"uv": [6.7, 8.1, 0, 8.8], "texture": "#texture", "cullface": "east"},
				"west": {"uv": [6, 8, 7, 9], "texture": "#texture"},
				"up": {"uv": [6, 8, 7, 9], "texture": "#texture"},
				"down": {"uv": [6.1, 8.9, 6.8, 8.1], "texture": "#texture", "cullface": "east"}
			}
		},
		{
			"from": [10.5, 3.275, 7.525],
			"to": [10.75, 3.525, 8.475],
			"rotation": {"angle": 0, "axis": "y", "origin": [0, -1, 0]},
			"faces": {
				"north": {"uv": [6, 8.2, 6.5, 8.7], "texture": "#texture", "cullface": "east"},
				"east": {"uv": [6.2, 8.1, 6.7, 8.8], "texture": "#texture", "cullface": "east"},
				"south": {"uv": [6.7, 8.1, 6, 8.8], "texture": "#texture", "cullface": "east"},
				"west": {"uv": [6, 8, 7, 9], "texture": "#texture"},
				"up": {"uv": [6, 8, 7, 9], "texture": "#texture"},
				"down": {"uv": [6.1, 8.9, 6.8, 8.1], "texture": "#texture", "cullface": "east"}
			}
		},
		{
			"from": [11.25, 9.65, 7.125],
			"to": [14.125, 10.4, 7.65],
			"rotation": {"angle": 0, "axis": "y", "origin": [4, 0.65, 0]},
			"faces": {
				"north": {"uv": [15.75, 11.25, 16, 11.5], "texture": "#texture", "cullface": "east"},
				"east": {"uv": [15.5, 11.25, 16, 11.5], "texture": "#texture", "cullface": "east"},
				"south": {"uv": [15.75, 11.25, 16, 11.5], "texture": "#texture", "cullface": "east"},
				"west": {"uv": [15, 11, 16, 12], "texture": "#texture"},
				"up": {"uv": [15.75, 11.25, 16, 11.75], "texture": "#texture", "cullface": "east"},
				"down": {"uv": [15, 11, 16, 12], "texture": "#texture"}
			}
		}
	],
	"gui_light": "front",
	"display": {
		"thirdperson_righthand": {
			"rotation": [116.65, -90, 116.77],
			"translation": [0, -0.25, -5.25],
			"scale": [0.8, 0.8, 0.8]
		},
		"thirdperson_lefthand": {
			"rotation": [-116.65, 90, 116.77],
			"translation": [0, -0.25, -5.25],
			"scale": [0.8, 0.8, 0.8]
		},
		"firstperson_righthand": {
			"rotation": [0, -90, 0],
			"translation": [0, 1.5, -7]
		},
		"firstperson_lefthand": {
			"rotation": [0, 90, 0],
			"translation": [0, 1.5, -7]
		},
		"ground": {
			"translation": [-4, 1.5, 0]
		},
		"gui": {
			"rotation": [0, 0, -45],
			"translation": [-2, 1, 0],
			"scale": [0.66, 0.66, 1]
		},
		"head": {
			"translation": [-3, 0, 0]
		},
		"fixed": {
			"rotation": [0, 180, -45],
			"translation": [3.5, 1.85, -1.1]
		}
	}
}