{
	"credit": "Made by SrDarmith - YouTube: Mainclay",
	"textures": {
		"particle": "itemm/anvil_1",
		"texture": "itemm/anvil_1"
	},
	"elements": [
		{
			"from": [-1.775, 7.575, 7.4],
			"to": [0.425, 8.7, 8.6],
			"faces": {
				"north": {"uv": [16, 12, 15, 11], "texture": "#texture", "cullface": "west"},
				"east": {"uv": [15, 12, 16, 11], "texture": "#texture", "cullface": "west"},
				"south": {"uv": [15, 12, 16, 11], "texture": "#texture", "cullface": "west"},
				"west": {"uv": [15, 12, 16, 11], "texture": "#texture", "cullface": "west"},
				"up": {"uv": [15, 12, 16, 11], "texture": "#texture", "cullface": "west"},
				"down": {"uv": [16, 12, 15, 11], "texture": "#texture", "cullface": "west"}
			}
		},
		{
			"from": [-1.775, 7.825, 7.15],
			"to": [0.425, 8.7, 8.85],
			"faces": {
				"north": {"uv": [16, 12, 15, 11], "texture": "#texture", "cullface": "west"},
				"east": {"uv": [15, 12, 16, 11], "texture": "#texture", "cullface": "west"},
				"south": {"uv": [15, 12, 16, 11], "texture": "#texture", "cullface": "west"},
				"west": {"uv": [15, 12, 16, 11], "texture": "#texture", "cullface": "west"},
				"up": {"uv": [15, 12, 16, 11], "texture": "#texture", "cullface": "west"},
				"down": {"uv": [16, 12, 15, 11], "texture": "#texture", "cullface": "west"}
			}
		},
		{
			"from": [-3.775, 7.775, 7.4],
			"to": [-1.775, 8.7, 8.6],
			"faces": {
				"north": {"uv": [16, 12, 15, 11], "texture": "#texture", "cullface": "west"},
				"east": {"uv": [15, 12, 16, 11], "texture": "#texture", "cullface": "west"},
				"south": {"uv": [15, 12, 16, 11], "texture": "#texture", "cullface": "west"},
				"west": {"uv": [15, 12, 16, 11], "texture": "#texture", "cullface": "west"},
				"up": {"uv": [15, 12, 16, 11], "texture": "#texture", "cullface": "west"},
				"down": {"uv": [16, 12, 15, 11], "texture": "#texture", "cullface": "west"}
			}
		},
		{
			"from": [-3.775, 8.025, 7.15],
			"to": [-1.775, 8.7, 8.85],
			"faces": {
				"north": {"uv": [16, 12, 15, 11], "texture": "#texture", "cullface": "west"},
				"east": {"uv": [15, 12, 16, 11], "texture": "#texture", "cullface": "west"},
				"south": {"uv": [15, 12, 16, 11], "texture": "#texture", "cullface": "west"},
				"west": {"uv": [15, 12, 16, 11], "texture": "#texture", "cullface": "west"},
				"up": {"uv": [15, 12, 16, 11], "texture": "#texture", "cullface": "west"},
				"down": {"uv": [16, 12, 15, 11], "texture": "#texture", "cullface": "west"}
			}
		},
		{
			"from": [0.425, 7.625, 7.15],
			"to": [2.85, 8.7, 8.85],
			"faces": {
				"north": {"uv": [16, 12, 15, 11], "texture": "#texture", "cullface": "west"},
				"east": {"uv": [15, 12, 16, 11], "texture": "#texture", "cullface": "west"},
				"south": {"uv": [15, 12, 16, 11], "texture": "#texture", "cullface": "west"},
				"west": {"uv": [15, 12, 16, 11], "texture": "#texture", "cullface": "west"},
				"down": {"uv": [16, 12, 15, 11], "texture": "#texture", "cullface": "west"}
			}
		},
		{
			"from": [0.425, 7.375, 7.4],
			"to": [2.85, 8.7, 8.6],
			"faces": {
				"north": {"uv": [16, 12, 15, 11], "texture": "#texture", "cullface": "west"},
				"east": {"uv": [15, 12, 16, 11], "texture": "#texture", "cullface": "west"},
				"south": {"uv": [15, 12, 16, 11], "texture": "#texture", "cullface": "west"},
				"west": {"uv": [15, 12, 16, 11], "texture": "#texture", "cullface": "west"},
				"down": {"uv": [16, 12, 15, 11], "texture": "#texture", "cullface": "west"}
			}
		},
		{
			"from": [-3.775, 7.525, 7.4],
			"to": [-3.525, 7.775, 8.6],
			"faces": {
				"north": {"uv": [0, 16, 4, 14], "texture": "#texture", "cullface": "west"},
				"east": {"uv": [4, 16, 0, 14], "texture": "#texture", "cullface": "west"},
				"south": {"uv": [4, 16, 0, 14], "texture": "#texture", "cullface": "west"},
				"west": {"uv": [4, 16, 0, 14], "texture": "#texture", "cullface": "west"},
				"down": {"uv": [0, 14, 4, 16], "texture": "#texture", "cullface": "west"}
			}
		},
		{
			"from": [-4, 8.225, 7.5],
			"to": [-3.5, 9.125, 8.5],
			"faces": {
				"north": {"uv": [13.5, 7.5, 16, 7.75], "texture": "#texture", "cullface": "west"},
				"east": {"uv": [7.25, 7.5, 8.75, 7.75], "texture": "#texture", "cullface": "west"},
				"south": {"uv": [0, 7.5, 2.5, 7.75], "texture": "#texture", "cullface": "west"},
				"west": {"uv": [7.25, 7.5, 8.75, 7.75], "texture": "#texture", "cullface": "west"},
				"up": {"uv": [0, 7.25, 2.5, 8.75], "texture": "#texture", "cullface": "west"}
			}
		},
		{
			"from": [2.85, 7.5, 7.25],
			"to": [8.25, 9.5, 8.75],
			"faces": {
				"north": {"uv": [4, 16, 0, 14], "texture": "#texture"},
				"east": {"uv": [4, 16, 0, 14], "texture": "#texture"},
				"south": {"uv": [4, 16, 0, 14], "texture": "#texture"},
				"west": {"uv": [4, 16, 0, 14], "texture": "#texture"},
				"up": {"uv": [4, 16, 0, 14], "texture": "#texture"},
				"down": {"uv": [0, 14, 4, 16], "texture": "#texture"}
			}
		},
		{
			"from": [-3.75, 8.5, 7.25],
			"to": [2.85, 9.5, 8.75],
			"faces": {
				"north": {"uv": [1, 16, 4, 14], "texture": "#texture"},
				"east": {"uv": [1, 16, 4, 14], "texture": "#texture"},
				"south": {"uv": [1, 16, 4, 14], "texture": "#texture"},
				"west": {"uv": [1, 16, 4, 14], "texture": "#texture"},
				"up": {"uv": [1, 16, 4, 14], "texture": "#texture"},
				"down": {"uv": [4, 14, 1, 16], "texture": "#texture"}
			}
		},
		{
			"from": [-1.475, 9.5, 7.4],
			"to": [9.5, 9.75, 8.6],
			"faces": {
				"north": {"uv": [4, 16, 0, 14], "texture": "#texture"},
				"east": {"uv": [4, 16, 0, 14], "texture": "#texture"},
				"south": {"uv": [4, 16, 0, 14], "texture": "#texture"},
				"west": {"uv": [4, 16, 0, 14], "texture": "#texture"},
				"up": {"uv": [4, 16, 0, 14], "texture": "#texture"},
				"down": {"uv": [0, 14, 4, 16], "texture": "#texture"}
			}
		},
		{
			"from": [4.825, 7.25, 7.25],
			"to": [6.625, 7.5, 8.75],
			"faces": {
				"north": {"uv": [16, 12, 15, 11], "texture": "#texture"},
				"east": {"uv": [16, 12, 15, 11], "texture": "#texture"},
				"south": {"uv": [16, 12, 15, 11], "texture": "#texture"},
				"west": {"uv": [16, 12, 15, 11], "texture": "#texture"},
				"down": {"uv": [15, 11, 16, 12], "texture": "#texture"}
			}
		},
		{
			"from": [3.775, 7.3, 7.6],
			"to": [4.025, 7.55, 8.4],
			"rotation": {"angle": 0, "axis": "y", "origin": [0.2, 0, 0]},
			"faces": {
				"north": {"uv": [4, 16, 0, 14], "texture": "#texture"},
				"east": {"uv": [4, 16, 0, 14], "texture": "#texture"},
				"south": {"uv": [4, 16, 0, 14], "texture": "#texture"},
				"west": {"uv": [4, 16, 0, 14], "texture": "#texture"},
				"down": {"uv": [0, 14, 4, 16], "texture": "#texture"}
			}
		},
		{
			"from": [3.125, 7.25, 7.6],
			"to": [3.375, 7.5, 8.4],
			"rotation": {"angle": 0, "axis": "y", "origin": [0.1, 0.075, 0]},
			"faces": {
				"north": {"uv": [4, 16, 0, 14], "texture": "#texture"},
				"east": {"uv": [4, 16, 0, 14], "texture": "#texture"},
				"south": {"uv": [4, 16, 0, 14], "texture": "#texture"},
				"west": {"uv": [4, 16, 0, 14], "texture": "#texture"},
				"up": {"uv": [0, 15, 1, 16], "texture": "#texture"},
				"down": {"uv": [0, 14, 4, 16], "texture": "#texture"}
			}
		},
		{
			"from": [2.7, 7, 7.6],
			"to": [3.375, 7.25, 8.4],
			"rotation": {"angle": 0, "axis": "y", "origin": [0.35, 0.075, 0]},
			"faces": {
				"north": {"uv": [4, 16, 0, 14], "texture": "#texture"},
				"east": {"uv": [4, 16, 0, 14], "texture": "#texture"},
				"south": {"uv": [4, 16, 0, 14], "texture": "#texture"},
				"west": {"uv": [4, 16, 0, 14], "texture": "#texture"},
				"up": {"uv": [0, 15, 1, 16], "texture": "#texture"},
				"down": {"uv": [0, 14, 4, 16], "texture": "#texture"}
			}
		},
		{
			"from": [3.525, 6.575, 7.7],
			"to": [3.775, 7.325, 8.3],
			"rotation": {"angle": 0, "axis": "y", "origin": [0, 0.075, 0]},
			"faces": {
				"north": {"uv": [4, 16, 0, 14], "texture": "#texture"},
				"east": {"uv": [4, 16, 0, 14], "texture": "#texture"},
				"south": {"uv": [4, 16, 0, 14], "texture": "#texture"},
				"west": {"uv": [4, 16, 0, 14], "texture": "#texture"},
				"down": {"uv": [0, 14, 4, 16], "texture": "#texture"}
			}
		},
		{
			"from": [3.775, 6.325, 7.7],
			"to": [4.025, 6.575, 8.3],
			"rotation": {"angle": 0, "axis": "y", "origin": [0, 0.075, 0]},
			"faces": {
				"north": {"uv": [4, 16, 0, 14], "texture": "#texture"},
				"east": {"uv": [4, 16, 0, 14], "texture": "#texture"},
				"south": {"uv": [4, 16, 0, 14], "texture": "#texture"},
				"west": {"uv": [4, 16, 0, 14], "texture": "#texture"},
				"up": {"uv": [0, 15, 1, 16], "texture": "#texture"},
				"down": {"uv": [0, 14, 4, 16], "texture": "#texture"}
			}
		},
		{
			"from": [4.025, 6.075, 7.7],
			"to": [4.775, 6.325, 8.3],
			"rotation": {"angle": 0, "axis": "y", "origin": [0, 0.075, 0]},
			"faces": {
				"north": {"uv": [4, 16, 0, 14], "texture": "#texture"},
				"east": {"uv": [4, 16, 0, 14], "texture": "#texture"},
				"south": {"uv": [4, 16, 0, 14], "texture": "#texture"},
				"west": {"uv": [4, 16, 0, 14], "texture": "#texture"},
				"up": {"uv": [0, 15, 1, 16], "texture": "#texture"},
				"down": {"uv": [0, 14, 4, 16], "texture": "#texture"}
			}
		},
		{
			"from": [4.775, 6.325, 7.7],
			"to": [5.025, 6.575, 8.3],
			"rotation": {"angle": 0, "axis": "y", "origin": [0, 0.075, 0]},
			"faces": {
				"north": {"uv": [4, 16, 0, 14], "texture": "#texture"},
				"east": {"uv": [4, 16, 0, 14], "texture": "#texture"},
				"south": {"uv": [4, 16, 0, 14], "texture": "#texture"},
				"west": {"uv": [4, 16, 0, 14], "texture": "#texture"},
				"up": {"uv": [0, 15, 1, 16], "texture": "#texture"},
				"down": {"uv": [0, 14, 4, 16], "texture": "#texture"}
			}
		},
		{
			"from": [5.025, 6.575, 7.7],
			"to": [5.275, 6.825, 8.3],
			"rotation": {"angle": 0, "axis": "y", "origin": [0, 0.075, 0]},
			"faces": {
				"north": {"uv": [4, 16, 0, 14], "texture": "#texture"},
				"east": {"uv": [4, 16, 0, 14], "texture": "#texture"},
				"south": {"uv": [4, 16, 0, 14], "texture": "#texture"},
				"west": {"uv": [4, 16, 0, 14], "texture": "#texture"},
				"up": {"uv": [0, 15, 1, 16], "texture": "#texture"},
				"down": {"uv": [0, 14, 4, 16], "texture": "#texture"}
			}
		},
		{
			"from": [6.35, 7.1, 7.5],
			"to": [6.575, 7.275, 8.5],
			"faces": {
				"north": {"uv": [16, 12, 15, 11], "texture": "#texture"},
				"east": {"uv": [16, 12, 15, 11], "texture": "#texture"},
				"south": {"uv": [16, 12, 15, 11], "texture": "#texture"},
				"west": {"uv": [16, 12, 15, 11], "texture": "#texture"},
				"down": {"uv": [16, 12, 15, 11], "texture": "#texture"}
			}
		},
		{
			"from": [4.85, 6.625, 7.75],
			"to": [5.05, 8.125, 8.25],
			"rotation": {"angle": -22.5, "axis": "z", "origin": [4.75, 7.825, 7.75]},
			"faces": {
				"north": {"uv": [11.75, 8.75, 12.25, 9.75], "texture": "#texture"},
				"east": {"uv": [7.75, 8.75, 8.25, 9.75], "texture": "#texture"},
				"south": {"uv": [3.75, 8.75, 4.25, 9.75], "texture": "#texture"},
				"west": {"uv": [7.75, 8.75, 8.25, 9.75], "texture": "#texture"},
				"up": {"uv": [3.75, 7.75, 4.25, 8.25], "texture": "#texture"},
				"down": {"uv": [12.25, 8.25, 11.75, 7.75], "texture": "#texture"}
			}
		},
		{
			"from": [2.1, 4.425, 7.6],
			"to": [2.35, 6.875, 8.4],
			"rotation": {"angle": 22.5, "axis": "z", "origin": [2.05, 8.475, 7.5]},
			"faces": {
				"north": {"uv": [2, 16, 0, 14], "texture": "#texture"},
				"east": {"uv": [2, 16, 0, 14], "texture": "#texture"},
				"south": {"uv": [2, 16, 0, 14], "texture": "#texture"},
				"west": {"uv": [2, 16, 0, 14], "texture": "#texture"},
				"down": {"uv": [2, 16, 0, 14], "texture": "#texture"}
			}
		},
		{
			"from": [4.95, 5.65, 7.6],
			"to": [6.375, 5.9, 8.4],
			"rotation": {"angle": -22.5, "axis": "z", "origin": [2.05, 8.475, 7.5]},
			"faces": {
				"north": {"uv": [2, 16, 0, 14], "rotation": 90, "texture": "#texture"},
				"east": {"uv": [2, 16, 0, 14], "rotation": 270, "texture": "#texture"},
				"south": {"uv": [2, 16, 0, 14], "rotation": 270, "texture": "#texture"},
				"up": {"uv": [2, 16, 0, 14], "rotation": 270, "texture": "#texture"},
				"down": {"uv": [2, 16, 0, 14], "rotation": 270, "texture": "#texture"}
			}
		},
		{
			"from": [4.85, 4, 7.5],
			"to": [6.225, 7.55, 8.5],
			"rotation": {"angle": 22.5, "axis": "z", "origin": [4.95, 7.5, 7.5]},
			"faces": {
				"north": {"uv": [15, 12, 16, 11], "texture": "#texture"},
				"east": {"uv": [15, 12, 16, 11], "texture": "#texture"},
				"south": {"uv": [15, 12, 16, 11], "texture": "#texture"},
				"west": {"uv": [15, 12, 16, 11], "texture": "#texture"},
				"down": {"uv": [16, 12, 15, 11], "texture": "#texture"}
			}
		},
		{
			"from": [4.975, 4.225, 7.6],
			"to": [6.2, 4.475, 8.4],
			"rotation": {"angle": 0, "axis": "z", "origin": [6.3, 7.575, 7.5]},
			"faces": {
				"north": {"uv": [2, 16, 0, 14], "rotation": 270, "texture": "#texture"},
				"south": {"uv": [2, 16, 0, 14], "rotation": 90, "texture": "#texture"},
				"west": {"uv": [2, 16, 0, 14], "rotation": 90, "texture": "#texture"},
				"up": {"uv": [2, 16, 0, 14], "rotation": 90, "texture": "#texture"},
				"down": {"uv": [2, 16, 0, 14], "rotation": 90, "texture": "#texture"}
			}
		},
		{
			"from": [7.075, 10.65, 7.4],
			"to": [8.325, 10.85, 7.6],
			"faces": {
				"north": {"uv": [4, 16, 0, 15], "texture": "#texture"},
				"east": {"uv": [4, 16, 0, 15], "texture": "#texture"},
				"south": {"uv": [4, 16, 0, 15], "texture": "#texture"},
				"west": {"uv": [4, 16, 0, 15], "texture": "#texture"},
				"up": {"uv": [4, 16, 0, 15], "texture": "#texture"},
				"down": {"uv": [0, 15, 4, 16], "texture": "#texture"}
			}
		},
		{
			"from": [7.075, 10.65, 8.4],
			"to": [8.325, 10.85, 8.6],
			"faces": {
				"north": {"uv": [4, 16, 0, 15], "texture": "#texture"},
				"east": {"uv": [4, 16, 0, 15], "texture": "#texture"},
				"south": {"uv": [4, 16, 0, 15], "texture": "#texture"},
				"west": {"uv": [4, 16, 0, 15], "texture": "#texture"},
				"up": {"uv": [4, 16, 0, 15], "texture": "#texture"},
				"down": {"uv": [0, 15, 4, 16], "texture": "#texture"}
			}
		},
		{
			"from": [4.8, 10.65, 7.55],
			"to": [4.975, 10.8, 8.45],
			"faces": {
				"north": {"uv": [4, 16, 0, 15], "texture": "#texture"},
				"east": {"uv": [4, 16, 0, 15], "texture": "#texture"},
				"south": {"uv": [4, 16, 0, 15], "texture": "#texture"},
				"west": {"uv": [4, 16, 0, 15], "texture": "#texture"},
				"up": {"uv": [4, 16, 0, 15], "texture": "#texture"},
				"down": {"uv": [0, 15, 4, 16], "texture": "#texture"}
			}
		},
		{
			"from": [4.45, 10.65, 7.55],
			"to": [4.625, 10.8, 8.45],
			"faces": {
				"north": {"uv": [4, 16, 0, 15], "texture": "#texture"},
				"east": {"uv": [4, 16, 0, 15], "texture": "#texture"},
				"south": {"uv": [4, 16, 0, 15], "texture": "#texture"},
				"west": {"uv": [4, 16, 0, 15], "texture": "#texture"},
				"up": {"uv": [4, 16, 0, 15], "texture": "#texture"},
				"down": {"uv": [0, 15, 4, 16], "texture": "#texture"}
			}
		},
		{
			"from": [4.1, 10.65, 7.55],
			"to": [4.275, 10.8, 8.45],
			"faces": {
				"north": {"uv": [4, 16, 0, 15], "texture": "#texture"},
				"east": {"uv": [4, 16, 0, 15], "texture": "#texture"},
				"south": {"uv": [4, 16, 0, 15], "texture": "#texture"},
				"west": {"uv": [4, 16, 0, 15], "texture": "#texture"},
				"up": {"uv": [4, 16, 0, 15], "texture": "#texture"},
				"down": {"uv": [0, 15, 4, 16], "texture": "#texture"}
			}
		},
		{
			"from": [3.75, 10.65, 7.55],
			"to": [3.925, 10.8, 8.45],
			"faces": {
				"north": {"uv": [4, 16, 0, 15], "texture": "#texture"},
				"east": {"uv": [4, 16, 0, 15], "texture": "#texture"},
				"south": {"uv": [4, 16, 0, 15], "texture": "#texture"},
				"west": {"uv": [4, 16, 0, 15], "texture": "#texture"},
				"up": {"uv": [4, 16, 0, 15], "texture": "#texture"},
				"down": {"uv": [0, 15, 4, 16], "texture": "#texture"}
			}
		},
		{
			"from": [3.4, 10.65, 7.55],
			"to": [3.575, 10.8, 8.45],
			"faces": {
				"north": {"uv": [4, 16, 0, 15], "texture": "#texture"},
				"east": {"uv": [4, 16, 0, 15], "texture": "#texture"},
				"south": {"uv": [4, 16, 0, 15], "texture": "#texture"},
				"west": {"uv": [4, 16, 0, 15], "texture": "#texture"},
				"up": {"uv": [4, 16, 0, 15], "texture": "#texture"},
				"down": {"uv": [0, 15, 4, 16], "texture": "#texture"}
			}
		},
		{
			"from": [3.05, 10.65, 7.55],
			"to": [3.225, 10.8, 8.45],
			"faces": {
				"north": {"uv": [4, 16, 0, 15], "texture": "#texture"},
				"east": {"uv": [4, 16, 0, 15], "texture": "#texture"},
				"south": {"uv": [4, 16, 0, 15], "texture": "#texture"},
				"west": {"uv": [4, 16, 0, 15], "texture": "#texture"},
				"up": {"uv": [4, 16, 0, 15], "texture": "#texture"},
				"down": {"uv": [0, 15, 4, 16], "texture": "#texture"}
			}
		},
		{
			"from": [2.7, 10.65, 7.55],
			"to": [2.875, 10.8, 8.45],
			"faces": {
				"north": {"uv": [4, 16, 0, 15], "texture": "#texture"},
				"east": {"uv": [4, 16, 0, 15], "texture": "#texture"},
				"south": {"uv": [4, 16, 0, 15], "texture": "#texture"},
				"west": {"uv": [4, 16, 0, 15], "texture": "#texture"},
				"up": {"uv": [4, 16, 0, 15], "texture": "#texture"},
				"down": {"uv": [0, 15, 4, 16], "texture": "#texture"}
			}
		},
		{
			"from": [6.9, 10.65, 7.55],
			"to": [7.075, 10.8, 8.45],
			"faces": {
				"north": {"uv": [4, 16, 0, 15], "texture": "#texture"},
				"east": {"uv": [4, 16, 0, 15], "texture": "#texture"},
				"south": {"uv": [4, 16, 0, 15], "texture": "#texture"},
				"west": {"uv": [4, 16, 0, 15], "texture": "#texture"},
				"up": {"uv": [4, 16, 0, 15], "texture": "#texture"},
				"down": {"uv": [0, 15, 4, 16], "texture": "#texture"}
			}
		},
		{
			"from": [6.55, 10.65, 7.55],
			"to": [6.725, 10.8, 8.45],
			"faces": {
				"north": {"uv": [4, 16, 0, 15], "texture": "#texture"},
				"east": {"uv": [4, 16, 0, 15], "texture": "#texture"},
				"south": {"uv": [4, 16, 0, 15], "texture": "#texture"},
				"west": {"uv": [4, 16, 0, 15], "texture": "#texture"},
				"up": {"uv": [4, 16, 0, 15], "texture": "#texture"},
				"down": {"uv": [0, 15, 4, 16], "texture": "#texture"}
			}
		},
		{
			"from": [6.2, 10.65, 7.55],
			"to": [6.375, 10.8, 8.45],
			"faces": {
				"north": {"uv": [4, 16, 0, 15], "texture": "#texture"},
				"east": {"uv": [4, 16, 0, 15], "texture": "#texture"},
				"south": {"uv": [4, 16, 0, 15], "texture": "#texture"},
				"west": {"uv": [4, 16, 0, 15], "texture": "#texture"},
				"up": {"uv": [4, 16, 0, 15], "texture": "#texture"},
				"down": {"uv": [0, 15, 4, 16], "texture": "#texture"}
			}
		},
		{
			"from": [5.85, 10.65, 7.55],
			"to": [6.025, 10.8, 8.45],
			"faces": {
				"north": {"uv": [4, 16, 0, 15], "texture": "#texture"},
				"east": {"uv": [4, 16, 0, 15], "texture": "#texture"},
				"south": {"uv": [4, 16, 0, 15], "texture": "#texture"},
				"west": {"uv": [4, 16, 0, 15], "texture": "#texture"},
				"up": {"uv": [4, 16, 0, 15], "texture": "#texture"},
				"down": {"uv": [0, 15, 4, 16], "texture": "#texture"}
			}
		},
		{
			"from": [5.5, 10.65, 7.55],
			"to": [5.675, 10.8, 8.45],
			"faces": {
				"north": {"uv": [4, 16, 0, 15], "texture": "#texture"},
				"east": {"uv": [4, 16, 0, 15], "texture": "#texture"},
				"south": {"uv": [4, 16, 0, 15], "texture": "#texture"},
				"west": {"uv": [4, 16, 0, 15], "texture": "#texture"},
				"up": {"uv": [4, 16, 0, 15], "texture": "#texture"},
				"down": {"uv": [0, 15, 4, 16], "texture": "#texture"}
			}
		},
		{
			"from": [5.15, 10.65, 7.55],
			"to": [5.325, 10.8, 8.45],
			"faces": {
				"north": {"uv": [4, 16, 0, 15], "texture": "#texture"},
				"east": {"uv": [4, 16, 0, 15], "texture": "#texture"},
				"south": {"uv": [4, 16, 0, 15], "texture": "#texture"},
				"west": {"uv": [4, 16, 0, 15], "texture": "#texture"},
				"up": {"uv": [4, 16, 0, 15], "texture": "#texture"},
				"down": {"uv": [0, 15, 4, 16], "texture": "#texture"}
			}
		},
		{
			"from": [2.35, 10.65, 7.55],
			"to": [2.525, 10.8, 8.45],
			"faces": {
				"north": {"uv": [4, 16, 0, 15], "texture": "#texture"},
				"east": {"uv": [4, 16, 0, 15], "texture": "#texture"},
				"south": {"uv": [4, 16, 0, 15], "texture": "#texture"},
				"west": {"uv": [4, 16, 0, 15], "texture": "#texture"},
				"up": {"uv": [4, 16, 0, 15], "texture": "#texture"},
				"down": {"uv": [0, 15, 4, 16], "texture": "#texture"}
			}
		},
		{
			"from": [2.025, 10.65, 7.55],
			"to": [2.2, 10.8, 8.45],
			"faces": {
				"north": {"uv": [4, 16, 0, 15], "texture": "#texture"},
				"east": {"uv": [4, 16, 0, 15], "texture": "#texture"},
				"south": {"uv": [4, 16, 0, 15], "texture": "#texture"},
				"west": {"uv": [4, 16, 0, 15], "texture": "#texture"},
				"up": {"uv": [4, 16, 0, 15], "texture": "#texture"},
				"down": {"uv": [0, 15, 4, 16], "texture": "#texture"}
			}
		},
		{
			"from": [1.675, 10.65, 7.55],
			"to": [1.85, 10.8, 8.45],
			"faces": {
				"north": {"uv": [4, 16, 0, 15], "texture": "#texture"},
				"east": {"uv": [4, 16, 0, 15], "texture": "#texture"},
				"south": {"uv": [4, 16, 0, 15], "texture": "#texture"},
				"west": {"uv": [4, 16, 0, 15], "texture": "#texture"},
				"up": {"uv": [4, 16, 0, 15], "texture": "#texture"},
				"down": {"uv": [0, 15, 4, 16], "texture": "#texture"}
			}
		},
		{
			"from": [1.325, 10.65, 7.55],
			"to": [1.5, 10.8, 8.45],
			"faces": {
				"north": {"uv": [4, 16, 0, 15], "texture": "#texture"},
				"east": {"uv": [4, 16, 0, 15], "texture": "#texture"},
				"south": {"uv": [4, 16, 0, 15], "texture": "#texture"},
				"west": {"uv": [4, 16, 0, 15], "texture": "#texture"},
				"up": {"uv": [4, 16, 0, 15], "texture": "#texture"},
				"down": {"uv": [0, 15, 4, 16], "texture": "#texture"}
			}
		},
		{
			"from": [0.975, 10.65, 7.55],
			"to": [1.15, 10.8, 8.45],
			"faces": {
				"north": {"uv": [4, 16, 0, 15], "texture": "#texture"},
				"east": {"uv": [4, 16, 0, 15], "texture": "#texture"},
				"south": {"uv": [4, 16, 0, 15], "texture": "#texture"},
				"west": {"uv": [4, 16, 0, 15], "texture": "#texture"},
				"up": {"uv": [4, 16, 0, 15], "texture": "#texture"},
				"down": {"uv": [0, 15, 4, 16], "texture": "#texture"}
			}
		},
		{
			"from": [0.625, 10.65, 7.55],
			"to": [0.8, 10.8, 8.45],
			"faces": {
				"north": {"uv": [4, 16, 0, 15], "texture": "#texture"},
				"east": {"uv": [4, 16, 0, 15], "texture": "#texture"},
				"south": {"uv": [4, 16, 0, 15], "texture": "#texture"},
				"west": {"uv": [4, 16, 0, 15], "texture": "#texture"},
				"up": {"uv": [4, 16, 0, 15], "texture": "#texture"},
				"down": {"uv": [0, 15, 4, 16], "texture": "#texture"}
			}
		},
		{
			"from": [0.275, 10.65, 7.55],
			"to": [0.45, 10.8, 8.45],
			"faces": {
				"north": {"uv": [4, 16, 0, 15], "texture": "#texture"},
				"east": {"uv": [4, 16, 0, 15], "texture": "#texture"},
				"south": {"uv": [4, 16, 0, 15], "texture": "#texture"},
				"west": {"uv": [4, 16, 0, 15], "texture": "#texture"},
				"up": {"uv": [4, 16, 0, 15], "texture": "#texture"},
				"down": {"uv": [0, 15, 4, 16], "texture": "#texture"}
			}
		},
		{
			"from": [-1.025, 10.725, 7.4],
			"to": [0.05, 11.125, 7.6],
			"faces": {
				"north": {"uv": [4, 15, 0, 14], "texture": "#texture"},
				"east": {"uv": [4, 15, 0, 14], "texture": "#texture"},
				"south": {"uv": [4, 15, 0, 14], "texture": "#texture"},
				"west": {"uv": [4, 15, 0, 14], "texture": "#texture"},
				"up": {"uv": [4, 15, 0, 14], "texture": "#texture"},
				"down": {"uv": [0, 14, 4, 15], "texture": "#texture"}
			}
		},
		{
			"from": [-1.025, 10.725, 8.4],
			"to": [0.075, 11.125, 8.6],
			"faces": {
				"north": {"uv": [4, 15, 0, 14], "texture": "#texture"},
				"east": {"uv": [4, 15, 0, 14], "texture": "#texture"},
				"south": {"uv": [4, 15, 0, 14], "texture": "#texture"},
				"west": {"uv": [4, 15, 0, 14], "texture": "#texture"},
				"up": {"uv": [4, 15, 0, 14], "texture": "#texture"},
				"down": {"uv": [0, 14, 4, 15], "texture": "#texture"}
			}
		},
		{
			"from": [7.9, 10.575, 7.9],
			"to": [8.15, 11.025, 8.1],
			"faces": {
				"north": {"uv": [4, 16, 0, 15], "texture": "#texture"},
				"east": {"uv": [4, 16, 0, 15], "texture": "#texture"},
				"south": {"uv": [4, 16, 0, 15], "texture": "#texture"},
				"west": {"uv": [4, 16, 0, 15], "texture": "#texture"},
				"up": {"uv": [4, 16, 0, 15], "texture": "#texture"},
				"down": {"uv": [0, 15, 4, 16], "texture": "#texture"}
			}
		},
		{
			"from": [7.9, 11.05, 8.175],
			"to": [8.15, 11.45, 8.325],
			"faces": {
				"north": {"uv": [4, 16, 0, 15], "texture": "#texture"},
				"east": {"uv": [4, 16, 0, 15], "texture": "#texture"},
				"south": {"uv": [4, 16, 0, 15], "texture": "#texture"},
				"west": {"uv": [4, 16, 0, 15], "texture": "#texture"},
				"up": {"uv": [4, 16, 0, 15], "texture": "#texture"},
				"down": {"uv": [0, 15, 4, 16], "texture": "#texture"}
			}
		},
		{
			"from": [7.9, 11.05, 7.675],
			"to": [8.15, 11.45, 7.825],
			"faces": {
				"north": {"uv": [4, 16, 0, 15], "texture": "#texture"},
				"east": {"uv": [4, 16, 0, 15], "texture": "#texture"},
				"south": {"uv": [4, 16, 0, 15], "texture": "#texture"},
				"west": {"uv": [4, 16, 0, 15], "texture": "#texture"},
				"up": {"uv": [4, 16, 0, 15], "texture": "#texture"},
				"down": {"uv": [0, 15, 4, 16], "texture": "#texture"}
			}
		},
		{
			"from": [7.9, 11.425, 7.8],
			"to": [8.15, 11.575, 8.2],
			"faces": {
				"north": {"uv": [4, 16, 0, 15], "texture": "#texture"},
				"east": {"uv": [4, 16, 0, 15], "texture": "#texture"},
				"south": {"uv": [4, 16, 0, 15], "texture": "#texture"},
				"west": {"uv": [4, 16, 0, 15], "texture": "#texture"},
				"up": {"uv": [4, 16, 0, 15], "texture": "#texture"},
				"down": {"uv": [0, 15, 4, 16], "texture": "#texture"}
			}
		},
		{
			"from": [7.9, 10.925, 7.8],
			"to": [8.15, 11.075, 8.2],
			"faces": {
				"north": {"uv": [4, 16, 0, 15], "texture": "#texture"},
				"east": {"uv": [4, 16, 0, 15], "texture": "#texture"},
				"south": {"uv": [4, 16, 0, 15], "texture": "#texture"},
				"west": {"uv": [4, 16, 0, 15], "texture": "#texture"},
				"up": {"uv": [4, 16, 0, 15], "texture": "#texture"},
				"down": {"uv": [0, 15, 4, 16], "texture": "#texture"}
			}
		},
		{
			"from": [-0.525, 10.725, 7.95],
			"to": [-0.425, 11.4, 8.05],
			"faces": {
				"north": {"uv": [4, 16, 0, 15], "texture": "#texture"},
				"east": {"uv": [4, 16, 0, 15], "texture": "#texture"},
				"south": {"uv": [4, 16, 0, 15], "texture": "#texture"},
				"west": {"uv": [4, 16, 0, 15], "texture": "#texture"},
				"up": {"uv": [4, 16, 0, 15], "texture": "#texture"},
				"down": {"uv": [0, 15, 4, 16], "texture": "#texture"}
			}
		},
		{
			"from": [-1.8, 9.75, 7.65],
			"to": [0.6, 10.35, 8.35],
			"faces": {
				"north": {"uv": [4, 16, 0, 15], "texture": "#texture"},
				"east": {"uv": [4, 16, 0, 15], "texture": "#texture"},
				"south": {"uv": [4, 16, 0, 15], "texture": "#texture"},
				"west": {"uv": [4, 16, 0, 15], "texture": "#texture"},
				"up": {"uv": [4, 16, 0, 15], "texture": "#texture"},
				"down": {"uv": [0, 15, 4, 16], "texture": "#texture"}
			}
		},
		{
			"from": [6.5, 9.75, 7.65],
			"to": [7.15, 10.35, 8.35],
			"faces": {
				"north": {"uv": [4, 16, 0, 15], "texture": "#texture"},
				"east": {"uv": [4, 16, 0, 15], "texture": "#texture"},
				"south": {"uv": [4, 16, 0, 15], "texture": "#texture"},
				"west": {"uv": [4, 16, 0, 15], "texture": "#texture"},
				"up": {"uv": [4, 16, 0, 15], "texture": "#texture"},
				"down": {"uv": [0, 15, 4, 16], "texture": "#texture"}
			}
		},
		{
			"from": [-1.325, 9.75, 7.4],
			"to": [0.375, 10.275, 8.6],
			"faces": {
				"north": {"uv": [4, 15, 0, 14], "texture": "#texture"},
				"east": {"uv": [4, 15, 0, 14], "texture": "#texture"},
				"south": {"uv": [4, 15, 0, 14], "texture": "#texture"},
				"west": {"uv": [4, 15, 0, 14], "texture": "#texture"},
				"up": {"uv": [4, 15, 0, 14], "texture": "#texture"},
				"down": {"uv": [0, 14, 4, 15], "texture": "#texture"}
			}
		},
		{
			"from": [6.775, 9.75, 7.4],
			"to": [8.625, 10.3, 8.6],
			"faces": {
				"north": {"uv": [4, 16, 0, 15], "texture": "#texture"},
				"east": {"uv": [4, 16, 0, 15], "texture": "#texture"},
				"south": {"uv": [4, 16, 0, 15], "texture": "#texture"},
				"west": {"uv": [4, 16, 0, 15], "texture": "#texture"},
				"up": {"uv": [4, 16, 0, 15], "texture": "#texture"},
				"down": {"uv": [0, 15, 4, 16], "texture": "#texture"}
			}
		},
		{
			"from": [12, 7.25, 7.25],
			"to": [15.75, 8, 8.775],
			"faces": {
				"north": {"uv": [0, 14, 2, 16], "texture": "#texture"},
				"south": {"uv": [0, 14, 2, 16], "texture": "#texture"},
				"west": {"uv": [0, 14, 2, 16], "texture": "#texture"},
				"up": {"uv": [0, 14, 2, 16], "texture": "#texture"},
				"down": {"uv": [0, 16, 2, 14], "texture": "#texture"}
			}
		},
		{
			"from": [8.25, 7.25, 7.25],
			"to": [12, 8.5, 8.775],
			"faces": {
				"north": {"uv": [0, 14, 2, 16], "texture": "#texture"},
				"south": {"uv": [0, 14, 2, 16], "texture": "#texture"},
				"west": {"uv": [0, 14, 2, 16], "texture": "#texture"},
				"up": {"uv": [0, 14, 2, 16], "texture": "#texture"},
				"down": {"uv": [0, 16, 2, 14], "texture": "#texture"}
			}
		},
		{
			"from": [8.75, 7, 7.25],
			"to": [9.5, 7.25, 8.775],
			"faces": {
				"north": {"uv": [1, 15, 0, 16], "texture": "#texture"},
				"east": {"uv": [1, 15, 0, 16], "texture": "#texture"},
				"south": {"uv": [1, 15, 0, 16], "texture": "#texture"},
				"west": {"uv": [1, 15, 0, 16], "texture": "#texture"},
				"up": {"uv": [1, 15, 0, 16], "texture": "#texture"},
				"down": {"uv": [0, 16, 1, 15], "texture": "#texture"}
			}
		},
		{
			"from": [9, 6.5, 7.25],
			"to": [9.5, 7, 8.775],
			"faces": {
				"north": {"uv": [1, 15, 0, 16], "texture": "#texture"},
				"east": {"uv": [1, 15, 0, 16], "texture": "#texture"},
				"south": {"uv": [1, 15, 0, 16], "texture": "#texture"},
				"west": {"uv": [1, 15, 0, 16], "texture": "#texture"},
				"up": {"uv": [1, 15, 0, 16], "texture": "#texture"},
				"down": {"uv": [0, 16, 1, 15], "texture": "#texture"}
			}
		},
		{
			"from": [10.575, 2.825, 7.525],
			"to": [11.75, 3.1, 8.475],
			"rotation": {"angle": 0, "axis": "y", "origin": [-0.75, -1.65, 0]},
			"faces": {
				"north": {"uv": [0.175, 8.2, 3.65, 8.7], "texture": "#texture", "cullface": "east"},
				"east": {"uv": [6.1, 8.1, 6.7, 8.8], "texture": "#texture", "cullface": "east"},
				"south": {"uv": [3.5, 8.1, 0, 8.8], "texture": "#texture", "cullface": "east"},
				"west": {"uv": [6, 8, 7, 9], "texture": "#texture"},
				"down": {"uv": [6.1, 8.9, 6.8, 8.1], "texture": "#texture", "cullface": "east"}
			}
		},
		{
			"from": [9.5, 3.1, 7.525],
			"to": [11.75, 8.375, 8.475],
			"rotation": {"angle": 0, "axis": "y", "origin": [-0.75, -1.65, 0]},
			"faces": {
				"north": {"uv": [0.2, 8.2, 6.8, 8.7], "texture": "#texture", "cullface": "east"},
				"east": {"uv": [6.1, 8.1, 6.7, 8.8], "texture": "#texture", "cullface": "east"},
				"south": {"uv": [6.7, 8.1, 0, 8.8], "texture": "#texture", "cullface": "east"},
				"west": {"uv": [6, 8, 7, 9], "texture": "#texture"},
				"down": {"uv": [6.1, 8.9, 6.8, 8.1], "texture": "#texture", "cullface": "east"}
			}
		},
		{
			"from": [8.25, 8, 7.125],
			"to": [16, 9.525, 8.875],
			"faces": {
				"north": {"uv": [0, 15, 2, 16], "texture": "#texture"},
				"south": {"uv": [0, 15, 2, 16], "texture": "#texture"},
				"west": {"uv": [0, 15, 2, 16], "texture": "#texture"},
				"up": {"uv": [0, 15, 2, 16], "texture": "#texture"},
				"down": {"uv": [0, 15, 1, 16], "texture": "#texture"}
			}
		},
		{
			"from": [10.25, 6.15, 7.25],
			"to": [11, 7.25, 8.775],
			"faces": {
				"north": {"uv": [2, 14, 1, 16], "texture": "#texture"},
				"east": {"uv": [2, 14, 1, 16], "texture": "#texture"},
				"south": {"uv": [2, 14, 1, 16], "texture": "#texture"},
				"west": {"uv": [2, 14, 1, 16], "texture": "#texture"},
				"down": {"uv": [1, 16, 2, 14], "texture": "#texture"}
			}
		},
		{
			"from": [9.5, 6.325, 7.25],
			"to": [10.25, 7.25, 8.775],
			"faces": {
				"north": {"uv": [2, 14, 1, 16], "texture": "#texture"},
				"east": {"uv": [2, 14, 1, 16], "texture": "#texture"},
				"south": {"uv": [2, 14, 1, 16], "texture": "#texture"},
				"west": {"uv": [2, 14, 1, 16], "texture": "#texture"},
				"down": {"uv": [1, 16, 2, 14], "texture": "#texture"}
			}
		},
		{
			"from": [11, 6, 7.25],
			"to": [11.9, 7.25, 8.775],
			"faces": {
				"north": {"uv": [2, 14, 1, 16], "texture": "#texture"},
				"east": {"uv": [2, 14, 1, 16], "texture": "#texture"},
				"south": {"uv": [2, 14, 1, 16], "texture": "#texture"},
				"west": {"uv": [2, 14, 1, 16], "texture": "#texture"},
				"down": {"uv": [1, 16, 2, 14], "texture": "#texture"}
			}
		},
		{
			"from": [15.875, 8.025, 7.1],
			"to": [16.375, 9.9, 8.9],
			"faces": {
				"north": {"uv": [16, 12, 15, 11], "texture": "#texture"},
				"east": {"uv": [16, 12, 15, 11], "texture": "#texture"},
				"south": {"uv": [16, 12, 15, 11], "texture": "#texture"},
				"west": {"uv": [16, 12, 15, 11], "texture": "#texture"},
				"up": {"uv": [16, 12, 15, 11], "texture": "#texture"},
				"down": {"uv": [16, 12, 15, 11], "texture": "#texture"}
			}
		},
		{
			"from": [15.625, 6.225, 7.1],
			"to": [16.125, 8.025, 8.9],
			"faces": {
				"north": {"uv": [16, 12, 15, 11], "texture": "#texture"},
				"east": {"uv": [16, 12, 15, 11], "texture": "#texture"},
				"south": {"uv": [16, 12, 15, 11], "texture": "#texture"},
				"west": {"uv": [16, 12, 15, 11], "texture": "#texture"},
				"up": {"uv": [16, 12, 15, 11], "texture": "#texture"},
				"down": {"uv": [16, 12, 15, 11], "texture": "#texture"}
			}
		},
		{
			"from": [-1.175, 10.275, 7.4],
			"to": [0.225, 10.725, 8.6],
			"rotation": {"angle": 0, "axis": "y", "origin": [0.025, 0, 0]},
			"faces": {
				"north": {"uv": [4, 15, 0, 14], "texture": "#texture"},
				"east": {"uv": [4, 15, 0, 14], "texture": "#texture"},
				"south": {"uv": [4, 15, 0, 14], "texture": "#texture"},
				"west": {"uv": [4, 15, 0, 14], "texture": "#texture"},
				"up": {"uv": [4, 15, 0, 14], "texture": "#texture"},
				"down": {"uv": [0, 14, 4, 15], "texture": "#texture"}
			}
		},
		{
			"from": [6.925, 10.3, 7.4],
			"to": [8.475, 10.65, 8.6],
			"rotation": {"angle": 0, "axis": "y", "origin": [0.025, 0, 0]},
			"faces": {
				"north": {"uv": [4, 16, 0, 15], "texture": "#texture"},
				"east": {"uv": [4, 16, 0, 15], "texture": "#texture"},
				"south": {"uv": [4, 16, 0, 15], "texture": "#texture"},
				"west": {"uv": [4, 16, 0, 15], "texture": "#texture"},
				"up": {"uv": [4, 16, 0, 15], "texture": "#texture"},
				"down": {"uv": [0, 15, 4, 16], "texture": "#texture"}
			}
		},
		{
			"from": [-0.525, 10.325, 7.55],
			"to": [6.925, 10.65, 8.45],
			"rotation": {"angle": 0, "axis": "y", "origin": [0.025, 0, 0]},
			"faces": {
				"north": {"uv": [4, 16, 0, 15], "texture": "#texture"},
				"east": {"uv": [4, 16, 0, 15], "texture": "#texture"},
				"south": {"uv": [4, 16, 0, 15], "texture": "#texture"},
				"west": {"uv": [4, 16, 0, 15], "texture": "#texture"},
				"up": {"uv": [4, 16, 0, 15], "texture": "#texture"},
				"down": {"uv": [0, 15, 4, 16], "texture": "#texture"}
			}
		},
		{
			"from": [12.15, 9.525, 7.125],
			"to": [16, 9.7, 8.875],
			"faces": {
				"north": {"uv": [0, 14, 2, 15], "texture": "#texture"},
				"south": {"uv": [0, 14, 2, 15], "texture": "#texture"},
				"west": {"uv": [0, 14, 2, 15], "texture": "#texture"},
				"up": {"uv": [0, 14, 2, 15], "texture": "#texture"}
			}
		},
		{
			"from": [12.5, 9.7, 7.125],
			"to": [15.5, 9.875, 8.875],
			"faces": {
				"north": {"uv": [0, 14, 2, 15], "texture": "#texture"},
				"east": {"uv": [0, 14, 1, 15], "texture": "#texture"},
				"south": {"uv": [0, 14, 2, 15], "texture": "#texture"},
				"west": {"uv": [0, 14, 2, 15], "texture": "#texture"},
				"up": {"uv": [0, 14, 2, 15], "texture": "#texture"}
			}
		},
		{
			"from": [14.275, 7, 7.25],
			"to": [15.65, 7.25, 8.775],
			"faces": {
				"north": {"uv": [0, 15, 2, 16], "texture": "#texture"},
				"south": {"uv": [0, 15, 2, 16], "texture": "#texture"},
				"west": {"uv": [0, 15, 2, 16], "texture": "#texture"},
				"down": {"uv": [0, 16, 2, 15], "texture": "#texture"}
			}
		},
		{
			"from": [14.525, 6.75, 7.25],
			"to": [15.65, 7, 8.775],
			"faces": {
				"north": {"uv": [0, 15, 2, 16], "texture": "#texture"},
				"south": {"uv": [0, 15, 2, 16], "texture": "#texture"},
				"west": {"uv": [0, 15, 2, 16], "texture": "#texture"},
				"down": {"uv": [0, 16, 2, 15], "texture": "#texture"}
			}
		},
		{
			"from": [15.025, 6.25, 7.25],
			"to": [15.65, 6.5, 8.775],
			"faces": {
				"north": {"uv": [0, 15, 2, 16], "texture": "#texture"},
				"south": {"uv": [0, 15, 2, 16], "texture": "#texture"},
				"west": {"uv": [0, 15, 2, 16], "texture": "#texture"},
				"down": {"uv": [0, 16, 2, 15], "texture": "#texture"}
			}
		},
		{
			"from": [14.775, 6.5, 7.25],
			"to": [15.65, 6.75, 8.775],
			"faces": {
				"north": {"uv": [0, 15, 2, 16], "texture": "#texture"},
				"south": {"uv": [0, 15, 2, 16], "texture": "#texture"},
				"west": {"uv": [0, 15, 2, 16], "texture": "#texture"},
				"down": {"uv": [0, 16, 2, 15], "texture": "#texture"}
			}
		},
		{
			"from": [-6.5, 8.925, 7.75],
			"to": [-3.25, 9.05, 8.25],
			"faces": {
				"north": {"uv": [0, 14, 2, 16], "texture": "#texture", "cullface": "west"},
				"south": {"uv": [0, 14, 2, 16], "texture": "#texture", "cullface": "west"},
				"west": {"uv": [0, 14, 2, 16], "texture": "#texture", "cullface": "west"},
				"up": {"uv": [0, 14, 2, 16], "texture": "#texture", "cullface": "west"},
				"down": {"uv": [2, 16, 0, 14], "texture": "#texture", "cullface": "west"}
			}
		},
		{
			"from": [-8.5, 8.175, 7.75],
			"to": [-6.5, 8.425, 8.25],
			"faces": {
				"north": {"uv": [4, 15, 5, 16], "texture": "#texture", "cullface": "west"},
				"east": {"uv": [4, 15, 5, 16], "texture": "#texture"},
				"south": {"uv": [4, 15, 5, 16], "texture": "#texture", "cullface": "west"},
				"west": {"uv": [4, 15, 5, 16], "texture": "#texture", "cullface": "west"},
				"up": {"uv": [4, 15, 5, 16], "texture": "#texture", "cullface": "west"},
				"down": {"uv": [5, 16, 4, 15], "texture": "#texture", "cullface": "west"}
			}
		},
		{
			"from": [-8.5, 8.425, 8.25],
			"to": [-6.5, 8.925, 8.5],
			"faces": {
				"north": {"uv": [4, 15, 5, 16], "texture": "#texture", "cullface": "west"},
				"east": {"uv": [4, 15, 5, 16], "texture": "#texture"},
				"south": {"uv": [4, 15, 5, 16], "texture": "#texture", "cullface": "west"},
				"west": {"uv": [4, 15, 5, 16], "texture": "#texture", "cullface": "west"},
				"up": {"uv": [4, 15, 5, 16], "texture": "#texture", "cullface": "west"},
				"down": {"uv": [5, 16, 4, 15], "texture": "#texture", "cullface": "west"}
			}
		},
		{
			"from": [-8.5, 8.425, 7.5],
			"to": [-6.5, 8.925, 7.75],
			"faces": {
				"north": {"uv": [4, 15, 5, 16], "texture": "#texture", "cullface": "west"},
				"east": {"uv": [4, 15, 5, 16], "texture": "#texture"},
				"south": {"uv": [4, 15, 5, 16], "texture": "#texture", "cullface": "west"},
				"west": {"uv": [4, 15, 5, 16], "texture": "#texture", "cullface": "west"},
				"up": {"uv": [4, 15, 5, 16], "texture": "#texture", "cullface": "west"},
				"down": {"uv": [5, 16, 4, 15], "texture": "#texture", "cullface": "west"}
			}
		},
		{
			"from": [-8.5, 8.925, 7.75],
			"to": [-6.5, 9.175, 8.25],
			"faces": {
				"north": {"uv": [4, 15, 5, 16], "texture": "#texture", "cullface": "west"},
				"east": {"uv": [4, 15, 5, 16], "texture": "#texture"},
				"south": {"uv": [4, 15, 5, 16], "texture": "#texture", "cullface": "west"},
				"west": {"uv": [4, 15, 5, 16], "texture": "#texture", "cullface": "west"},
				"up": {"uv": [4, 15, 5, 16], "texture": "#texture", "cullface": "west"},
				"down": {"uv": [5, 16, 4, 15], "texture": "#texture", "cullface": "west"}
			}
		},
		{
			"from": [-6.5, 8.425, 7.625],
			"to": [-3.25, 8.925, 7.75],
			"faces": {
				"north": {"uv": [0, 14, 2, 16], "texture": "#texture", "cullface": "west"},
				"south": {"uv": [0, 14, 2, 16], "texture": "#texture", "cullface": "west"},
				"west": {"uv": [0, 14, 2, 16], "texture": "#texture", "cullface": "west"},
				"up": {"uv": [0, 14, 2, 16], "texture": "#texture", "cullface": "west"},
				"down": {"uv": [2, 16, 0, 14], "texture": "#texture", "cullface": "west"}
			}
		},
		{
			"from": [-6.5, 8.425, 8.25],
			"to": [-3.25, 8.925, 8.375],
			"faces": {
				"north": {"uv": [0, 14, 2, 16], "texture": "#texture", "cullface": "west"},
				"south": {"uv": [0, 14, 2, 16], "texture": "#texture", "cullface": "west"},
				"west": {"uv": [0, 14, 2, 16], "texture": "#texture", "cullface": "west"},
				"up": {"uv": [0, 14, 2, 16], "texture": "#texture", "cullface": "west"},
				"down": {"uv": [2, 16, 0, 14], "texture": "#texture", "cullface": "west"}
			}
		},
		{
			"from": [-6.5, 8.3, 7.75],
			"to": [-3.25, 8.425, 8.25],
			"faces": {
				"north": {"uv": [0, 14, 2, 16], "texture": "#texture", "cullface": "west"},
				"south": {"uv": [0, 14, 2, 16], "texture": "#texture", "cullface": "west"},
				"west": {"uv": [0, 14, 2, 16], "texture": "#texture", "cullface": "west"},
				"up": {"uv": [0, 14, 2, 16], "texture": "#texture", "cullface": "west"},
				"down": {"uv": [2, 16, 0, 14], "texture": "#texture", "cullface": "west"}
			}
		}
	],
	"gui_light": "front",
	"display": {
		"thirdperson_righthand": {
			"rotation": [0, -90, 0],
			"translation": [0, 0.5, 3.25],
			"scale": [0.98, 0.98, 0.9]
		},
		"thirdperson_lefthand": {
			"rotation": [0, 90, 0],
			"translation": [0, 0.5, 3.25],
			"scale": [0.98, 0.98, 0.9]
		},
		"firstperson_righthand": {
			"rotation": [0, -90, 0],
			"translation": [0, 2.5, 2.25],
			"scale": [1.12, 1.15, 1.06]
		},
		"firstperson_lefthand": {
			"rotation": [0, 90, 0],
			"translation": [0, 2.5, 2.25],
			"scale": [1.12, 1.15, 1.06]
		},
		"ground": {
			"translation": [4, 1.75, 0],
			"scale": [1.1, 1.1, 1.02]
		},
		"gui": {
			"rotation": [0, 0, -45],
			"translation": [1.75, -2.25, 0],
			"scale": [0.81, 0.81, 1]
		},
		"head": {
			"translation": [3.75, 0, 0]
		},
		"fixed": {
			"rotation": [0, 180, -45],
			"translation": [-2.65, -3.2, -1.1],
			"scale": [1.23, 1.23, 1.15]
		}
	}
}