{
	"credit": "Made by SrDarmith - YouTube: Mainclay",
	"textures": {
		"particle": "itemm/anvil_1",
		"texture": "itemm/anvil_1",
		"wood door texture": "itemm/hardened_clay_stained_gray"
	},
	"elements": [
		{
			"from": [0.275, 9.025, 7.8],
			"to": [6.25, 9.275, 8.2],
			"faces": {
				"north": {"uv": [0, 16, 2, 14], "texture": "#texture", "cullface": "west"},
				"south": {"uv": [2, 16, 0, 15], "texture": "#texture", "cullface": "west"},
				"west": {"uv": [2, 16, 0, 14], "texture": "#texture", "cullface": "west"},
				"up": {"uv": [2, 16, 0, 14], "texture": "#texture", "cullface": "west"},
				"down": {"uv": [0, 14, 2, 16], "texture": "#texture", "cullface": "west"}
			}
		},
		{
			"from": [0.275, 9.275, 8.2],
			"to": [6.25, 9.675, 8.45],
			"faces": {
				"north": {"uv": [0, 16, 2, 14], "texture": "#texture", "cullface": "west"},
				"south": {"uv": [2, 16, 0, 15], "texture": "#texture", "cullface": "west"},
				"west": {"uv": [2, 16, 0, 14], "texture": "#texture", "cullface": "west"},
				"up": {"uv": [2, 16, 0, 14], "texture": "#texture", "cullface": "west"},
				"down": {"uv": [0, 14, 2, 16], "texture": "#texture", "cullface": "west"}
			}
		},
		{
			"from": [0.275, 9.275, 7.55],
			"to": [6.25, 9.675, 7.8],
			"faces": {
				"north": {"uv": [0, 16, 2, 14], "texture": "#texture", "cullface": "west"},
				"south": {"uv": [2, 16, 0, 15], "texture": "#texture", "cullface": "west"},
				"west": {"uv": [2, 16, 0, 14], "texture": "#texture", "cullface": "west"},
				"up": {"uv": [2, 16, 0, 14], "texture": "#texture", "cullface": "west"},
				"down": {"uv": [0, 14, 2, 16], "texture": "#texture", "cullface": "west"}
			}
		},
		{
			"from": [0.275, 9.675, 7.8],
			"to": [6.25, 9.925, 8.2],
			"faces": {
				"north": {"uv": [0, 16, 2, 14], "texture": "#texture", "cullface": "west"},
				"south": {"uv": [2, 16, 0, 15], "texture": "#texture", "cullface": "west"},
				"west": {"uv": [2, 16, 0, 14], "texture": "#texture", "cullface": "west"},
				"up": {"uv": [2, 16, 0, 14], "texture": "#texture", "cullface": "west"},
				"down": {"uv": [0, 14, 2, 16], "texture": "#texture", "cullface": "west"}
			}
		},
		{
			"from": [-2.25, 7.9, 7.8],
			"to": [6.25, 8.15, 8.2],
			"faces": {
				"north": {"uv": [0, 16, 2, 14], "texture": "#texture", "cullface": "west"},
				"south": {"uv": [2, 16, 0, 15], "texture": "#texture", "cullface": "west"},
				"west": {"uv": [2, 16, 0, 14], "texture": "#texture", "cullface": "west"},
				"up": {"uv": [2, 16, 0, 14], "texture": "#texture", "cullface": "west"},
				"down": {"uv": [0, 14, 2, 16], "texture": "#texture", "cullface": "west"}
			}
		},
		{
			"from": [-2.25, 8.15, 8.2],
			"to": [6.25, 8.55, 8.45],
			"faces": {
				"north": {"uv": [0, 16, 2, 14], "texture": "#texture", "cullface": "west"},
				"south": {"uv": [2, 16, 0, 15], "texture": "#texture", "cullface": "west"},
				"west": {"uv": [2, 16, 0, 14], "texture": "#texture", "cullface": "west"},
				"up": {"uv": [2, 16, 0, 14], "texture": "#texture", "cullface": "west"},
				"down": {"uv": [0, 14, 2, 16], "texture": "#texture", "cullface": "west"}
			}
		},
		{
			"from": [-2.25, 8.15, 7.55],
			"to": [6.25, 8.55, 7.8],
			"faces": {
				"north": {"uv": [0, 16, 2, 14], "texture": "#texture", "cullface": "west"},
				"south": {"uv": [2, 16, 0, 15], "texture": "#texture", "cullface": "west"},
				"west": {"uv": [2, 16, 0, 14], "texture": "#texture", "cullface": "west"},
				"up": {"uv": [2, 16, 0, 14], "texture": "#texture", "cullface": "west"},
				"down": {"uv": [0, 14, 2, 16], "texture": "#texture", "cullface": "west"}
			}
		},
		{
			"from": [-2.25, 8.55, 7.8],
			"to": [6.25, 8.8, 8.2],
			"faces": {
				"north": {"uv": [0, 16, 2, 14], "texture": "#texture", "cullface": "west"},
				"south": {"uv": [2, 16, 0, 15], "texture": "#texture", "cullface": "west"},
				"west": {"uv": [2, 16, 0, 14], "texture": "#texture", "cullface": "west"},
				"up": {"uv": [2, 16, 0, 14], "texture": "#texture", "cullface": "west"},
				"down": {"uv": [0, 14, 2, 16], "texture": "#texture", "cullface": "west"}
			}
		},
		{
			"from": [-4.95, 8.025, 7.825],
			"to": [3.05, 8.175, 8.175],
			"faces": {
				"north": {"uv": [0, 16, 2, 14], "texture": "#texture", "cullface": "west"},
				"south": {"uv": [2, 16, 0, 14], "texture": "#texture", "cullface": "west"},
				"west": {"uv": [2, 16, 0, 14], "texture": "#texture", "cullface": "west"},
				"up": {"uv": [2, 16, 0, 14], "texture": "#texture", "cullface": "west"},
				"down": {"uv": [0, 14, 2, 16], "texture": "#texture", "cullface": "west"}
			}
		},
		{
			"from": [-4.95, 8.175, 8.175],
			"to": [3.05, 8.525, 8.35],
			"faces": {
				"north": {"uv": [0, 16, 2, 14], "texture": "#texture", "cullface": "west"},
				"south": {"uv": [2, 16, 0, 14], "texture": "#texture", "cullface": "west"},
				"west": {"uv": [2, 16, 0, 14], "texture": "#texture", "cullface": "west"},
				"up": {"uv": [2, 16, 0, 14], "texture": "#texture", "cullface": "west"},
				"down": {"uv": [0, 14, 2, 16], "texture": "#texture", "cullface": "west"}
			}
		},
		{
			"from": [-4.95, 8.175, 7.65],
			"to": [3.05, 8.525, 7.825],
			"faces": {
				"north": {"uv": [0, 16, 2, 14], "texture": "#texture", "cullface": "west"},
				"south": {"uv": [2, 16, 0, 14], "texture": "#texture", "cullface": "west"},
				"west": {"uv": [2, 16, 0, 14], "texture": "#texture", "cullface": "west"},
				"up": {"uv": [2, 16, 0, 14], "texture": "#texture", "cullface": "west"},
				"down": {"uv": [0, 14, 2, 16], "texture": "#texture", "cullface": "west"}
			}
		},
		{
			"from": [-4.95, 8.525, 7.825],
			"to": [3.05, 8.7, 8.175],
			"faces": {
				"north": {"uv": [0, 16, 2, 14], "texture": "#texture", "cullface": "west"},
				"south": {"uv": [2, 16, 0, 14], "texture": "#texture", "cullface": "west"},
				"west": {"uv": [2, 16, 0, 14], "texture": "#texture", "cullface": "west"},
				"up": {"uv": [2, 16, 0, 14], "texture": "#texture", "cullface": "west"},
				"down": {"uv": [0, 14, 2, 16], "texture": "#texture", "cullface": "west"}
			}
		},
		{
			"from": [-1.5, 7.85, 7.5],
			"to": [-0.3, 8.85, 8.5],
			"faces": {
				"north": {"uv": [16, 7.25, 15, 8.25], "texture": "#texture", "cullface": "west"},
				"east": {"uv": [7.5, 6.75, 8.5, 7.75], "texture": "#texture", "cullface": "west"},
				"south": {"uv": [0, 6.75, 1, 7.75], "texture": "#texture", "cullface": "west"},
				"west": {"uv": [7.5, 6.75, 8.5, 7.75], "texture": "#texture", "cullface": "west"},
				"up": {"uv": [0, 7.5, 1, 8.5], "texture": "#texture", "cullface": "west"},
				"down": {"uv": [16, 9, 15, 8], "texture": "#texture", "cullface": "west"}
			}
		},
		{
			"from": [-0.375, 8.8, 7.5],
			"to": [0.4, 9.975, 8.5],
			"faces": {
				"north": {"uv": [16, 7.25, 15, 8.25], "texture": "#texture", "cullface": "west"},
				"east": {"uv": [7.5, 6.75, 8.5, 7.75], "texture": "#texture", "cullface": "west"},
				"south": {"uv": [0, 6.75, 1, 7.75], "texture": "#texture", "cullface": "west"},
				"west": {"uv": [7.5, 6.75, 8.5, 7.75], "texture": "#texture", "cullface": "west"},
				"up": {"uv": [0, 7.5, 1, 8.5], "texture": "#texture", "cullface": "west"},
				"down": {"uv": [16, 9, 15, 8], "texture": "#texture", "cullface": "west"}
			}
		},
		{
			"from": [-0.625, 8.8, 7.625],
			"to": [-0.3, 10.175, 8.375],
			"faces": {
				"north": {"uv": [16, 6, 15, 6.75], "texture": "#texture", "cullface": "west"},
				"east": {"uv": [7.75, 6, 8.25, 6.75], "texture": "#texture", "cullface": "west"},
				"south": {"uv": [0, 6, 1, 6.75], "texture": "#texture", "cullface": "west"},
				"west": {"uv": [7.75, 6, 8.25, 6.75], "texture": "#texture", "cullface": "west"},
				"up": {"uv": [0, 7.75, 1, 8.25], "texture": "#texture", "cullface": "west"}
			}
		},
		{
			"from": [-4.75, 7.575, 7.75],
			"to": [-4.5, 9.05, 8.25],
			"rotation": {"angle": -22.5, "axis": "z", "origin": [0, 0, 0]},
			"faces": {
				"north": {"uv": [15, 7, 16, 7.75], "texture": "#texture", "cullface": "west"},
				"east": {"uv": [7.75, 6, 8.25, 6.75], "texture": "#texture", "cullface": "west"},
				"south": {"uv": [0, 6, 1, 6.75], "texture": "#texture", "cullface": "west"},
				"west": {"uv": [7.75, 6, 8.25, 6.75], "texture": "#texture", "cullface": "west"},
				"up": {"uv": [0, 7.75, 1, 8.25], "texture": "#texture", "cullface": "west"}
			}
		},
		{
			"from": [-0.925, 9.925, 7.7],
			"to": [-0.625, 10.175, 8.3],
			"faces": {
				"north": {"uv": [15, 7, 16, 7.75], "texture": "#texture", "cullface": "west"},
				"east": {"uv": [7.75, 6, 8.25, 6.75], "texture": "#texture", "cullface": "west"},
				"south": {"uv": [0, 6, 1, 6.75], "texture": "#texture", "cullface": "west"},
				"west": {"uv": [7.75, 6, 8.25, 6.75], "texture": "#texture", "cullface": "west"},
				"up": {"uv": [0, 7.75, 1, 8.25], "texture": "#texture", "cullface": "west"}
			}
		},
		{
			"from": [-0.825, 9.975, 7.925],
			"to": [-0.65, 11.175, 8.075],
			"faces": {
				"north": {"uv": [4, 16, 5, 15], "texture": "#texture", "cullface": "west"},
				"east": {"uv": [4, 16, 5, 15], "texture": "#texture", "cullface": "west"},
				"south": {"uv": [4, 16, 5, 15], "texture": "#texture", "cullface": "west"},
				"west": {"uv": [4, 16, 5, 15], "texture": "#texture", "cullface": "west"},
				"up": {"uv": [4, 16, 5, 15], "texture": "#texture", "cullface": "west"}
			}
		},
		{
			"from": [14.35, 4.775, 7.75],
			"to": [14.475, 5.95, 8.25],
			"rotation": {"angle": 22.5, "axis": "z", "origin": [-0.075, 0.3, 0]},
			"faces": {
				"north": {"uv": [4, 16, 5, 15], "texture": "#texture", "cullface": "west"},
				"east": {"uv": [4, 16, 5, 15], "texture": "#texture", "cullface": "west"},
				"south": {"uv": [4, 16, 5, 15], "texture": "#texture", "cullface": "west"},
				"west": {"uv": [4, 16, 5, 15], "texture": "#texture", "cullface": "west"},
				"up": {"uv": [4, 16, 5, 15], "texture": "#texture", "cullface": "west"}
			}
		},
		{
			"from": [6.075, 13.35, 7.75],
			"to": [6.2, 14.525, 8.25],
			"rotation": {"angle": -22.5, "axis": "z", "origin": [-0.075, 0.3, 0]},
			"faces": {
				"north": {"uv": [4, 16, 5, 15], "texture": "#texture", "cullface": "west"},
				"east": {"uv": [4, 16, 5, 15], "texture": "#texture", "cullface": "west"},
				"south": {"uv": [4, 16, 5, 15], "texture": "#texture", "cullface": "west"},
				"west": {"uv": [4, 16, 5, 15], "texture": "#texture", "cullface": "west"},
				"up": {"uv": [4, 16, 5, 15], "texture": "#texture", "cullface": "west"}
			}
		},
		{
			"from": [6.25, 9.5, 7.625],
			"to": [18.075, 10, 8.375],
			"faces": {
				"north": {"uv": [0, 16, 4, 14], "texture": "#texture", "cullface": "east"},
				"east": {"uv": [0, 16, 4, 14], "texture": "#texture", "cullface": "east"},
				"south": {"uv": [0, 14, 4, 12], "texture": "#texture", "cullface": "east"},
				"west": {"uv": [0, 16, 4, 14], "texture": "#texture"},
				"up": {"uv": [0, 16, 4, 14], "texture": "#texture", "cullface": "east"}
			}
		},
		{
			"from": [6.25, 9.225, 7.5],
			"to": [18.175, 9.55, 8.5],
			"faces": {
				"north": {"uv": [0, 15, 4, 14], "texture": "#texture", "cullface": "east"},
				"east": {"uv": [0, 15, 4, 14], "texture": "#texture", "cullface": "east"},
				"south": {"uv": [0, 15, 4, 14], "texture": "#texture", "cullface": "east"},
				"west": {"uv": [0, 15, 4, 14], "texture": "#texture"},
				"up": {"uv": [0, 15, 4, 14], "texture": "#texture", "cullface": "east"}
			}
		},
		{
			"from": [6.25, 7.85, 7.375],
			"to": [18.5, 8.9, 8.625],
			"faces": {
				"north": {"uv": [6, 15, 10, 13], "texture": "#texture", "cullface": "east"},
				"east": {"uv": [6, 15, 10, 13], "texture": "#texture", "cullface": "east"},
				"south": {"uv": [6, 15, 10, 13], "texture": "#texture", "cullface": "east"},
				"west": {"uv": [6, 15, 10, 13], "texture": "#texture", "cullface": "east"},
				"up": {"uv": [6, 15, 10, 13], "texture": "#texture", "cullface": "east"},
				"down": {"uv": [6, 15, 10, 13], "texture": "#texture", "cullface": "east"}
			}
		},
		{
			"from": [6.25, 7.5, 7.2],
			"to": [18.5, 7.85, 8.8],
			"faces": {
				"north": {"uv": [0, 16, 4, 14], "texture": "#texture", "cullface": "east"},
				"east": {"uv": [0, 16, 4, 14], "texture": "#texture", "cullface": "east"},
				"south": {"uv": [0, 16, 4, 14], "texture": "#texture", "cullface": "east"},
				"west": {"uv": [0, 16, 4, 14], "texture": "#texture", "cullface": "east"},
				"up": {"uv": [0, 16, 4, 14], "texture": "#texture", "cullface": "east"},
				"down": {"uv": [0, 16, 4, 14], "texture": "#texture", "cullface": "east"}
			}
		},
		{
			"from": [15, 6.05, 7.625],
			"to": [16, 6.3, 8.375],
			"rotation": {"angle": 0, "axis": "y", "origin": [0.1, 0, 0]},
			"faces": {
				"north": {"uv": [0.25, 9.75, 2, 10], "texture": "#texture"},
				"east": {"uv": [7.5, 9.75, 8.5, 10], "texture": "#texture"},
				"south": {"uv": [14, 9.75, 15.75, 10], "texture": "#texture"},
				"west": {"uv": [7.5, 9.75, 8.5, 10], "texture": "#texture"},
				"up": {"uv": [14, 7.5, 15.75, 8.5], "texture": "#texture"},
				"down": {"uv": [2, 8.5, 0.25, 7.5], "texture": "#texture"}
			}
		},
		{
			"from": [13.85, 5.8, 7.625],
			"to": [15, 6.05, 8.375],
			"rotation": {"angle": 0, "axis": "y", "origin": [0.1, 0, 0]},
			"faces": {
				"north": {"uv": [0.25, 9.75, 2, 10], "texture": "#texture"},
				"east": {"uv": [7.5, 9.75, 8.5, 10], "texture": "#texture"},
				"south": {"uv": [14, 9.75, 15.75, 10], "texture": "#texture"},
				"west": {"uv": [7.5, 9.75, 8.5, 10], "texture": "#texture"},
				"up": {"uv": [14, 7.5, 15.75, 8.5], "texture": "#texture"},
				"down": {"uv": [2, 8.5, 0.25, 7.5], "texture": "#texture"}
			}
		},
		{
			"from": [13.6, 6.625, 7.625],
			"to": [13.85, 7.5, 8.375],
			"rotation": {"angle": 0, "axis": "y", "origin": [0.1, 0, 0]},
			"faces": {
				"north": {"uv": [0, 8.5, 0.25, 9.75], "texture": "#texture"},
				"east": {"uv": [7.5, 8.5, 8.5, 9.75], "texture": "#texture", "cullface": "east"},
				"south": {"uv": [15.75, 8.5, 16, 9.75], "texture": "#texture"},
				"west": {"uv": [7.5, 8.5, 8.5, 9.75], "texture": "#texture"},
				"down": {"uv": [0.25, 8.5, 0, 7.5], "texture": "#texture"}
			}
		},
		{
			"from": [13.85, 6.05, 7.625],
			"to": [14.1, 6.625, 8.375],
			"rotation": {"angle": 0, "axis": "y", "origin": [0.1, 0, 0]},
			"faces": {
				"north": {"uv": [0, 8.5, 0.25, 9.75], "texture": "#texture"},
				"east": {"uv": [7.5, 8.5, 8.5, 9.75], "texture": "#texture", "cullface": "east"},
				"south": {"uv": [15.75, 8.5, 16, 9.75], "texture": "#texture"},
				"west": {"uv": [7.5, 8.5, 8.5, 9.75], "texture": "#texture"},
				"down": {"uv": [0.25, 8.5, 0, 7.5], "texture": "#texture"}
			}
		},
		{
			"from": [12.6, 6.45, 7.5],
			"to": [13.3, 7.5, 8.5],
			"faces": {
				"north": {"uv": [0, 8.5, 0.25, 9.75], "texture": "#texture"},
				"east": {"uv": [7.5, 8.5, 8.5, 9.75], "texture": "#texture", "cullface": "east"},
				"south": {"uv": [15.75, 8.5, 16, 9.75], "texture": "#texture"},
				"west": {"uv": [7.5, 8.5, 8.5, 9.75], "texture": "#texture"},
				"down": {"uv": [0.25, 8.5, 0, 7.5], "texture": "#texture"}
			}
		},
		{
			"from": [13.1, 5.65, 7.5],
			"to": [13.3, 6.45, 8.5],
			"faces": {
				"north": {"uv": [0, 8.5, 0.25, 9.75], "texture": "#texture"},
				"east": {"uv": [7.5, 8.5, 8.5, 9.75], "texture": "#texture", "cullface": "east"},
				"south": {"uv": [15.75, 8.5, 16, 9.75], "texture": "#texture"},
				"west": {"uv": [7.5, 8.5, 8.5, 9.75], "texture": "#texture"},
				"down": {"uv": [0.25, 8.5, 0, 7.5], "texture": "#texture"}
			}
		},
		{
			"from": [16, 6.05, 7.625],
			"to": [18, 7.25, 8.375],
			"faces": {
				"north": {"uv": [16, 12, 15, 11], "texture": "#wood door texture", "cullface": "east"},
				"east": {"uv": [16, 12, 15, 11], "texture": "#wood door texture", "cullface": "east"},
				"south": {"uv": [16, 12, 15, 11], "texture": "#wood door texture", "cullface": "east"},
				"west": {"uv": [15, 11, 16, 12], "texture": "#wood door texture"},
				"up": {"uv": [15, 11, 16, 12], "texture": "#wood door texture"},
				"down": {"uv": [16, 12, 15, 11], "texture": "#wood door texture", "cullface": "east"}
			}
		},
		{
			"from": [17.35, -4.05, 7.625],
			"to": [19.1, -0.25, 8.375],
			"rotation": {"angle": 22.5, "axis": "z", "origin": [0, 0, 0]},
			"faces": {
				"north": {"uv": [16, 12, 15, 11], "rotation": 270, "texture": "#wood door texture", "cullface": "east"},
				"east": {"uv": [16, 12, 15, 11], "rotation": 90, "texture": "#wood door texture"},
				"south": {"uv": [16, 12, 15, 11], "rotation": 90, "texture": "#wood door texture", "cullface": "east"},
				"west": {"uv": [16, 12, 15, 11], "rotation": 90, "texture": "#wood door texture", "cullface": "east"},
				"up": {"uv": [16, 12, 15, 11], "rotation": 90, "texture": "#wood door texture"},
				"down": {"uv": [16, 12, 15, 11], "rotation": 90, "texture": "#wood door texture", "cullface": "east"}
			}
		},
		{
			"from": [2.9, 7, 7.525],
			"to": [5.9, 9.775, 8.475],
			"rotation": {"angle": -45, "axis": "z", "origin": [0.125, -1.25, 0]},
			"faces": {
				"north": {"uv": [0.2, 8.2, 6.8, 8.7], "texture": "#wood door texture", "cullface": "east"},
				"east": {"uv": [6.1, 8.1, 6.7, 8.8], "texture": "#wood door texture", "cullface": "east"},
				"south": {"uv": [6.7, 8.1, 0, 8.8], "texture": "#wood door texture", "cullface": "east"},
				"west": {"uv": [6, 8, 7, 9], "texture": "#wood door texture"},
				"down": {"uv": [6.1, 8.9, 6.8, 8.1], "texture": "#wood door texture", "cullface": "east"}
			}
		},
		{
			"from": [6.5, 6.7, 7.525],
			"to": [9.7, 9.475, 8.475],
			"rotation": {"angle": -22.5, "axis": "z", "origin": [0.125, -1.25, 0]},
			"faces": {
				"north": {"uv": [0.2, 8.2, 6.8, 8.7], "texture": "#wood door texture", "cullface": "east"},
				"east": {"uv": [6.1, 8.1, 6.7, 8.8], "texture": "#wood door texture", "cullface": "east"},
				"south": {"uv": [6.7, 8.1, 0, 8.8], "texture": "#wood door texture", "cullface": "east"},
				"west": {"uv": [6, 8, 7, 9], "texture": "#wood door texture"},
				"down": {"uv": [6.1, 8.9, 6.8, 8.1], "texture": "#wood door texture", "cullface": "east"}
			}
		},
		{
			"from": [8.125, 6.4, 7.525],
			"to": [11.125, 8.175, 8.475],
			"rotation": {"angle": 0, "axis": "y", "origin": [-1.625, -0.85, 0]},
			"faces": {
				"north": {"uv": [0.2, 8.2, 6.8, 8.7], "texture": "#wood door texture", "cullface": "east"},
				"east": {"uv": [6.1, 8.1, 6.7, 8.8], "texture": "#wood door texture", "cullface": "east"},
				"south": {"uv": [6.7, 8.1, 0, 8.8], "texture": "#wood door texture", "cullface": "east"},
				"west": {"uv": [6, 8, 7, 9], "texture": "#wood door texture"},
				"down": {"uv": [6.1, 8.9, 6.8, 8.1], "texture": "#wood door texture", "cullface": "east"}
			}
		},
		{
			"from": [0, 9.9, 7.525],
			"to": [3, 11.675, 8.475],
			"rotation": {"angle": -45, "axis": "z", "origin": [-1.575, -0.85, 0]},
			"faces": {
				"north": {"uv": [0.2, 8.2, 6.8, 8.7], "texture": "#wood door texture", "cullface": "east"},
				"east": {"uv": [6.1, 8.1, 6.7, 8.8], "texture": "#wood door texture", "cullface": "east"},
				"south": {"uv": [6.7, 8.1, 0, 8.8], "texture": "#wood door texture", "cullface": "east"},
				"west": {"uv": [6, 8, 7, 9], "texture": "#wood door texture"},
				"down": {"uv": [6.1, 8.9, 6.8, 8.1], "texture": "#wood door texture", "cullface": "east"}
			}
		},
		{
			"from": [4.375, 8.95, 7.525],
			"to": [7.375, 10.725, 8.475],
			"rotation": {"angle": -22.5, "axis": "z", "origin": [-1.625, -0.85, 0]},
			"faces": {
				"north": {"uv": [0.2, 8.2, 6.8, 8.7], "texture": "#wood door texture", "cullface": "east"},
				"east": {"uv": [6.1, 8.1, 6.7, 8.8], "texture": "#wood door texture", "cullface": "east"},
				"south": {"uv": [6.7, 8.1, 0, 8.8], "texture": "#wood door texture", "cullface": "east"},
				"west": {"uv": [6, 8, 7, 9], "texture": "#wood door texture"},
				"down": {"uv": [6.1, 8.9, 6.8, 8.1], "texture": "#wood door texture", "cullface": "east"}
			}
		},
		{
			"from": [9.875, 5, 7.525],
			"to": [13.075, 7.775, 8.475],
			"rotation": {"angle": 0, "axis": "y", "origin": [0.125, -1.25, 0]},
			"faces": {
				"north": {"uv": [0.2, 8.2, 6.8, 8.7], "texture": "#wood door texture", "cullface": "east"},
				"east": {"uv": [6.1, 8.1, 6.7, 8.8], "texture": "#wood door texture", "cullface": "east"},
				"south": {"uv": [6.7, 8.1, 0, 8.8], "texture": "#wood door texture", "cullface": "east"},
				"west": {"uv": [6, 8, 7, 9], "texture": "#wood door texture"},
				"down": {"uv": [6.1, 8.9, 6.8, 8.1], "texture": "#wood door texture", "cullface": "east"}
			}
		},
		{
			"from": [17.15, -4.05, 7.625],
			"to": [17.5, -3.775, 8.375],
			"rotation": {"angle": 22.5, "axis": "z", "origin": [0, 0, 0]},
			"faces": {
				"north": {"uv": [16, 12, 15, 11], "rotation": 270, "texture": "#wood door texture", "cullface": "east"},
				"east": {"uv": [16, 12, 15, 11], "rotation": 90, "texture": "#wood door texture"},
				"south": {"uv": [16, 12, 15, 11], "rotation": 90, "texture": "#wood door texture", "cullface": "east"},
				"west": {"uv": [16, 12, 15, 11], "rotation": 90, "texture": "#wood door texture", "cullface": "east"},
				"up": {"uv": [16, 12, 15, 11], "rotation": 90, "texture": "#wood door texture"},
				"down": {"uv": [16, 12, 15, 11], "rotation": 90, "texture": "#wood door texture", "cullface": "east"}
			}
		},
		{
			"from": [16, 7.25, 7.6],
			"to": [18.25, 7.5, 8.4],
			"faces": {
				"north": {"uv": [16, 12.5, 15, 11.5], "texture": "#wood door texture", "cullface": "east"},
				"east": {"uv": [16, 12.5, 15, 11.5], "texture": "#wood door texture", "cullface": "east"},
				"south": {"uv": [16, 12.5, 15, 11.5], "texture": "#wood door texture", "cullface": "east"},
				"west": {"uv": [15, 11, 16, 12], "texture": "#wood door texture"},
				"up": {"uv": [15, 11, 16, 12], "texture": "#wood door texture"},
				"down": {"uv": [16, 12.5, 15, 11.5], "texture": "#wood door texture", "cullface": "east"}
			}
		},
		{
			"from": [15.45, 6.45, 7.875],
			"to": [15.7, 7.95, 8.125],
			"rotation": {"angle": -22.5, "axis": "z", "origin": [15.35, 8, 7.75]},
			"faces": {
				"north": {"uv": [0, 2, 0.25, 3.5], "texture": "#texture"},
				"east": {"uv": [7.5, 2, 8.5, 3.5], "texture": "#texture"},
				"south": {"uv": [15.75, 2, 16, 3.5], "texture": "#texture"},
				"west": {"uv": [7.5, 2, 8.5, 3.5], "texture": "#texture"},
				"up": {"uv": [15.75, 7.5, 16, 8.5], "texture": "#texture"},
				"down": {"uv": [0.25, 8.5, 0, 7.5], "texture": "#texture"}
			}
		},
		{
			"from": [6.25, 8.9, 7.5],
			"to": [18.325, 9.225, 8.5],
			"faces": {
				"north": {"uv": [0, 15, 4, 14], "texture": "#texture", "cullface": "east"},
				"east": {"uv": [0, 15, 4, 14], "texture": "#texture", "cullface": "east"},
				"south": {"uv": [0, 15, 4, 14], "texture": "#texture", "cullface": "east"},
				"west": {"uv": [0, 15, 4, 14], "texture": "#texture"},
				"up": {"uv": [0, 15, 4, 14], "texture": "#texture", "cullface": "east"}
			}
		},
		{
			"from": [18.5, 7.525, 8.45],
			"to": [25.425, 7.825, 8.75],
			"rotation": {"angle": 0, "axis": "y", "origin": [-0.95, 0.25, 0]},
			"faces": {
				"north": {"uv": [16, 12, 15, 11], "texture": "#texture", "cullface": "east"},
				"south": {"uv": [16, 12, 15, 11], "texture": "#texture", "cullface": "east"},
				"west": {"uv": [16, 12, 15, 11], "texture": "#texture", "cullface": "east"},
				"up": {"uv": [16, 12, 15, 11], "texture": "#texture", "cullface": "east"},
				"down": {"uv": [16, 12, 15, 11], "texture": "#texture"}
			}
		},
		{
			"from": [18.5, 7.525, 7.25],
			"to": [25.425, 7.825, 7.55],
			"rotation": {"angle": 0, "axis": "y", "origin": [-0.95, 0.25, 0]},
			"faces": {
				"north": {"uv": [16, 12, 15, 11], "texture": "#texture", "cullface": "east"},
				"south": {"uv": [16, 12, 15, 11], "texture": "#texture", "cullface": "east"},
				"west": {"uv": [16, 12, 15, 11], "texture": "#texture", "cullface": "east"},
				"up": {"uv": [16, 12, 15, 11], "texture": "#texture", "cullface": "east"},
				"down": {"uv": [16, 12, 15, 11], "texture": "#texture"}
			}
		},
		{
			"from": [25.425, 4.025, 7.425],
			"to": [25.725, 4.325, 8.6],
			"rotation": {"angle": 0, "axis": "y", "origin": [-0.7, 0.25, 0]},
			"faces": {
				"north": {"uv": [16, 12, 15, 11], "texture": "#texture", "cullface": "east"},
				"east": {"uv": [16, 12, 15, 11], "texture": "#texture", "cullface": "east"},
				"south": {"uv": [16, 12, 15, 11], "texture": "#texture", "cullface": "east"},
				"west": {"uv": [16, 12, 15, 11], "texture": "#texture", "cullface": "east"},
				"up": {"uv": [16, 12, 15, 11], "texture": "#texture", "cullface": "east"},
				"down": {"uv": [16, 12, 15, 11], "texture": "#texture", "cullface": "east"}
			}
		},
		{
			"from": [25.425, 4.275, 8.45],
			"to": [25.725, 7.825, 8.75],
			"rotation": {"angle": 0, "axis": "y", "origin": [-0.7, 0.25, 0]},
			"faces": {
				"north": {"uv": [16, 12, 15, 11], "texture": "#texture", "cullface": "east"},
				"east": {"uv": [16, 12, 15, 11], "texture": "#texture", "cullface": "east"},
				"south": {"uv": [16, 12, 15, 11], "texture": "#texture", "cullface": "east"},
				"west": {"uv": [16, 12, 15, 11], "texture": "#texture", "cullface": "east"},
				"up": {"uv": [16, 12, 15, 11], "texture": "#texture", "cullface": "east"},
				"down": {"uv": [16, 12, 15, 11], "texture": "#texture", "cullface": "east"}
			}
		},
		{
			"from": [25.425, 4.275, 7.25],
			"to": [25.725, 7.825, 7.55],
			"rotation": {"angle": 0, "axis": "y", "origin": [-0.7, 0.25, 0]},
			"faces": {
				"north": {"uv": [16, 12, 15, 11], "texture": "#texture", "cullface": "east"},
				"east": {"uv": [16, 12, 15, 11], "texture": "#texture", "cullface": "east"},
				"south": {"uv": [16, 12, 15, 11], "texture": "#texture", "cullface": "east"},
				"west": {"uv": [16, 12, 15, 11], "texture": "#texture", "cullface": "east"},
				"up": {"uv": [16, 12, 15, 11], "texture": "#texture", "cullface": "east"},
				"down": {"uv": [16, 12, 15, 11], "texture": "#texture", "cullface": "east"}
			}
		}
	],
	"gui_light": "front",
	"display": {
		"thirdperson_righthand": {
			"rotation": [0, -90, 0],
			"translation": [0, 0.5, -4.75],
			"scale": [0.8, 0.83, 0.8]
		},
		"thirdperson_lefthand": {
			"rotation": [0, 90, 0],
			"translation": [0, 0.5, -4.75],
			"scale": [0.8, 0.83, 0.8]
		},
		"firstperson_righthand": {
			"rotation": [0, -90, 0],
			"translation": [0, 2.5, -7],
			"scale": [1, 1.02, 1]
		},
		"firstperson_lefthand": {
			"rotation": [0, 90, 0],
			"translation": [0, 2.5, -7],
			"scale": [1, 1.02, 1]
		},
		"ground": {
			"translation": [-2.5, 3.75, 0],
			"scale": [0.92, 0.95, 0.92]
		},
		"gui": {
			"rotation": [0, 0, -45],
			"translation": [-1, 1.75, 0],
			"scale": [0.62, 0.65, 0.9]
		},
		"head": {
			"translation": [-3, 0, 0]
		},
		"fixed": {
			"rotation": [0, 180, -45],
			"translation": [1.5, 2.5, -1.1],
			"scale": [0.97, 1, 0.97]
		}
	}
}