{
	"credit": "Made by SrDarmith - YouTube: Mainclay",
	"textures": {
		"2": "itemm/hardened_clay_stained_green",
		"particle": "itemm/anvil_1",
		"texture": "itemm/anvil_1",
		"wood door texture": "itemm/door_wood_lower"
	},
	"elements": [
		{
			"from": [-13.75, 9.6, 7.75],
			"to": [7.25, 9.85, 8.25],
			"rotation": {"angle": 0, "axis": "y", "origin": [-0.5, 0, 0]},
			"faces": {
				"north": {"uv": [14.5, 6.75, 16, 7], "texture": "#texture", "cullface": "west"},
				"south": {"uv": [0, 6.75, 1.5, 7], "texture": "#texture", "cullface": "west"},
				"west": {"uv": [7.75, 6.75, 8.25, 7], "texture": "#texture", "cullface": "west"},
				"up": {"uv": [0, 7.75, 1.5, 8.25], "texture": "#texture", "cullface": "west"},
				"down": {"uv": [16, 8.25, 14.5, 7.75], "texture": "#texture", "cullface": "west"}
			}
		},
		{
			"from": [-3.5, 7.775, 7.5],
			"to": [5.75, 8.275, 8.5],
			"rotation": {"angle": 0, "axis": "y", "origin": [-0.5, 0, 0]},
			"faces": {
				"north": {"uv": [14.5, 7, 16, 7.5], "texture": "#texture", "cullface": "west"},
				"south": {"uv": [0, 7, 1.5, 7.5], "texture": "#texture", "cullface": "west"},
				"west": {"uv": [7.5, 7, 7.75, 7.5], "texture": "#texture", "cullface": "west"},
				"up": {"uv": [0, 7.5, 1.5, 7.75], "texture": "#texture", "cullface": "west"},
				"down": {"uv": [16, 7.75, 14.5, 7.5], "texture": "#texture", "cullface": "west"}
			}
		},
		{
			"from": [-3.5, 7.525, 7.75],
			"to": [5.75, 8.525, 8.25],
			"rotation": {"angle": 0, "axis": "y", "origin": [-0.5, 0, 0]},
			"faces": {
				"north": {"uv": [14.5, 6.75, 16, 7], "texture": "#texture", "cullface": "west"},
				"south": {"uv": [0, 6.75, 1.5, 7], "texture": "#texture", "cullface": "west"},
				"west": {"uv": [7.75, 6.75, 8.25, 7], "texture": "#texture", "cullface": "west"},
				"up": {"uv": [0, 7.75, 1.5, 8.25], "texture": "#texture", "cullface": "west"},
				"down": {"uv": [16, 8.25, 14.5, 7.75], "texture": "#texture", "cullface": "west"}
			}
		},
		{
			"from": [-11.75, 8.85, 7.5],
			"to": [-10.75, 9.85, 8.5],
			"rotation": {"angle": 0, "axis": "y", "origin": [-0.5, 0, 0]},
			"faces": {
				"north": {"uv": [16, 6.75, 15, 7.75], "texture": "#texture", "cullface": "west"},
				"east": {"uv": [7.5, 6.75, 8.5, 7.75], "texture": "#texture", "cullface": "west"},
				"south": {"uv": [0, 6.75, 1, 7.75], "texture": "#texture", "cullface": "west"},
				"west": {"uv": [7.5, 6.75, 8.5, 7.75], "texture": "#texture", "cullface": "west"},
				"up": {"uv": [0, 7.5, 1, 8.5], "texture": "#texture", "cullface": "west"},
				"down": {"uv": [16, 8.5, 15, 7.5], "texture": "#texture", "cullface": "west"}
			}
		},
		{
			"from": [-11.75, 8.975, 7.75],
			"to": [-10.75, 10.325, 8.25],
			"rotation": {"angle": 0, "axis": "y", "origin": [-0.5, 0, 0]},
			"faces": {
				"north": {"uv": [16, 6, 15, 6.75], "texture": "#texture", "cullface": "west"},
				"east": {"uv": [7.75, 6, 8.25, 6.75], "texture": "#texture", "cullface": "west"},
				"south": {"uv": [0, 6, 1, 6.75], "texture": "#texture", "cullface": "west"},
				"west": {"uv": [7.75, 6, 8.25, 6.75], "texture": "#texture", "cullface": "west"},
				"up": {"uv": [0, 7.75, 1, 8.25], "texture": "#texture", "cullface": "west"}
			}
		},
		{
			"from": [-0.375, 8.1, 7.5],
			"to": [0.625, 9.575, 8.5],
			"rotation": {"angle": 22.5, "axis": "z", "origin": [-0.5, 0, 0]},
			"faces": {
				"north": {"uv": [15, 7, 15, 7.75], "texture": "#texture", "cullface": "west"},
				"east": {"uv": [7.75, 6, 8.25, 6.75], "texture": "#texture", "cullface": "west"},
				"south": {"uv": [0, 8, 1, 8.75], "texture": "#texture", "cullface": "west"},
				"west": {"uv": [7.75, 6, 8.25, 6.75], "texture": "#texture", "cullface": "west"},
				"up": {"uv": [0, 7.75, 1, 8.25], "texture": "#texture", "cullface": "west"},
				"down": {"uv": [0, 0, 1, 0], "texture": "#texture"}
			}
		},
		{
			"from": [-11.75, 10.325, 7.75],
			"to": [-11, 10.925, 8.25],
			"rotation": {"angle": 0, "axis": "y", "origin": [-0.5, 0, 0]},
			"faces": {
				"north": {"uv": [16, 5.5, 15, 6], "texture": "#texture", "cullface": "west"},
				"east": {"uv": [7.75, 5.5, 8.25, 6], "texture": "#texture", "cullface": "west"},
				"south": {"uv": [0, 5.5, 1, 6], "texture": "#texture", "cullface": "west"},
				"west": {"uv": [7.75, 5.5, 8.25, 6], "texture": "#texture", "cullface": "west"},
				"up": {"uv": [0, 7.75, 1, 8.25], "texture": "#texture", "cullface": "west"}
			}
		},
		{
			"from": [-11.75, 11.175, 7.5],
			"to": [-11.25, 11.675, 7.75],
			"rotation": {"angle": 0, "axis": "y", "origin": [-0.5, 0, 0]},
			"faces": {
				"north": {"uv": [16, 5, 15, 5.5], "texture": "#texture", "cullface": "west"},
				"east": {"uv": [8.25, 5, 8.5, 5.5], "texture": "#texture", "cullface": "west"},
				"south": {"uv": [0, 5, 1, 5.5], "texture": "#texture", "cullface": "west"},
				"west": {"uv": [7.5, 5, 7.75, 5.5], "texture": "#texture", "cullface": "west"},
				"up": {"uv": [0, 7.5, 1, 7.75], "texture": "#texture", "cullface": "west"},
				"down": {"uv": [16, 7.75, 15, 7.5], "texture": "#texture", "cullface": "west"}
			}
		},
		{
			"from": [-11.75, 11.175, 8.25],
			"to": [-11.25, 11.675, 8.5],
			"rotation": {"angle": 0, "axis": "y", "origin": [-0.5, 0, 0]},
			"faces": {
				"north": {"uv": [16, 5, 15, 5.5], "texture": "#texture", "cullface": "west"},
				"east": {"uv": [7.5, 5, 7.75, 5.5], "texture": "#texture", "cullface": "west"},
				"south": {"uv": [0, 5, 1, 5.5], "texture": "#texture", "cullface": "west"},
				"west": {"uv": [8.25, 5, 8.5, 5.5], "texture": "#texture", "cullface": "west"},
				"up": {"uv": [0, 8.25, 1, 8.5], "texture": "#texture", "cullface": "west"},
				"down": {"uv": [16, 8.5, 15, 8.25], "texture": "#texture", "cullface": "west"}
			}
		},
		{
			"from": [-11.75, 11.675, 7.75],
			"to": [-11.25, 11.925, 8.25],
			"rotation": {"angle": 0, "axis": "y", "origin": [-0.5, 0, 0]},
			"faces": {
				"north": {"uv": [16, 4.75, 15, 5], "texture": "#texture", "cullface": "west"},
				"east": {"uv": [7.75, 4.75, 8.25, 5], "texture": "#texture", "cullface": "west"},
				"south": {"uv": [0, 4.75, 1, 5], "texture": "#texture", "cullface": "west"},
				"west": {"uv": [7.75, 4.75, 8.25, 5], "texture": "#texture", "cullface": "west"},
				"up": {"uv": [0, 7.75, 1, 8.25], "texture": "#texture", "cullface": "west"},
				"down": {"uv": [16, 8.25, 15, 7.75], "texture": "#texture", "cullface": "west"}
			}
		},
		{
			"from": [-11.75, 10.925, 7.75],
			"to": [-11.25, 11.175, 8.25],
			"rotation": {"angle": 0, "axis": "y", "origin": [-0.5, 0, 0]},
			"faces": {
				"north": {"uv": [16, 4.75, 15, 5], "texture": "#texture", "cullface": "west"},
				"east": {"uv": [7.75, 4.75, 8.25, 5], "texture": "#texture", "cullface": "west"},
				"south": {"uv": [0, 4.75, 1, 5], "texture": "#texture", "cullface": "west"},
				"west": {"uv": [7.75, 4.75, 8.25, 5], "texture": "#texture", "cullface": "west"},
				"up": {"uv": [0, 7.75, 1, 8.25], "texture": "#texture", "cullface": "west"},
				"down": {"uv": [16, 8.25, 15, 7.75], "texture": "#texture", "cullface": "west"}
			}
		},
		{
			"from": [-4.05, 8.85, 7.5],
			"to": [-3.025, 9.85, 8.5],
			"rotation": {"angle": 0, "axis": "y", "origin": [-0.25, 0, 0]},
			"faces": {
				"north": {"uv": [16, 6.75, 15, 7.75], "texture": "#texture", "cullface": "west"},
				"east": {"uv": [7.5, 6.75, 8.5, 7.75], "texture": "#texture", "cullface": "west"},
				"south": {"uv": [0, 6.75, 1, 7.75], "texture": "#texture", "cullface": "west"},
				"west": {"uv": [7.5, 6.75, 8.5, 7.75], "texture": "#texture", "cullface": "west"},
				"up": {"uv": [0, 7.5, 1, 8.5], "texture": "#texture", "cullface": "west"},
				"down": {"uv": [16, 8.5, 15, 7.5], "texture": "#texture", "cullface": "west"}
			}
		},
		{
			"from": [-3.475, 7.525, 7.5],
			"to": [-2.525, 8.525, 8.5],
			"rotation": {"angle": 0, "axis": "y", "origin": [-0.25, 0, 0]},
			"faces": {
				"north": {"uv": [16, 7.05, 15, 8.05], "texture": "#texture", "cullface": "west"},
				"east": {"uv": [7.5, 6.75, 8.5, 7.75], "texture": "#texture", "cullface": "west"},
				"south": {"uv": [0, 7.75, 1, 8.75], "texture": "#texture", "cullface": "west"},
				"west": {"uv": [7.5, 6.75, 8.5, 7.75], "texture": "#texture", "cullface": "west"},
				"up": {"uv": [0, 7.5, 1, 8.5], "texture": "#texture", "cullface": "west"},
				"down": {"uv": [16, 8.5, 15, 7.5], "texture": "#texture", "cullface": "west"}
			}
		},
		{
			"from": [2.95, 7.425, 7.45],
			"to": [5.725, 8.775, 8.575],
			"rotation": {"angle": 0, "axis": "y", "origin": [-0.5, 0, 0]},
			"faces": {
				"north": {"uv": [16, 6.75, 15, 7.75], "texture": "#texture", "cullface": "west"},
				"east": {"uv": [7.5, 6.75, 8.5, 7.75], "texture": "#texture", "cullface": "west"},
				"south": {"uv": [0, 6.75, 1, 7.75], "texture": "#texture", "cullface": "west"},
				"west": {"uv": [7.5, 6.75, 8.5, 7.75], "texture": "#texture", "cullface": "west"},
				"up": {"uv": [0, 7.5, 1, 8.5], "texture": "#texture", "cullface": "west"},
				"down": {"uv": [16, 8.5, 15, 7.5], "texture": "#texture", "cullface": "west"}
			}
		},
		{
			"from": [4.2, 8.825, 7.45],
			"to": [5.725, 9.9, 8.575],
			"rotation": {"angle": 0, "axis": "y", "origin": [-0.5, 0, 0]},
			"faces": {
				"north": {"uv": [16, 6.75, 15, 7.75], "texture": "#texture", "cullface": "west"},
				"east": {"uv": [7.5, 6.75, 8.5, 7.75], "texture": "#texture", "cullface": "west"},
				"south": {"uv": [0, 6.75, 1, 7.75], "texture": "#texture", "cullface": "west"},
				"west": {"uv": [7.5, 6.75, 8.5, 7.75], "texture": "#texture", "cullface": "west"},
				"up": {"uv": [0, 7.5, 1, 8.5], "texture": "#texture", "cullface": "west"},
				"down": {"uv": [16, 8.5, 15, 7.5], "texture": "#texture", "cullface": "west"}
			}
		},
		{
			"from": [13.5, 9.625, 7.075],
			"to": [15.5, 11.125, 8.925],
			"faces": {
				"north": {"uv": [8.25, 5.25, 10.25, 6.75], "texture": "#texture"},
				"east": {"uv": [7, 5.25, 9, 6.75], "texture": "#texture"},
				"south": {"uv": [5.75, 5.25, 7.75, 6.75], "texture": "#texture"},
				"west": {"uv": [7, 5.25, 9, 6.75], "texture": "#texture"},
				"up": {"uv": [5.75, 7, 7.75, 9], "texture": "#texture"}
			}
		},
		{
			"from": [8, 10.075, 7.25],
			"to": [13.75, 10.95, 8.75],
			"faces": {
				"north": {"uv": [8.25, 5.25, 10.25, 6.75], "texture": "#texture"},
				"east": {"uv": [7, 5.25, 9, 6.75], "texture": "#texture"},
				"south": {"uv": [5.75, 5.25, 7.75, 6.75], "texture": "#texture"},
				"west": {"uv": [7, 5.25, 9, 6.75], "texture": "#texture"},
				"up": {"uv": [5.75, 7, 7.75, 9], "texture": "#texture"}
			}
		},
		{
			"from": [5.45, 3.525, 12.075],
			"to": [6.225, 4.6, 12.45],
			"rotation": {"angle": -45, "axis": "x", "origin": [-0.5, 0, 0]},
			"faces": {
				"north": {"uv": [16, 6.75, 15, 7.75], "texture": "#texture", "cullface": "west"},
				"east": {"uv": [7.5, 6.75, 8.5, 7.75], "texture": "#texture", "cullface": "west"},
				"south": {"uv": [0, 6.75, 1, 7.75], "texture": "#texture", "cullface": "west"},
				"west": {"uv": [7.5, 6.75, 8.5, 7.75], "texture": "#texture", "cullface": "west"},
				"up": {"uv": [0, 7.5, 1, 8.5], "texture": "#texture", "cullface": "west"},
				"down": {"uv": [16, 8.5, 15, 7.5], "texture": "#texture", "cullface": "west"}
			}
		},
		{
			"from": [5.95, 4.6, 11.925],
			"to": [9.475, 5.475, 12.6],
			"rotation": {"angle": -45, "axis": "x", "origin": [-0.5, 0, 0]},
			"faces": {
				"north": {"uv": [15, 6.75, 16, 7.75], "texture": "#wood door texture", "cullface": "west"},
				"east": {"uv": [7.5, 6.75, 8.5, 7.75], "texture": "#wood door texture", "cullface": "west"},
				"south": {"uv": [1, 6.75, 0, 7.75], "texture": "#wood door texture", "cullface": "west"},
				"west": {"uv": [7.5, 6.75, 8.5, 7.75], "texture": "#wood door texture", "cullface": "west"},
				"up": {"uv": [1, 7.5, 0, 8.5], "texture": "#wood door texture", "cullface": "west"},
				"down": {"uv": [15, 8.5, 16, 7.5], "texture": "#wood door texture", "cullface": "west"}
			}
		},
		{
			"from": [4.95, 2.525, 12.075],
			"to": [5.725, 3.6, 12.45],
			"rotation": {"angle": -45, "axis": "x", "origin": [-0.5, 0, 0]},
			"faces": {
				"north": {"uv": [16, 6.75, 15, 7.75], "texture": "#texture", "cullface": "west"},
				"east": {"uv": [7.5, 6.75, 8.5, 7.75], "texture": "#texture", "cullface": "west"},
				"south": {"uv": [0, 6.75, 1, 7.75], "texture": "#texture", "cullface": "west"},
				"west": {"uv": [7.5, 6.75, 8.5, 7.75], "texture": "#texture", "cullface": "west"},
				"up": {"uv": [0, 7.5, 1, 8.5], "texture": "#texture", "cullface": "west"},
				"down": {"uv": [16, 8.5, 15, 7.5], "texture": "#texture", "cullface": "west"}
			}
		},
		{
			"from": [4.45, 1.525, 12.075],
			"to": [5.225, 2.6, 12.45],
			"rotation": {"angle": -45, "axis": "x", "origin": [-0.5, 0, 0]},
			"faces": {
				"north": {"uv": [16, 6.75, 15, 7.75], "texture": "#texture", "cullface": "west"},
				"east": {"uv": [7.5, 6.75, 8.5, 7.75], "texture": "#texture", "cullface": "west"},
				"south": {"uv": [0, 6.75, 1, 7.75], "texture": "#texture", "cullface": "west"},
				"west": {"uv": [7.5, 6.75, 8.5, 7.75], "texture": "#texture", "cullface": "west"},
				"up": {"uv": [0, 7.5, 1, 8.5], "texture": "#texture", "cullface": "west"},
				"down": {"uv": [16, 8.5, 15, 7.5], "texture": "#texture", "cullface": "west"}
			}
		},
		{
			"from": [8.25, 10.625, 6.625],
			"to": [11.25, 10.925, 7.875],
			"faces": {
				"north": {"uv": [8.25, 5.25, 10.25, 6.75], "texture": "#texture"},
				"east": {"uv": [7, 5.25, 9, 6.75], "texture": "#texture"},
				"south": {"uv": [5.75, 5.25, 7.75, 6.75], "texture": "#texture"},
				"west": {"uv": [7, 5.25, 9, 6.75], "texture": "#texture"},
				"up": {"uv": [5.75, 7, 7.75, 9], "texture": "#texture"},
				"down": {"uv": [6, 7, 7, 8], "texture": "#texture"}
			}
		},
		{
			"from": [8.25, 9.8, 6.625],
			"to": [11.25, 10.1, 7.875],
			"faces": {
				"north": {"uv": [8.25, 5.25, 10.25, 6.75], "texture": "#texture"},
				"east": {"uv": [7, 5.25, 9, 6.75], "texture": "#texture"},
				"south": {"uv": [5.75, 5.25, 7.75, 6.75], "texture": "#texture"},
				"west": {"uv": [7, 5.25, 9, 6.75], "texture": "#texture"},
				"up": {"uv": [5.75, 7, 7.75, 9], "texture": "#texture"},
				"down": {"uv": [6, 7, 7, 8], "texture": "#texture"}
			}
		},
		{
			"from": [11.25, 9.8, 6.625],
			"to": [11.5, 10.925, 7.875],
			"faces": {
				"north": {"uv": [8.25, 5.25, 10.25, 6.75], "texture": "#texture"},
				"east": {"uv": [7, 5.25, 9, 6.75], "texture": "#texture"},
				"south": {"uv": [5.75, 5.25, 7.75, 6.75], "texture": "#texture"},
				"west": {"uv": [7, 5.25, 9, 6.75], "texture": "#texture"},
				"up": {"uv": [5.75, 7, 7.75, 9], "texture": "#texture"},
				"down": {"uv": [6, 7, 7, 8], "texture": "#texture"}
			}
		},
		{
			"from": [8, 9.8, 6.625],
			"to": [8.25, 10.925, 7.875],
			"faces": {
				"north": {"uv": [8.25, 5.25, 10.25, 6.75], "texture": "#texture"},
				"east": {"uv": [7, 5.25, 9, 6.75], "texture": "#texture"},
				"south": {"uv": [5.75, 5.25, 7.75, 6.75], "texture": "#texture"},
				"west": {"uv": [7, 5.25, 9, 6.75], "texture": "#texture"},
				"up": {"uv": [5.75, 7, 7.75, 9], "texture": "#texture"},
				"down": {"uv": [6, 7, 7, 8], "texture": "#texture"}
			}
		},
		{
			"from": [7.5, 10, 7],
			"to": [13.75, 10.7, 9],
			"faces": {
				"north": {"uv": [8.25, 5.25, 10.25, 6.75], "texture": "#texture"},
				"east": {"uv": [7, 5.25, 9, 6.75], "texture": "#texture"},
				"south": {"uv": [5.75, 5.25, 7.75, 6.75], "texture": "#texture"},
				"west": {"uv": [7, 5.25, 9, 6.75], "texture": "#texture"},
				"up": {"uv": [5.75, 7, 7.75, 9], "texture": "#texture"}
			}
		},
		{
			"from": [15.25, 10.25, 7.25],
			"to": [18.25, 10.5, 8.75],
			"faces": {
				"north": {"uv": [0, 6.25, 8.25, 6.5], "texture": "#texture", "cullface": "east"},
				"east": {"uv": [7.25, 6.25, 8.75, 6.5], "texture": "#texture", "cullface": "east"},
				"south": {"uv": [7.75, 6.25, 16, 6.5], "texture": "#texture", "cullface": "east"},
				"up": {"uv": [7.75, 7.25, 16, 8.75], "texture": "#texture", "cullface": "east"}
			}
		},
		{
			"from": [15.25, 10.5, 7.5],
			"to": [18, 10.75, 8.5],
			"faces": {
				"north": {"uv": [0, 6.25, 8.25, 6.5], "texture": "#texture", "cullface": "east"},
				"east": {"uv": [7.25, 6.25, 8.75, 6.5], "texture": "#texture", "cullface": "east"},
				"south": {"uv": [7.75, 6.25, 16, 6.5], "texture": "#texture", "cullface": "east"},
				"up": {"uv": [7.75, 7.25, 16, 8.75], "texture": "#texture", "cullface": "east"}
			}
		},
		{
			"from": [5.75, 7.5, 7],
			"to": [18.75, 10, 9],
			"faces": {
				"north": {"uv": [0, 6.75, 8.25, 8.5], "texture": "#texture", "cullface": "east"},
				"east": {"uv": [7, 6.75, 9, 8.5], "texture": "#texture", "cullface": "east"},
				"south": {"uv": [7.75, 6.75, 16, 8.5], "texture": "#texture", "cullface": "east"},
				"west": {"uv": [7, 6.75, 9, 8.5], "texture": "#texture", "cullface": "east"},
				"up": {"uv": [7.75, 7, 16, 9], "texture": "#texture", "cullface": "east"},
				"down": {"uv": [8.25, 9, 0, 7], "texture": "#texture", "cullface": "east"}
			}
		},
		{
			"from": [-13.75, 9.1, 7.5],
			"to": [7.25, 9.6, 7.75],
			"rotation": {"angle": 0, "axis": "y", "origin": [-0.5, 0, 0]},
			"faces": {
				"north": {"uv": [14.5, 7, 16, 7.5], "texture": "#texture", "cullface": "west"},
				"south": {"uv": [0, 7, 1.5, 7.5], "texture": "#texture", "cullface": "west"},
				"west": {"uv": [7.5, 7, 7.75, 7.5], "texture": "#texture", "cullface": "west"},
				"up": {"uv": [0, 7.5, 1.5, 7.75], "texture": "#texture", "cullface": "west"},
				"down": {"uv": [16, 7.75, 14.5, 7.5], "texture": "#texture", "cullface": "west"}
			}
		},
		{
			"from": [-13.75, 9.1, 8.25],
			"to": [7.25, 9.6, 8.5],
			"rotation": {"angle": 0, "axis": "y", "origin": [-0.5, 0, 0]},
			"faces": {
				"north": {"uv": [14.5, 7, 16, 7.5], "texture": "#texture", "cullface": "west"},
				"south": {"uv": [0, 7, 1.5, 7.5], "texture": "#texture", "cullface": "west"},
				"west": {"uv": [8.25, 7, 8.5, 7.5], "texture": "#texture", "cullface": "west"},
				"up": {"uv": [0, 8.25, 1.5, 8.5], "texture": "#texture", "cullface": "west"},
				"down": {"uv": [16, 8.5, 14.5, 8.25], "texture": "#texture", "cullface": "west"}
			}
		},
		{
			"from": [-13.75, 8.85, 7.75],
			"to": [7.25, 9.1, 8.25],
			"rotation": {"angle": 0, "axis": "y", "origin": [-0.5, 0, 0]},
			"faces": {
				"north": {"uv": [14.5, 7.5, 16, 7.75], "texture": "#texture", "cullface": "west"},
				"south": {"uv": [0, 7.5, 1.5, 7.75], "texture": "#texture", "cullface": "west"},
				"west": {"uv": [7.75, 7.5, 8.25, 7.75], "texture": "#texture", "cullface": "west"},
				"up": {"uv": [0, 7.75, 1.5, 8.25], "texture": "#texture", "cullface": "west"},
				"down": {"uv": [16, 8.25, 14.5, 7.75], "texture": "#texture", "cullface": "west"}
			}
		},
		{
			"from": [13, 7.25, 7.275],
			"to": [15.525, 7.5, 8.725],
			"faces": {
				"north": {"uv": [3.25, 8.5, 6, 10.75], "texture": "#texture"},
				"east": {"uv": [7.25, 8.5, 8.75, 10.75], "texture": "#texture"},
				"south": {"uv": [10, 8.5, 12.75, 10.75], "texture": "#texture"},
				"west": {"uv": [7.25, 8.5, 8.75, 10.75], "texture": "#texture"},
				"down": {"uv": [6, 8.75, 3.25, 7.25], "texture": "#texture"}
			}
		},
		{
			"from": [8.325, 7, 7.275],
			"to": [10.85, 7.75, 8.725],
			"faces": {
				"north": {"uv": [3.25, 8.5, 6, 10.75], "texture": "#2"},
				"east": {"uv": [7.25, 8.5, 8.75, 10.75], "texture": "#2"},
				"south": {"uv": [10, 8.5, 12.75, 10.75], "texture": "#2"},
				"west": {"uv": [7.25, 8.5, 8.75, 10.75], "texture": "#2"},
				"down": {"uv": [6, 8.75, 3.25, 7.25], "texture": "#2"}
			}
		},
		{
			"from": [13.25, 6, 7.5],
			"to": [13.5, 6.25, 8.5],
			"rotation": {"angle": 0, "axis": "y", "origin": [-0.5, -0.25, 0]},
			"faces": {
				"north": {"uv": [1.75, 9.5, 2.25, 9.75], "texture": "#texture"},
				"east": {"uv": [7.5, 9.5, 8.5, 9.75], "texture": "#texture"},
				"south": {"uv": [13.75, 9.5, 14.25, 9.75], "texture": "#texture"},
				"up": {"uv": [13.75, 7.5, 14.25, 8.5], "texture": "#texture"},
				"down": {"uv": [2.25, 8.5, 1.75, 7.5], "texture": "#texture"}
			}
		},
		{
			"from": [13.25, 5.75, 7.5],
			"to": [15.25, 6, 8.5],
			"rotation": {"angle": 0, "axis": "y", "origin": [-0.5, -0.25, 0]},
			"faces": {
				"north": {"uv": [0.25, 9.75, 2, 10], "texture": "#texture"},
				"east": {"uv": [7.5, 9.75, 8.5, 10], "texture": "#texture"},
				"south": {"uv": [14, 9.75, 15.75, 10], "texture": "#texture"},
				"west": {"uv": [7.5, 9.75, 8.5, 10], "texture": "#texture"},
				"up": {"uv": [14, 7.5, 15.75, 8.5], "texture": "#texture"},
				"down": {"uv": [2, 8.5, 0.25, 7.5], "texture": "#texture"}
			}
		},
		{
			"from": [15.25, 6, 7.5],
			"to": [15.5, 7.25, 8.5],
			"rotation": {"angle": 0, "axis": "y", "origin": [-0.5, -0.25, 0]},
			"faces": {
				"north": {"uv": [0, 8.5, 0.25, 9.75], "texture": "#texture"},
				"east": {"uv": [7.5, 8.5, 8.5, 9.75], "texture": "#texture", "cullface": "east"},
				"south": {"uv": [15.75, 8.5, 16, 9.75], "texture": "#texture"},
				"west": {"uv": [7.5, 8.5, 8.5, 9.75], "texture": "#texture"},
				"down": {"uv": [0.25, 8.5, 0, 7.5], "texture": "#texture"}
			}
		},
		{
			"from": [13, 6, 7.5],
			"to": [13.25, 7.25, 8.5],
			"rotation": {"angle": 0, "axis": "y", "origin": [-0.5, -0.25, 0]},
			"faces": {
				"north": {"uv": [0, 8.5, 0.25, 9.75], "texture": "#texture"},
				"east": {"uv": [7.5, 8.5, 8.5, 9.75], "texture": "#texture", "cullface": "east"},
				"south": {"uv": [15.75, 8.5, 16, 9.75], "texture": "#texture"},
				"west": {"uv": [7.5, 8.5, 8.5, 9.75], "texture": "#texture"},
				"down": {"uv": [0.25, 8.5, 0, 7.5], "texture": "#texture"}
			}
		},
		{
			"from": [16, 6.25, 7.5],
			"to": [18, 7.5, 8.5],
			"faces": {
				"north": {"uv": [0, 8.5, 1, 9.5], "texture": "#wood door texture", "cullface": "east"},
				"east": {"uv": [7.5, 8.5, 8.5, 9.5], "texture": "#wood door texture", "cullface": "east"},
				"south": {"uv": [16, 8.5, 15, 9.5], "texture": "#wood door texture", "cullface": "east"},
				"west": {"uv": [0, 8, 1, 9], "texture": "#wood door texture"},
				"down": {"uv": [0, 8.5, 1, 7.5], "texture": "#wood door texture", "cullface": "east"}
			}
		},
		{
			"from": [15.5, 6.75, 7.5],
			"to": [16, 7.5, 8.5],
			"faces": {
				"north": {"uv": [0, 8.5, 1, 9.5], "texture": "#wood door texture", "cullface": "east"},
				"east": {"uv": [7.5, 8.5, 8.5, 9.5], "texture": "#wood door texture", "cullface": "east"},
				"south": {"uv": [16, 8.5, 15, 9.5], "texture": "#wood door texture", "cullface": "east"},
				"down": {"uv": [0, 8.5, 1, 7.5], "texture": "#wood door texture", "cullface": "east"}
			}
		},
		{
			"from": [16.25, 5.25, 7.5],
			"to": [18.25, 6.25, 8.5],
			"faces": {
				"north": {"uv": [0, 9.5, 1, 10.75], "texture": "#wood door texture", "cullface": "east"},
				"east": {"uv": [7.5, 9.5, 8.5, 10.75], "texture": "#wood door texture", "cullface": "east"},
				"south": {"uv": [16, 9.5, 15, 10.75], "texture": "#wood door texture", "cullface": "east"},
				"west": {"uv": [7.5, 9.5, 8.5, 10.75], "texture": "#wood door texture", "cullface": "east"},
				"up": {"uv": [16, 7.5, 15, 8.5], "texture": "#wood door texture", "cullface": "east"},
				"down": {"uv": [0, 8.5, 1, 7.5], "texture": "#wood door texture", "cullface": "east"}
			}
		},
		{
			"from": [16.5, 4.25, 7.5],
			"to": [18.5, 5.25, 8.5],
			"faces": {
				"north": {"uv": [0, 10.75, 1, 11.75], "texture": "#wood door texture", "cullface": "east"},
				"east": {"uv": [7.5, 10.75, 8.5, 11.75], "texture": "#wood door texture", "cullface": "east"},
				"south": {"uv": [16, 10.75, 15, 11.75], "texture": "#wood door texture", "cullface": "east"},
				"west": {"uv": [7.5, 10.75, 8.5, 11.75], "texture": "#wood door texture", "cullface": "east"},
				"up": {"uv": [16, 7.5, 15, 8.5], "texture": "#wood door texture", "cullface": "east"},
				"down": {"uv": [0, 8.5, 1, 7.5], "texture": "#wood door texture", "cullface": "east"}
			}
		},
		{
			"from": [16.75, 3.5, 7.5],
			"to": [18.75, 4.25, 8.5],
			"faces": {
				"north": {"uv": [0, 11.75, 1, 12.5], "texture": "#wood door texture", "cullface": "east"},
				"east": {"uv": [7.5, 11.75, 8.5, 12.5], "texture": "#wood door texture", "cullface": "east"},
				"south": {"uv": [16, 11.75, 15, 12.5], "texture": "#wood door texture", "cullface": "east"},
				"west": {"uv": [7.5, 11.75, 8.5, 12.5], "texture": "#wood door texture", "cullface": "east"},
				"up": {"uv": [16, 7.5, 15, 8.5], "texture": "#wood door texture", "cullface": "east"},
				"down": {"uv": [0, 8.5, 1, 7.5], "texture": "#wood door texture", "cullface": "east"}
			}
		},
		{
			"from": [14.85, 6.25, 7.75],
			"to": [15.1, 7.75, 8.25],
			"rotation": {"angle": -22.5, "axis": "z", "origin": [14.75, 7.75, 7.75]},
			"faces": {
				"north": {"uv": [0, 2, 0.25, 3.5], "texture": "#texture"},
				"east": {"uv": [7.5, 2, 8.5, 3.5], "texture": "#texture"},
				"south": {"uv": [15.75, 2, 16, 3.5], "texture": "#texture"},
				"west": {"uv": [7.5, 2, 8.5, 3.5], "texture": "#texture"},
				"up": {"uv": [15.75, 7.5, 16, 8.5], "texture": "#texture"},
				"down": {"uv": [0.25, 8.5, 0, 7.5], "texture": "#texture"}
			}
		},
		{
			"from": [13.75, 11.125, 8.225],
			"to": [14, 11.3, 8.925],
			"rotation": {"angle": 0, "axis": "y", "origin": [15.25, 8, 7.75]},
			"faces": {
				"north": {"uv": [0, 2, 0.25, 3.5], "texture": "#texture"},
				"east": {"uv": [7.5, 2, 8.5, 3.5], "texture": "#texture"},
				"south": {"uv": [15.75, 2, 16, 3.5], "texture": "#texture"},
				"west": {"uv": [7.5, 2, 8.5, 3.5], "texture": "#texture"},
				"up": {"uv": [15.75, 7.5, 16, 8.5], "texture": "#texture"},
				"down": {"uv": [0.25, 8.5, 0, 7.5], "texture": "#texture"}
			}
		},
		{
			"from": [13.75, 11.125, 7.075],
			"to": [14, 11.3, 7.775],
			"rotation": {"angle": 0, "axis": "y", "origin": [15.25, 8, 7.75]},
			"faces": {
				"north": {"uv": [0, 2, 0.25, 3.5], "texture": "#texture"},
				"east": {"uv": [7.5, 2, 8.5, 3.5], "texture": "#texture"},
				"south": {"uv": [15.75, 2, 16, 3.5], "texture": "#texture"},
				"west": {"uv": [7.5, 2, 8.5, 3.5], "texture": "#texture"},
				"up": {"uv": [15.75, 7.5, 16, 8.5], "texture": "#texture"},
				"down": {"uv": [0.25, 8.5, 0, 7.5], "texture": "#texture"}
			}
		},
		{
			"from": [16.75, 3.25, 7.5],
			"to": [18.25, 3.5, 8.5],
			"faces": {
				"north": {"uv": [0, 12.5, 1, 12.75], "texture": "#wood door texture", "cullface": "east"},
				"east": {"uv": [7.5, 12.5, 8.5, 12.75], "texture": "#wood door texture", "cullface": "east"},
				"south": {"uv": [16, 12.5, 15, 12.75], "texture": "#wood door texture", "cullface": "east"},
				"west": {"uv": [7.5, 12.5, 8.5, 12.75], "texture": "#wood door texture", "cullface": "east"},
				"down": {"uv": [0, 8.5, 1, 7.5], "texture": "#wood door texture", "cullface": "east"}
			}
		},
		{
			"from": [17, 3, 7.5],
			"to": [17.75, 3.25, 8.5],
			"faces": {
				"north": {"uv": [0, 12.75, 1, 13], "texture": "#wood door texture", "cullface": "east"},
				"east": {"uv": [7.5, 12.75, 8.5, 13], "texture": "#wood door texture", "cullface": "east"},
				"south": {"uv": [16, 12.75, 15, 13], "texture": "#wood door texture", "cullface": "east"},
				"west": {"uv": [7.5, 12.75, 8.5, 13], "texture": "#wood door texture", "cullface": "east"},
				"down": {"uv": [0, 8.5, 1, 7.5], "texture": "#wood door texture", "cullface": "east"}
			}
		},
		{
			"from": [15.25, 10, 7.25],
			"to": [18.5, 10.25, 8.75],
			"faces": {
				"north": {"uv": [0, 6.5, 8.25, 6.75], "texture": "#texture", "cullface": "east"},
				"east": {"uv": [7.25, 6.5, 8.75, 6.75], "texture": "#texture", "cullface": "east"},
				"south": {"uv": [7.75, 6.5, 16, 6.75], "texture": "#texture", "cullface": "east"},
				"up": {"uv": [7.75, 7.25, 16, 8.75], "texture": "#texture", "cullface": "east"}
			}
		},
		{
			"from": [18.75, 7.5, 7.2],
			"to": [21.75, 9.5, 8.8],
			"rotation": {"angle": 0, "axis": "y", "origin": [-0.25, 0, 0]},
			"faces": {
				"north": {"uv": [8.75, 0.75, 9.5, 2.5], "texture": "#wood door texture", "cullface": "east"},
				"east": {"uv": [7, 0.75, 9, 2.5], "texture": "#wood door texture", "cullface": "east"},
				"south": {"uv": [6.5, 0.75, 7.25, 2.5], "texture": "#wood door texture", "cullface": "east"},
				"west": {"uv": [7, 0.75, 9, 2.5], "texture": "#wood door texture", "cullface": "east"},
				"up": {"uv": [6.5, 7, 7.25, 9], "texture": "#wood door texture", "cullface": "east"},
				"down": {"uv": [9.5, 9, 8.75, 7], "texture": "#wood door texture", "cullface": "east"}
			}
		},
		{
			"from": [24.45, -12.9, 7.2],
			"to": [24.95, -12.4, 8.8],
			"rotation": {"angle": 45, "axis": "z", "origin": [-0.75, 0.075, 0]},
			"faces": {
				"north": {"uv": [8.75, 0.75, 9.5, 2.5], "texture": "#wood door texture", "cullface": "east"},
				"east": {"uv": [7, 0.75, 9, 2.5], "texture": "#wood door texture", "cullface": "east"},
				"south": {"uv": [6.5, 0.75, 7.25, 2.5], "texture": "#wood door texture", "cullface": "east"},
				"west": {"uv": [7, 0.75, 9, 2.5], "texture": "#wood door texture", "cullface": "east"},
				"up": {"uv": [6.5, 7, 7.25, 9], "texture": "#wood door texture", "cullface": "east"},
				"down": {"uv": [9.5, 9, 8.75, 7], "texture": "#wood door texture", "cullface": "east"}
			}
		},
		{
			"from": [21.3, -9.725, 7.2],
			"to": [22.05, -8.65, 8.8],
			"rotation": {"angle": 45, "axis": "z", "origin": [-0.75, 0, 0]},
			"faces": {
				"north": {"uv": [8.75, 0.75, 9.5, 2.5], "texture": "#wood door texture", "cullface": "east"},
				"east": {"uv": [7, 0.75, 9, 2.5], "texture": "#wood door texture", "cullface": "east"},
				"south": {"uv": [6.5, 0.75, 7.25, 2.5], "texture": "#wood door texture", "cullface": "east"},
				"west": {"uv": [7, 0.75, 9, 2.5], "texture": "#wood door texture", "cullface": "east"},
				"up": {"uv": [6.5, 7, 7.25, 9], "texture": "#wood door texture", "cullface": "east"},
				"down": {"uv": [9.5, 9, 8.75, 7], "texture": "#wood door texture", "cullface": "east"}
			}
		},
		{
			"from": [22.225, -15.2, 7.2],
			"to": [22.725, -14.45, 8.8],
			"rotation": {"angle": 45, "axis": "z", "origin": [-0.75, 0, 0]},
			"faces": {
				"north": {"uv": [8.75, 0.75, 9.5, 2.5], "texture": "#wood door texture", "cullface": "east"},
				"east": {"uv": [7, 0.75, 9, 2.5], "texture": "#wood door texture", "cullface": "east"},
				"south": {"uv": [6.5, 0.75, 7.25, 2.5], "texture": "#wood door texture", "cullface": "east"},
				"west": {"uv": [7, 0.75, 9, 2.5], "texture": "#wood door texture", "cullface": "east"},
				"up": {"uv": [6.5, 7, 7.25, 9], "texture": "#wood door texture", "cullface": "east"},
				"down": {"uv": [9.5, 9, 8.75, 7], "texture": "#wood door texture", "cullface": "east"}
			}
		},
		{
			"from": [21.5, 9.075, 7.2],
			"to": [26.75, 10, 8.8],
			"rotation": {"angle": 0, "axis": "y", "origin": [-0.25, 0.075, 0]},
			"faces": {
				"north": {"uv": [8.75, 0.75, 9.5, 2.5], "texture": "#wood door texture", "cullface": "east"},
				"east": {"uv": [7, 0.75, 9, 2.5], "texture": "#wood door texture", "cullface": "east"},
				"south": {"uv": [6.5, 0.75, 7.25, 2.5], "texture": "#wood door texture", "cullface": "east"},
				"west": {"uv": [7, 0.75, 9, 2.5], "texture": "#wood door texture", "cullface": "east"},
				"up": {"uv": [6.5, 7, 7.25, 9], "texture": "#wood door texture", "cullface": "east"},
				"down": {"uv": [9.5, 9, 8.75, 7], "texture": "#wood door texture", "cullface": "east"}
			}
		},
		{
			"from": [26.25, 5.5, 7.2],
			"to": [27.5, 10, 8.8],
			"rotation": {"angle": 0, "axis": "y", "origin": [-0.75, 0, 0]},
			"faces": {
				"north": {"uv": [8.75, 0.75, 9.5, 2.5], "texture": "#wood door texture", "cullface": "east"},
				"east": {"uv": [7, 0.75, 9, 2.5], "texture": "#wood door texture", "cullface": "east"},
				"south": {"uv": [6.5, 0.75, 7.25, 2.5], "texture": "#wood door texture", "cullface": "east"},
				"west": {"uv": [7, 0.75, 9, 2.5], "texture": "#wood door texture", "cullface": "east"},
				"up": {"uv": [6.5, 7, 7.25, 9], "texture": "#wood door texture", "cullface": "east"},
				"down": {"uv": [9.5, 9, 8.75, 7], "texture": "#wood door texture", "cullface": "east"}
			}
		},
		{
			"from": [22.9, 6, 7.2],
			"to": [26.9, 7.1, 8.8],
			"rotation": {"angle": 0, "axis": "y", "origin": [-0.25, 0, 0]},
			"faces": {
				"north": {"uv": [8.75, 0.75, 9.5, 2.5], "texture": "#wood door texture", "cullface": "east"},
				"east": {"uv": [7, 0.75, 9, 2.5], "texture": "#wood door texture", "cullface": "east"},
				"south": {"uv": [6.5, 0.75, 7.25, 2.5], "texture": "#wood door texture", "cullface": "east"},
				"west": {"uv": [7, 0.75, 9, 2.5], "texture": "#wood door texture", "cullface": "east"},
				"up": {"uv": [6.5, 7, 7.25, 9], "texture": "#wood door texture", "cullface": "east"},
				"down": {"uv": [9.5, 9, 8.75, 7], "texture": "#wood door texture", "cullface": "east"}
			}
		},
		{
			"from": [8.6, 20.275, 7.2],
			"to": [12.5, 21.525, 8.8],
			"rotation": {"angle": -45, "axis": "z", "origin": [-0.25, 0, 0]},
			"faces": {
				"north": {"uv": [8.75, 0.75, 9.5, 2.5], "texture": "#wood door texture", "cullface": "east"},
				"east": {"uv": [7, 0.75, 9, 2.5], "texture": "#wood door texture", "cullface": "east"},
				"south": {"uv": [6.5, 0.75, 7.25, 2.5], "texture": "#wood door texture", "cullface": "east"},
				"west": {"uv": [7, 0.75, 9, 2.5], "texture": "#wood door texture", "cullface": "east"},
				"up": {"uv": [6.5, 7, 7.25, 9], "texture": "#wood door texture", "cullface": "east"},
				"down": {"uv": [9.5, 9, 8.75, 7], "texture": "#wood door texture", "cullface": "east"}
			}
		},
		{
			"from": [26.5, 10, 7.45],
			"to": [27.5, 10.25, 8.55],
			"rotation": {"angle": 0, "axis": "y", "origin": [-0.25, 0, 0]},
			"faces": {
				"north": {"uv": [0, 6.5, 1, 12], "texture": "#texture", "cullface": "east"},
				"east": {"uv": [7, 6.5, 9, 12], "texture": "#texture", "cullface": "east"},
				"south": {"uv": [16, 6.5, 15, 12], "texture": "#texture", "cullface": "east"},
				"west": {"uv": [7, 6.5, 9, 12], "texture": "#texture", "cullface": "east"},
				"up": {"uv": [16, 7, 15, 9], "texture": "#texture", "cullface": "east"},
				"down": {"uv": [0, 9, 1, 7], "texture": "#texture", "cullface": "east"}
			}
		},
		{
			"from": [26.5, 5.75, 7.125],
			"to": [27.5, 6.25, 8.85],
			"rotation": {"angle": 0, "axis": "y", "origin": [-0.25, 0, 0]},
			"faces": {
				"north": {"uv": [0, 6.5, 1, 12], "texture": "#texture", "cullface": "east"},
				"east": {"uv": [7, 6.5, 9, 12], "texture": "#texture", "cullface": "east"},
				"south": {"uv": [16, 6.5, 15, 12], "texture": "#texture", "cullface": "east"},
				"west": {"uv": [7, 6.5, 9, 12], "texture": "#texture", "cullface": "east"},
				"up": {"uv": [16, 7, 15, 9], "texture": "#texture", "cullface": "east"},
				"down": {"uv": [0, 9, 1, 7], "texture": "#texture", "cullface": "east"}
			}
		},
		{
			"from": [27.5, 5.5, 7.2],
			"to": [27.75, 10.4, 8.8],
			"rotation": {"angle": 0, "axis": "y", "origin": [-0.25, 0, 0]},
			"faces": {
				"north": {"uv": [0, 6.5, 1, 12], "texture": "#texture", "cullface": "east"},
				"east": {"uv": [7, 6.5, 9, 12], "texture": "#texture", "cullface": "east"},
				"south": {"uv": [16, 6.5, 15, 12], "texture": "#texture", "cullface": "east"},
				"west": {"uv": [7, 6.5, 9, 12], "texture": "#texture", "cullface": "east"},
				"up": {"uv": [16, 7, 15, 9], "texture": "#texture", "cullface": "east"},
				"down": {"uv": [0, 9, 1, 7], "texture": "#texture", "cullface": "east"}
			}
		},
		{
			"from": [15, 6, 7.5],
			"to": [15.25, 6.25, 8.5],
			"rotation": {"angle": 0, "axis": "y", "origin": [-0.5, -0.25, 0]},
			"faces": {
				"north": {"uv": [0.25, 9.5, 0.5, 9.75], "texture": "#texture"},
				"south": {"uv": [15.5, 9.5, 15.75, 9.75], "texture": "#texture"},
				"west": {"uv": [7.5, 9.5, 8.5, 9.75], "texture": "#texture"},
				"up": {"uv": [15.5, 7.5, 15.75, 8.5], "texture": "#texture"}
			}
		},
		{
			"from": [7.825, 1.4, 4.5],
			"to": [11.325, 7.15, 11.5],
			"rotation": {"angle": 0, "axis": "y", "origin": [0, -0.25, 0]},
			"faces": {
				"north": {"uv": [0.75, 10, 2.5, 10.25], "texture": "#2"},
				"east": {"uv": [7.5, 10, 8.5, 10.25], "texture": "#2"},
				"south": {"uv": [13.5, 10, 15.25, 10.25], "texture": "#2"},
				"west": {"uv": [7.5, 10, 8.5, 10.25], "texture": "#2"},
				"up": {"uv": [13.5, 7.5, 15.25, 8.5], "texture": "#2"},
				"down": {"uv": [2.5, 8.5, 0.75, 7.5], "texture": "#2"}
			}
		},
		{
			"from": [7.825, 1.65, 4.25],
			"to": [11.325, 6.9, 11.75],
			"rotation": {"angle": 0, "axis": "y", "origin": [0, -0.25, 0]},
			"faces": {
				"north": {"uv": [0.75, 10, 2.5, 10.25], "texture": "#2"},
				"east": {"uv": [7.5, 10, 8.5, 10.25], "texture": "#2"},
				"south": {"uv": [13.5, 10, 15.25, 10.25], "texture": "#2"},
				"west": {"uv": [7.5, 10, 8.5, 10.25], "texture": "#2"},
				"up": {"uv": [13.5, 7.5, 15.25, 8.5], "texture": "#2"},
				"down": {"uv": [2.5, 8.5, 0.75, 7.5], "texture": "#2"}
			}
		}
	],
	"gui_light": "front",
	"display": {
		"thirdperson_righthand": {
			"rotation": [116.65, -89.01, 116.77],
			"translation": [0, 0.5, -4.75],
			"scale": [0.82, 0.82, 0.82]
		},
		"thirdperson_lefthand": {
			"rotation": [-116.65, 89.01, 116.77],
			"translation": [0, 0.5, -4.75],
			"scale": [0.82, 0.82, 0.82]
		},
		"firstperson_righthand": {
			"rotation": [0, -90, 0],
			"translation": [0, 2.25, -7],
			"scale": [1.01, 1.02, 1.01]
		},
		"firstperson_lefthand": {
			"rotation": [0, 90, 0],
			"translation": [0, 2.25, -7],
			"scale": [1.01, 1.02, 1.01]
		},
		"ground": {
			"translation": [0.5, 2.5, 0]
		},
		"gui": {
			"rotation": [0, 0, -45],
			"translation": [0, -0.25, 0],
			"scale": [0.5, 0.5, 0.9]
		},
		"head": {
			"translation": [2.25, 0, 0]
		},
		"fixed": {
			"rotation": [0, 180, -45],
			"translation": [0.25, -0.25, -1.1],
			"scale": [0.96, 0.96, 0.96]
		}
	}
}