{
	"credit": "Made by SrDarmith - YouTube: Mainclay",
	"textures": {
		"2": "itemm/door_iron_lower",
		"particle": "itemm/anvil_1",
		"texture": "itemm/anvil_1",
		"dark wood blade": "itemm/darkwood1"
	},
	"elements": [
		{
			"from": [5.35, 10.7, 8.025],
			"to": [5.825, 11.075, 8.225],
			"rotation": {"angle": 0, "axis": "y", "origin": [0, 1.25, 0]},
			"faces": {
				"north": {"uv": [5, 16, 4, 15], "texture": "#texture", "cullface": "west"},
				"east": {"uv": [5, 16, 4, 15], "texture": "#texture", "cullface": "west"},
				"south": {"uv": [5, 16, 4, 15], "texture": "#texture", "cullface": "west"},
				"west": {"uv": [5, 16, 4, 15], "texture": "#texture", "cullface": "west"},
				"up": {"uv": [5, 16, 4, 15], "texture": "#texture", "cullface": "west"}
			}
		},
		{
			"from": [10.025, 7.825, 7.75],
			"to": [10.275, 8.075, 8.5],
			"rotation": {"angle": 0, "axis": "z", "origin": [0, 0.975, 0]},
			"faces": {
				"north": {"uv": [1.5, 15.5, 3.75, 15.75], "texture": "#texture"},
				"east": {"uv": [7.5, 10.75, 11.25, 14], "texture": "#texture"},
				"south": {"uv": [8.75, 13.75, 13, 14], "texture": "#texture"},
				"west": {"uv": [8, 11, 9, 12], "texture": "#texture"},
				"up": {"uv": [9.75, 11.75, 13, 13.5], "texture": "#texture"},
				"down": {"uv": [8, 11, 9, 12], "texture": "#texture"}
			}
		},
		{
			"from": [9.4, 8.925, 7.7],
			"to": [10.275, 9.175, 8.55],
			"rotation": {"angle": 0, "axis": "y", "origin": [0, 0.9, 0]},
			"faces": {
				"north": {"uv": [1.5, 15.5, 2.75, 15.75], "texture": "#texture"},
				"east": {"uv": [7.5, 10.75, 11.25, 14], "texture": "#texture"},
				"south": {"uv": [8.75, 13.75, 10, 14], "texture": "#texture"},
				"west": {"uv": [0, 2, 3, 5], "texture": "#texture"},
				"up": {"uv": [9.75, 11.75, 13, 13.5], "texture": "#texture"},
				"down": {"uv": [0, 2, 3, 5], "texture": "#texture"}
			}
		},
		{
			"from": [11.275, 8.925, 7.7],
			"to": [11.525, 9.175, 8.55],
			"rotation": {"angle": 0, "axis": "y", "origin": [0, 0.9, 0]},
			"faces": {
				"north": {"uv": [2.4, 15.75, 3.65, 16], "texture": "#texture"},
				"east": {"uv": [7.5, 10.75, 11.25, 14], "texture": "#texture"},
				"south": {"uv": [2, 15.75, 3.25, 16], "texture": "#texture"},
				"west": {"uv": [0, 2, 3, 5], "texture": "#texture"},
				"up": {"uv": [9.75, 11.75, 13, 13.5], "texture": "#texture"},
				"down": {"uv": [0, 2, 3, 5], "texture": "#texture"}
			}
		},
		{
			"from": [10.275, 7.575, 7.75],
			"to": [11.275, 7.825, 8.5],
			"rotation": {"angle": 0, "axis": "z", "origin": [0, 0.975, 0]},
			"faces": {
				"north": {"uv": [0, 15.75, 3.75, 16], "texture": "#texture"},
				"east": {"uv": [7.5, 11, 11.25, 14.25], "texture": "#texture"},
				"south": {"uv": [8.75, 14, 14.5, 14.25], "texture": "#texture"},
				"west": {"uv": [7.75, 11, 11.5, 14.25], "texture": "#texture"},
				"up": {"uv": [9.75, 11.75, 14.5, 13.5], "texture": "#texture"},
				"down": {"uv": [9.25, 13.5, 4.5, 9.75], "texture": "#texture"}
			}
		},
		{
			"from": [11.525, 7.975, 7.75],
			"to": [12.175, 9.25, 8.5],
			"rotation": {"angle": 0, "axis": "z", "origin": [0, 0.975, 0]},
			"faces": {
				"north": {"uv": [0, 14.75, 3.25, 16], "texture": "#texture"},
				"east": {"uv": [7.5, 9.75, 11.25, 14], "texture": "#texture"},
				"south": {"uv": [10.5, 12.75, 14.75, 14], "texture": "#texture"},
				"west": {"uv": [7.75, 9.75, 11.5, 14], "texture": "#texture"},
				"up": {"uv": [0, 4, 3, 5], "texture": "#texture"},
				"down": {"uv": [7.5, 13.5, 4.25, 9.75], "texture": "#texture"}
			}
		},
		{
			"from": [9.775, 8.075, 7.75],
			"to": [10.025, 9, 8.5],
			"rotation": {"angle": 0, "axis": "y", "origin": [0, 0.975, 0]},
			"faces": {
				"north": {"uv": [0, 14.75, 3.25, 16], "texture": "#texture"},
				"east": {"uv": [7.5, 9.75, 11.25, 14], "texture": "#texture"},
				"south": {"uv": [10.5, 12.75, 14.75, 14], "texture": "#texture"},
				"west": {"uv": [7.75, 9.75, 11.5, 14], "texture": "#texture"},
				"up": {"uv": [0, 4, 3, 5], "texture": "#texture"},
				"down": {"uv": [7.5, 13.5, 4.25, 9.75], "texture": "#texture"}
			}
		},
		{
			"from": [11.425, 8.25, 8],
			"to": [11.675, 9.5, 8.25],
			"rotation": {"angle": -22.5, "axis": "z", "origin": [11, 9.725, 8]},
			"faces": {
				"north": {"uv": [12, 7.25, 16, 8.5], "texture": "#texture"},
				"east": {"uv": [7.75, 4.25, 11, 8.5], "texture": "#texture"},
				"south": {"uv": [12, 7.25, 16, 8.5], "texture": "#texture"},
				"west": {"uv": [8, 4.25, 11.25, 8.5], "texture": "#texture"},
				"down": {"uv": [0, 2, 3, 5], "texture": "#texture"}
			}
		},
		{
			"from": [11.8, 8.225, 7.4],
			"to": [14.25, 8.95, 8.85],
			"rotation": {"angle": 0, "axis": "y", "origin": [0, -5.85, 0]},
			"faces": {
				"north": {"uv": [8, 3, 13, 1], "texture": "#dark wood blade"},
				"east": {"uv": [8, 3, 13, 1], "texture": "#dark wood blade"},
				"south": {"uv": [13, 3, 8, 1], "texture": "#dark wood blade"},
				"west": {"uv": [8, 3, 13, 1], "texture": "#dark wood blade"},
				"up": {"uv": [0, 0, 1, 1], "texture": "#dark wood blade"},
				"down": {"uv": [8, 3, 13, 1], "texture": "#dark wood blade"}
			}
		},
		{
			"from": [12.125, 7.5, 7.4],
			"to": [14.525, 8.225, 8.85],
			"rotation": {"angle": 0, "axis": "y", "origin": [0, -5.85, 0]},
			"faces": {
				"north": {"uv": [4, 5, 9, 3], "texture": "#dark wood blade"},
				"east": {"uv": [4, 5, 9, 3], "texture": "#dark wood blade"},
				"south": {"uv": [9, 5, 4, 3], "texture": "#dark wood blade"},
				"west": {"uv": [4, 5, 9, 3], "texture": "#dark wood blade"},
				"up": {"uv": [0, 0, 1, 1], "texture": "#dark wood blade"},
				"down": {"uv": [4, 5, 9, 3], "texture": "#dark wood blade"}
			}
		},
		{
			"from": [12.425, 6.775, 7.4],
			"to": [14.775, 7.5, 8.85],
			"rotation": {"angle": 0, "axis": "y", "origin": [0, -5.85, 0]},
			"faces": {
				"north": {"uv": [5, 7, 10, 5], "texture": "#dark wood blade"},
				"east": {"uv": [5, 7, 10, 5], "texture": "#dark wood blade"},
				"south": {"uv": [10, 7, 5, 5], "texture": "#dark wood blade"},
				"west": {"uv": [5, 7, 10, 5], "texture": "#dark wood blade"},
				"up": {"uv": [0, 0, 1, 1], "texture": "#dark wood blade"},
				"down": {"uv": [5, 7, 10, 5], "texture": "#dark wood blade"}
			}
		},
		{
			"from": [12.725, 6.05, 7.4],
			"to": [15.1, 6.775, 8.85],
			"rotation": {"angle": 0, "axis": "y", "origin": [0, -5.85, 0]},
			"faces": {
				"north": {"uv": [6, 9, 11, 7], "texture": "#dark wood blade"},
				"east": {"uv": [6, 9, 11, 7], "texture": "#dark wood blade"},
				"south": {"uv": [11, 9, 6, 7], "texture": "#dark wood blade"},
				"west": {"uv": [6, 9, 11, 7], "texture": "#dark wood blade"},
				"up": {"uv": [0, 0, 1, 1], "texture": "#dark wood blade"},
				"down": {"uv": [6, 9, 11, 7], "texture": "#dark wood blade"}
			}
		},
		{
			"from": [13.05, 5.325, 7.4],
			"to": [15.1, 6.05, 8.85],
			"rotation": {"angle": 0, "axis": "y", "origin": [0, -5.85, 0]},
			"faces": {
				"north": {"uv": [8, 15, 13, 13], "texture": "#dark wood blade"},
				"east": {"uv": [8, 15, 13, 13], "texture": "#dark wood blade"},
				"south": {"uv": [13, 15, 8, 13], "texture": "#dark wood blade"},
				"west": {"uv": [8, 15, 13, 13], "texture": "#dark wood blade"},
				"up": {"uv": [0, 0, 1, 1], "texture": "#dark wood blade"},
				"down": {"uv": [8, 15, 13, 13], "texture": "#dark wood blade"}
			}
		},
		{
			"from": [13.175, 5.075, 7.4],
			"to": [14.875, 5.325, 8.85],
			"rotation": {"angle": 0, "axis": "y", "origin": [0, -5.85, 0]},
			"faces": {
				"north": {"uv": [1.5, 9.5, 4.75, 11.15], "texture": "#texture"},
				"east": {"uv": [13.2, 4.2, 15.4, 6.85], "texture": "#texture"},
				"south": {"uv": [12.25, 9.5, 15.5, 11.15], "texture": "#texture"},
				"west": {"uv": [7.75, 4.4, 8.5, 6.85], "texture": "#texture"},
				"up": {"uv": [0, 0, 1, 1], "texture": "#texture"},
				"down": {"uv": [4.75, 11.9, 1.5, 9.25], "texture": "#texture"}
			}
		},
		{
			"from": [13.4, 4.825, 7.4],
			"to": [14.625, 5.075, 8.85],
			"rotation": {"angle": 0, "axis": "y", "origin": [0, -5.85, 0]},
			"faces": {
				"north": {"uv": [1.5, 9.5, 4.75, 11.15], "texture": "#texture"},
				"east": {"uv": [13.2, 4.2, 15.4, 6.85], "texture": "#texture"},
				"south": {"uv": [12.25, 9.5, 15.5, 11.15], "texture": "#texture"},
				"west": {"uv": [7.75, 4.4, 8.5, 6.85], "texture": "#texture"},
				"up": {"uv": [0, 0, 1, 1], "texture": "#texture"},
				"down": {"uv": [4.75, 11.9, 1.5, 9.25], "texture": "#texture"}
			}
		},
		{
			"from": [11.55, 8.95, 7.4],
			"to": [14.5, 9.275, 8.85],
			"rotation": {"angle": 0, "axis": "y", "origin": [0, -5.85, 0]},
			"faces": {
				"north": {"uv": [6, 6, 11, 5], "texture": "#dark wood blade"},
				"east": {"uv": [6, 6, 11, 5], "texture": "#dark wood blade"},
				"south": {"uv": [11, 6, 6, 5], "texture": "#dark wood blade"},
				"west": {"uv": [6, 6, 11, 5], "texture": "#dark wood blade"},
				"up": {"uv": [6, 5, 7, 6], "texture": "#dark wood blade"},
				"down": {"uv": [6, 6, 11, 5], "texture": "#dark wood blade"}
			}
		},
		{
			"from": [13.975, 5.45, 7.375],
			"to": [14.2, 5.875, 8.875],
			"rotation": {"angle": 0, "axis": "y", "origin": [0, -5.85, 0]},
			"faces": {
				"north": {"uv": [5.2, 4, 8.45, 6.9], "texture": "#texture"},
				"east": {"uv": [13.2, 4.2, 15.4, 6.85], "texture": "#texture"},
				"south": {"uv": [5.25, 4, 8.5, 6.9], "texture": "#texture"},
				"west": {"uv": [7.75, 4.4, 8.5, 6.85], "texture": "#texture"},
				"up": {"uv": [6, 4, 7, 5], "texture": "#texture"},
				"down": {"uv": [10.75, 13.9, 7.5, 9.25], "texture": "#texture"}
			}
		},
		{
			"from": [13.875, 5.55, 7.375],
			"to": [14.3, 5.775, 8.875],
			"rotation": {"angle": 0, "axis": "y", "origin": [0, -5.85, 0]},
			"faces": {
				"north": {"uv": [5.2, 4, 8.45, 6.9], "texture": "#texture"},
				"east": {"uv": [13.2, 4.2, 15.4, 6.85], "texture": "#texture"},
				"south": {"uv": [5.25, 4, 8.5, 6.9], "texture": "#texture"},
				"west": {"uv": [7.75, 4.4, 8.5, 6.85], "texture": "#texture"},
				"up": {"uv": [6, 4, 7, 5], "texture": "#texture"},
				"down": {"uv": [10.75, 13.9, 7.5, 9.25], "texture": "#texture"}
			}
		},
		{
			"from": [13.575, 10.375, 8.325],
			"to": [14.05, 11.075, 8.925],
			"rotation": {"angle": 0, "axis": "y", "origin": [0, -5.85, 0]},
			"faces": {
				"north": {"uv": [9, 9, 7, 7], "texture": "#texture"},
				"east": {"uv": [9, 9, 7, 7], "texture": "#texture"},
				"south": {"uv": [9, 9, 7, 7], "texture": "#texture"},
				"west": {"uv": [9, 9, 7, 7], "texture": "#texture"},
				"up": {"uv": [9, 9, 7, 7], "texture": "#texture"},
				"down": {"uv": [9, 9, 7, 7], "texture": "#texture"}
			}
		},
		{
			"from": [13.475, 10.475, 7.325],
			"to": [14.15, 10.975, 7.925],
			"rotation": {"angle": 0, "axis": "y", "origin": [0, -5.85, 0]},
			"faces": {
				"north": {"uv": [9, 9, 7, 7], "texture": "#texture"},
				"east": {"uv": [9, 9, 7, 7], "texture": "#texture"},
				"south": {"uv": [9, 9, 7, 7], "texture": "#texture"},
				"west": {"uv": [9, 9, 7, 7], "texture": "#texture"},
				"up": {"uv": [9, 9, 7, 7], "texture": "#texture"},
				"down": {"uv": [9, 9, 7, 7], "texture": "#texture"}
			}
		},
		{
			"from": [13.575, 10.375, 7.325],
			"to": [14.05, 11.075, 7.925],
			"rotation": {"angle": 0, "axis": "y", "origin": [0, -5.85, 0]},
			"faces": {
				"north": {"uv": [9, 9, 7, 7], "texture": "#texture"},
				"east": {"uv": [9, 9, 7, 7], "texture": "#texture"},
				"south": {"uv": [9, 9, 7, 7], "texture": "#texture"},
				"west": {"uv": [9, 9, 7, 7], "texture": "#texture"},
				"up": {"uv": [9, 9, 7, 7], "texture": "#texture"},
				"down": {"uv": [9, 9, 7, 7], "texture": "#texture"}
			}
		},
		{
			"from": [13.475, 10.475, 8.325],
			"to": [14.15, 10.975, 8.925],
			"rotation": {"angle": 0, "axis": "y", "origin": [0, -5.85, 0]},
			"faces": {
				"north": {"uv": [9, 9, 7, 7], "texture": "#texture"},
				"east": {"uv": [9, 9, 7, 7], "texture": "#texture"},
				"south": {"uv": [9, 9, 7, 7], "texture": "#texture"},
				"west": {"uv": [9, 9, 7, 7], "texture": "#texture"},
				"up": {"uv": [9, 9, 7, 7], "texture": "#texture"},
				"down": {"uv": [9, 9, 7, 7], "texture": "#texture"}
			}
		},
		{
			"from": [11.275, 7.825, 7.75],
			"to": [11.525, 8.075, 8.5],
			"rotation": {"angle": 0, "axis": "z", "origin": [0, 0.975, 0]},
			"faces": {
				"north": {"uv": [0, 15.5, 2.25, 15.75], "texture": "#texture"},
				"east": {"uv": [9, 12, 10, 13], "texture": "#texture"},
				"south": {"uv": [10.25, 13.75, 14.5, 14], "texture": "#texture"},
				"west": {"uv": [7.75, 10.75, 11.5, 14], "texture": "#texture"},
				"up": {"uv": [11.25, 11.75, 14.5, 13.5], "texture": "#texture"},
				"down": {"uv": [9, 12, 10, 13], "texture": "#texture"}
			}
		},
		{
			"from": [9.4, 9.275, 7.35],
			"to": [14.475, 9.75, 8.9],
			"rotation": {"angle": 0, "axis": "y", "origin": [0, 1.25, 0]},
			"faces": {
				"north": {"uv": [0, 16, 1.75, 15.75], "texture": "#texture"},
				"east": {"uv": [0, 15.75, 1.75, 16], "texture": "#texture"},
				"south": {"uv": [0, 15.75, 1.75, 16], "texture": "#texture"},
				"west": {"uv": [13, 15, 14, 16], "texture": "#texture"},
				"up": {"uv": [0, 16, 1.75, 15.75], "texture": "#texture"},
				"down": {"uv": [1.75, 16, 0, 15.75], "texture": "#texture"}
			}
		},
		{
			"from": [9.4, 9.175, 7.475],
			"to": [14.9, 9.425, 8.775],
			"rotation": {"angle": 0, "axis": "y", "origin": [0, 1.15, 0]},
			"faces": {
				"north": {"uv": [2, 16, 4, 14], "texture": "#texture"},
				"east": {"uv": [7, 7, 11.75, 11.25], "texture": "#texture"},
				"south": {"uv": [2, 14.05, 4.05, 16], "texture": "#texture"},
				"west": {"uv": [14, 16, 13, 15], "texture": "#texture"},
				"up": {"uv": [8, 11.25, 11.75, 14], "texture": "#texture"},
				"down": {"uv": [11, 14, 7.25, 9.25], "texture": "#texture"}
			}
		},
		{
			"from": [9.375, 9.4, 7.475],
			"to": [15.275, 10.75, 8.775],
			"rotation": {"angle": 0, "axis": "y", "origin": [0, 1.25, 0]},
			"faces": {
				"north": {"uv": [4, 16, 0, 14], "texture": "#texture"},
				"east": {"uv": [4, 16, 0, 14], "texture": "#texture"},
				"south": {"uv": [0, 16, 4, 14], "texture": "#texture"},
				"west": {"uv": [13, 15, 14, 16], "texture": "#texture"},
				"up": {"uv": [4, 16, 0, 14], "texture": "#texture"},
				"down": {"uv": [4, 16, 0, 14], "texture": "#texture"}
			}
		},
		{
			"from": [11.6, 10.55, 7.6],
			"to": [14.025, 10.9, 8.625],
			"rotation": {"angle": 0, "axis": "y", "origin": [0, 1.25, 0]},
			"faces": {
				"north": {"uv": [4, 16, 0, 14], "texture": "#texture"},
				"east": {"uv": [4, 16, 0, 14], "texture": "#texture"},
				"south": {"uv": [4, 16, 0, 14], "texture": "#texture"},
				"west": {"uv": [4, 16, 0, 14], "texture": "#texture"},
				"up": {"uv": [4, 16, 0, 14], "texture": "#texture"},
				"down": {"uv": [4, 16, 0, 14], "texture": "#texture"}
			}
		},
		{
			"from": [9.4, 10.55, 7.7],
			"to": [10.15, 10.85, 8.55],
			"rotation": {"angle": 0, "axis": "y", "origin": [0, 1.25, 0]},
			"faces": {
				"north": {"uv": [4, 16, 0, 14], "texture": "#texture"},
				"east": {"uv": [4, 16, 0, 14], "texture": "#texture"},
				"south": {"uv": [4, 16, 0, 14], "texture": "#texture"},
				"west": {"uv": [4, 16, 0, 14], "texture": "#texture"},
				"up": {"uv": [4, 16, 0, 14], "texture": "#texture"},
				"down": {"uv": [4, 16, 0, 14], "texture": "#texture"}
			}
		},
		{
			"from": [14.15, 10.6, 7.6],
			"to": [15.2, 10.95, 8.65],
			"rotation": {"angle": 0, "axis": "y", "origin": [0, 1.25, 0]},
			"faces": {
				"north": {"uv": [4, 16, 0, 14], "texture": "#texture"},
				"east": {"uv": [4, 16, 0, 14], "texture": "#texture"},
				"south": {"uv": [4, 16, 0, 14], "texture": "#texture"},
				"west": {"uv": [4, 16, 0, 14], "texture": "#texture"},
				"up": {"uv": [4, 16, 0, 14], "texture": "#texture"},
				"down": {"uv": [4, 16, 0, 14], "texture": "#texture"}
			}
		},
		{
			"from": [10.075, 10.525, 7.7],
			"to": [11.6, 10.8, 8.55],
			"rotation": {"angle": 0, "axis": "y", "origin": [0, 1.25, 0]},
			"faces": {
				"north": {"uv": [4, 16, 0, 14], "texture": "#2"},
				"east": {"uv": [4, 16, 0, 14], "texture": "#2"},
				"south": {"uv": [4, 16, 0, 14], "texture": "#2"},
				"west": {"uv": [4, 16, 0, 14], "texture": "#2"},
				"up": {"uv": [4, 16, 0, 14], "texture": "#2"},
				"down": {"uv": [4, 16, 0, 14], "texture": "#2"}
			}
		},
		{
			"from": [14.775, 10.85, 8.25],
			"to": [14.975, 11.125, 8.65],
			"rotation": {"angle": 0, "axis": "y", "origin": [0, 1.25, 0]},
			"faces": {
				"north": {"uv": [4, 16, 0, 14], "texture": "#texture"},
				"east": {"uv": [4, 16, 0, 14], "texture": "#texture"},
				"south": {"uv": [4, 16, 0, 14], "texture": "#texture"},
				"west": {"uv": [4, 16, 0, 14], "texture": "#texture"},
				"up": {"uv": [4, 16, 0, 14], "texture": "#texture"},
				"down": {"uv": [4, 16, 0, 14], "texture": "#texture"}
			}
		},
		{
			"from": [14.75, 10.65, 7.6],
			"to": [14.975, 11.125, 8],
			"rotation": {"angle": 0, "axis": "y", "origin": [0, 1.25, 0]},
			"faces": {
				"north": {"uv": [4, 16, 0, 14], "texture": "#texture"},
				"east": {"uv": [4, 16, 0, 14], "texture": "#texture"},
				"south": {"uv": [4, 16, 0, 14], "texture": "#texture"},
				"west": {"uv": [4, 16, 0, 14], "texture": "#texture"},
				"up": {"uv": [4, 16, 0, 14], "texture": "#texture"},
				"down": {"uv": [4, 16, 0, 14], "texture": "#texture"}
			}
		},
		{
			"from": [5.675, 10.45, 7.875],
			"to": [12.3, 10.65, 8.375],
			"rotation": {"angle": 0, "axis": "y", "origin": [5, 0, 0]},
			"faces": {
				"north": {"uv": [0, 14.75, 5, 15], "texture": "#texture", "cullface": "west"},
				"east": {"uv": [0, 0, 0, 0], "texture": "#texture"},
				"south": {"uv": [0, 14.75, 5, 15], "texture": "#texture", "cullface": "west"},
				"west": {"uv": [3, 14.75, 0.75, 15], "texture": "#texture", "cullface": "west"},
				"up": {"uv": [0, 15, 5, 15.75], "texture": "#texture", "cullface": "west"},
				"down": {"uv": [5, 15.75, 0, 15], "texture": "#texture", "cullface": "west"}
			}
		},
		{
			"from": [5.175, 9.725, 7.8],
			"to": [6.05, 10, 8.45],
			"rotation": {"angle": 0, "axis": "y", "origin": [5, 0, 0]},
			"faces": {
				"north": {"uv": [0, 15.75, 3, 16], "texture": "#texture", "cullface": "west"},
				"east": {"uv": [0, 15, 1, 16], "texture": "#texture"},
				"south": {"uv": [0, 15.75, 3, 16], "texture": "#texture", "cullface": "west"},
				"west": {"uv": [1, 15.75, 0.75, 16], "texture": "#texture", "cullface": "west"},
				"up": {"uv": [0, 15, 3, 15.75], "texture": "#texture", "cullface": "west"},
				"down": {"uv": [3, 15.75, 0, 15], "texture": "#texture", "cullface": "west"}
			}
		},
		{
			"from": [5.175, 9.9, 8.35],
			"to": [6.05, 10.55, 8.625],
			"rotation": {"angle": 0, "axis": "y", "origin": [5, 0, 0]},
			"faces": {
				"north": {"uv": [0, 15, 3, 15.75], "texture": "#texture", "cullface": "west"},
				"east": {"uv": [0, 15, 1, 16], "texture": "#texture"},
				"south": {"uv": [0, 15, 3, 15.75], "texture": "#texture", "cullface": "west"},
				"west": {"uv": [1.75, 15, 1, 15.75], "texture": "#texture", "cullface": "west"},
				"up": {"uv": [0, 15.75, 3, 16], "texture": "#texture", "cullface": "west"},
				"down": {"uv": [3, 16, 0, 15.75], "texture": "#texture", "cullface": "west"}
			}
		},
		{
			"from": [5.175, 9.9, 7.625],
			"to": [6.05, 10.55, 7.9],
			"rotation": {"angle": 0, "axis": "y", "origin": [5, 0, 0]},
			"faces": {
				"north": {"uv": [0, 15, 3, 15.75], "texture": "#texture", "cullface": "west"},
				"east": {"uv": [0, 15, 1, 16], "texture": "#texture"},
				"south": {"uv": [0, 15, 3, 15.75], "texture": "#texture", "cullface": "west"},
				"west": {"uv": [0.75, 15, 0, 15.75], "texture": "#texture", "cullface": "west"},
				"up": {"uv": [0, 14.75, 3, 15], "texture": "#texture", "cullface": "west"},
				"down": {"uv": [3, 15, 0, 14.75], "texture": "#texture", "cullface": "west"}
			}
		},
		{
			"from": [5.175, 10.45, 7.8],
			"to": [6.05, 10.725, 8.45],
			"rotation": {"angle": 0, "axis": "y", "origin": [5, 0, 0]},
			"faces": {
				"north": {"uv": [0, 14.75, 3, 15], "texture": "#texture", "cullface": "west"},
				"east": {"uv": [0, 15, 1, 16], "texture": "#texture"},
				"south": {"uv": [0, 14.75, 3, 15], "texture": "#texture", "cullface": "west"},
				"west": {"uv": [1, 14.75, 0.75, 15], "texture": "#texture", "cullface": "west"},
				"up": {"uv": [0, 15, 3, 15.75], "texture": "#texture", "cullface": "west"},
				"down": {"uv": [3, 15.75, 0, 15], "texture": "#texture", "cullface": "west"}
			}
		},
		{
			"from": [5.675, 9.975, 7.7],
			"to": [12.3, 10.475, 7.9],
			"rotation": {"angle": 0, "axis": "y", "origin": [5, 0, 0]},
			"faces": {
				"north": {"uv": [0, 15, 5, 15.75], "texture": "#texture", "cullface": "west"},
				"south": {"uv": [0, 15, 5, 15.75], "texture": "#texture", "cullface": "west"},
				"west": {"uv": [2.75, 15, 0, 15.75], "texture": "#texture", "cullface": "west"},
				"up": {"uv": [0, 14.75, 5, 15], "texture": "#texture", "cullface": "west"},
				"down": {"uv": [5, 15, 0, 14.75], "texture": "#texture", "cullface": "west"}
			}
		},
		{
			"from": [5.675, 9.8, 7.875],
			"to": [12.3, 10, 8.375],
			"rotation": {"angle": 0, "axis": "y", "origin": [5, 0, 0]},
			"faces": {
				"north": {"uv": [0, 15.75, 5, 16], "texture": "#texture", "cullface": "west"},
				"south": {"uv": [0, 15.75, 5, 16], "texture": "#texture", "cullface": "west"},
				"west": {"uv": [3, 15.75, 0.75, 16], "texture": "#texture", "cullface": "west"},
				"up": {"uv": [0, 15, 5, 15.75], "texture": "#texture", "cullface": "west"},
				"down": {"uv": [5, 15.75, 0, 15], "texture": "#texture", "cullface": "west"}
			}
		},
		{
			"from": [5.675, 9.975, 8.35],
			"to": [12.3, 10.475, 8.55],
			"rotation": {"angle": 0, "axis": "y", "origin": [5, 0, 0]},
			"faces": {
				"north": {"uv": [0, 15, 5, 15.75], "texture": "#texture", "cullface": "west"},
				"south": {"uv": [0, 15, 5, 15.75], "texture": "#texture", "cullface": "west"},
				"west": {"uv": [3.75, 15, 1, 15.75], "texture": "#texture", "cullface": "west"},
				"up": {"uv": [0, 15.75, 5, 16], "texture": "#texture", "cullface": "west"},
				"down": {"uv": [5, 16, 0, 15.75], "texture": "#texture", "cullface": "west"}
			}
		}
	],
	"gui_light": "front",
	"display": {
		"thirdperson_righthand": {
			"rotation": [0, -90, 0],
			"translation": [0, -1, -2.75],
			"scale": [0.89, 0.89, 0.89]
		},
		"thirdperson_lefthand": {
			"rotation": [0, 90, 0],
			"translation": [-0.25, -1, -2.75],
			"scale": [0.89, 0.89, 0.89]
		},
		"firstperson_righthand": {
			"rotation": [0, -90, 0],
			"translation": [0, 1.75, -3],
			"scale": [0.86, 0.86, 0.87]
		},
		"firstperson_lefthand": {
			"rotation": [0, 90, 0],
			"translation": [0, 1.75, -3],
			"scale": [0.86, 0.86, 0.87]
		},
		"ground": {
			"translation": [-3, -1, 0],
			"scale": [0.94, 0.94, 0.94]
		},
		"gui": {
			"rotation": [0, 0, -45],
			"translation": [-3, 1.5, 0],
			"scale": [0.99, 0.99, 0.9]
		},
		"head": {
			"translation": [-2.25, 0, 0]
		},
		"fixed": {
			"rotation": [0, 180, -45],
			"translation": [3.6, 2.05, -1.1],
			"scale": [1.25, 1.25, 1.25]
		}
	}
}