{
	"credit": "Made by SrDarmith - YouTube: Mainclay",
	"textures": {
		"1": "itemm/sandstone_smooth",
		"particle": "itemm/sandstone_smooth",
		"texture": "itemm/anvil_1"
	},
	"elements": [
		{
			"from": [3.3, 11.325, 7.575],
			"to": [15.475, 11.575, 8.425],
			"rotation": {"angle": 0, "axis": "y", "origin": [-0.7, 0, 0]},
			"faces": {
				"north": {"uv": [1, 6, 1.5, 6.25], "texture": "#texture"},
				"east": {"uv": [7.75, 6, 8.25, 6.25], "texture": "#texture"},
				"south": {"uv": [14.5, 6, 15, 6.25], "texture": "#texture"},
				"west": {"uv": [7.75, 6, 8.25, 6.25], "texture": "#texture"},
				"up": {"uv": [14.5, 7.75, 15, 8.25], "texture": "#texture"},
				"down": {"uv": [1, 6, 2, 7], "texture": "#texture"}
			}
		},
		{
			"from": [7.7, 8.075, 7.575],
			"to": [7.85, 8.225, 8.425],
			"rotation": {"angle": 0, "axis": "x", "origin": [-0.7, -0.125, 0]},
			"faces": {
				"north": {"uv": [14.5, 6, 15, 6.25], "rotation": 180, "texture": "#texture"},
				"east": {"uv": [7.75, 6, 8.25, 6.25], "rotation": 180, "texture": "#texture"},
				"south": {"uv": [1, 6, 1.5, 6.25], "rotation": 180, "texture": "#texture"},
				"west": {"uv": [7.75, 6, 8.25, 6.25], "rotation": 180, "texture": "#texture"},
				"down": {"uv": [14.5, 7.75, 15, 8.25], "texture": "#texture"}
			}
		},
		{
			"from": [7.4, 8.075, 7.575],
			"to": [7.55, 8.225, 8.425],
			"rotation": {"angle": 0, "axis": "x", "origin": [-0.7, -0.125, 0]},
			"faces": {
				"north": {"uv": [14.5, 6, 15, 6.25], "rotation": 180, "texture": "#texture"},
				"east": {"uv": [7.75, 6, 8.25, 6.25], "rotation": 180, "texture": "#texture"},
				"south": {"uv": [1, 6, 1.5, 6.25], "rotation": 180, "texture": "#texture"},
				"west": {"uv": [7.75, 6, 8.25, 6.25], "rotation": 180, "texture": "#texture"},
				"down": {"uv": [14.5, 7.75, 15, 8.25], "texture": "#texture"}
			}
		},
		{
			"from": [8.3, 8.075, 7.575],
			"to": [8.45, 8.225, 8.425],
			"rotation": {"angle": 0, "axis": "y", "origin": [-0.7, -0.125, 0]},
			"faces": {
				"north": {"uv": [14.5, 6, 15, 6.25], "rotation": 180, "texture": "#texture"},
				"east": {"uv": [7.75, 6, 8.25, 6.25], "rotation": 180, "texture": "#texture"},
				"south": {"uv": [1, 6, 1.5, 6.25], "rotation": 180, "texture": "#texture"},
				"west": {"uv": [7.75, 6, 8.25, 6.25], "rotation": 180, "texture": "#texture"},
				"down": {"uv": [14.5, 7.75, 15, 8.25], "texture": "#texture"}
			}
		},
		{
			"from": [8, 8.075, 7.575],
			"to": [8.15, 8.225, 8.425],
			"rotation": {"angle": 0, "axis": "y", "origin": [-0.7, -0.125, 0]},
			"faces": {
				"north": {"uv": [14.5, 6, 15, 6.25], "rotation": 180, "texture": "#texture"},
				"east": {"uv": [7.75, 6, 8.25, 6.25], "rotation": 180, "texture": "#texture"},
				"south": {"uv": [1, 6, 1.5, 6.25], "rotation": 180, "texture": "#texture"},
				"west": {"uv": [7.75, 6, 8.25, 6.25], "rotation": 180, "texture": "#texture"},
				"down": {"uv": [14.5, 7.75, 15, 8.25], "texture": "#texture"}
			}
		},
		{
			"from": [7.1, 8.075, 7.575],
			"to": [7.25, 8.225, 8.425],
			"rotation": {"angle": 0, "axis": "x", "origin": [-0.7, -0.125, 0]},
			"faces": {
				"north": {"uv": [14.5, 6, 15, 6.25], "rotation": 180, "texture": "#texture"},
				"east": {"uv": [7.75, 6, 8.25, 6.25], "rotation": 180, "texture": "#texture"},
				"south": {"uv": [1, 6, 1.5, 6.25], "rotation": 180, "texture": "#texture"},
				"west": {"uv": [7.75, 6, 8.25, 6.25], "rotation": 180, "texture": "#texture"},
				"down": {"uv": [14.5, 7.75, 15, 8.25], "texture": "#texture"}
			}
		},
		{
			"from": [6.8, 8.075, 7.575],
			"to": [6.95, 8.225, 8.425],
			"rotation": {"angle": 0, "axis": "x", "origin": [-0.7, -0.125, 0]},
			"faces": {
				"north": {"uv": [14.5, 6, 15, 6.25], "rotation": 180, "texture": "#texture"},
				"east": {"uv": [7.75, 6, 8.25, 6.25], "rotation": 180, "texture": "#texture"},
				"south": {"uv": [1, 6, 1.5, 6.25], "rotation": 180, "texture": "#texture"},
				"west": {"uv": [7.75, 6, 8.25, 6.25], "rotation": 180, "texture": "#texture"},
				"down": {"uv": [14.5, 7.75, 15, 8.25], "texture": "#texture"}
			}
		},
		{
			"from": [6.5, 8.075, 7.575],
			"to": [6.65, 8.225, 8.425],
			"rotation": {"angle": 0, "axis": "x", "origin": [-0.7, -0.125, 0]},
			"faces": {
				"north": {"uv": [14.5, 6, 15, 6.25], "rotation": 180, "texture": "#texture"},
				"east": {"uv": [7.75, 6, 8.25, 6.25], "rotation": 180, "texture": "#texture"},
				"south": {"uv": [1, 6, 1.5, 6.25], "rotation": 180, "texture": "#texture"},
				"west": {"uv": [7.75, 6, 8.25, 6.25], "rotation": 180, "texture": "#texture"},
				"down": {"uv": [14.5, 7.75, 15, 8.25], "texture": "#texture"}
			}
		},
		{
			"from": [6.2, 8.075, 7.575],
			"to": [6.35, 8.225, 8.425],
			"rotation": {"angle": 0, "axis": "x", "origin": [-0.7, -0.125, 0]},
			"faces": {
				"north": {"uv": [14.5, 6, 15, 6.25], "rotation": 180, "texture": "#texture"},
				"east": {"uv": [7.75, 6, 8.25, 6.25], "rotation": 180, "texture": "#texture"},
				"south": {"uv": [1, 6, 1.5, 6.25], "rotation": 180, "texture": "#texture"},
				"west": {"uv": [7.75, 6, 8.25, 6.25], "rotation": 180, "texture": "#texture"},
				"down": {"uv": [14.5, 7.75, 15, 8.25], "texture": "#texture"}
			}
		},
		{
			"from": [5.9, 8.075, 7.575],
			"to": [6.05, 8.225, 8.425],
			"rotation": {"angle": 0, "axis": "x", "origin": [-0.7, -0.125, 0]},
			"faces": {
				"north": {"uv": [14.5, 6, 15, 6.25], "rotation": 180, "texture": "#texture"},
				"east": {"uv": [7.75, 6, 8.25, 6.25], "rotation": 180, "texture": "#texture"},
				"south": {"uv": [1, 6, 1.5, 6.25], "rotation": 180, "texture": "#texture"},
				"west": {"uv": [7.75, 6, 8.25, 6.25], "rotation": 180, "texture": "#texture"},
				"down": {"uv": [14.5, 7.75, 15, 8.25], "texture": "#texture"}
			}
		},
		{
			"from": [5.6, 8.075, 7.575],
			"to": [5.75, 8.225, 8.425],
			"rotation": {"angle": 0, "axis": "x", "origin": [-0.7, -0.125, 0]},
			"faces": {
				"north": {"uv": [14.5, 6, 15, 6.25], "rotation": 180, "texture": "#texture"},
				"east": {"uv": [7.75, 6, 8.25, 6.25], "rotation": 180, "texture": "#texture"},
				"south": {"uv": [1, 6, 1.5, 6.25], "rotation": 180, "texture": "#texture"},
				"west": {"uv": [7.75, 6, 8.25, 6.25], "rotation": 180, "texture": "#texture"},
				"down": {"uv": [14.5, 7.75, 15, 8.25], "texture": "#texture"}
			}
		},
		{
			"from": [5.3, 8.075, 7.575],
			"to": [5.45, 8.225, 8.425],
			"rotation": {"angle": 0, "axis": "x", "origin": [-0.7, -0.125, 0]},
			"faces": {
				"north": {"uv": [14.5, 6, 15, 6.25], "rotation": 180, "texture": "#texture"},
				"east": {"uv": [7.75, 6, 8.25, 6.25], "rotation": 180, "texture": "#texture"},
				"south": {"uv": [1, 6, 1.5, 6.25], "rotation": 180, "texture": "#texture"},
				"west": {"uv": [7.75, 6, 8.25, 6.25], "rotation": 180, "texture": "#texture"},
				"down": {"uv": [14.5, 7.75, 15, 8.25], "texture": "#texture"}
			}
		},
		{
			"from": [5.3, 8.225, 7.575],
			"to": [8.45, 8.475, 8.425],
			"rotation": {"angle": 0, "axis": "x", "origin": [-0.7, -0.125, 0]},
			"faces": {
				"north": {"uv": [14.5, 6, 15, 6.25], "rotation": 180, "texture": "#texture"},
				"east": {"uv": [7.75, 6, 8.25, 6.25], "rotation": 180, "texture": "#texture"},
				"south": {"uv": [1, 6, 1.5, 6.25], "rotation": 180, "texture": "#texture"},
				"west": {"uv": [7.75, 6, 8.25, 6.25], "rotation": 180, "texture": "#texture"},
				"up": {"uv": [0, 0, 0, 0], "texture": "#texture"},
				"down": {"uv": [14.5, 7.75, 15, 8.25], "texture": "#texture"}
			}
		},
		{
			"from": [3.3, 11.075, 7.45],
			"to": [3.65, 11.325, 8.55],
			"rotation": {"angle": 0, "axis": "y", "origin": [-0.7, 0, 0]},
			"faces": {
				"north": {"uv": [1, 6, 1.5, 6.25], "texture": "#texture"},
				"east": {"uv": [7.75, 6, 8.25, 6.25], "texture": "#texture"},
				"south": {"uv": [14.5, 6, 15, 6.25], "texture": "#texture"},
				"west": {"uv": [7.75, 6, 8.25, 6.25], "texture": "#texture"},
				"up": {"uv": [14.5, 7.75, 15, 8.25], "texture": "#texture"},
				"down": {"uv": [1, 6, 2, 7], "texture": "#texture"}
			}
		},
		{
			"from": [3.3, 8.5, 7.075],
			"to": [3.65, 11.075, 8.925],
			"rotation": {"angle": 0, "axis": "y", "origin": [-0.7, 0, 0]},
			"faces": {
				"north": {"uv": [1, 6, 1.5, 6.25], "texture": "#texture"},
				"east": {"uv": [7.75, 6, 8.25, 6.25], "texture": "#texture"},
				"south": {"uv": [14.5, 6, 15, 6.25], "texture": "#texture"},
				"west": {"uv": [7.75, 6, 8.25, 6.25], "texture": "#texture"},
				"up": {"uv": [14.5, 7.75, 15, 8.25], "texture": "#texture"},
				"down": {"uv": [1, 6, 2, 7], "texture": "#texture"}
			}
		},
		{
			"from": [3.3, 8.75, 6.825],
			"to": [3.65, 10.825, 9.175],
			"rotation": {"angle": 0, "axis": "y", "origin": [-0.7, 0, 0]},
			"faces": {
				"north": {"uv": [1, 6, 1.5, 6.25], "texture": "#texture"},
				"east": {"uv": [7.75, 6, 8.25, 6.25], "texture": "#texture"},
				"south": {"uv": [14.5, 6, 15, 6.25], "texture": "#texture"},
				"west": {"uv": [7.75, 6, 8.25, 6.25], "texture": "#texture"},
				"up": {"uv": [14.5, 7.75, 15, 8.25], "texture": "#texture"},
				"down": {"uv": [1, 6, 2, 7], "texture": "#texture"}
			}
		},
		{
			"from": [3.225, 8.575, 7.2],
			"to": [4.15, 9.725, 8.8],
			"rotation": {"angle": 0, "axis": "y", "origin": [-0.7, 0, 0]},
			"faces": {
				"north": {"uv": [1, 6, 1.5, 6.25], "texture": "#texture"},
				"east": {"uv": [7.75, 6, 8.25, 6.25], "texture": "#texture"},
				"south": {"uv": [14.5, 6, 15, 6.25], "texture": "#texture"},
				"west": {"uv": [7.75, 6, 8.25, 6.25], "texture": "#texture"},
				"up": {"uv": [14.5, 7.75, 15, 8.25], "texture": "#texture"},
				"down": {"uv": [1, 6, 2, 7], "texture": "#texture"}
			}
		},
		{
			"from": [3.225, 8.825, 6.95],
			"to": [4.15, 9.475, 9.05],
			"rotation": {"angle": 0, "axis": "y", "origin": [-0.7, 0, 0]},
			"faces": {
				"north": {"uv": [1, 6, 1.5, 6.25], "texture": "#texture"},
				"east": {"uv": [7.75, 6, 8.25, 6.25], "texture": "#texture"},
				"south": {"uv": [14.5, 6, 15, 6.25], "texture": "#texture"},
				"west": {"uv": [7.75, 6, 8.25, 6.25], "texture": "#texture"},
				"up": {"uv": [14.5, 7.75, 15, 8.25], "texture": "#texture"},
				"down": {"uv": [1, 6, 2, 7], "texture": "#texture"}
			}
		},
		{
			"from": [15.75, 11.05, 7.7],
			"to": [20.5, 11.45, 8.3],
			"rotation": {"angle": 0, "axis": "y", "origin": [-0.25, 0, 0]},
			"faces": {
				"north": {"uv": [1, 6, 1.5, 6.25], "texture": "#texture"},
				"east": {"uv": [7.75, 6, 8.25, 6.25], "texture": "#texture"},
				"south": {"uv": [14.5, 6, 15, 6.25], "texture": "#texture"},
				"west": {"uv": [7.75, 6, 8.25, 6.25], "texture": "#texture"},
				"up": {"uv": [14.5, 7.75, 15, 8.25], "texture": "#texture"}
			}
		},
		{
			"from": [14.55, 18.125, 7.7],
			"to": [15.55, 18.525, 8.3],
			"rotation": {"angle": -22.5, "axis": "z", "origin": [-0.25, 0, 0]},
			"faces": {
				"north": {"uv": [1, 6, 1.5, 6.25], "texture": "#texture"},
				"east": {"uv": [7.75, 6, 8.25, 6.25], "texture": "#texture"},
				"south": {"uv": [14.5, 6, 15, 6.25], "texture": "#texture"},
				"west": {"uv": [7.75, 6, 8.25, 6.25], "texture": "#texture"},
				"up": {"uv": [14.5, 7.75, 15, 8.25], "texture": "#texture"}
			}
		},
		{
			"from": [14.85, 10.925, 7.825],
			"to": [15.475, 11.325, 8.175],
			"faces": {
				"north": {"uv": [1, 6, 1.5, 6.25], "texture": "#texture"},
				"east": {"uv": [7.75, 6, 8.25, 6.25], "texture": "#texture"},
				"south": {"uv": [14.5, 6, 15, 6.25], "texture": "#texture"},
				"west": {"uv": [7.75, 6, 8.25, 6.25], "texture": "#texture"},
				"up": {"uv": [14.5, 7.75, 15, 8.25], "texture": "#texture"}
			}
		},
		{
			"from": [12.9, 11.1, 7.825],
			"to": [13.15, 11.325, 8.175],
			"faces": {
				"north": {"uv": [1, 6, 1.5, 6.25], "texture": "#1"},
				"east": {"uv": [7.75, 6, 8.25, 6.25], "texture": "#1"},
				"south": {"uv": [14.5, 6, 15, 6.25], "texture": "#1"},
				"west": {"uv": [7.75, 6, 8.25, 6.25], "texture": "#1"},
				"up": {"uv": [14.5, 7.75, 15, 8.25], "texture": "#1"}
			}
		},
		{
			"from": [15.675, 11.1, 7.575],
			"to": [15.925, 11.325, 8.425],
			"faces": {
				"north": {"uv": [1, 6, 1.5, 6.25], "texture": "#1"},
				"east": {"uv": [7.75, 6, 8.25, 6.25], "texture": "#1"},
				"south": {"uv": [14.5, 6, 15, 6.25], "texture": "#1"},
				"west": {"uv": [7.75, 6, 8.25, 6.25], "texture": "#1"},
				"up": {"uv": [14.5, 7.75, 15, 8.25], "texture": "#1"}
			}
		},
		{
			"from": [18.325, 11.1, 7.575],
			"to": [18.95, 11.325, 8.425],
			"faces": {
				"north": {"uv": [1, 6, 1.5, 6.25], "texture": "#1"},
				"east": {"uv": [7.75, 6, 8.25, 6.25], "texture": "#1"},
				"south": {"uv": [14.5, 6, 15, 6.25], "texture": "#1"},
				"west": {"uv": [7.75, 6, 8.25, 6.25], "texture": "#1"},
				"up": {"uv": [14.5, 7.75, 15, 8.25], "texture": "#1"}
			}
		},
		{
			"from": [8.175, 11.05, 7.825],
			"to": [8.425, 11.275, 8.175],
			"rotation": {"angle": 0, "axis": "y", "origin": [-0.7, 0, 0]},
			"faces": {
				"north": {"uv": [1, 6, 1.5, 6.25], "texture": "#1"},
				"east": {"uv": [7.75, 6, 8.25, 6.25], "texture": "#1"},
				"south": {"uv": [14.5, 6, 15, 6.25], "texture": "#1"},
				"west": {"uv": [7.75, 6, 8.25, 6.25], "texture": "#1"},
				"up": {"uv": [14.5, 7.75, 15, 8.25], "texture": "#1"}
			}
		},
		{
			"from": [6.425, 11.05, 7.825],
			"to": [6.675, 11.275, 8.175],
			"rotation": {"angle": 0, "axis": "y", "origin": [-0.7, 0, 0]},
			"faces": {
				"north": {"uv": [1, 6, 1.5, 6.25], "texture": "#1"},
				"east": {"uv": [7.75, 6, 8.25, 6.25], "texture": "#1"},
				"south": {"uv": [14.5, 6, 15, 6.25], "texture": "#1"},
				"west": {"uv": [7.75, 6, 8.25, 6.25], "texture": "#1"},
				"up": {"uv": [14.5, 7.75, 15, 8.25], "texture": "#1"}
			}
		},
		{
			"from": [4.675, 11.05, 7.825],
			"to": [4.925, 11.275, 8.175],
			"rotation": {"angle": 0, "axis": "y", "origin": [-0.7, 0, 0]},
			"faces": {
				"north": {"uv": [1, 6, 1.5, 6.25], "texture": "#1"},
				"east": {"uv": [7.75, 6, 8.25, 6.25], "texture": "#1"},
				"south": {"uv": [14.5, 6, 15, 6.25], "texture": "#1"},
				"west": {"uv": [7.75, 6, 8.25, 6.25], "texture": "#1"},
				"up": {"uv": [14.5, 7.75, 15, 8.25], "texture": "#1"}
			}
		},
		{
			"from": [3.3, 11.575, 7.575],
			"to": [3.45, 11.725, 8.425],
			"rotation": {"angle": 0, "axis": "y", "origin": [-0.7, 0, 0]},
			"faces": {
				"north": {"uv": [1, 6, 1.5, 6.25], "texture": "#texture"},
				"east": {"uv": [7.75, 6, 8.25, 6.25], "texture": "#texture"},
				"south": {"uv": [14.5, 6, 15, 6.25], "texture": "#texture"},
				"west": {"uv": [7.75, 6, 8.25, 6.25], "texture": "#texture"},
				"up": {"uv": [14.5, 7.75, 15, 8.25], "texture": "#texture"}
			}
		},
		{
			"from": [12.6, 11.575, 7.575],
			"to": [12.75, 11.725, 8.425],
			"rotation": {"angle": 0, "axis": "y", "origin": [-0.7, 0, 0]},
			"faces": {
				"north": {"uv": [1, 6, 1.5, 6.25], "texture": "#texture"},
				"east": {"uv": [7.75, 6, 8.25, 6.25], "texture": "#texture"},
				"south": {"uv": [14.5, 6, 15, 6.25], "texture": "#texture"},
				"west": {"uv": [7.75, 6, 8.25, 6.25], "texture": "#texture"},
				"up": {"uv": [14.5, 7.75, 15, 8.25], "texture": "#texture"}
			}
		},
		{
			"from": [12.3, 11.575, 7.575],
			"to": [12.45, 11.725, 8.425],
			"rotation": {"angle": 0, "axis": "y", "origin": [-0.7, 0, 0]},
			"faces": {
				"north": {"uv": [1, 6, 1.5, 6.25], "texture": "#texture"},
				"east": {"uv": [7.75, 6, 8.25, 6.25], "texture": "#texture"},
				"south": {"uv": [14.5, 6, 15, 6.25], "texture": "#texture"},
				"west": {"uv": [7.75, 6, 8.25, 6.25], "texture": "#texture"},
				"up": {"uv": [14.5, 7.75, 15, 8.25], "texture": "#texture"}
			}
		},
		{
			"from": [12, 11.575, 7.575],
			"to": [12.15, 11.725, 8.425],
			"rotation": {"angle": 0, "axis": "y", "origin": [-0.7, 0, 0]},
			"faces": {
				"north": {"uv": [1, 6, 1.5, 6.25], "texture": "#texture"},
				"east": {"uv": [7.75, 6, 8.25, 6.25], "texture": "#texture"},
				"south": {"uv": [14.5, 6, 15, 6.25], "texture": "#texture"},
				"west": {"uv": [7.75, 6, 8.25, 6.25], "texture": "#texture"},
				"up": {"uv": [14.5, 7.75, 15, 8.25], "texture": "#texture"}
			}
		},
		{
			"from": [11.7, 11.575, 7.575],
			"to": [11.85, 11.725, 8.425],
			"rotation": {"angle": 0, "axis": "y", "origin": [-0.7, 0, 0]},
			"faces": {
				"north": {"uv": [1, 6, 1.5, 6.25], "texture": "#texture"},
				"east": {"uv": [7.75, 6, 8.25, 6.25], "texture": "#texture"},
				"south": {"uv": [14.5, 6, 15, 6.25], "texture": "#texture"},
				"west": {"uv": [7.75, 6, 8.25, 6.25], "texture": "#texture"},
				"up": {"uv": [14.5, 7.75, 15, 8.25], "texture": "#texture"}
			}
		},
		{
			"from": [11.4, 11.575, 7.575],
			"to": [11.55, 11.725, 8.425],
			"rotation": {"angle": 0, "axis": "y", "origin": [-0.7, 0, 0]},
			"faces": {
				"north": {"uv": [1, 6, 1.5, 6.25], "texture": "#texture"},
				"east": {"uv": [7.75, 6, 8.25, 6.25], "texture": "#texture"},
				"south": {"uv": [14.5, 6, 15, 6.25], "texture": "#texture"},
				"west": {"uv": [7.75, 6, 8.25, 6.25], "texture": "#texture"},
				"up": {"uv": [14.5, 7.75, 15, 8.25], "texture": "#texture"}
			}
		},
		{
			"from": [14.125, 11.575, 7.575],
			"to": [14.275, 11.725, 8.425],
			"rotation": {"angle": 0, "axis": "y", "origin": [-0.7, 0, 0]},
			"faces": {
				"north": {"uv": [1, 6, 1.5, 6.25], "texture": "#texture"},
				"east": {"uv": [7.75, 6, 8.25, 6.25], "texture": "#texture"},
				"south": {"uv": [14.5, 6, 15, 6.25], "texture": "#texture"},
				"west": {"uv": [7.75, 6, 8.25, 6.25], "texture": "#texture"},
				"up": {"uv": [14.5, 7.75, 15, 8.25], "texture": "#texture"}
			}
		},
		{
			"from": [13.825, 11.575, 7.575],
			"to": [13.975, 11.725, 8.425],
			"rotation": {"angle": 0, "axis": "y", "origin": [-0.7, 0, 0]},
			"faces": {
				"north": {"uv": [1, 6, 1.5, 6.25], "texture": "#texture"},
				"east": {"uv": [7.75, 6, 8.25, 6.25], "texture": "#texture"},
				"south": {"uv": [14.5, 6, 15, 6.25], "texture": "#texture"},
				"west": {"uv": [7.75, 6, 8.25, 6.25], "texture": "#texture"},
				"up": {"uv": [14.5, 7.75, 15, 8.25], "texture": "#texture"}
			}
		},
		{
			"from": [13.525, 11.575, 7.575],
			"to": [13.675, 11.725, 8.425],
			"rotation": {"angle": 0, "axis": "y", "origin": [-0.7, 0, 0]},
			"faces": {
				"north": {"uv": [1, 6, 1.5, 6.25], "texture": "#texture"},
				"east": {"uv": [7.75, 6, 8.25, 6.25], "texture": "#texture"},
				"south": {"uv": [14.5, 6, 15, 6.25], "texture": "#texture"},
				"west": {"uv": [7.75, 6, 8.25, 6.25], "texture": "#texture"},
				"up": {"uv": [14.5, 7.75, 15, 8.25], "texture": "#texture"}
			}
		},
		{
			"from": [14.725, 11.575, 7.575],
			"to": [14.875, 11.725, 8.425],
			"rotation": {"angle": 0, "axis": "y", "origin": [-0.7, 0, 0]},
			"faces": {
				"north": {"uv": [1, 6, 1.5, 6.25], "texture": "#texture"},
				"east": {"uv": [7.75, 6, 8.25, 6.25], "texture": "#texture"},
				"south": {"uv": [14.5, 6, 15, 6.25], "texture": "#texture"},
				"west": {"uv": [7.75, 6, 8.25, 6.25], "texture": "#texture"},
				"up": {"uv": [14.5, 7.75, 15, 8.25], "texture": "#texture"}
			}
		},
		{
			"from": [14.425, 11.575, 7.575],
			"to": [14.575, 11.725, 8.425],
			"rotation": {"angle": 0, "axis": "y", "origin": [-0.7, 0, 0]},
			"faces": {
				"north": {"uv": [1, 6, 1.5, 6.25], "texture": "#texture"},
				"east": {"uv": [7.75, 6, 8.25, 6.25], "texture": "#texture"},
				"south": {"uv": [14.5, 6, 15, 6.25], "texture": "#texture"},
				"west": {"uv": [7.75, 6, 8.25, 6.25], "texture": "#texture"},
				"up": {"uv": [14.5, 7.75, 15, 8.25], "texture": "#texture"}
			}
		},
		{
			"from": [15.325, 11.575, 7.575],
			"to": [15.475, 11.725, 8.425],
			"rotation": {"angle": 0, "axis": "y", "origin": [-0.7, 0, 0]},
			"faces": {
				"north": {"uv": [1, 6, 1.5, 6.25], "texture": "#texture"},
				"east": {"uv": [7.75, 6, 8.25, 6.25], "texture": "#texture"},
				"south": {"uv": [14.5, 6, 15, 6.25], "texture": "#texture"},
				"west": {"uv": [7.75, 6, 8.25, 6.25], "texture": "#texture"},
				"up": {"uv": [14.5, 7.75, 15, 8.25], "texture": "#texture"}
			}
		},
		{
			"from": [15.025, 11.575, 7.575],
			"to": [15.175, 11.725, 8.425],
			"rotation": {"angle": 0, "axis": "y", "origin": [-0.7, 0, 0]},
			"faces": {
				"north": {"uv": [1, 6, 1.5, 6.25], "texture": "#texture"},
				"east": {"uv": [7.75, 6, 8.25, 6.25], "texture": "#texture"},
				"south": {"uv": [14.5, 6, 15, 6.25], "texture": "#texture"},
				"west": {"uv": [7.75, 6, 8.25, 6.25], "texture": "#texture"},
				"up": {"uv": [14.5, 7.75, 15, 8.25], "texture": "#texture"}
			}
		},
		{
			"from": [13.225, 11.575, 7.575],
			"to": [13.375, 11.725, 8.425],
			"rotation": {"angle": 0, "axis": "y", "origin": [-0.7, 0, 0]},
			"faces": {
				"north": {"uv": [1, 6, 1.5, 6.25], "texture": "#texture"},
				"east": {"uv": [7.75, 6, 8.25, 6.25], "texture": "#texture"},
				"south": {"uv": [14.5, 6, 15, 6.25], "texture": "#texture"},
				"west": {"uv": [7.75, 6, 8.25, 6.25], "texture": "#texture"},
				"up": {"uv": [14.5, 7.75, 15, 8.25], "texture": "#texture"}
			}
		},
		{
			"from": [12.925, 11.575, 7.575],
			"to": [13.075, 11.725, 8.425],
			"rotation": {"angle": 0, "axis": "y", "origin": [-0.7, 0, 0]},
			"faces": {
				"north": {"uv": [1, 6, 1.5, 6.25], "texture": "#texture"},
				"east": {"uv": [7.75, 6, 8.25, 6.25], "texture": "#texture"},
				"south": {"uv": [14.5, 6, 15, 6.25], "texture": "#texture"},
				"west": {"uv": [7.75, 6, 8.25, 6.25], "texture": "#texture"},
				"up": {"uv": [14.5, 7.75, 15, 8.25], "texture": "#texture"}
			}
		},
		{
			"from": [11.1, 11.575, 7.575],
			"to": [11.25, 11.725, 8.425],
			"rotation": {"angle": 0, "axis": "y", "origin": [-0.7, 0, 0]},
			"faces": {
				"north": {"uv": [1, 6, 1.5, 6.25], "texture": "#texture"},
				"east": {"uv": [7.75, 6, 8.25, 6.25], "texture": "#texture"},
				"south": {"uv": [14.5, 6, 15, 6.25], "texture": "#texture"},
				"west": {"uv": [7.75, 6, 8.25, 6.25], "texture": "#texture"},
				"up": {"uv": [14.5, 7.75, 15, 8.25], "texture": "#texture"}
			}
		},
		{
			"from": [10.8, 11.575, 7.575],
			"to": [10.95, 11.725, 8.425],
			"rotation": {"angle": 0, "axis": "y", "origin": [-0.7, 0, 0]},
			"faces": {
				"north": {"uv": [1, 6, 1.5, 6.25], "texture": "#texture"},
				"east": {"uv": [7.75, 6, 8.25, 6.25], "texture": "#texture"},
				"south": {"uv": [14.5, 6, 15, 6.25], "texture": "#texture"},
				"west": {"uv": [7.75, 6, 8.25, 6.25], "texture": "#texture"},
				"up": {"uv": [14.5, 7.75, 15, 8.25], "texture": "#texture"}
			}
		},
		{
			"from": [10.5, 11.575, 7.575],
			"to": [10.65, 11.725, 8.425],
			"rotation": {"angle": 0, "axis": "y", "origin": [-0.7, 0, 0]},
			"faces": {
				"north": {"uv": [1, 6, 1.5, 6.25], "texture": "#texture"},
				"east": {"uv": [7.75, 6, 8.25, 6.25], "texture": "#texture"},
				"south": {"uv": [14.5, 6, 15, 6.25], "texture": "#texture"},
				"west": {"uv": [7.75, 6, 8.25, 6.25], "texture": "#texture"},
				"up": {"uv": [14.5, 7.75, 15, 8.25], "texture": "#texture"}
			}
		},
		{
			"from": [10.2, 11.575, 7.575],
			"to": [10.35, 11.725, 8.425],
			"rotation": {"angle": 0, "axis": "y", "origin": [-0.7, 0, 0]},
			"faces": {
				"north": {"uv": [1, 6, 1.5, 6.25], "texture": "#texture"},
				"east": {"uv": [7.75, 6, 8.25, 6.25], "texture": "#texture"},
				"south": {"uv": [14.5, 6, 15, 6.25], "texture": "#texture"},
				"west": {"uv": [7.75, 6, 8.25, 6.25], "texture": "#texture"},
				"up": {"uv": [14.5, 7.75, 15, 8.25], "texture": "#texture"}
			}
		},
		{
			"from": [9.9, 11.575, 7.575],
			"to": [10.05, 11.725, 8.425],
			"rotation": {"angle": 0, "axis": "y", "origin": [-0.7, 0, 0]},
			"faces": {
				"north": {"uv": [1, 6, 1.5, 6.25], "texture": "#texture"},
				"east": {"uv": [7.75, 6, 8.25, 6.25], "texture": "#texture"},
				"south": {"uv": [14.5, 6, 15, 6.25], "texture": "#texture"},
				"west": {"uv": [7.75, 6, 8.25, 6.25], "texture": "#texture"},
				"up": {"uv": [14.5, 7.75, 15, 8.25], "texture": "#texture"}
			}
		},
		{
			"from": [9.6, 11.575, 7.575],
			"to": [9.75, 11.725, 8.425],
			"rotation": {"angle": 0, "axis": "y", "origin": [-0.7, 0, 0]},
			"faces": {
				"north": {"uv": [1, 6, 1.5, 6.25], "texture": "#texture"},
				"east": {"uv": [7.75, 6, 8.25, 6.25], "texture": "#texture"},
				"south": {"uv": [14.5, 6, 15, 6.25], "texture": "#texture"},
				"west": {"uv": [7.75, 6, 8.25, 6.25], "texture": "#texture"},
				"up": {"uv": [14.5, 7.75, 15, 8.25], "texture": "#texture"}
			}
		},
		{
			"from": [9.3, 11.575, 7.575],
			"to": [9.45, 11.725, 8.425],
			"rotation": {"angle": 0, "axis": "y", "origin": [-0.7, 0, 0]},
			"faces": {
				"north": {"uv": [1, 6, 1.5, 6.25], "texture": "#texture"},
				"east": {"uv": [7.75, 6, 8.25, 6.25], "texture": "#texture"},
				"south": {"uv": [14.5, 6, 15, 6.25], "texture": "#texture"},
				"west": {"uv": [7.75, 6, 8.25, 6.25], "texture": "#texture"},
				"up": {"uv": [14.5, 7.75, 15, 8.25], "texture": "#texture"}
			}
		},
		{
			"from": [9, 11.575, 7.575],
			"to": [9.15, 11.725, 8.425],
			"rotation": {"angle": 0, "axis": "y", "origin": [-0.7, 0, 0]},
			"faces": {
				"north": {"uv": [1, 6, 1.5, 6.25], "texture": "#texture"},
				"east": {"uv": [7.75, 6, 8.25, 6.25], "texture": "#texture"},
				"south": {"uv": [14.5, 6, 15, 6.25], "texture": "#texture"},
				"west": {"uv": [7.75, 6, 8.25, 6.25], "texture": "#texture"},
				"up": {"uv": [14.5, 7.75, 15, 8.25], "texture": "#texture"}
			}
		},
		{
			"from": [8.7, 11.575, 7.575],
			"to": [8.85, 11.725, 8.425],
			"rotation": {"angle": 0, "axis": "y", "origin": [-0.7, 0, 0]},
			"faces": {
				"north": {"uv": [1, 6, 1.5, 6.25], "texture": "#texture"},
				"east": {"uv": [7.75, 6, 8.25, 6.25], "texture": "#texture"},
				"south": {"uv": [14.5, 6, 15, 6.25], "texture": "#texture"},
				"west": {"uv": [7.75, 6, 8.25, 6.25], "texture": "#texture"},
				"up": {"uv": [14.5, 7.75, 15, 8.25], "texture": "#texture"}
			}
		},
		{
			"from": [8.4, 11.575, 7.575],
			"to": [8.55, 11.725, 8.425],
			"rotation": {"angle": 0, "axis": "y", "origin": [-0.7, 0, 0]},
			"faces": {
				"north": {"uv": [1, 6, 1.5, 6.25], "texture": "#texture"},
				"east": {"uv": [7.75, 6, 8.25, 6.25], "texture": "#texture"},
				"south": {"uv": [14.5, 6, 15, 6.25], "texture": "#texture"},
				"west": {"uv": [7.75, 6, 8.25, 6.25], "texture": "#texture"},
				"up": {"uv": [14.5, 7.75, 15, 8.25], "texture": "#texture"}
			}
		},
		{
			"from": [8.1, 11.575, 7.575],
			"to": [8.25, 11.725, 8.425],
			"rotation": {"angle": 0, "axis": "y", "origin": [-0.7, 0, 0]},
			"faces": {
				"north": {"uv": [1, 6, 1.5, 6.25], "texture": "#texture"},
				"east": {"uv": [7.75, 6, 8.25, 6.25], "texture": "#texture"},
				"south": {"uv": [14.5, 6, 15, 6.25], "texture": "#texture"},
				"west": {"uv": [7.75, 6, 8.25, 6.25], "texture": "#texture"},
				"up": {"uv": [14.5, 7.75, 15, 8.25], "texture": "#texture"}
			}
		},
		{
			"from": [7.8, 11.575, 7.575],
			"to": [7.95, 11.725, 8.425],
			"rotation": {"angle": 0, "axis": "y", "origin": [-0.7, 0, 0]},
			"faces": {
				"north": {"uv": [1, 6, 1.5, 6.25], "texture": "#texture"},
				"east": {"uv": [7.75, 6, 8.25, 6.25], "texture": "#texture"},
				"south": {"uv": [14.5, 6, 15, 6.25], "texture": "#texture"},
				"west": {"uv": [7.75, 6, 8.25, 6.25], "texture": "#texture"},
				"up": {"uv": [14.5, 7.75, 15, 8.25], "texture": "#texture"}
			}
		},
		{
			"from": [7.5, 11.575, 7.575],
			"to": [7.65, 11.725, 8.425],
			"rotation": {"angle": 0, "axis": "y", "origin": [-0.7, 0, 0]},
			"faces": {
				"north": {"uv": [1, 6, 1.5, 6.25], "texture": "#texture"},
				"east": {"uv": [7.75, 6, 8.25, 6.25], "texture": "#texture"},
				"south": {"uv": [14.5, 6, 15, 6.25], "texture": "#texture"},
				"west": {"uv": [7.75, 6, 8.25, 6.25], "texture": "#texture"},
				"up": {"uv": [14.5, 7.75, 15, 8.25], "texture": "#texture"}
			}
		},
		{
			"from": [7.2, 11.575, 7.575],
			"to": [7.35, 11.725, 8.425],
			"rotation": {"angle": 0, "axis": "y", "origin": [-0.7, 0, 0]},
			"faces": {
				"north": {"uv": [1, 6, 1.5, 6.25], "texture": "#texture"},
				"east": {"uv": [7.75, 6, 8.25, 6.25], "texture": "#texture"},
				"south": {"uv": [14.5, 6, 15, 6.25], "texture": "#texture"},
				"west": {"uv": [7.75, 6, 8.25, 6.25], "texture": "#texture"},
				"up": {"uv": [14.5, 7.75, 15, 8.25], "texture": "#texture"}
			}
		},
		{
			"from": [6.9, 11.575, 7.575],
			"to": [7.05, 11.725, 8.425],
			"rotation": {"angle": 0, "axis": "y", "origin": [-0.7, 0, 0]},
			"faces": {
				"north": {"uv": [1, 6, 1.5, 6.25], "texture": "#texture"},
				"east": {"uv": [7.75, 6, 8.25, 6.25], "texture": "#texture"},
				"south": {"uv": [14.5, 6, 15, 6.25], "texture": "#texture"},
				"west": {"uv": [7.75, 6, 8.25, 6.25], "texture": "#texture"},
				"up": {"uv": [14.5, 7.75, 15, 8.25], "texture": "#texture"}
			}
		},
		{
			"from": [6.6, 11.575, 7.575],
			"to": [6.75, 11.725, 8.425],
			"rotation": {"angle": 0, "axis": "y", "origin": [-0.7, 0, 0]},
			"faces": {
				"north": {"uv": [1, 6, 1.5, 6.25], "texture": "#texture"},
				"east": {"uv": [7.75, 6, 8.25, 6.25], "texture": "#texture"},
				"south": {"uv": [14.5, 6, 15, 6.25], "texture": "#texture"},
				"west": {"uv": [7.75, 6, 8.25, 6.25], "texture": "#texture"},
				"up": {"uv": [14.5, 7.75, 15, 8.25], "texture": "#texture"}
			}
		},
		{
			"from": [6.3, 11.575, 7.575],
			"to": [6.45, 11.725, 8.425],
			"rotation": {"angle": 0, "axis": "y", "origin": [-0.7, 0, 0]},
			"faces": {
				"north": {"uv": [1, 6, 1.5, 6.25], "texture": "#texture"},
				"east": {"uv": [7.75, 6, 8.25, 6.25], "texture": "#texture"},
				"south": {"uv": [14.5, 6, 15, 6.25], "texture": "#texture"},
				"west": {"uv": [7.75, 6, 8.25, 6.25], "texture": "#texture"},
				"up": {"uv": [14.5, 7.75, 15, 8.25], "texture": "#texture"}
			}
		},
		{
			"from": [6, 11.575, 7.575],
			"to": [6.15, 11.725, 8.425],
			"rotation": {"angle": 0, "axis": "y", "origin": [-0.7, 0, 0]},
			"faces": {
				"north": {"uv": [1, 6, 1.5, 6.25], "texture": "#texture"},
				"east": {"uv": [7.75, 6, 8.25, 6.25], "texture": "#texture"},
				"south": {"uv": [14.5, 6, 15, 6.25], "texture": "#texture"},
				"west": {"uv": [7.75, 6, 8.25, 6.25], "texture": "#texture"},
				"up": {"uv": [14.5, 7.75, 15, 8.25], "texture": "#texture"}
			}
		},
		{
			"from": [5.7, 11.575, 7.575],
			"to": [5.85, 11.725, 8.425],
			"rotation": {"angle": 0, "axis": "y", "origin": [-0.7, 0, 0]},
			"faces": {
				"north": {"uv": [1, 6, 1.5, 6.25], "texture": "#texture"},
				"east": {"uv": [7.75, 6, 8.25, 6.25], "texture": "#texture"},
				"south": {"uv": [14.5, 6, 15, 6.25], "texture": "#texture"},
				"west": {"uv": [7.75, 6, 8.25, 6.25], "texture": "#texture"},
				"up": {"uv": [14.5, 7.75, 15, 8.25], "texture": "#texture"}
			}
		},
		{
			"from": [5.4, 11.575, 7.575],
			"to": [5.55, 11.725, 8.425],
			"rotation": {"angle": 0, "axis": "y", "origin": [-0.7, 0, 0]},
			"faces": {
				"north": {"uv": [1, 6, 1.5, 6.25], "texture": "#texture"},
				"east": {"uv": [7.75, 6, 8.25, 6.25], "texture": "#texture"},
				"south": {"uv": [14.5, 6, 15, 6.25], "texture": "#texture"},
				"west": {"uv": [7.75, 6, 8.25, 6.25], "texture": "#texture"},
				"up": {"uv": [14.5, 7.75, 15, 8.25], "texture": "#texture"}
			}
		},
		{
			"from": [5.1, 11.575, 7.575],
			"to": [5.25, 11.725, 8.425],
			"rotation": {"angle": 0, "axis": "y", "origin": [-0.7, 0, 0]},
			"faces": {
				"north": {"uv": [1, 6, 1.5, 6.25], "texture": "#texture"},
				"east": {"uv": [7.75, 6, 8.25, 6.25], "texture": "#texture"},
				"south": {"uv": [14.5, 6, 15, 6.25], "texture": "#texture"},
				"west": {"uv": [7.75, 6, 8.25, 6.25], "texture": "#texture"},
				"up": {"uv": [14.5, 7.75, 15, 8.25], "texture": "#texture"}
			}
		},
		{
			"from": [4.8, 11.575, 7.575],
			"to": [4.95, 11.725, 8.425],
			"rotation": {"angle": 0, "axis": "y", "origin": [-0.7, 0, 0]},
			"faces": {
				"north": {"uv": [1, 6, 1.5, 6.25], "texture": "#texture"},
				"east": {"uv": [7.75, 6, 8.25, 6.25], "texture": "#texture"},
				"south": {"uv": [14.5, 6, 15, 6.25], "texture": "#texture"},
				"west": {"uv": [7.75, 6, 8.25, 6.25], "texture": "#texture"},
				"up": {"uv": [14.5, 7.75, 15, 8.25], "texture": "#texture"}
			}
		},
		{
			"from": [4.5, 11.575, 7.575],
			"to": [4.65, 11.725, 8.425],
			"rotation": {"angle": 0, "axis": "y", "origin": [-0.7, 0, 0]},
			"faces": {
				"north": {"uv": [1, 6, 1.5, 6.25], "texture": "#texture"},
				"east": {"uv": [7.75, 6, 8.25, 6.25], "texture": "#texture"},
				"south": {"uv": [14.5, 6, 15, 6.25], "texture": "#texture"},
				"west": {"uv": [7.75, 6, 8.25, 6.25], "texture": "#texture"},
				"up": {"uv": [14.5, 7.75, 15, 8.25], "texture": "#texture"}
			}
		},
		{
			"from": [4.2, 11.575, 7.575],
			"to": [4.35, 11.725, 8.425],
			"rotation": {"angle": 0, "axis": "y", "origin": [-0.7, 0, 0]},
			"faces": {
				"north": {"uv": [1, 6, 1.5, 6.25], "texture": "#texture"},
				"east": {"uv": [7.75, 6, 8.25, 6.25], "texture": "#texture"},
				"south": {"uv": [14.5, 6, 15, 6.25], "texture": "#texture"},
				"west": {"uv": [7.75, 6, 8.25, 6.25], "texture": "#texture"},
				"up": {"uv": [14.5, 7.75, 15, 8.25], "texture": "#texture"}
			}
		},
		{
			"from": [3.9, 11.575, 7.575],
			"to": [4.05, 11.725, 8.425],
			"rotation": {"angle": 0, "axis": "y", "origin": [-0.7, 0, 0]},
			"faces": {
				"north": {"uv": [1, 6, 1.5, 6.25], "texture": "#texture"},
				"east": {"uv": [7.75, 6, 8.25, 6.25], "texture": "#texture"},
				"south": {"uv": [14.5, 6, 15, 6.25], "texture": "#texture"},
				"west": {"uv": [7.75, 6, 8.25, 6.25], "texture": "#texture"},
				"up": {"uv": [14.5, 7.75, 15, 8.25], "texture": "#texture"}
			}
		},
		{
			"from": [3.6, 11.575, 7.575],
			"to": [3.75, 11.725, 8.425],
			"rotation": {"angle": 0, "axis": "y", "origin": [-0.7, 0, 0]},
			"faces": {
				"north": {"uv": [1, 6, 1.5, 6.25], "texture": "#texture"},
				"east": {"uv": [7.75, 6, 8.25, 6.25], "texture": "#texture"},
				"south": {"uv": [14.5, 6, 15, 6.25], "texture": "#texture"},
				"west": {"uv": [7.75, 6, 8.25, 6.25], "texture": "#texture"},
				"up": {"uv": [14.5, 7.75, 15, 8.25], "texture": "#texture"}
			}
		},
		{
			"from": [16.05, 4.675, 7.375],
			"to": [16.325, 6.575, 8.625],
			"rotation": {"angle": 22.5, "axis": "z", "origin": [15.5, 9.325, 7.25]},
			"faces": {
				"north": {"uv": [8, 10.4, 9.65, 11.95], "rotation": 270, "texture": "#texture", "cullface": "east"},
				"east": {"uv": [8, 10.3, 9.75, 12], "rotation": 90, "texture": "#texture", "cullface": "east"},
				"south": {"uv": [8, 10.3, 9.75, 11.85], "rotation": 90, "texture": "#texture", "cullface": "east"},
				"west": {"uv": [8, 10.3, 9.75, 12], "rotation": 90, "texture": "#texture", "cullface": "east"},
				"up": {"uv": [8, 10.35, 9.6, 11.9], "rotation": 90, "texture": "#texture", "cullface": "east"},
				"down": {"uv": [8, 10.35, 9.7, 11.9], "rotation": 90, "texture": "#texture", "cullface": "east"}
			}
		},
		{
			"from": [16.05, 6.575, 7.375],
			"to": [16.325, 7.575, 8.625],
			"rotation": {"angle": 22.5, "axis": "z", "origin": [15.5, 9.325, 7.25]},
			"faces": {
				"north": {"uv": [8, 11.4, 8.65, 11.95], "rotation": 270, "texture": "#1", "cullface": "east"},
				"east": {"uv": [9, 11.3, 9.75, 12], "rotation": 90, "texture": "#1", "cullface": "east"},
				"south": {"uv": [9, 11.3, 9.75, 11.85], "rotation": 90, "texture": "#1", "cullface": "east"},
				"west": {"uv": [9, 11.3, 9.75, 12], "rotation": 90, "texture": "#1", "cullface": "east"},
				"up": {"uv": [9, 11.35, 9.6, 11.9], "rotation": 90, "texture": "#1", "cullface": "east"},
				"down": {"uv": [9, 11.35, 9.7, 11.9], "rotation": 90, "texture": "#1", "cullface": "east"}
			}
		},
		{
			"from": [14.55, 3.925, 7.375],
			"to": [16.05, 7.825, 8.625],
			"rotation": {"angle": 22.5, "axis": "z", "origin": [15.5, 9.325, 7.25]},
			"faces": {
				"north": {"uv": [8, 10.4, 9.65, 11.95], "rotation": 270, "texture": "#1", "cullface": "east"},
				"east": {"uv": [8, 10.3, 9.75, 12], "rotation": 90, "texture": "#1", "cullface": "east"},
				"south": {"uv": [8, 10.3, 9.75, 11.85], "rotation": 90, "texture": "#1", "cullface": "east"},
				"west": {"uv": [8, 10.3, 9.75, 12], "rotation": 90, "texture": "#1", "cullface": "east"},
				"up": {"uv": [8, 10.35, 9.6, 11.9], "rotation": 90, "texture": "#1", "cullface": "east"},
				"down": {"uv": [8, 10.35, 9.7, 11.9], "rotation": 90, "texture": "#1", "cullface": "east"}
			}
		},
		{
			"from": [16.05, 3.925, 7.375],
			"to": [16.3, 4.675, 8.625],
			"rotation": {"angle": 22.5, "axis": "z", "origin": [15.5, 9.325, 7.25]},
			"faces": {
				"north": {"uv": [9, 11.4, 9.65, 11.95], "rotation": 270, "texture": "#1", "cullface": "east"},
				"east": {"uv": [9, 11.3, 9.75, 12], "rotation": 90, "texture": "#1", "cullface": "east"},
				"south": {"uv": [8, 11.3, 8.75, 11.85], "rotation": 90, "texture": "#1", "cullface": "east"},
				"west": {"uv": [9, 11.3, 9.75, 12], "rotation": 90, "texture": "#1", "cullface": "east"},
				"up": {"uv": [9, 11.35, 9.6, 11.9], "rotation": 90, "texture": "#1", "cullface": "east"},
				"down": {"uv": [9, 11.35, 9.7, 11.9], "rotation": 90, "texture": "#1", "cullface": "east"}
			}
		},
		{
			"from": [5.9, 7, 7.35],
			"to": [7.925, 7.375, 8.6],
			"rotation": {"angle": 22.5, "axis": "z", "origin": [13.8, 8.95, 7.25]},
			"faces": {
				"north": {"uv": [8, 10.4, 9.65, 11.95], "rotation": 270, "texture": "#1", "cullface": "east"},
				"east": {"uv": [8, 10.3, 9.75, 12], "rotation": 90, "texture": "#1", "cullface": "east"},
				"south": {"uv": [8, 10.3, 9.75, 11.85], "rotation": 90, "texture": "#1", "cullface": "east"},
				"west": {"uv": [8, 10.3, 9.75, 12], "rotation": 90, "texture": "#1", "cullface": "east"},
				"up": {"uv": [8, 10.35, 9.6, 11.9], "rotation": 90, "texture": "#1", "cullface": "east"},
				"down": {"uv": [8, 10.35, 9.7, 11.9], "rotation": 90, "texture": "#1", "cullface": "east"}
			}
		},
		{
			"from": [6.15, 7.375, 7.35],
			"to": [7.675, 10.625, 8.6],
			"rotation": {"angle": 22.5, "axis": "z", "origin": [13.8, 8.95, 7.25]},
			"faces": {
				"north": {"uv": [8, 10.4, 9.65, 11.95], "rotation": 270, "texture": "#1", "cullface": "east"},
				"east": {"uv": [8, 10.3, 9.75, 12], "rotation": 90, "texture": "#1", "cullface": "east"},
				"south": {"uv": [8, 10.3, 9.75, 11.85], "rotation": 90, "texture": "#1", "cullface": "east"},
				"west": {"uv": [8, 10.3, 9.75, 12], "rotation": 90, "texture": "#1", "cullface": "east"},
				"up": {"uv": [8, 10.35, 9.6, 11.9], "rotation": 90, "texture": "#1", "cullface": "east"},
				"down": {"uv": [8, 10.35, 9.7, 11.9], "rotation": 90, "texture": "#1", "cullface": "east"}
			}
		},
		{
			"from": [6.15, 10.625, 7.35],
			"to": [6.725, 11.125, 8.6],
			"rotation": {"angle": 22.5, "axis": "z", "origin": [13.8, 8.95, 7.25]},
			"faces": {
				"north": {"uv": [9, 11.4, 9.65, 11.95], "rotation": 270, "texture": "#1", "cullface": "east"},
				"east": {"uv": [9, 11.3, 9.75, 12], "rotation": 90, "texture": "#1", "cullface": "east"},
				"south": {"uv": [9, 11.3, 9.75, 11.85], "rotation": 90, "texture": "#1", "cullface": "east"},
				"west": {"uv": [9, 11.3, 9.75, 12], "rotation": 90, "texture": "#1", "cullface": "east"},
				"up": {"uv": [9, 11.35, 9.6, 11.9], "rotation": 90, "texture": "#1", "cullface": "east"},
				"down": {"uv": [9, 11.35, 9.7, 11.9], "rotation": 90, "texture": "#1", "cullface": "east"}
			}
		},
		{
			"from": [6.65, 10.625, 7.35],
			"to": [6.975, 10.875, 8.6],
			"rotation": {"angle": 22.5, "axis": "z", "origin": [13.8, 8.95, 7.25]},
			"faces": {
				"north": {"uv": [9, 11.4, 9.65, 11.95], "rotation": 270, "texture": "#1", "cullface": "east"},
				"east": {"uv": [9, 11.3, 9.75, 12], "rotation": 90, "texture": "#1", "cullface": "east"},
				"south": {"uv": [9, 11.3, 9.75, 11.85], "rotation": 90, "texture": "#1", "cullface": "east"},
				"west": {"uv": [9, 11.3, 9.75, 12], "rotation": 90, "texture": "#1", "cullface": "east"},
				"up": {"uv": [9, 11.35, 9.6, 11.9], "rotation": 90, "texture": "#1", "cullface": "east"},
				"down": {"uv": [9, 11.35, 9.7, 11.9], "rotation": 90, "texture": "#1", "cullface": "east"}
			}
		},
		{
			"from": [14.3, 3.55, 7.375],
			"to": [16.575, 3.925, 8.625],
			"rotation": {"angle": 22.5, "axis": "z", "origin": [15.5, 9.325, 7.25]},
			"faces": {
				"north": {"uv": [8, 10.4, 9.65, 11.95], "rotation": 270, "texture": "#1", "cullface": "east"},
				"east": {"uv": [8, 10.3, 9.75, 12], "rotation": 90, "texture": "#1", "cullface": "east"},
				"south": {"uv": [8, 10.3, 9.75, 11.85], "rotation": 90, "texture": "#1", "cullface": "east"},
				"west": {"uv": [8, 10.3, 9.75, 12], "rotation": 90, "texture": "#1", "cullface": "east"},
				"up": {"uv": [8, 10.35, 9.6, 11.9], "rotation": 90, "texture": "#1", "cullface": "east"},
				"down": {"uv": [8, 10.35, 9.7, 11.9], "rotation": 90, "texture": "#1", "cullface": "east"}
			}
		},
		{
			"from": [15.225, 0.375, 7.5],
			"to": [15.475, 2.125, 8.5],
			"rotation": {"angle": 22.5, "axis": "z", "origin": [0, 0.175, 0]},
			"faces": {
				"north": {"uv": [2.5, 8.75, 2.75, 10], "texture": "#1"},
				"east": {"uv": [7.5, 8.75, 8.5, 10], "texture": "#1"},
				"south": {"uv": [13.25, 8.75, 13.5, 10], "texture": "#1"},
				"west": {"uv": [7.5, 8.75, 8.5, 10], "texture": "#1"},
				"down": {"uv": [2.75, 8.5, 2.5, 7.5], "texture": "#1"}
			}
		},
		{
			"from": [14, 6.175, 7.5],
			"to": [16.25, 6.425, 8.5],
			"rotation": {"angle": 0, "axis": "y", "origin": [0, 0.175, 0]},
			"faces": {
				"north": {"uv": [0.75, 10, 2.5, 10.25], "texture": "#1"},
				"east": {"uv": [7.5, 10, 8.5, 10.25], "texture": "#1"},
				"south": {"uv": [13.5, 10, 15.25, 10.25], "texture": "#1"},
				"west": {"uv": [7.5, 10, 8.5, 10.25], "texture": "#1"},
				"up": {"uv": [13.5, 7.5, 15.25, 8.5], "texture": "#1"},
				"down": {"uv": [2.5, 8.5, 0.75, 7.5], "texture": "#1"}
			}
		},
		{
			"from": [15.3, 6.875, 7.75],
			"to": [16.125, 8.125, 8.25],
			"rotation": {"angle": -22.5, "axis": "z", "origin": [14.425, 7.65, 7.75]},
			"faces": {
				"north": {"uv": [0.75, 2, 1.25, 3.25], "texture": "#texture"},
				"east": {"uv": [7.75, 2, 8.25, 3.25], "texture": "#texture"},
				"south": {"uv": [14.75, 2, 15.25, 3.25], "texture": "#texture"},
				"west": {"uv": [7.75, 2, 8.25, 3.25], "texture": "#texture"},
				"down": {"uv": [1.25, 8.25, 0.75, 7.75], "texture": "#texture"}
			}
		},
		{
			"from": [14.9, 6.725, 7.75],
			"to": [15.275, 7.95, 8.25],
			"rotation": {"angle": 22.5, "axis": "z", "origin": [14.425, 7.65, 7.75]},
			"faces": {
				"north": {"uv": [0.75, 2, 1.25, 3.25], "texture": "#texture"},
				"east": {"uv": [7.75, 2, 8.25, 3.25], "texture": "#texture"},
				"south": {"uv": [14.75, 2, 15.25, 3.25], "texture": "#texture"},
				"west": {"uv": [7.75, 2, 8.25, 3.25], "texture": "#texture"},
				"down": {"uv": [1.25, 8.25, 0.75, 7.75], "texture": "#texture"}
			}
		},
		{
			"name": "Element",
			"from": [2.85, 10.675, 7.25],
			"to": [12.8, 10.925, 7.8],
			"rotation": {"angle": 0, "axis": "y", "origin": [-0.7, 0, 0]},
			"faces": {
				"north": {"uv": [16, 5.75, 15, 6], "texture": "#texture"},
				"east": {"uv": [7.75, 5.75, 8.25, 6], "texture": "#texture"},
				"south": {"uv": [0, 5.75, 1, 6], "texture": "#texture"},
				"west": {"uv": [7.75, 5.75, 8.25, 6], "texture": "#texture", "cullface": "west"},
				"up": {"uv": [0, 7.75, 1, 8.25], "texture": "#texture"},
				"down": {"uv": [16, 8.25, 15, 7.75], "texture": "#texture"}
			}
		},
		{
			"name": "Element",
			"from": [3, 8.625, 8.2],
			"to": [11.95, 9.675, 8.75],
			"rotation": {"angle": 0, "axis": "y", "origin": [-0.7, 0, 0]},
			"faces": {
				"north": {"uv": [16, 5.75, 15, 6], "texture": "#texture"},
				"east": {"uv": [7.75, 5.75, 8.25, 6], "texture": "#texture"},
				"south": {"uv": [0, 5.75, 1, 6], "texture": "#texture"},
				"west": {"uv": [7.75, 5.75, 8.25, 6], "texture": "#texture", "cullface": "west"},
				"up": {"uv": [0, 7.75, 1, 8.25], "texture": "#texture"},
				"down": {"uv": [16, 8.25, 15, 7.75], "texture": "#texture"}
			}
		},
		{
			"from": [2.9, 8.9, 8.225],
			"to": [3.65, 9.4, 8.725],
			"rotation": {"angle": 0, "axis": "y", "origin": [-0.7, 0, 0]},
			"faces": {
				"north": {"uv": [16, 7.5, 15, 8], "texture": "#texture", "cullface": "west"},
				"south": {"uv": [0, 7.5, 1, 8], "texture": "#texture", "cullface": "west"},
				"west": {"uv": [7.75, 7.5, 8.25, 8], "texture": "#texture", "cullface": "west"},
				"up": {"uv": [0, 0, 1, 1], "texture": "#texture"},
				"down": {"uv": [0, 0, 1, 1], "texture": "#texture"}
			}
		},
		{
			"from": [3.275, 10.15, 7.275],
			"to": [4.025, 10.65, 7.775],
			"rotation": {"angle": 0, "axis": "y", "origin": [-0.7, 0, 0]},
			"faces": {
				"north": {"uv": [16, 12, 15, 11], "texture": "#texture", "cullface": "west"},
				"south": {"uv": [16, 11, 15, 12], "texture": "#texture", "cullface": "west"},
				"west": {"uv": [16, 11, 15, 12], "texture": "#texture", "cullface": "west"},
				"up": {"uv": [16, 11, 15, 12], "texture": "#texture"}
			}
		},
		{
			"from": [3.275, 10.15, 8.225],
			"to": [4.025, 10.65, 8.725],
			"rotation": {"angle": 0, "axis": "y", "origin": [-0.7, 0, 0]},
			"faces": {
				"north": {"uv": [16, 12, 15, 11], "texture": "#texture", "cullface": "west"},
				"south": {"uv": [16, 11, 15, 12], "texture": "#texture", "cullface": "west"},
				"west": {"uv": [16, 11, 15, 12], "texture": "#texture", "cullface": "west"},
				"up": {"uv": [16, 11, 15, 12], "texture": "#texture"}
			}
		},
		{
			"name": "Element",
			"from": [2.85, 9.875, 8.2],
			"to": [12.8, 10.125, 8.75],
			"rotation": {"angle": 0, "axis": "y", "origin": [-0.7, 0, 0]},
			"faces": {
				"north": {"uv": [16, 5.75, 15, 6], "texture": "#texture"},
				"east": {"uv": [7.75, 5.75, 8.25, 6], "texture": "#texture"},
				"south": {"uv": [0, 5.75, 1, 6], "texture": "#texture"},
				"west": {"uv": [7.75, 5.75, 8.25, 6], "texture": "#texture", "cullface": "west"},
				"up": {"uv": [0, 7.75, 1, 8.25], "texture": "#texture"},
				"down": {"uv": [16, 8.25, 15, 7.75], "texture": "#texture"}
			}
		},
		{
			"name": "Element",
			"from": [2.85, 10.125, 8.75],
			"to": [12.8, 10.675, 9],
			"rotation": {"angle": 0, "axis": "y", "origin": [-0.7, 0, 0]},
			"faces": {
				"north": {"uv": [0, 7.75, 1, 8.25], "rotation": 180, "texture": "#texture"},
				"east": {"uv": [7.75, 5.75, 8.25, 6], "rotation": 90, "texture": "#texture"},
				"south": {"uv": [16, 8.25, 15, 7.75], "texture": "#texture"},
				"west": {"uv": [7.75, 5.75, 8.25, 6], "rotation": 270, "texture": "#texture", "cullface": "west"},
				"up": {"uv": [0, 5.75, 1, 6], "texture": "#texture"},
				"down": {"uv": [16, 5.75, 15, 6], "rotation": 180, "texture": "#texture"}
			}
		},
		{
			"name": "Element",
			"from": [2.85, 10.125, 7.95],
			"to": [12.8, 10.675, 8.2],
			"rotation": {"angle": 0, "axis": "y", "origin": [-0.7, 0, 0]},
			"faces": {
				"north": {"uv": [0, 7.75, 1, 8.25], "rotation": 180, "texture": "#texture"},
				"east": {"uv": [7.75, 5.75, 8.25, 6], "rotation": 90, "texture": "#texture"},
				"south": {"uv": [16, 8.25, 15, 7.75], "texture": "#texture"},
				"west": {"uv": [7.75, 5.75, 8.25, 6], "rotation": 270, "texture": "#texture", "cullface": "west"},
				"up": {"uv": [0, 5.75, 1, 6], "texture": "#texture"},
				"down": {"uv": [16, 5.75, 15, 6], "rotation": 180, "texture": "#texture"}
			}
		},
		{
			"name": "Element",
			"from": [2.85, 10.675, 8.2],
			"to": [12.8, 10.925, 8.75],
			"rotation": {"angle": 0, "axis": "y", "origin": [-0.7, 0, 0]},
			"faces": {
				"north": {"uv": [16, 5.75, 15, 6], "texture": "#texture"},
				"east": {"uv": [7.75, 5.75, 8.25, 6], "texture": "#texture"},
				"south": {"uv": [0, 5.75, 1, 6], "texture": "#texture"},
				"west": {"uv": [7.75, 5.75, 8.25, 6], "texture": "#texture", "cullface": "west"},
				"up": {"uv": [0, 7.75, 1, 8.25], "texture": "#texture"},
				"down": {"uv": [16, 8.25, 15, 7.75], "texture": "#texture"}
			}
		},
		{
			"name": "Element",
			"from": [2.85, 10.125, 7],
			"to": [12.8, 10.675, 7.25],
			"rotation": {"angle": 0, "axis": "y", "origin": [-0.7, 0, 0]},
			"faces": {
				"north": {"uv": [0, 7.75, 1, 8.25], "rotation": 180, "texture": "#texture"},
				"east": {"uv": [7.75, 5.75, 8.25, 6], "rotation": 90, "texture": "#texture"},
				"south": {"uv": [16, 8.25, 15, 7.75], "texture": "#texture"},
				"west": {"uv": [7.75, 5.75, 8.25, 6], "rotation": 270, "texture": "#texture", "cullface": "west"},
				"up": {"uv": [0, 5.75, 1, 6], "texture": "#texture"},
				"down": {"uv": [16, 5.75, 15, 6], "rotation": 180, "texture": "#texture"}
			}
		},
		{
			"name": "Element",
			"from": [2.85, 10.125, 7.8],
			"to": [12.8, 10.675, 8.05],
			"rotation": {"angle": 0, "axis": "y", "origin": [-0.7, 0, 0]},
			"faces": {
				"north": {"uv": [0, 7.75, 1, 8.25], "rotation": 180, "texture": "#texture"},
				"east": {"uv": [7.75, 5.75, 8.25, 6], "rotation": 90, "texture": "#texture"},
				"south": {"uv": [16, 8.25, 15, 7.75], "texture": "#texture"},
				"west": {"uv": [7.75, 5.75, 8.25, 6], "rotation": 270, "texture": "#texture", "cullface": "west"},
				"up": {"uv": [0, 5.75, 1, 6], "texture": "#texture"},
				"down": {"uv": [16, 5.75, 15, 6], "rotation": 180, "texture": "#texture"}
			}
		},
		{
			"name": "Element",
			"from": [2.85, 9.875, 7.25],
			"to": [12.8, 10.125, 7.8],
			"rotation": {"angle": 0, "axis": "y", "origin": [-0.7, 0, 0]},
			"faces": {
				"north": {"uv": [16, 5.75, 15, 6], "texture": "#texture"},
				"east": {"uv": [7.75, 5.75, 8.25, 6], "texture": "#texture"},
				"south": {"uv": [0, 5.75, 1, 6], "texture": "#texture"},
				"west": {"uv": [7.75, 5.75, 8.25, 6], "texture": "#texture", "cullface": "west"},
				"up": {"uv": [0, 7.75, 1, 8.25], "texture": "#texture"},
				"down": {"uv": [16, 8.25, 15, 7.75], "texture": "#texture"}
			}
		},
		{
			"name": "Element",
			"from": [3, 8.875, 7],
			"to": [11.95, 9.425, 9],
			"rotation": {"angle": 0, "axis": "y", "origin": [-0.7, 0, 0]},
			"faces": {
				"north": {"uv": [0, 7.75, 1, 8.25], "rotation": 180, "texture": "#texture"},
				"east": {"uv": [7.75, 5.75, 8.25, 6], "rotation": 90, "texture": "#texture"},
				"south": {"uv": [16, 8.25, 15, 7.75], "texture": "#texture"},
				"west": {"uv": [7.75, 5.75, 8.25, 6], "rotation": 270, "texture": "#texture", "cullface": "west"},
				"up": {"uv": [0, 5.75, 1, 6], "texture": "#texture"},
				"down": {"uv": [16, 5.75, 15, 6], "rotation": 180, "texture": "#texture"}
			}
		},
		{
			"name": "Element",
			"from": [3, 8.625, 7.25],
			"to": [11.95, 9.675, 7.8],
			"rotation": {"angle": 0, "axis": "y", "origin": [-0.7, 0, 0]},
			"faces": {
				"north": {"uv": [16, 5.75, 15, 6], "texture": "#texture"},
				"east": {"uv": [7.75, 5.75, 8.25, 6], "texture": "#texture"},
				"south": {"uv": [0, 5.75, 1, 6], "texture": "#texture"},
				"west": {"uv": [7.75, 5.75, 8.25, 6], "texture": "#texture", "cullface": "west"},
				"up": {"uv": [0, 7.75, 1, 8.25], "texture": "#texture"},
				"down": {"uv": [16, 8.25, 15, 7.75], "texture": "#texture"}
			}
		},
		{
			"from": [2.9, 8.9, 7.275],
			"to": [3.65, 9.4, 7.775],
			"rotation": {"angle": 0, "axis": "y", "origin": [-0.7, 0, 0]},
			"faces": {
				"north": {"uv": [16, 7.5, 15, 8], "texture": "#texture", "cullface": "west"},
				"south": {"uv": [0, 7.5, 1, 8], "texture": "#texture", "cullface": "west"},
				"west": {"uv": [7.75, 7.5, 8.25, 8], "texture": "#texture", "cullface": "west"},
				"up": {"uv": [0, 0, 1, 1], "texture": "#texture"},
				"down": {"uv": [0, 0, 1, 1], "texture": "#texture"}
			}
		},
		{
			"from": [13.25, 7.5, 6.95],
			"to": [19, 8.85, 9.05],
			"rotation": {"angle": 0, "axis": "y", "origin": [-0.25, 0, -0.125]},
			"faces": {
				"north": {"uv": [6.5, 13, 13.75, 14.5], "texture": "#1"},
				"east": {"uv": [15, 13, 16, 14], "texture": "#1"},
				"south": {"uv": [8.75, 13, 16, 14.5], "texture": "#1"},
				"west": {"uv": [7.75, 13, 9.75, 14.5], "texture": "#1"},
				"up": {"uv": [8.75, 13, 16, 15], "texture": "#1"},
				"down": {"uv": [8.75, 15, 1.5, 13], "texture": "#1"}
			}
		},
		{
			"from": [18, 8.85, 6.95],
			"to": [19, 10.125, 9.05],
			"rotation": {"angle": 0, "axis": "y", "origin": [-0.25, 0, -0.125]},
			"faces": {
				"north": {"uv": [11.75, 7, 13, 8.5], "texture": "#1"},
				"east": {"uv": [0, 0, 0, 0], "texture": "#1"},
				"south": {"uv": [14, 7, 15.25, 8.5], "texture": "#1"},
				"west": {"uv": [13, 7, 9, 8.5], "texture": "#1"},
				"up": {"uv": [14, 7, 15.25, 9], "texture": "#1"},
				"down": {"uv": [8, 9, 6.75, 7], "texture": "#1"}
			}
		},
		{
			"from": [12.725, 8.85, 7.2],
			"to": [18.25, 11, 8.8],
			"rotation": {"angle": 0, "axis": "y", "origin": [-0.25, 0, -0.125]},
			"faces": {
				"north": {"uv": [6, 7, 13.25, 8.5], "texture": "#texture"},
				"east": {"uv": [0, 0, 0, 0], "texture": "#texture"},
				"south": {"uv": [8.25, 7, 15.5, 8.5], "texture": "#texture"},
				"west": {"uv": [7.25, 7, 9.25, 8.5], "texture": "#texture"},
				"up": {"uv": [8.25, 7, 15.5, 9], "texture": "#texture"},
				"down": {"uv": [8.25, 9, 1, 7], "texture": "#texture"}
			}
		},
		{
			"from": [9.275, 8.5, 7.2],
			"to": [12.8, 9, 8.8],
			"rotation": {"angle": 0, "axis": "y", "origin": [-0.95, 0, -0.125]},
			"faces": {
				"north": {"uv": [6, 7, 13.25, 8.5], "texture": "#texture"},
				"east": {"uv": [0, 0, 0, 0], "texture": "#texture"},
				"south": {"uv": [8.25, 7, 15.5, 8.5], "texture": "#texture"},
				"west": {"uv": [7.25, 7, 9.25, 8.5], "texture": "#texture"},
				"up": {"uv": [8.25, 7, 15.5, 9], "texture": "#texture"},
				"down": {"uv": [8.25, 9, 1, 7], "texture": "#texture"}
			}
		},
		{
			"from": [5.025, 9.75, 7.2],
			"to": [8.375, 10.25, 8.8],
			"rotation": {"angle": 0, "axis": "y", "origin": [-0.95, 0, -0.125]},
			"faces": {
				"north": {"uv": [6, 7, 13.25, 8.5], "texture": "#texture"},
				"east": {"uv": [0, 0, 0, 0], "texture": "#texture"},
				"south": {"uv": [8.25, 7, 15.5, 8.5], "texture": "#texture"},
				"west": {"uv": [7.25, 7, 9.25, 8.5], "texture": "#texture"},
				"up": {"uv": [8.25, 7, 15.5, 9], "texture": "#texture"},
				"down": {"uv": [8.25, 9, 1, 7], "texture": "#texture"}
			}
		},
		{
			"from": [12.75, 10.875, 6.95],
			"to": [19, 11.1, 9.05],
			"rotation": {"angle": 0, "axis": "y", "origin": [-0.25, 0, -0.125]},
			"faces": {
				"north": {"uv": [6.5, 13, 13.75, 14.5], "texture": "#1"},
				"east": {"uv": [0, 0, 0, 0], "texture": "#1"},
				"south": {"uv": [8.75, 13, 16, 14.5], "texture": "#1"},
				"west": {"uv": [7.75, 13, 9.75, 14.5], "texture": "#1"},
				"up": {"uv": [8.75, 13, 16, 15], "texture": "#1"},
				"down": {"uv": [8.75, 15, 1.5, 13], "texture": "#1"}
			}
		},
		{
			"from": [12.75, 10.125, 6.95],
			"to": [19, 10.6, 9.05],
			"rotation": {"angle": 0, "axis": "y", "origin": [-0.25, 0, -0.125]},
			"faces": {
				"north": {"uv": [6.5, 13, 13.75, 14.5], "texture": "#1"},
				"east": {"uv": [0, 0, 0, 0], "texture": "#1"},
				"south": {"uv": [8.75, 13, 16, 14.5], "texture": "#1"},
				"west": {"uv": [7.75, 13, 9.75, 14.5], "texture": "#1"},
				"up": {"uv": [8.75, 13, 16, 15], "texture": "#1"},
				"down": {"uv": [8.75, 15, 1.5, 13], "texture": "#1"}
			}
		},
		{
			"from": [12.75, 10.6, 6.95],
			"to": [13.5, 10.875, 9.05],
			"rotation": {"angle": 0, "axis": "y", "origin": [-0.25, 0, -0.125]},
			"faces": {
				"north": {"uv": [11.5, 13, 13.75, 14.5], "texture": "#1"},
				"east": {"uv": [15, 13, 16, 14], "texture": "#1"},
				"south": {"uv": [13.75, 13, 16, 14.5], "texture": "#1"},
				"west": {"uv": [12.75, 13, 9.75, 14.5], "texture": "#1"},
				"up": {"uv": [13.75, 13, 16, 15], "texture": "#1"},
				"down": {"uv": [8.75, 15, 6.5, 13], "texture": "#1"}
			}
		},
		{
			"from": [14.75, 10.6, 6.95],
			"to": [15.25, 10.875, 9.05],
			"rotation": {"angle": 0, "axis": "y", "origin": [-0.25, 0, -0.125]},
			"faces": {
				"north": {"uv": [11.5, 13, 13.75, 14.5], "texture": "#1"},
				"east": {"uv": [15, 13, 16, 14], "texture": "#1"},
				"south": {"uv": [13.75, 13, 16, 14.5], "texture": "#1"},
				"west": {"uv": [12.75, 13, 9.75, 14.5], "texture": "#1"},
				"up": {"uv": [13.75, 13, 16, 15], "texture": "#1"},
				"down": {"uv": [8.75, 15, 6.5, 13], "texture": "#1"}
			}
		},
		{
			"from": [16.5, 10.6, 6.95],
			"to": [17, 10.875, 9.05],
			"rotation": {"angle": 0, "axis": "y", "origin": [-0.25, 0, -0.125]},
			"faces": {
				"north": {"uv": [11.5, 13, 13.75, 14.5], "texture": "#1"},
				"east": {"uv": [15, 13, 16, 14], "texture": "#1"},
				"south": {"uv": [13.75, 13, 16, 14.5], "texture": "#1"},
				"west": {"uv": [12.75, 13, 9.75, 14.5], "texture": "#1"},
				"up": {"uv": [13.75, 13, 16, 15], "texture": "#1"},
				"down": {"uv": [8.75, 15, 6.5, 13], "texture": "#1"}
			}
		},
		{
			"from": [18.25, 10.6, 6.95],
			"to": [19, 10.875, 9.05],
			"rotation": {"angle": 0, "axis": "y", "origin": [-0.25, 0, -0.125]},
			"faces": {
				"north": {"uv": [11.5, 13, 13.75, 14.5], "texture": "#1"},
				"east": {"uv": [15, 13, 16, 14], "texture": "#1"},
				"south": {"uv": [13.75, 13, 16, 14.5], "texture": "#1"},
				"west": {"uv": [12.75, 13, 9.75, 14.5], "texture": "#1"},
				"up": {"uv": [13.75, 13, 16, 15], "texture": "#1"},
				"down": {"uv": [8.75, 15, 6.5, 13], "texture": "#1"}
			}
		},
		{
			"from": [8.8, 8.25, 6.8],
			"to": [13.55, 8.5, 9.2],
			"rotation": {"angle": 0, "axis": "y", "origin": [-2.45, 0, -0.125]},
			"faces": {
				"north": {"uv": [5.75, 13, 13, 14.5], "texture": "#1"},
				"east": {"uv": [15, 13, 16, 14], "texture": "#1"},
				"south": {"uv": [8, 13, 15.25, 14.5], "texture": "#1"},
				"west": {"uv": [7, 13, 9, 14.5], "texture": "#1"},
				"up": {"uv": [8, 13, 15.25, 15], "texture": "#1"},
				"down": {"uv": [8, 15, 0.75, 13], "texture": "#1"}
			}
		},
		{
			"from": [9.3, 8.75, 6.8],
			"to": [13.55, 10, 9.2],
			"rotation": {"angle": 0, "axis": "y", "origin": [-2.45, 0, -0.125]},
			"faces": {
				"north": {"uv": [5.75, 13, 13, 14.5], "texture": "#1"},
				"east": {"uv": [15, 13, 16, 14], "texture": "#1"},
				"south": {"uv": [8, 13, 15.25, 14.5], "texture": "#1"},
				"west": {"uv": [7, 13, 9, 14.5], "texture": "#1"},
				"up": {"uv": [8, 13, 15.25, 15], "texture": "#1"},
				"down": {"uv": [8, 15, 0.75, 13], "texture": "#1"}
			}
		},
		{
			"from": [12.8, 8.5, 6.8],
			"to": [13.55, 8.75, 9.2],
			"rotation": {"angle": 0, "axis": "y", "origin": [-2.45, 0, -0.125]},
			"faces": {
				"north": {"uv": [11.75, 13, 13, 13.5], "texture": "#1"},
				"east": {"uv": [15, 13, 16, 14], "texture": "#1"},
				"south": {"uv": [14, 13, 15.25, 13.5], "texture": "#1"},
				"west": {"uv": [13, 13, 9, 13.5], "texture": "#1"},
				"up": {"uv": [14, 13, 15.25, 14], "texture": "#1"},
				"down": {"uv": [8, 14, 6.75, 13], "texture": "#1"}
			}
		},
		{
			"from": [11.55, 8.5, 6.8],
			"to": [11.8, 8.75, 9.2],
			"rotation": {"angle": 0, "axis": "y", "origin": [-2.45, 0, -0.125]},
			"faces": {
				"north": {"uv": [11.75, 13, 13, 13.5], "texture": "#1"},
				"east": {"uv": [15, 13, 16, 14], "texture": "#1"},
				"south": {"uv": [14, 13, 15.25, 13.5], "texture": "#1"},
				"west": {"uv": [13, 13, 9, 13.5], "texture": "#1"},
				"up": {"uv": [14, 13, 15.25, 14], "texture": "#1"},
				"down": {"uv": [8, 14, 6.75, 13], "texture": "#1"}
			}
		},
		{
			"from": [10.3, 8.5, 6.8],
			"to": [10.55, 8.75, 9.2],
			"rotation": {"angle": 0, "axis": "y", "origin": [-2.45, 0, -0.125]},
			"faces": {
				"north": {"uv": [11.75, 13, 13, 13.5], "texture": "#1"},
				"east": {"uv": [15, 13, 16, 14], "texture": "#1"},
				"south": {"uv": [14, 13, 15.25, 13.5], "texture": "#1"},
				"west": {"uv": [13, 13, 9, 13.5], "texture": "#1"},
				"up": {"uv": [14, 13, 15.25, 14], "texture": "#1"},
				"down": {"uv": [8, 14, 6.75, 13], "texture": "#1"}
			}
		},
		{
			"from": [4.8, 9.75, 6.8],
			"to": [5.05, 10, 9.2],
			"rotation": {"angle": 0, "axis": "y", "origin": [-2.45, 0, -0.125]},
			"faces": {
				"north": {"uv": [10.75, 13, 13, 14.5], "texture": "#1"},
				"east": {"uv": [15, 13, 16, 14], "texture": "#1"},
				"south": {"uv": [13, 13, 15.25, 14.5], "texture": "#1"},
				"west": {"uv": [12, 13, 9, 14.5], "texture": "#1"},
				"up": {"uv": [13, 13, 15.25, 15], "texture": "#1"},
				"down": {"uv": [8, 15, 5.75, 13], "texture": "#1"}
			}
		},
		{
			"from": [5.925, 9.75, 6.8],
			"to": [6.175, 10, 9.2],
			"rotation": {"angle": 0, "axis": "y", "origin": [-2.45, 0, -0.125]},
			"faces": {
				"north": {"uv": [10.75, 13, 13, 14.5], "texture": "#1"},
				"east": {"uv": [15, 13, 16, 14], "texture": "#1"},
				"south": {"uv": [13, 13, 15.25, 14.5], "texture": "#1"},
				"west": {"uv": [12, 13, 9, 14.5], "texture": "#1"},
				"up": {"uv": [13, 13, 15.25, 15], "texture": "#1"},
				"down": {"uv": [8, 15, 5.75, 13], "texture": "#1"}
			}
		},
		{
			"from": [7.125, 9.75, 6.8],
			"to": [7.375, 10, 9.2],
			"rotation": {"angle": 0, "axis": "y", "origin": [-2.45, 0, -0.125]},
			"faces": {
				"north": {"uv": [10.75, 13, 13, 14.5], "texture": "#1"},
				"east": {"uv": [15, 13, 16, 14], "texture": "#1"},
				"south": {"uv": [13, 13, 15.25, 14.5], "texture": "#1"},
				"west": {"uv": [12, 13, 9, 14.5], "texture": "#1"},
				"up": {"uv": [13, 13, 15.25, 15], "texture": "#1"},
				"down": {"uv": [8, 15, 5.75, 13], "texture": "#1"}
			}
		},
		{
			"from": [4.8, 8.375, 6.8],
			"to": [9.3, 9.75, 9.2],
			"rotation": {"angle": 0, "axis": "y", "origin": [-2.45, -0.125, -0.125]},
			"faces": {
				"north": {"uv": [5.75, 13, 13, 14.5], "texture": "#1"},
				"east": {"uv": [15, 13, 16, 14], "texture": "#1"},
				"south": {"uv": [8, 13, 15.25, 14.5], "texture": "#1"},
				"west": {"uv": [7, 13, 9, 14.5], "texture": "#1"},
				"up": {"uv": [8, 13, 15.25, 15], "texture": "#1"},
				"down": {"uv": [8, 15, 0.75, 13], "texture": "#1"}
			}
		},
		{
			"from": [8.3, 9.75, 6.8],
			"to": [9.3, 10, 9.2],
			"rotation": {"angle": 0, "axis": "y", "origin": [-2.45, 0, -0.125]},
			"faces": {
				"north": {"uv": [10.75, 13, 13, 14.5], "texture": "#1"},
				"east": {"uv": [15, 13, 16, 14], "texture": "#1"},
				"south": {"uv": [13, 13, 15.25, 14.5], "texture": "#1"},
				"west": {"uv": [12, 13, 9, 14.5], "texture": "#1"},
				"up": {"uv": [13, 13, 15.25, 15], "texture": "#1"},
				"down": {"uv": [8, 15, 5.75, 13], "texture": "#1"}
			}
		},
		{
			"from": [4.8, 10, 6.8],
			"to": [8.55, 11.1, 9.2],
			"rotation": {"angle": 0, "axis": "y", "origin": [-2.45, 0, -0.125]},
			"faces": {
				"north": {"uv": [5.75, 13, 13, 14.5], "texture": "#1"},
				"east": {"uv": [15, 13, 16, 14], "texture": "#1"},
				"south": {"uv": [8, 13, 15.25, 14.5], "texture": "#1"},
				"west": {"uv": [7, 13, 9, 14.5], "texture": "#1"},
				"up": {"uv": [8, 13, 15.25, 15], "texture": "#1"},
				"down": {"uv": [8, 15, 0.75, 13], "texture": "#1"}
			}
		},
		{
			"from": [4.55, 9.75, 6.8],
			"to": [4.8, 11.1, 9.2],
			"rotation": {"angle": 0, "axis": "y", "origin": [-2.45, 0, -0.125]},
			"faces": {
				"north": {"uv": [11.75, 13, 12.75, 14.5], "texture": "#1"},
				"east": {"uv": [15, 13, 16, 14], "texture": "#1"},
				"south": {"uv": [14, 13, 15, 14.5], "texture": "#1"},
				"west": {"uv": [12.75, 13, 9, 14.5], "texture": "#1"},
				"up": {"uv": [14, 13, 15, 15], "texture": "#1"},
				"down": {"uv": [7.75, 15, 6.75, 13], "texture": "#1"}
			}
		},
		{
			"from": [5.8, 7.875, 7.175],
			"to": [7.8, 8.3, 8.8],
			"rotation": {"angle": 0, "axis": "y", "origin": [-1.95, -0.375, -0.125]},
			"faces": {
				"north": {"uv": [9.75, 7, 13, 7.5], "texture": "#1"},
				"east": {"uv": [14, 8, 15, 9], "texture": "#1"},
				"south": {"uv": [12, 7, 15.25, 7.5], "texture": "#1"},
				"west": {"uv": [11, 7, 9, 7.5], "texture": "#1"},
				"up": {"uv": [12, 7, 15.25, 8], "texture": "#1"},
				"down": {"uv": [8, 8, 4.75, 7], "texture": "#1"}
			}
		},
		{
			"from": [18.975, 8.325, 6.95],
			"to": [24.375, 11.1, 9.05],
			"rotation": {"angle": 0, "axis": "y", "origin": [-0.25, 0.275, -0.125]},
			"faces": {
				"north": {"uv": [7.75, 7, 12, 8.75], "texture": "#1"},
				"east": {"uv": [14, 7, 15, 8], "texture": "#1"},
				"south": {"uv": [10, 7, 14.25, 8.75], "texture": "#1"},
				"west": {"uv": [9, 7, 8, 8.75], "texture": "#1"},
				"up": {"uv": [10, 7, 14.25, 9.25], "texture": "#1"},
				"down": {"uv": [7, 9.25, 2.75, 7], "texture": "#1"}
			}
		},
		{
			"from": [19.6, 15.95, 6.975],
			"to": [20.85, 20.025, 9.025],
			"rotation": {"angle": -22.5, "axis": "z", "origin": [-0.25, 0.275, -0.125]},
			"faces": {
				"north": {"uv": [11.75, 7, 13, 8.5], "texture": "#1"},
				"east": {"uv": [14, 7, 15, 8], "texture": "#1"},
				"south": {"uv": [14, 7, 15.25, 8.5], "texture": "#1"},
				"west": {"uv": [13, 7, 9, 8.5], "texture": "#1"},
				"up": {"uv": [14, 7, 15.25, 9], "texture": "#1"},
				"down": {"uv": [8, 9, 6.75, 7], "texture": "#1"}
			}
		},
		{
			"from": [20.85, 15.95, 6.975],
			"to": [21.175, 20.025, 9.025],
			"rotation": {"angle": -22.5, "axis": "z", "origin": [-0.25, 0.275, -0.125]},
			"faces": {
				"north": {"uv": [5, 15, 12.25, 15.5], "texture": "#texture"},
				"east": {"uv": [0, 15, 1, 16], "texture": "#texture"},
				"south": {"uv": [7.25, 15, 14.5, 15.5], "texture": "#texture"},
				"west": {"uv": [6.25, 15, 8.25, 15.5], "texture": "#texture"},
				"up": {"uv": [7.25, 15, 14.5, 16], "texture": "#texture"},
				"down": {"uv": [7.25, 16, 0, 15], "texture": "#texture"}
			}
		},
		{
			"from": [18.35, 16.7, 6.975],
			"to": [19.6, 19.7, 9.025],
			"rotation": {"angle": -22.5, "axis": "z", "origin": [-0.25, 0.275, -0.125]},
			"faces": {
				"north": {"uv": [11.75, 7, 13, 8.5], "texture": "#1"},
				"east": {"uv": [14, 7, 15, 8], "texture": "#1"},
				"south": {"uv": [14, 7, 15.25, 8.5], "texture": "#1"},
				"west": {"uv": [13, 7, 9, 8.5], "texture": "#1"},
				"up": {"uv": [14, 7, 15.25, 9], "texture": "#1"},
				"down": {"uv": [8, 9, 6.75, 7], "texture": "#1"}
			}
		},
		{
			"from": [20.4, -0.125, 6.95],
			"to": [21.85, 0.625, 9.05],
			"rotation": {"angle": 22.5, "axis": "z", "origin": [-0.25, 0.275, -0.125]},
			"faces": {
				"north": {"uv": [12, 7, 13, 8], "texture": "#1"},
				"east": {"uv": [0, 0, 0, 0], "texture": "#1"},
				"south": {"uv": [14, 7, 15, 8], "texture": "#1"},
				"west": {"uv": [13, 7, 9, 8.5], "texture": "#1"},
				"up": {"uv": [14, 7, 15.25, 9], "texture": "#1"},
				"down": {"uv": [8, 9, 6.75, 7], "texture": "#1"}
			}
		},
		{
			"from": [4, 11.875, 7.625],
			"to": [4.3, 12.35, 8.375],
			"faces": {
				"north": {"uv": [1, 6, 1.5, 6.25], "texture": "#texture"},
				"east": {"uv": [7.75, 6, 8.25, 6.25], "texture": "#texture"},
				"south": {"uv": [14.5, 6, 15, 6.25], "texture": "#texture"},
				"west": {"uv": [7.75, 6, 8.25, 6.25], "texture": "#texture"},
				"up": {"uv": [14.5, 7.75, 15, 8.25], "texture": "#texture"}
			}
		},
		{
			"from": [4, 12.35, 7.95],
			"to": [4.3, 12.65, 8.05],
			"faces": {
				"north": {"uv": [1, 6, 1.5, 6.25], "texture": "#texture"},
				"east": {"uv": [7.75, 6, 8.25, 6.25], "texture": "#texture"},
				"south": {"uv": [14.5, 6, 15, 6.25], "texture": "#texture"},
				"west": {"uv": [7.75, 6, 8.25, 6.25], "texture": "#texture"},
				"up": {"uv": [14.5, 7.75, 15, 8.25], "texture": "#texture"}
			}
		},
		{
			"from": [4, 12.25, 7.525],
			"to": [4.3, 12.85, 7.725],
			"faces": {
				"north": {"uv": [1, 6, 1.5, 6.25], "texture": "#texture"},
				"east": {"uv": [7.75, 6, 8.25, 6.25], "texture": "#texture"},
				"south": {"uv": [14.5, 6, 15, 6.25], "texture": "#texture"},
				"west": {"uv": [7.75, 6, 8.25, 6.25], "texture": "#texture"},
				"up": {"uv": [14.5, 7.75, 15, 8.25], "texture": "#texture"},
				"down": {"uv": [1, 6, 2, 7], "texture": "#texture"}
			}
		},
		{
			"from": [14.55, 11.575, 7.55],
			"to": [15.125, 11.975, 8.45],
			"faces": {
				"north": {"uv": [1, 6, 1.5, 6.25], "texture": "#texture"},
				"east": {"uv": [7.75, 6, 8.25, 6.25], "texture": "#texture"},
				"south": {"uv": [14.5, 6, 15, 6.25], "texture": "#texture"},
				"west": {"uv": [7.75, 6, 8.25, 6.25], "texture": "#texture"},
				"up": {"uv": [14.5, 7.75, 15, 8.25], "texture": "#texture"}
			}
		},
		{
			"from": [14.8, 11.975, 7.625],
			"to": [15.125, 12.2, 8.375],
			"faces": {
				"north": {"uv": [1, 6, 1.5, 6.25], "texture": "#texture"},
				"east": {"uv": [7.75, 6, 8.25, 6.25], "texture": "#texture"},
				"south": {"uv": [14.5, 6, 15, 6.25], "texture": "#texture"},
				"west": {"uv": [7.75, 6, 8.25, 6.25], "texture": "#texture"},
				"up": {"uv": [14.5, 7.75, 15, 8.25], "texture": "#texture"}
			}
		},
		{
			"from": [14.85, 12.2, 7.875],
			"to": [15, 12.45, 8.125],
			"faces": {
				"north": {"uv": [1, 6, 1.5, 6.25], "texture": "#texture"},
				"east": {"uv": [7.75, 6, 8.25, 6.25], "texture": "#texture"},
				"south": {"uv": [14.5, 6, 15, 6.25], "texture": "#texture"},
				"west": {"uv": [7.75, 6, 8.25, 6.25], "texture": "#texture"},
				"up": {"uv": [14.5, 7.75, 15, 8.25], "texture": "#texture"}
			}
		},
		{
			"from": [14.85, 12.75, 7.875],
			"to": [15, 12.85, 8.125],
			"faces": {
				"north": {"uv": [1, 6, 1.5, 6.25], "texture": "#texture"},
				"east": {"uv": [7.75, 6, 8.25, 6.25], "texture": "#texture"},
				"south": {"uv": [14.5, 6, 15, 6.25], "texture": "#texture"},
				"west": {"uv": [7.75, 6, 8.25, 6.25], "texture": "#texture"},
				"up": {"uv": [14.5, 7.75, 15, 8.25], "texture": "#texture"},
				"down": {"uv": [1, 6, 2, 7], "texture": "#texture"}
			}
		},
		{
			"from": [14.85, 12.45, 8.125],
			"to": [15, 12.75, 8.225],
			"faces": {
				"north": {"uv": [1, 6, 1.5, 6.25], "texture": "#texture"},
				"east": {"uv": [7.75, 6, 8.25, 6.25], "texture": "#texture"},
				"south": {"uv": [14.5, 6, 15, 6.25], "texture": "#texture"},
				"west": {"uv": [7.75, 6, 8.25, 6.25], "texture": "#texture"},
				"up": {"uv": [14.5, 7.75, 15, 8.25], "texture": "#texture"},
				"down": {"uv": [1, 6, 2, 7], "texture": "#texture"}
			}
		},
		{
			"from": [14.85, 12.45, 7.775],
			"to": [15, 12.75, 7.875],
			"faces": {
				"north": {"uv": [1, 6, 1.5, 6.25], "texture": "#texture"},
				"east": {"uv": [7.75, 6, 8.25, 6.25], "texture": "#texture"},
				"south": {"uv": [14.5, 6, 15, 6.25], "texture": "#texture"},
				"west": {"uv": [7.75, 6, 8.25, 6.25], "texture": "#texture"},
				"up": {"uv": [14.5, 7.75, 15, 8.25], "texture": "#texture"},
				"down": {"uv": [1, 6, 2, 7], "texture": "#texture"}
			}
		},
		{
			"from": [14.8, 12.1, 8.3],
			"to": [15.125, 12.875, 8.5],
			"faces": {
				"north": {"uv": [1, 6, 1.5, 6.25], "texture": "#texture"},
				"east": {"uv": [7.75, 6, 8.25, 6.25], "texture": "#texture"},
				"south": {"uv": [14.5, 6, 15, 6.25], "texture": "#texture"},
				"west": {"uv": [7.75, 6, 8.25, 6.25], "texture": "#texture"},
				"up": {"uv": [14.5, 7.75, 15, 8.25], "texture": "#texture"},
				"down": {"uv": [1, 6, 2, 7], "texture": "#texture"}
			}
		},
		{
			"from": [14.8, 12.1, 7.5],
			"to": [15.125, 12.875, 7.7],
			"faces": {
				"north": {"uv": [1, 6, 1.5, 6.25], "texture": "#texture"},
				"east": {"uv": [7.75, 6, 8.25, 6.25], "texture": "#texture"},
				"south": {"uv": [14.5, 6, 15, 6.25], "texture": "#texture"},
				"west": {"uv": [7.75, 6, 8.25, 6.25], "texture": "#texture"},
				"up": {"uv": [14.5, 7.75, 15, 8.25], "texture": "#texture"},
				"down": {"uv": [1, 6, 2, 7], "texture": "#texture"}
			}
		},
		{
			"from": [4, 12.25, 8.275],
			"to": [4.3, 12.85, 8.475],
			"faces": {
				"north": {"uv": [1, 6, 1.5, 6.25], "texture": "#texture"},
				"east": {"uv": [7.75, 6, 8.25, 6.25], "texture": "#texture"},
				"south": {"uv": [14.5, 6, 15, 6.25], "texture": "#texture"},
				"west": {"uv": [7.75, 6, 8.25, 6.25], "texture": "#texture"},
				"up": {"uv": [14.5, 7.75, 15, 8.25], "texture": "#texture"},
				"down": {"uv": [1, 6, 2, 7], "texture": "#texture"}
			}
		},
		{
			"from": [3.75, 11.575, 7.55],
			"to": [4.3, 11.975, 8.45],
			"faces": {
				"north": {"uv": [1, 6, 1.5, 6.25], "texture": "#texture"},
				"east": {"uv": [7.75, 6, 8.25, 6.25], "texture": "#texture"},
				"south": {"uv": [14.5, 6, 15, 6.25], "texture": "#texture"},
				"west": {"uv": [7.75, 6, 8.25, 6.25], "texture": "#texture"},
				"up": {"uv": [14.5, 7.75, 15, 8.25], "texture": "#texture"}
			}
		},
		{
			"from": [3.5, 11.575, 7.55],
			"to": [3.75, 11.825, 8.45],
			"faces": {
				"north": {"uv": [13, 5.25, 14, 5.75], "texture": "#texture"},
				"east": {"uv": [7.5, 5.25, 8.5, 5.75], "texture": "#texture"},
				"south": {"uv": [2, 5.25, 3, 5.75], "texture": "#texture"},
				"west": {"uv": [7.5, 5.25, 8.5, 5.75], "texture": "#texture"},
				"up": {"uv": [2, 7.5, 3, 8.5], "texture": "#texture"}
			}
		},
		{
			"from": [14.3, 11.575, 7.55],
			"to": [14.55, 11.825, 8.45],
			"faces": {
				"north": {"uv": [13, 5.25, 14, 5.75], "texture": "#texture"},
				"east": {"uv": [7.5, 5.25, 8.5, 5.75], "texture": "#texture"},
				"south": {"uv": [2, 5.25, 3, 5.75], "texture": "#texture"},
				"west": {"uv": [7.5, 5.25, 8.5, 5.75], "texture": "#texture"},
				"up": {"uv": [2, 7.5, 3, 8.5], "texture": "#texture"}
			}
		}
	],
	"gui_light": "front",
	"display": {
		"thirdperson_righthand": {
			"rotation": [0, -90, 0],
			"translation": [0, 0.5, -5.75],
			"scale": [0.87, 0.88, 0.88]
		},
		"thirdperson_lefthand": {
			"rotation": [0, 90, 0],
			"translation": [0, 0.5, -5.75],
			"scale": [0.87, 0.88, 0.88]
		},
		"firstperson_righthand": {
			"rotation": [0, -90, 0],
			"translation": [0, 2, -7.5],
			"scale": [0.99, 1, 1]
		},
		"firstperson_lefthand": {
			"rotation": [0, 90, 0],
			"translation": [0, 2, -7.5],
			"scale": [0.99, 1, 1]
		},
		"ground": {
			"translation": [-6.75, 0.25, 0],
			"scale": [0.99, 1, 1]
		},
		"gui": {
			"rotation": [0, 0, -45],
			"translation": [-4.75, 3, 0],
			"scale": [0.83, 0.84, 0.9]
		},
		"head": {
			"translation": [-6.75, 0, 0]
		},
		"fixed": {
			"rotation": [0, 180, -45],
			"translation": [6.75, 4.5, 0],
			"scale": [1.17, 1.18, 1.21]
		}
	}
}