{
	"credit": "Made by SrDarmith - YouTube: Mainclay",
	"textures": {
		"texture": "itemm/anvil_1"
	},
	"elements": [
		{
			"from": [-1.75, 9.35, 7.5],
			"to": [-0.25, 9.85, 7.75],
			"rotation": {"angle": 0, "axis": "y", "origin": [1, 3, 0]},
			"faces": {
				"north": {"uv": [13, 12, 15, 10], "texture": "#texture"},
				"south": {"uv": [15, 12, 13, 10], "texture": "#texture"},
				"west": {"uv": [15, 12, 13, 10], "texture": "#texture"},
				"up": {"uv": [15, 12, 13, 10], "texture": "#texture"},
				"down": {"uv": [15, 12, 13, 10], "texture": "#texture"}
			}
		},
		{
			"from": [-1.75, 9.85, 7.75],
			"to": [-0.25, 10.1, 8.25],
			"rotation": {"angle": 0, "axis": "y", "origin": [1, 3, 0]},
			"faces": {
				"north": {"uv": [13, 12, 15, 10], "texture": "#texture"},
				"south": {"uv": [15, 12, 13, 10], "texture": "#texture"},
				"west": {"uv": [15, 12, 13, 10], "texture": "#texture"},
				"up": {"uv": [15, 12, 13, 10], "texture": "#texture"},
				"down": {"uv": [15, 12, 13, 10], "texture": "#texture"}
			}
		},
		{
			"from": [-1.75, 9.1, 7.75],
			"to": [-0.25, 9.35, 8.25],
			"rotation": {"angle": 0, "axis": "y", "origin": [1, 3, 0]},
			"faces": {
				"north": {"uv": [13, 12, 15, 10], "texture": "#texture"},
				"south": {"uv": [15, 12, 13, 10], "texture": "#texture"},
				"west": {"uv": [15, 12, 13, 10], "texture": "#texture"},
				"up": {"uv": [15, 12, 13, 10], "texture": "#texture"},
				"down": {"uv": [15, 12, 13, 10], "texture": "#texture"}
			}
		},
		{
			"from": [-1.75, 9.35, 8.25],
			"to": [-0.25, 9.85, 8.5],
			"rotation": {"angle": 0, "axis": "y", "origin": [1, 3, 0]},
			"faces": {
				"north": {"uv": [13, 12, 15, 10], "texture": "#texture"},
				"south": {"uv": [15, 12, 13, 10], "texture": "#texture"},
				"west": {"uv": [15, 12, 13, 10], "texture": "#texture"},
				"up": {"uv": [15, 12, 13, 10], "texture": "#texture"},
				"down": {"uv": [15, 12, 13, 10], "texture": "#texture"}
			}
		},
		{
			"from": [-0.25, 9, 6.8],
			"to": [6, 10, 9.175],
			"rotation": {"angle": 0, "axis": "y", "origin": [1, 3, 0]},
			"faces": {
				"north": {"uv": [16, 12, 15, 11], "texture": "#texture"},
				"east": {"uv": [16, 12, 15, 11], "texture": "#texture"},
				"south": {"uv": [16, 12, 15, 11], "texture": "#texture"},
				"west": {"uv": [16, 12, 15, 11], "texture": "#texture"},
				"up": {"uv": [16, 12, 15, 11], "texture": "#texture"},
				"down": {"uv": [15, 11, 16, 12], "texture": "#texture"}
			}
		},
		{
			"from": [-0.25, 8.45, 7.05],
			"to": [6, 10.5, 8.925],
			"rotation": {"angle": 0, "axis": "y", "origin": [1, 3, 0]},
			"faces": {
				"north": {"uv": [16, 12, 15, 11], "texture": "#texture"},
				"east": {"uv": [16, 12, 15, 11], "texture": "#texture"},
				"south": {"uv": [16, 12, 15, 11], "texture": "#texture"},
				"west": {"uv": [16, 12, 15, 11], "texture": "#texture"},
				"up": {"uv": [16, 12, 15, 11], "texture": "#texture"},
				"down": {"uv": [15, 11, 16, 12], "texture": "#texture"}
			}
		},
		{
			"from": [-0.225, 8.925, 7.25],
			"to": [13.525, 10.625, 8.75],
			"rotation": {"angle": 0, "axis": "y", "origin": [1, 3, 0]},
			"faces": {
				"north": {"uv": [2, 16, 0, 14], "texture": "#texture"},
				"east": {"uv": [2, 16, 0, 14], "texture": "#texture"},
				"south": {"uv": [2, 16, 0, 14], "texture": "#texture"},
				"west": {"uv": [2, 16, 0, 14], "texture": "#texture"},
				"up": {"uv": [2, 16, 0, 14], "texture": "#texture"},
				"down": {"uv": [0, 16, 2, 14], "texture": "#texture"}
			}
		},
		{
			"from": [18.25, 6.625, 7.25],
			"to": [18.925, 10.125, 8.75],
			"rotation": {"angle": 0, "axis": "y", "origin": [6, 2.75, 0]},
			"faces": {
				"north": {"uv": [16, 12, 15, 11], "texture": "#texture"},
				"east": {"uv": [16, 12, 15, 11], "texture": "#texture"},
				"south": {"uv": [16, 12, 15, 11], "texture": "#texture"},
				"west": {"uv": [16, 12, 15, 11], "texture": "#texture"},
				"up": {"uv": [16, 12, 15, 11], "texture": "#texture"},
				"down": {"uv": [15, 11, 16, 12], "texture": "#texture"}
			}
		},
		{
			"from": [18.5, 6.45, 7.5],
			"to": [19.275, 10.375, 8.5],
			"rotation": {"angle": 0, "axis": "y", "origin": [6, 2.75, 0]},
			"faces": {
				"north": {"uv": [16, 12, 15, 11], "texture": "#texture"},
				"east": {"uv": [16, 12, 15, 11], "texture": "#texture"},
				"south": {"uv": [16, 12, 15, 11], "texture": "#texture"},
				"west": {"uv": [16, 12, 15, 11], "texture": "#texture"},
				"up": {"uv": [16, 12, 15, 11], "texture": "#texture"},
				"down": {"uv": [15, 11, 16, 12], "texture": "#texture"}
			}
		},
		{
			"from": [12.425, 9.6, 8.75],
			"to": [19.25, 10.125, 9],
			"rotation": {"angle": 0, "axis": "y", "origin": [6, 3, 0]},
			"faces": {
				"north": {"uv": [9, 8, 10, 9], "texture": "#texture"},
				"east": {"uv": [9, 8, 10, 9], "texture": "#texture"},
				"south": {"uv": [9, 8, 10, 9], "texture": "#texture"},
				"west": {"uv": [9, 8, 10, 9], "texture": "#texture"},
				"up": {"uv": [9, 8, 10, 9], "texture": "#texture"},
				"down": {"uv": [10, 9, 9, 8], "texture": "#texture"}
			}
		},
		{
			"from": [-7.75, 8.85, 7.5],
			"to": [-0.75, 9.35, 8.5],
			"rotation": {"angle": 0, "axis": "y", "origin": [1, 2.75, 0]},
			"faces": {
				"north": {"uv": [1, 12, 0, 11], "texture": "#texture"},
				"east": {"uv": [1, 12, 0, 11], "texture": "#texture"},
				"south": {"uv": [1, 12, 0, 11], "texture": "#texture"},
				"west": {"uv": [1, 12, 0, 11], "texture": "#texture"},
				"up": {"uv": [1, 12, 0, 11], "texture": "#texture"},
				"down": {"uv": [0, 11, 1, 12], "texture": "#texture"}
			}
		},
		{
			"from": [-7.75, 9.85, 7.5],
			"to": [-0.75, 10.35, 8.5],
			"rotation": {"angle": 0, "axis": "y", "origin": [1, 2.75, 0]},
			"faces": {
				"north": {"uv": [1, 12, 0, 11], "texture": "#texture"},
				"east": {"uv": [1, 12, 0, 11], "texture": "#texture"},
				"south": {"uv": [1, 12, 0, 11], "texture": "#texture"},
				"west": {"uv": [1, 12, 0, 11], "texture": "#texture"},
				"up": {"uv": [1, 12, 0, 11], "texture": "#texture"},
				"down": {"uv": [0, 11, 1, 12], "texture": "#texture"}
			}
		},
		{
			"from": [-7.75, 9.1, 7.25],
			"to": [-0.75, 10.1, 7.75],
			"rotation": {"angle": 0, "axis": "y", "origin": [1, 2.75, 0]},
			"faces": {
				"north": {"uv": [1, 12, 0, 11], "texture": "#texture"},
				"east": {"uv": [1, 12, 0, 11], "texture": "#texture"},
				"south": {"uv": [1, 12, 0, 11], "texture": "#texture"},
				"west": {"uv": [1, 12, 0, 11], "texture": "#texture"},
				"up": {"uv": [1, 12, 0, 11], "texture": "#texture"},
				"down": {"uv": [0, 11, 1, 12], "texture": "#texture"}
			}
		},
		{
			"from": [-7.75, 9.1, 8.25],
			"to": [-0.75, 10.1, 8.75],
			"rotation": {"angle": 0, "axis": "y", "origin": [1, 2.75, 0]},
			"faces": {
				"north": {"uv": [1, 12, 0, 11], "texture": "#texture"},
				"east": {"uv": [1, 12, 0, 11], "texture": "#texture"},
				"south": {"uv": [1, 12, 0, 11], "texture": "#texture"},
				"west": {"uv": [1, 12, 0, 11], "texture": "#texture"},
				"up": {"uv": [1, 12, 0, 11], "texture": "#texture"},
				"down": {"uv": [0, 11, 1, 12], "texture": "#texture"}
			}
		},
		{
			"from": [11.225, 10.8, 7.55],
			"to": [11.475, 11.15, 8.45],
			"faces": {
				"north": {"uv": [13, 5.25, 14, 5.75], "texture": "#texture"},
				"east": {"uv": [7.5, 5.25, 8.5, 5.75], "texture": "#texture"},
				"south": {"uv": [2, 5.25, 3, 5.75], "texture": "#texture"},
				"west": {"uv": [7.5, 5.25, 8.5, 5.75], "texture": "#texture"},
				"up": {"uv": [2, 7.5, 3, 8.5], "texture": "#texture"},
				"down": {"uv": [8, 5, 9, 6], "texture": "#texture"}
			}
		},
		{
			"from": [11.725, 11.425, 7.5],
			"to": [12.05, 12.2, 7.7],
			"faces": {
				"north": {"uv": [1, 6, 1.5, 6.25], "texture": "#texture"},
				"east": {"uv": [7.75, 6, 8.25, 6.25], "texture": "#texture"},
				"south": {"uv": [14.5, 6, 15, 6.25], "texture": "#texture"},
				"west": {"uv": [7.75, 6, 8.25, 6.25], "texture": "#texture"},
				"up": {"uv": [14.5, 7.75, 15, 8.25], "texture": "#texture"},
				"down": {"uv": [8, 6, 9, 7], "texture": "#texture"}
			}
		},
		{
			"from": [11.725, 11.425, 8.3],
			"to": [12.05, 12.2, 8.5],
			"faces": {
				"north": {"uv": [1, 6, 1.5, 6.25], "texture": "#texture"},
				"east": {"uv": [7.75, 6, 8.25, 6.25], "texture": "#texture"},
				"south": {"uv": [14.5, 6, 15, 6.25], "texture": "#texture"},
				"west": {"uv": [7.75, 6, 8.25, 6.25], "texture": "#texture"},
				"up": {"uv": [14.5, 7.75, 15, 8.25], "texture": "#texture"},
				"down": {"uv": [8, 6, 9, 7], "texture": "#texture"}
			}
		},
		{
			"from": [11.775, 11.775, 7.775],
			"to": [11.925, 12.075, 7.875],
			"faces": {
				"north": {"uv": [1, 6, 1.5, 6.25], "texture": "#texture"},
				"east": {"uv": [7.75, 6, 8.25, 6.25], "texture": "#texture"},
				"south": {"uv": [14.5, 6, 15, 6.25], "texture": "#texture"},
				"west": {"uv": [7.75, 6, 8.25, 6.25], "texture": "#texture"},
				"up": {"uv": [14.5, 7.75, 15, 8.25], "texture": "#texture"},
				"down": {"uv": [8, 6, 9, 7], "texture": "#texture"}
			}
		},
		{
			"from": [11.775, 11.775, 8.125],
			"to": [11.925, 12.075, 8.225],
			"faces": {
				"north": {"uv": [1, 6, 1.5, 6.25], "texture": "#texture"},
				"east": {"uv": [7.75, 6, 8.25, 6.25], "texture": "#texture"},
				"south": {"uv": [14.5, 6, 15, 6.25], "texture": "#texture"},
				"west": {"uv": [7.75, 6, 8.25, 6.25], "texture": "#texture"},
				"up": {"uv": [14.5, 7.75, 15, 8.25], "texture": "#texture"},
				"down": {"uv": [8, 6, 9, 7], "texture": "#texture"}
			}
		},
		{
			"from": [11.775, 12.075, 7.875],
			"to": [11.925, 12.175, 8.125],
			"faces": {
				"north": {"uv": [1, 6, 1.5, 6.25], "texture": "#texture"},
				"east": {"uv": [7.75, 6, 8.25, 6.25], "texture": "#texture"},
				"south": {"uv": [14.5, 6, 15, 6.25], "texture": "#texture"},
				"west": {"uv": [7.75, 6, 8.25, 6.25], "texture": "#texture"},
				"up": {"uv": [14.5, 7.75, 15, 8.25], "texture": "#texture"},
				"down": {"uv": [8, 6, 9, 7], "texture": "#texture"}
			}
		},
		{
			"from": [11.775, 11.525, 7.875],
			"to": [11.925, 11.775, 8.125],
			"faces": {
				"north": {"uv": [1, 6, 1.5, 6.25], "texture": "#texture"},
				"east": {"uv": [7.75, 6, 8.25, 6.25], "texture": "#texture"},
				"south": {"uv": [14.5, 6, 15, 6.25], "texture": "#texture"},
				"west": {"uv": [7.75, 6, 8.25, 6.25], "texture": "#texture"},
				"up": {"uv": [14.5, 7.75, 15, 8.25], "texture": "#texture"}
			}
		},
		{
			"from": [11.725, 11.3, 7.625],
			"to": [12.05, 11.525, 8.375],
			"faces": {
				"north": {"uv": [1, 6, 1.5, 6.25], "texture": "#texture"},
				"east": {"uv": [7.75, 6, 8.25, 6.25], "texture": "#texture"},
				"south": {"uv": [14.5, 6, 15, 6.25], "texture": "#texture"},
				"west": {"uv": [7.75, 6, 8.25, 6.25], "texture": "#texture"},
				"up": {"uv": [14.5, 7.75, 15, 8.25], "texture": "#texture"}
			}
		},
		{
			"from": [11.475, 10.8, 7.55],
			"to": [12.05, 11.3, 8.45],
			"faces": {
				"north": {"uv": [1, 6, 1.5, 6.25], "texture": "#texture"},
				"east": {"uv": [7.75, 6, 8.25, 6.25], "texture": "#texture"},
				"south": {"uv": [14.5, 6, 15, 6.25], "texture": "#texture"},
				"west": {"uv": [7.75, 6, 8.25, 6.25], "texture": "#texture"},
				"up": {"uv": [14.5, 7.75, 15, 8.25], "texture": "#texture"},
				"down": {"uv": [8, 5, 9, 6], "texture": "#texture"}
			}
		},
		{
			"from": [12.425, 9.6, 7],
			"to": [19.25, 10.125, 7.25],
			"rotation": {"angle": 0, "axis": "y", "origin": [6, 3, 0]},
			"faces": {
				"north": {"uv": [9, 8, 10, 9], "texture": "#texture"},
				"east": {"uv": [9, 8, 10, 9], "texture": "#texture"},
				"south": {"uv": [9, 8, 10, 9], "texture": "#texture"},
				"west": {"uv": [9, 8, 10, 9], "texture": "#texture"},
				"up": {"uv": [9, 8, 10, 9], "texture": "#texture"},
				"down": {"uv": [10, 9, 9, 8], "texture": "#texture"}
			}
		},
		{
			"from": [10.2, 7.525, 7.25],
			"to": [11.5, 8.025, 8.75],
			"rotation": {"angle": 0, "axis": "y", "origin": [1, 2.925, 0]},
			"faces": {
				"north": {"uv": [4, 16, 5, 15], "texture": "#texture"},
				"east": {"uv": [4, 16, 5, 15], "texture": "#texture"},
				"south": {"uv": [4, 16, 5, 15], "texture": "#texture"},
				"west": {"uv": [4, 16, 5, 15], "texture": "#texture"},
				"up": {"uv": [4, 16, 5, 15], "texture": "#texture"},
				"down": {"uv": [4, 16, 5, 15], "texture": "#texture"}
			}
		},
		{
			"from": [5.5, 8.025, 7.25],
			"to": [12.175, 8.925, 8.75],
			"rotation": {"angle": 0, "axis": "y", "origin": [1, 2.925, 0]},
			"faces": {
				"north": {"uv": [4, 16, 5, 15], "texture": "#texture"},
				"east": {"uv": [4, 16, 5, 15], "texture": "#texture"},
				"south": {"uv": [4, 16, 5, 15], "texture": "#texture"},
				"west": {"uv": [4, 16, 5, 15], "texture": "#texture"},
				"up": {"uv": [4, 16, 5, 15], "texture": "#texture"},
				"down": {"uv": [4, 16, 5, 15], "texture": "#texture"}
			}
		},
		{
			"from": [5.5, 9.025, 7.05],
			"to": [12.675, 9.925, 8.925],
			"rotation": {"angle": 0, "axis": "y", "origin": [1, 2.925, 0]},
			"faces": {
				"north": {"uv": [0, 16, 2, 14], "texture": "#texture"},
				"east": {"uv": [0, 16, 2, 14], "texture": "#texture"},
				"south": {"uv": [0, 16, 2, 14], "texture": "#texture"},
				"west": {"uv": [0, 16, 2, 14], "texture": "#texture"},
				"up": {"uv": [0, 16, 2, 14], "texture": "#texture"},
				"down": {"uv": [0, 16, 2, 14], "texture": "#texture"}
			}
		},
		{
			"from": [5.825, 6.525, 7.25],
			"to": [6.675, 8.025, 8.75],
			"rotation": {"angle": 0, "axis": "y", "origin": [1, 2.925, 0]},
			"faces": {
				"north": {"uv": [5, 16, 4, 15], "texture": "#texture"},
				"east": {"uv": [5, 16, 4, 15], "texture": "#texture"},
				"south": {"uv": [5, 16, 4, 15], "texture": "#texture"},
				"west": {"uv": [5, 16, 4, 15], "texture": "#texture"},
				"up": {"uv": [5, 15, 4, 16], "texture": "#texture"},
				"down": {"uv": [4, 15, 5, 16], "texture": "#texture"}
			}
		},
		{
			"from": [6.675, 6.275, 7.25],
			"to": [7.95, 8.025, 8.75],
			"rotation": {"angle": 0, "axis": "y", "origin": [1, 2.925, 0]},
			"faces": {
				"north": {"uv": [5, 16, 4, 15], "texture": "#texture"},
				"east": {"uv": [5, 16, 4, 15], "texture": "#texture"},
				"south": {"uv": [5, 16, 4, 15], "texture": "#texture"},
				"west": {"uv": [5, 16, 4, 15], "texture": "#texture"},
				"up": {"uv": [5, 15, 4, 16], "texture": "#texture"},
				"down": {"uv": [4, 15, 5, 16], "texture": "#texture"}
			}
		},
		{
			"from": [12.175, 8.5, 7.25],
			"to": [12.8, 8.925, 8.75],
			"rotation": {"angle": 0, "axis": "y", "origin": [1, 2.925, 0]},
			"faces": {
				"north": {"uv": [8.75, 13.25, 9.25, 14.25], "texture": "#texture"},
				"east": {"uv": [7, 13.25, 9, 14.25], "texture": "#texture"},
				"south": {"uv": [6.75, 13.25, 7.25, 14.25], "texture": "#texture"},
				"up": {"uv": [6.75, 14, 7.25, 16], "texture": "#texture"},
				"down": {"uv": [9.25, 16, 8.75, 14], "texture": "#texture"}
			}
		},
		{
			"from": [12.575, -0.1, 7.5],
			"to": [14.075, 3.425, 8.5],
			"rotation": {"angle": 22.5, "axis": "z", "origin": [1, -0.5, 0]},
			"faces": {
				"north": {"uv": [4, 16, 5, 15], "texture": "#texture"},
				"east": {"uv": [4, 16, 5, 15], "texture": "#texture"},
				"south": {"uv": [4, 16, 5, 15], "texture": "#texture"},
				"west": {"uv": [4, 16, 5, 15], "texture": "#texture"},
				"down": {"uv": [5, 16, 4, 15], "texture": "#texture"}
			}
		},
		{
			"from": [12.825, -0.1, 7.25],
			"to": [14.175, 3.425, 8.75],
			"rotation": {"angle": 22.5, "axis": "z", "origin": [1, -0.5, 0]},
			"faces": {
				"north": {"uv": [4, 16, 5, 15], "texture": "#texture"},
				"east": {"uv": [4, 16, 5, 15], "texture": "#texture"},
				"south": {"uv": [4, 16, 5, 15], "texture": "#texture"},
				"west": {"uv": [4, 16, 5, 15], "texture": "#texture"},
				"up": {"uv": [4, 16, 5, 15], "texture": "#texture"},
				"down": {"uv": [5, 16, 4, 15], "texture": "#texture"}
			}
		},
		{
			"from": [-0.1, 10.8, 7.55],
			"to": [0.15, 11.15, 8.45],
			"faces": {
				"north": {"uv": [13, 5.25, 14, 5.75], "texture": "#texture"},
				"east": {"uv": [7.5, 5.25, 8.5, 5.75], "texture": "#texture"},
				"south": {"uv": [2, 5.25, 3, 5.75], "texture": "#texture"},
				"west": {"uv": [7.5, 5.25, 8.5, 5.75], "texture": "#texture"},
				"up": {"uv": [2, 7.5, 3, 8.5], "texture": "#texture"},
				"down": {"uv": [8, 5, 9, 6], "texture": "#texture"}
			}
		},
		{
			"from": [0.15, 10.8, 7.55],
			"to": [0.7, 11.3, 8.45],
			"faces": {
				"north": {"uv": [1, 6, 1.5, 6.25], "texture": "#texture"},
				"east": {"uv": [7.75, 6, 8.25, 6.25], "texture": "#texture"},
				"south": {"uv": [14.5, 6, 15, 6.25], "texture": "#texture"},
				"west": {"uv": [7.75, 6, 8.25, 6.25], "texture": "#texture"},
				"up": {"uv": [14.5, 7.75, 15, 8.25], "texture": "#texture"},
				"down": {"uv": [8, 5, 9, 6], "texture": "#texture"}
			}
		},
		{
			"from": [0.4, 11.575, 8.275],
			"to": [0.7, 12.175, 8.475],
			"faces": {
				"north": {"uv": [1, 6, 1.5, 6.25], "texture": "#texture"},
				"east": {"uv": [7.75, 6, 8.25, 6.25], "texture": "#texture"},
				"south": {"uv": [14.5, 6, 15, 6.25], "texture": "#texture"},
				"west": {"uv": [7.75, 6, 8.25, 6.25], "texture": "#texture"},
				"up": {"uv": [14.5, 7.75, 15, 8.25], "texture": "#texture"},
				"down": {"uv": [8, 6, 9, 7], "texture": "#texture"}
			}
		},
		{
			"from": [0.4, 11.575, 7.525],
			"to": [0.7, 12.175, 7.725],
			"faces": {
				"north": {"uv": [1, 6, 1.5, 6.25], "texture": "#texture"},
				"east": {"uv": [7.75, 6, 8.25, 6.25], "texture": "#texture"},
				"south": {"uv": [14.5, 6, 15, 6.25], "texture": "#texture"},
				"west": {"uv": [7.75, 6, 8.25, 6.25], "texture": "#texture"},
				"up": {"uv": [14.5, 7.75, 15, 8.25], "texture": "#texture"},
				"down": {"uv": [8, 6, 9, 7], "texture": "#texture"}
			}
		},
		{
			"from": [0.4, 11.675, 7.95],
			"to": [0.7, 11.975, 8.05],
			"faces": {
				"north": {"uv": [1, 6, 1.5, 6.25], "texture": "#texture"},
				"east": {"uv": [7.75, 6, 8.25, 6.25], "texture": "#texture"},
				"south": {"uv": [14.5, 6, 15, 6.25], "texture": "#texture"},
				"west": {"uv": [7.75, 6, 8.25, 6.25], "texture": "#texture"},
				"up": {"uv": [14.5, 7.75, 15, 8.25], "texture": "#texture"}
			}
		},
		{
			"from": [0.4, 11.2, 7.625],
			"to": [0.7, 11.675, 8.375],
			"faces": {
				"north": {"uv": [1, 6, 1.5, 6.25], "texture": "#texture"},
				"east": {"uv": [7.75, 6, 8.25, 6.25], "texture": "#texture"},
				"south": {"uv": [14.5, 6, 15, 6.25], "texture": "#texture"},
				"west": {"uv": [7.75, 6, 8.25, 6.25], "texture": "#texture"},
				"up": {"uv": [14.5, 7.75, 15, 8.25], "texture": "#texture"}
			}
		},
		{
			"from": [14.175, 0.05, 7.25],
			"to": [14.275, 1.575, 8.75],
			"rotation": {"angle": 22.5, "axis": "z", "origin": [1, -0.5, 0]},
			"faces": {
				"north": {"uv": [4, 16, 5, 15], "texture": "#texture"},
				"east": {"uv": [4, 16, 5, 15], "texture": "#texture"},
				"south": {"uv": [4, 16, 5, 15], "texture": "#texture"},
				"west": {"uv": [4, 16, 5, 15], "texture": "#texture"},
				"up": {"uv": [4, 16, 5, 15], "texture": "#texture"},
				"down": {"uv": [5, 16, 4, 15], "texture": "#texture"}
			}
		},
		{
			"from": [9.95, 6.9, 7.75],
			"to": [10.45, 8.375, 8.25],
			"rotation": {"angle": 0, "axis": "z", "origin": [1, -0.8, 0]},
			"faces": {
				"north": {"uv": [4, 16, 5, 15], "texture": "#texture"},
				"east": {"uv": [4, 16, 5, 15], "texture": "#texture"},
				"south": {"uv": [4, 16, 5, 15], "texture": "#texture"},
				"west": {"uv": [4, 16, 5, 15], "texture": "#texture"},
				"down": {"uv": [4, 16, 5, 15], "texture": "#texture"}
			}
		},
		{
			"from": [9.8, 7.875, 7.75],
			"to": [9.95, 8.375, 8.25],
			"rotation": {"angle": 0, "axis": "y", "origin": [1, -0.8, 0]},
			"faces": {
				"north": {"uv": [4, 16, 5, 15], "texture": "#texture"},
				"east": {"uv": [4, 16, 5, 15], "texture": "#texture"},
				"south": {"uv": [4, 16, 5, 15], "texture": "#texture"},
				"west": {"uv": [4, 16, 5, 15], "texture": "#texture"},
				"down": {"uv": [4, 16, 5, 15], "texture": "#texture"}
			}
		},
		{
			"from": [8.15, 7.875, 7.75],
			"to": [8.3, 8.375, 8.25],
			"rotation": {"angle": 0, "axis": "y", "origin": [1, -0.8, 0]},
			"faces": {
				"north": {"uv": [4, 16, 5, 15], "texture": "#texture"},
				"east": {"uv": [4, 16, 5, 15], "texture": "#texture"},
				"south": {"uv": [4, 16, 5, 15], "texture": "#texture"},
				"west": {"uv": [4, 16, 5, 15], "texture": "#texture"},
				"down": {"uv": [4, 16, 5, 15], "texture": "#texture"}
			}
		},
		{
			"from": [7.9, 7.125, 7.75],
			"to": [8.15, 8.375, 8.25],
			"rotation": {"angle": 0, "axis": "y", "origin": [1, -0.8, 0]},
			"faces": {
				"north": {"uv": [4, 16, 5, 15], "texture": "#texture"},
				"east": {"uv": [4, 16, 5, 15], "texture": "#texture"},
				"south": {"uv": [4, 16, 5, 15], "texture": "#texture"},
				"west": {"uv": [4, 16, 5, 15], "texture": "#texture"},
				"down": {"uv": [4, 16, 5, 15], "texture": "#texture"}
			}
		},
		{
			"from": [8.45, 6.55, 7.75],
			"to": [9.625, 6.8, 8.25],
			"rotation": {"angle": 0, "axis": "y", "origin": [1, -0.8, 0]},
			"faces": {
				"north": {"uv": [4, 16, 5, 15], "texture": "#texture"},
				"south": {"uv": [4, 16, 5, 15], "texture": "#texture"},
				"west": {"uv": [4, 16, 5, 15], "texture": "#texture"},
				"up": {"uv": [4, 16, 5, 15], "texture": "#texture"},
				"down": {"uv": [4, 16, 5, 15], "texture": "#texture"}
			}
		},
		{
			"from": [12.3, -1.7, 7.75],
			"to": [13.125, -1.45, 8.25],
			"rotation": {"angle": 45, "axis": "z", "origin": [1, -0.8, 0]},
			"faces": {
				"north": {"uv": [4, 16, 5, 15], "texture": "#texture"},
				"south": {"uv": [4, 16, 5, 15], "texture": "#texture"},
				"west": {"uv": [4, 16, 5, 15], "texture": "#texture"},
				"up": {"uv": [4, 16, 5, 15], "texture": "#texture"},
				"down": {"uv": [4, 16, 5, 15], "texture": "#texture"}
			}
		},
		{
			"from": [0.275, 9.675, 7.75],
			"to": [1.075, 9.925, 8.25],
			"rotation": {"angle": -45, "axis": "z", "origin": [1, -0.8, 0]},
			"faces": {
				"north": {"uv": [4, 16, 5, 15], "texture": "#texture"},
				"south": {"uv": [4, 16, 5, 15], "texture": "#texture"},
				"west": {"uv": [4, 16, 5, 15], "texture": "#texture"},
				"up": {"uv": [4, 16, 5, 15], "texture": "#texture"},
				"down": {"uv": [4, 16, 5, 15], "texture": "#texture"}
			}
		},
		{
			"from": [12.575, -0.125, 7.75],
			"to": [13.125, 0.125, 8.25],
			"rotation": {"angle": 22.5, "axis": "z", "origin": [1, -0.8, 0]},
			"faces": {
				"north": {"uv": [4, 16, 5, 15], "texture": "#texture"},
				"south": {"uv": [4, 16, 5, 15], "texture": "#texture"},
				"west": {"uv": [4, 16, 5, 15], "texture": "#texture"},
				"up": {"uv": [4, 16, 5, 15], "texture": "#texture"},
				"down": {"uv": [4, 16, 5, 15], "texture": "#texture"}
			}
		},
		{
			"from": [9.425, 6.95, 7.75],
			"to": [9.675, 8.2, 8.25],
			"rotation": {"angle": -22.5, "axis": "z", "origin": [9.5, 8.2, 7.75]},
			"faces": {
				"north": {"uv": [4, 16, 5, 15], "texture": "#texture"},
				"east": {"uv": [4, 16, 5, 15], "texture": "#texture"},
				"south": {"uv": [4, 16, 5, 15], "texture": "#texture"},
				"west": {"uv": [4, 16, 5, 15], "texture": "#texture"},
				"up": {"uv": [4, 16, 5, 15], "texture": "#texture"},
				"down": {"uv": [4, 16, 5, 15], "texture": "#texture"}
			}
		},
		{
			"from": [-0.225, 10.5, 7.65],
			"to": [13.05, 10.85, 8.35],
			"rotation": {"angle": 0, "axis": "y", "origin": [-5, 1, 0]},
			"faces": {
				"north": {"uv": [2, 16, 0, 14], "texture": "#texture"},
				"east": {"uv": [2, 16, 0, 14], "texture": "#texture"},
				"south": {"uv": [2, 16, 0, 14], "texture": "#texture"},
				"west": {"uv": [2, 16, 0, 14], "texture": "#texture"},
				"up": {"uv": [2, 16, 0, 14], "texture": "#texture"}
			}
		},
		{
			"from": [-0.225, 10.85, 7.65],
			"to": [0, 10.975, 8.35],
			"rotation": {"angle": 0, "axis": "y", "origin": [-5, 1, 0]},
			"faces": {
				"north": {"uv": [2, 16, 0, 14], "texture": "#texture"},
				"east": {"uv": [2, 16, 0, 14], "texture": "#texture"},
				"south": {"uv": [2, 16, 0, 14], "texture": "#texture"},
				"west": {"uv": [2, 16, 0, 14], "texture": "#texture"},
				"up": {"uv": [2, 16, 0, 14], "texture": "#texture"}
			}
		},
		{
			"from": [12.825, 10.85, 7.65],
			"to": [13.05, 10.975, 8.35],
			"rotation": {"angle": 0, "axis": "y", "origin": [-5, 1, 0]},
			"faces": {
				"north": {"uv": [2, 16, 0, 14], "texture": "#texture"},
				"east": {"uv": [2, 16, 0, 14], "texture": "#texture"},
				"south": {"uv": [2, 16, 0, 14], "texture": "#texture"},
				"west": {"uv": [2, 16, 0, 14], "texture": "#texture"},
				"up": {"uv": [2, 16, 0, 14], "texture": "#texture"}
			}
		},
		{
			"from": [12.375, 10.85, 7.65],
			"to": [12.6, 10.975, 8.35],
			"rotation": {"angle": 0, "axis": "y", "origin": [-5, 1, 0]},
			"faces": {
				"north": {"uv": [2, 16, 0, 14], "texture": "#texture"},
				"east": {"uv": [2, 16, 0, 14], "texture": "#texture"},
				"south": {"uv": [2, 16, 0, 14], "texture": "#texture"},
				"west": {"uv": [2, 16, 0, 14], "texture": "#texture"},
				"up": {"uv": [2, 16, 0, 14], "texture": "#texture"}
			}
		},
		{
			"from": [11.925, 10.85, 7.65],
			"to": [12.15, 10.975, 8.35],
			"rotation": {"angle": 0, "axis": "y", "origin": [-5, 1, 0]},
			"faces": {
				"north": {"uv": [2, 16, 0, 14], "texture": "#texture"},
				"east": {"uv": [2, 16, 0, 14], "texture": "#texture"},
				"south": {"uv": [2, 16, 0, 14], "texture": "#texture"},
				"west": {"uv": [2, 16, 0, 14], "texture": "#texture"},
				"up": {"uv": [2, 16, 0, 14], "texture": "#texture"}
			}
		},
		{
			"from": [11.475, 10.85, 7.65],
			"to": [11.7, 10.975, 8.35],
			"rotation": {"angle": 0, "axis": "y", "origin": [-5, 1, 0]},
			"faces": {
				"north": {"uv": [2, 16, 0, 14], "texture": "#texture"},
				"east": {"uv": [2, 16, 0, 14], "texture": "#texture"},
				"south": {"uv": [2, 16, 0, 14], "texture": "#texture"},
				"west": {"uv": [2, 16, 0, 14], "texture": "#texture"},
				"up": {"uv": [2, 16, 0, 14], "texture": "#texture"}
			}
		},
		{
			"from": [11.025, 10.85, 7.65],
			"to": [11.25, 10.975, 8.35],
			"rotation": {"angle": 0, "axis": "y", "origin": [-5, 1, 0]},
			"faces": {
				"north": {"uv": [2, 16, 0, 14], "texture": "#texture"},
				"east": {"uv": [2, 16, 0, 14], "texture": "#texture"},
				"south": {"uv": [2, 16, 0, 14], "texture": "#texture"},
				"west": {"uv": [2, 16, 0, 14], "texture": "#texture"},
				"up": {"uv": [2, 16, 0, 14], "texture": "#texture"}
			}
		},
		{
			"from": [10.575, 10.85, 7.65],
			"to": [10.8, 10.975, 8.35],
			"rotation": {"angle": 0, "axis": "y", "origin": [-5, 1, 0]},
			"faces": {
				"north": {"uv": [2, 16, 0, 14], "texture": "#texture"},
				"east": {"uv": [2, 16, 0, 14], "texture": "#texture"},
				"south": {"uv": [2, 16, 0, 14], "texture": "#texture"},
				"west": {"uv": [2, 16, 0, 14], "texture": "#texture"},
				"up": {"uv": [2, 16, 0, 14], "texture": "#texture"}
			}
		},
		{
			"from": [10.125, 10.85, 7.65],
			"to": [10.35, 10.975, 8.35],
			"rotation": {"angle": 0, "axis": "y", "origin": [-5, 1, 0]},
			"faces": {
				"north": {"uv": [2, 16, 0, 14], "texture": "#texture"},
				"east": {"uv": [2, 16, 0, 14], "texture": "#texture"},
				"south": {"uv": [2, 16, 0, 14], "texture": "#texture"},
				"west": {"uv": [2, 16, 0, 14], "texture": "#texture"},
				"up": {"uv": [2, 16, 0, 14], "texture": "#texture"}
			}
		},
		{
			"from": [9.675, 10.85, 7.65],
			"to": [9.9, 10.975, 8.35],
			"rotation": {"angle": 0, "axis": "y", "origin": [-5, 1, 0]},
			"faces": {
				"north": {"uv": [2, 16, 0, 14], "texture": "#texture"},
				"east": {"uv": [2, 16, 0, 14], "texture": "#texture"},
				"south": {"uv": [2, 16, 0, 14], "texture": "#texture"},
				"west": {"uv": [2, 16, 0, 14], "texture": "#texture"},
				"up": {"uv": [2, 16, 0, 14], "texture": "#texture"}
			}
		},
		{
			"from": [9.225, 10.85, 7.65],
			"to": [9.45, 10.975, 8.35],
			"rotation": {"angle": 0, "axis": "y", "origin": [-5, 1, 0]},
			"faces": {
				"north": {"uv": [2, 16, 0, 14], "texture": "#texture"},
				"east": {"uv": [2, 16, 0, 14], "texture": "#texture"},
				"south": {"uv": [2, 16, 0, 14], "texture": "#texture"},
				"west": {"uv": [2, 16, 0, 14], "texture": "#texture"},
				"up": {"uv": [2, 16, 0, 14], "texture": "#texture"}
			}
		},
		{
			"from": [8.775, 10.85, 7.65],
			"to": [9, 10.975, 8.35],
			"rotation": {"angle": 0, "axis": "y", "origin": [-5, 1, 0]},
			"faces": {
				"north": {"uv": [2, 16, 0, 14], "texture": "#texture"},
				"east": {"uv": [2, 16, 0, 14], "texture": "#texture"},
				"south": {"uv": [2, 16, 0, 14], "texture": "#texture"},
				"west": {"uv": [2, 16, 0, 14], "texture": "#texture"},
				"up": {"uv": [2, 16, 0, 14], "texture": "#texture"}
			}
		},
		{
			"from": [8.325, 10.85, 7.65],
			"to": [8.55, 10.975, 8.35],
			"rotation": {"angle": 0, "axis": "y", "origin": [-5, 1, 0]},
			"faces": {
				"north": {"uv": [2, 16, 0, 14], "texture": "#texture"},
				"east": {"uv": [2, 16, 0, 14], "texture": "#texture"},
				"south": {"uv": [2, 16, 0, 14], "texture": "#texture"},
				"west": {"uv": [2, 16, 0, 14], "texture": "#texture"},
				"up": {"uv": [2, 16, 0, 14], "texture": "#texture"}
			}
		},
		{
			"from": [7.875, 10.85, 7.65],
			"to": [8.1, 10.975, 8.35],
			"rotation": {"angle": 0, "axis": "y", "origin": [-5, 1, 0]},
			"faces": {
				"north": {"uv": [2, 16, 0, 14], "texture": "#texture"},
				"east": {"uv": [2, 16, 0, 14], "texture": "#texture"},
				"south": {"uv": [2, 16, 0, 14], "texture": "#texture"},
				"west": {"uv": [2, 16, 0, 14], "texture": "#texture"},
				"up": {"uv": [2, 16, 0, 14], "texture": "#texture"}
			}
		},
		{
			"from": [7.425, 10.85, 7.65],
			"to": [7.65, 10.975, 8.35],
			"rotation": {"angle": 0, "axis": "y", "origin": [-5, 1, 0]},
			"faces": {
				"north": {"uv": [2, 16, 0, 14], "texture": "#texture"},
				"east": {"uv": [2, 16, 0, 14], "texture": "#texture"},
				"south": {"uv": [2, 16, 0, 14], "texture": "#texture"},
				"west": {"uv": [2, 16, 0, 14], "texture": "#texture"},
				"up": {"uv": [2, 16, 0, 14], "texture": "#texture"}
			}
		},
		{
			"from": [6.975, 10.85, 7.65],
			"to": [7.2, 10.975, 8.35],
			"rotation": {"angle": 0, "axis": "y", "origin": [-5, 1, 0]},
			"faces": {
				"north": {"uv": [2, 16, 0, 14], "texture": "#texture"},
				"east": {"uv": [2, 16, 0, 14], "texture": "#texture"},
				"south": {"uv": [2, 16, 0, 14], "texture": "#texture"},
				"west": {"uv": [2, 16, 0, 14], "texture": "#texture"},
				"up": {"uv": [2, 16, 0, 14], "texture": "#texture"}
			}
		},
		{
			"from": [6.525, 10.85, 7.65],
			"to": [6.75, 10.975, 8.35],
			"rotation": {"angle": 0, "axis": "y", "origin": [-5, 1, 0]},
			"faces": {
				"north": {"uv": [2, 16, 0, 14], "texture": "#texture"},
				"east": {"uv": [2, 16, 0, 14], "texture": "#texture"},
				"south": {"uv": [2, 16, 0, 14], "texture": "#texture"},
				"west": {"uv": [2, 16, 0, 14], "texture": "#texture"},
				"up": {"uv": [2, 16, 0, 14], "texture": "#texture"}
			}
		},
		{
			"from": [6.075, 10.85, 7.65],
			"to": [6.3, 10.975, 8.35],
			"rotation": {"angle": 0, "axis": "y", "origin": [-5, 1, 0]},
			"faces": {
				"north": {"uv": [2, 16, 0, 14], "texture": "#texture"},
				"east": {"uv": [2, 16, 0, 14], "texture": "#texture"},
				"south": {"uv": [2, 16, 0, 14], "texture": "#texture"},
				"west": {"uv": [2, 16, 0, 14], "texture": "#texture"},
				"up": {"uv": [2, 16, 0, 14], "texture": "#texture"}
			}
		},
		{
			"from": [5.625, 10.85, 7.65],
			"to": [5.85, 10.975, 8.35],
			"rotation": {"angle": 0, "axis": "y", "origin": [-5, 1, 0]},
			"faces": {
				"north": {"uv": [2, 16, 0, 14], "texture": "#texture"},
				"east": {"uv": [2, 16, 0, 14], "texture": "#texture"},
				"south": {"uv": [2, 16, 0, 14], "texture": "#texture"},
				"west": {"uv": [2, 16, 0, 14], "texture": "#texture"},
				"up": {"uv": [2, 16, 0, 14], "texture": "#texture"}
			}
		},
		{
			"from": [5.175, 10.85, 7.65],
			"to": [5.4, 10.975, 8.35],
			"rotation": {"angle": 0, "axis": "y", "origin": [-5, 1, 0]},
			"faces": {
				"north": {"uv": [2, 16, 0, 14], "texture": "#texture"},
				"east": {"uv": [2, 16, 0, 14], "texture": "#texture"},
				"south": {"uv": [2, 16, 0, 14], "texture": "#texture"},
				"west": {"uv": [2, 16, 0, 14], "texture": "#texture"},
				"up": {"uv": [2, 16, 0, 14], "texture": "#texture"}
			}
		},
		{
			"from": [4.725, 10.85, 7.65],
			"to": [4.95, 10.975, 8.35],
			"rotation": {"angle": 0, "axis": "y", "origin": [-5, 1, 0]},
			"faces": {
				"north": {"uv": [2, 16, 0, 14], "texture": "#texture"},
				"east": {"uv": [2, 16, 0, 14], "texture": "#texture"},
				"south": {"uv": [2, 16, 0, 14], "texture": "#texture"},
				"west": {"uv": [2, 16, 0, 14], "texture": "#texture"},
				"up": {"uv": [2, 16, 0, 14], "texture": "#texture"}
			}
		},
		{
			"from": [4.275, 10.85, 7.65],
			"to": [4.5, 10.975, 8.35],
			"rotation": {"angle": 0, "axis": "y", "origin": [-5, 1, 0]},
			"faces": {
				"north": {"uv": [2, 16, 0, 14], "texture": "#texture"},
				"east": {"uv": [2, 16, 0, 14], "texture": "#texture"},
				"south": {"uv": [2, 16, 0, 14], "texture": "#texture"},
				"west": {"uv": [2, 16, 0, 14], "texture": "#texture"},
				"up": {"uv": [2, 16, 0, 14], "texture": "#texture"}
			}
		},
		{
			"from": [3.825, 10.85, 7.65],
			"to": [4.05, 10.975, 8.35],
			"rotation": {"angle": 0, "axis": "y", "origin": [-5, 1, 0]},
			"faces": {
				"north": {"uv": [2, 16, 0, 14], "texture": "#texture"},
				"east": {"uv": [2, 16, 0, 14], "texture": "#texture"},
				"south": {"uv": [2, 16, 0, 14], "texture": "#texture"},
				"west": {"uv": [2, 16, 0, 14], "texture": "#texture"},
				"up": {"uv": [2, 16, 0, 14], "texture": "#texture"}
			}
		},
		{
			"from": [3.375, 10.85, 7.65],
			"to": [3.6, 10.975, 8.35],
			"rotation": {"angle": 0, "axis": "y", "origin": [-5, 1, 0]},
			"faces": {
				"north": {"uv": [2, 16, 0, 14], "texture": "#texture"},
				"east": {"uv": [2, 16, 0, 14], "texture": "#texture"},
				"south": {"uv": [2, 16, 0, 14], "texture": "#texture"},
				"west": {"uv": [2, 16, 0, 14], "texture": "#texture"},
				"up": {"uv": [2, 16, 0, 14], "texture": "#texture"}
			}
		},
		{
			"from": [2.925, 10.85, 7.65],
			"to": [3.15, 10.975, 8.35],
			"rotation": {"angle": 0, "axis": "y", "origin": [-5, 1, 0]},
			"faces": {
				"north": {"uv": [2, 16, 0, 14], "texture": "#texture"},
				"east": {"uv": [2, 16, 0, 14], "texture": "#texture"},
				"south": {"uv": [2, 16, 0, 14], "texture": "#texture"},
				"west": {"uv": [2, 16, 0, 14], "texture": "#texture"},
				"up": {"uv": [2, 16, 0, 14], "texture": "#texture"}
			}
		},
		{
			"from": [2.475, 10.85, 7.65],
			"to": [2.7, 10.975, 8.35],
			"rotation": {"angle": 0, "axis": "y", "origin": [-5, 1, 0]},
			"faces": {
				"north": {"uv": [2, 16, 0, 14], "texture": "#texture"},
				"east": {"uv": [2, 16, 0, 14], "texture": "#texture"},
				"south": {"uv": [2, 16, 0, 14], "texture": "#texture"},
				"west": {"uv": [2, 16, 0, 14], "texture": "#texture"},
				"up": {"uv": [2, 16, 0, 14], "texture": "#texture"}
			}
		},
		{
			"from": [2.025, 10.85, 7.65],
			"to": [2.25, 10.975, 8.35],
			"rotation": {"angle": 0, "axis": "y", "origin": [-5, 1, 0]},
			"faces": {
				"north": {"uv": [2, 16, 0, 14], "texture": "#texture"},
				"east": {"uv": [2, 16, 0, 14], "texture": "#texture"},
				"south": {"uv": [2, 16, 0, 14], "texture": "#texture"},
				"west": {"uv": [2, 16, 0, 14], "texture": "#texture"},
				"up": {"uv": [2, 16, 0, 14], "texture": "#texture"}
			}
		},
		{
			"from": [1.575, 10.85, 7.65],
			"to": [1.8, 10.975, 8.35],
			"rotation": {"angle": 0, "axis": "y", "origin": [-5, 1, 0]},
			"faces": {
				"north": {"uv": [2, 16, 0, 14], "texture": "#texture"},
				"east": {"uv": [2, 16, 0, 14], "texture": "#texture"},
				"south": {"uv": [2, 16, 0, 14], "texture": "#texture"},
				"west": {"uv": [2, 16, 0, 14], "texture": "#texture"},
				"up": {"uv": [2, 16, 0, 14], "texture": "#texture"}
			}
		},
		{
			"from": [1.125, 10.85, 7.65],
			"to": [1.35, 10.975, 8.35],
			"rotation": {"angle": 0, "axis": "y", "origin": [-5, 1, 0]},
			"faces": {
				"north": {"uv": [2, 16, 0, 14], "texture": "#texture"},
				"east": {"uv": [2, 16, 0, 14], "texture": "#texture"},
				"south": {"uv": [2, 16, 0, 14], "texture": "#texture"},
				"west": {"uv": [2, 16, 0, 14], "texture": "#texture"},
				"up": {"uv": [2, 16, 0, 14], "texture": "#texture"}
			}
		},
		{
			"from": [0.675, 10.85, 7.65],
			"to": [0.9, 10.975, 8.35],
			"rotation": {"angle": 0, "axis": "y", "origin": [-5, 1, 0]},
			"faces": {
				"north": {"uv": [2, 16, 0, 14], "texture": "#texture"},
				"east": {"uv": [2, 16, 0, 14], "texture": "#texture"},
				"south": {"uv": [2, 16, 0, 14], "texture": "#texture"},
				"west": {"uv": [2, 16, 0, 14], "texture": "#texture"},
				"up": {"uv": [2, 16, 0, 14], "texture": "#texture"}
			}
		},
		{
			"from": [0.225, 10.85, 7.65],
			"to": [0.45, 10.975, 8.35],
			"rotation": {"angle": 0, "axis": "y", "origin": [-5, 1, 0]},
			"faces": {
				"north": {"uv": [2, 16, 0, 14], "texture": "#texture"},
				"east": {"uv": [2, 16, 0, 14], "texture": "#texture"},
				"south": {"uv": [2, 16, 0, 14], "texture": "#texture"},
				"west": {"uv": [2, 16, 0, 14], "texture": "#texture"},
				"up": {"uv": [2, 16, 0, 14], "texture": "#texture"}
			}
		},
		{
			"from": [6.025, 4.775, 7.525],
			"to": [7.55, 7.025, 8.475],
			"rotation": {"angle": 0, "axis": "y", "origin": [0, -1, 0]},
			"faces": {
				"north": {"uv": [2.1, 8.125, 6.95, 8.8], "texture": "#texture", "cullface": "east"},
				"east": {"uv": [6.1, 8.1, 6.7, 8.8], "texture": "#texture", "cullface": "east"},
				"south": {"uv": [6.8, 8.1, 2.1, 8.8], "texture": "#texture", "cullface": "east"},
				"west": {"uv": [6, 8, 7, 9], "texture": "#texture"},
				"down": {"uv": [6.1, 8.9, 6.8, 8.1], "texture": "#texture", "cullface": "east"}
			}
		},
		{
			"from": [5.75, 3.275, 7.525],
			"to": [7.275, 4.775, 8.475],
			"rotation": {"angle": 0, "axis": "y", "origin": [0, -1, 0]},
			"faces": {
				"north": {"uv": [2.1, 8.125, 6.85, 8.8], "texture": "#texture", "cullface": "east"},
				"east": {"uv": [6.2, 8.1, 6.7, 8.8], "texture": "#texture", "cullface": "east"},
				"south": {"uv": [6.8, 8.1, 2.1, 8.8], "texture": "#texture", "cullface": "east"},
				"west": {"uv": [6, 8, 7, 9], "texture": "#texture"},
				"up": {"uv": [6, 8, 7, 9], "texture": "#texture"},
				"down": {"uv": [6.1, 8.9, 6.8, 8.1], "texture": "#texture", "cullface": "east"}
			}
		},
		{
			"from": [5.75, 4.775, 7.525],
			"to": [6.025, 5.025, 8.475],
			"rotation": {"angle": 0, "axis": "y", "origin": [0, -1, 0]},
			"faces": {
				"north": {"uv": [6, 8.2, 6.5, 8.7], "texture": "#texture", "cullface": "east"},
				"east": {"uv": [6.2, 8.1, 6.7, 8.8], "texture": "#texture", "cullface": "east"},
				"south": {"uv": [6.8, 8.1, 6.1, 8.8], "texture": "#texture", "cullface": "east"},
				"west": {"uv": [6, 8, 7, 9], "texture": "#texture"},
				"up": {"uv": [6, 8, 7, 9], "texture": "#texture"},
				"down": {"uv": [6.1, 8.9, 6.8, 8.1], "texture": "#texture", "cullface": "east"}
			}
		},
		{
			"from": [5.35, 3.275, 7.525],
			"to": [5.75, 3.525, 8.475],
			"rotation": {"angle": 0, "axis": "y", "origin": [0, -1, 0]},
			"faces": {
				"north": {"uv": [6.5, 8.2, 6, 8.7], "texture": "#texture", "cullface": "east"},
				"east": {"uv": [6.2, 8.1, 6.7, 8.8], "texture": "#texture", "cullface": "east"},
				"south": {"uv": [6.8, 8.1, 6.1, 8.8], "texture": "#texture", "cullface": "east"},
				"west": {"uv": [6, 8, 7, 9], "texture": "#texture"},
				"up": {"uv": [6, 8, 7, 9], "texture": "#texture"},
				"down": {"uv": [6.1, 8.9, 6.8, 8.1], "texture": "#texture", "cullface": "east"}
			}
		},
		{
			"from": [5.35, 2.025, 7.525],
			"to": [6.875, 3.275, 8.475],
			"rotation": {"angle": 0, "axis": "y", "origin": [0, -1, 0]},
			"faces": {
				"north": {"uv": [2.1, 8.125, 6.85, 8.8], "texture": "#texture", "cullface": "east"},
				"east": {"uv": [6.2, 8.1, 6.7, 8.8], "texture": "#texture", "cullface": "east"},
				"south": {"uv": [6.8, 8.1, 2.1, 8.8], "texture": "#texture", "cullface": "east"},
				"west": {"uv": [6, 8, 7, 9], "texture": "#texture"},
				"up": {"uv": [6, 8, 7, 9], "texture": "#texture"},
				"down": {"uv": [6.1, 8.9, 6.8, 8.1], "texture": "#texture", "cullface": "east"}
			}
		},
		{
			"from": [5.775, 1.275, 7.525],
			"to": [6.45, 1.525, 8.475],
			"rotation": {"angle": 0, "axis": "y", "origin": [0, -1, 0]},
			"faces": {
				"north": {"uv": [2.25, 8.2, 3.925, 8.7], "texture": "#texture", "cullface": "east"},
				"east": {"uv": [6.2, 8.1, 6.7, 8.8], "texture": "#texture", "cullface": "east"},
				"south": {"uv": [3.95, 8.1, 2.2, 8.8], "texture": "#texture", "cullface": "east"},
				"west": {"uv": [6, 8, 7, 9], "texture": "#texture"},
				"up": {"uv": [6, 8, 7, 9], "texture": "#texture"},
				"down": {"uv": [6.1, 8.9, 6.8, 8.1], "texture": "#texture", "cullface": "east"}
			}
		},
		{
			"from": [4.925, 1.525, 7.525],
			"to": [6.45, 2.025, 8.475],
			"rotation": {"angle": 0, "axis": "y", "origin": [0, -1, 0]},
			"faces": {
				"north": {"uv": [2.1, 8.125, 6.85, 8.8], "texture": "#texture", "cullface": "east"},
				"east": {"uv": [6.2, 8.1, 6.7, 8.8], "texture": "#texture", "cullface": "east"},
				"south": {"uv": [6.8, 8.1, 2.1, 8.8], "texture": "#texture", "cullface": "east"},
				"west": {"uv": [6, 8, 7, 9], "texture": "#texture"},
				"up": {"uv": [6, 8, 7, 9], "texture": "#texture"},
				"down": {"uv": [6.1, 8.9, 6.8, 8.1], "texture": "#texture", "cullface": "east"}
			}
		},
		{
			"from": [4.925, 2.025, 7.525],
			"to": [5.35, 2.275, 8.475],
			"rotation": {"angle": 0, "axis": "y", "origin": [0, -1, 0]},
			"faces": {
				"north": {"uv": [6, 8.2, 6.5, 8.7], "texture": "#texture", "cullface": "east"},
				"east": {"uv": [6.2, 8.1, 6.7, 8.8], "texture": "#texture", "cullface": "east"},
				"south": {"uv": [6.8, 8.1, 6.1, 8.8], "texture": "#texture", "cullface": "east"},
				"west": {"uv": [6, 8, 7, 9], "texture": "#texture"},
				"up": {"uv": [6, 8, 7, 9], "texture": "#texture"},
				"down": {"uv": [6.1, 8.9, 6.8, 8.1], "texture": "#texture", "cullface": "east"}
			}
		}
	],
	"gui_light": "front",
	"display": {
		"thirdperson_righthand": {
			"rotation": [0, -90, 0],
			"translation": [0, 0, -0.75],
			"scale": [0.86, 0.86, 0.84]
		},
		"thirdperson_lefthand": {
			"rotation": [0, 90, 0],
			"translation": [0, 0, -0.75],
			"scale": [0.86, 0.86, 0.83]
		},
		"firstperson_righthand": {
			"rotation": [0, -90, 0],
			"translation": [0, 1.75, -1.75],
			"scale": [0.96, 0.96, 0.93]
		},
		"firstperson_lefthand": {
			"rotation": [0, 90, 0],
			"translation": [0, 1.75, -1.75],
			"scale": [0.96, 0.96, 0.93]
		},
		"ground": {
			"translation": [3.5, 2, 0],
			"scale": [1, 1, 0.96]
		},
		"gui": {
			"rotation": [0, 0, -45],
			"translation": [0.5, -1.5, 0],
			"scale": [0.74, 0.74, 0.8]
		},
		"head": {
			"translation": [2.25, 0, 0]
		},
		"fixed": {
			"rotation": [0, 180, -45],
			"translation": [-0.5, -2.2, -1.1],
			"scale": [1.1, 1.1, 1.07]
		}
	}
}