{
	"credit": "Made by SrDarmith - YouTube: Mainclay",
	"textures": {
		"particle": "itemm/anvil_1",
		"texture": "itemm/anvil_1"
	},
	"elements": [
		{
			"from": [3.125, 10.825, 7.75],
			"to": [4.625, 11.025, 8.25],
			"rotation": {"angle": 0, "axis": "y", "origin": [0.25, 0.375, 0]},
			"faces": {
				"north": {"uv": [16, 12, 15, 11], "texture": "#texture"},
				"south": {"uv": [16, 12, 15, 11], "texture": "#texture"},
				"west": {"uv": [16, 12, 15, 11], "texture": "#texture"},
				"up": {"uv": [16, 12, 15, 11], "texture": "#texture"},
				"down": {"uv": [15, 11, 16, 12], "texture": "#texture"}
			}
		},
		{
			"from": [4.375, 10.225, 7.6],
			"to": [5.125, 11.025, 8.4],
			"rotation": {"angle": 0, "axis": "y", "origin": [0.25, 0.375, 0]},
			"faces": {
				"north": {"uv": [16, 12, 15, 11], "texture": "#texture"},
				"east": {"uv": [16, 12, 15, 11], "texture": "#texture"},
				"south": {"uv": [16, 12, 15, 11], "texture": "#texture"},
				"west": {"uv": [16, 12, 15, 11], "texture": "#texture"},
				"up": {"uv": [16, 12, 15, 11], "texture": "#texture"},
				"down": {"uv": [15, 11, 16, 12], "texture": "#texture"}
			}
		},
		{
			"from": [4.375, 10.325, 7.475],
			"to": [5.125, 10.925, 8.55],
			"rotation": {"angle": 0, "axis": "y", "origin": [0.25, 0.375, 0]},
			"faces": {
				"north": {"uv": [16, 12, 15, 11], "texture": "#texture"},
				"east": {"uv": [16, 12, 15, 11], "texture": "#texture"},
				"south": {"uv": [16, 12, 15, 11], "texture": "#texture"},
				"west": {"uv": [16, 12, 15, 11], "texture": "#texture"},
				"up": {"uv": [16, 12, 15, 11], "texture": "#texture"},
				"down": {"uv": [15, 11, 16, 12], "texture": "#texture"}
			}
		},
		{
			"from": [4.375, 10.1, 7.7],
			"to": [5.125, 11.15, 8.3],
			"rotation": {"angle": 0, "axis": "y", "origin": [0.25, 0.375, 0]},
			"faces": {
				"north": {"uv": [16, 12, 15, 11], "texture": "#texture"},
				"east": {"uv": [16, 12, 15, 11], "texture": "#texture"},
				"south": {"uv": [16, 12, 15, 11], "texture": "#texture"},
				"west": {"uv": [16, 12, 15, 11], "texture": "#texture"},
				"up": {"uv": [16, 12, 15, 11], "texture": "#texture"},
				"down": {"uv": [15, 11, 16, 12], "texture": "#texture"}
			}
		},
		{
			"from": [3.125, 10.225, 7.75],
			"to": [4.625, 10.425, 8.25],
			"rotation": {"angle": 0, "axis": "y", "origin": [0.25, 0.25, 0]},
			"faces": {
				"north": {"uv": [16, 12, 15, 11], "texture": "#texture"},
				"south": {"uv": [16, 12, 15, 11], "texture": "#texture"},
				"west": {"uv": [16, 12, 15, 11], "texture": "#texture"},
				"up": {"uv": [16, 12, 15, 11], "texture": "#texture"},
				"down": {"uv": [15, 11, 16, 12], "texture": "#texture"}
			}
		},
		{
			"from": [3.125, 10.375, 8.2],
			"to": [4.625, 10.875, 8.4],
			"rotation": {"angle": 0, "axis": "y", "origin": [0.25, 0.375, 0]},
			"faces": {
				"north": {"uv": [16, 12, 15, 11], "texture": "#texture"},
				"south": {"uv": [16, 12, 15, 11], "texture": "#texture"},
				"west": {"uv": [16, 12, 15, 11], "texture": "#texture"},
				"up": {"uv": [16, 12, 15, 11], "texture": "#texture"},
				"down": {"uv": [15, 11, 16, 12], "texture": "#texture"}
			}
		},
		{
			"from": [3.125, 10.375, 7.6],
			"to": [4.625, 10.875, 7.8],
			"rotation": {"angle": 0, "axis": "y", "origin": [0.25, 0.375, 0]},
			"faces": {
				"north": {"uv": [16, 12, 15, 11], "texture": "#texture"},
				"south": {"uv": [16, 12, 15, 11], "texture": "#texture"},
				"west": {"uv": [16, 12, 15, 11], "texture": "#texture"},
				"up": {"uv": [16, 12, 15, 11], "texture": "#texture"},
				"down": {"uv": [15, 11, 16, 12], "texture": "#texture"}
			}
		},
		{
			"from": [5.125, 11.35, 7.9],
			"to": [5.275, 12.075, 8.1],
			"rotation": {"angle": 0, "axis": "y", "origin": [1.725, 3.35, 0]},
			"faces": {
				"north": {"uv": [5, 8, 6, 7], "texture": "#texture"},
				"east": {"uv": [5, 8, 6, 7], "texture": "#texture"},
				"south": {"uv": [5, 8, 6, 7], "texture": "#texture"},
				"west": {"uv": [5, 8, 6, 7], "texture": "#texture"},
				"up": {"uv": [5, 8, 6, 7], "texture": "#texture"},
				"down": {"uv": [6, 8, 5, 7], "texture": "#texture"}
			}
		},
		{
			"from": [9.35, 13.05, 8.475],
			"to": [9.75, 13.3, 8.725],
			"rotation": {"angle": 45, "axis": "z", "origin": [12.1, 14.95, 8.475]},
			"faces": {
				"north": {"uv": [5, 8, 6, 7], "texture": "#texture"},
				"east": {"uv": [5, 8, 6, 7], "texture": "#texture"},
				"south": {"uv": [5, 8, 6, 7], "texture": "#texture"},
				"west": {"uv": [6, 8, 5, 7], "texture": "#texture"},
				"up": {"uv": [5, 8, 6, 7], "texture": "#texture"},
				"down": {"uv": [6, 8, 5, 7], "texture": "#texture"}
			}
		},
		{
			"from": [9.35, 13.05, 7.275],
			"to": [9.75, 13.3, 7.525],
			"rotation": {"angle": 45, "axis": "z", "origin": [12.1, 14.95, 7.275]},
			"faces": {
				"north": {"uv": [5, 8, 6, 7], "texture": "#texture"},
				"east": {"uv": [5, 8, 6, 7], "texture": "#texture"},
				"south": {"uv": [5, 8, 6, 7], "texture": "#texture"},
				"west": {"uv": [6, 8, 5, 7], "texture": "#texture"},
				"up": {"uv": [5, 8, 6, 7], "texture": "#texture"},
				"down": {"uv": [6, 8, 5, 7], "texture": "#texture"}
			}
		},
		{
			"from": [10.9, 11.125, 8.475],
			"to": [11.6, 12.125, 8.725],
			"rotation": {"angle": 0, "axis": "y", "origin": [12.1, 14.95, 8.475]},
			"faces": {
				"north": {"uv": [5, 8, 6, 7], "texture": "#texture"},
				"east": {"uv": [5, 8, 6, 7], "texture": "#texture"},
				"south": {"uv": [5, 8, 6, 7], "texture": "#texture"},
				"west": {"uv": [6, 8, 5, 7], "texture": "#texture"},
				"up": {"uv": [5, 8, 6, 7], "texture": "#texture"},
				"down": {"uv": [6, 8, 5, 7], "texture": "#texture"}
			}
		},
		{
			"from": [11.6, 11.125, 7.275],
			"to": [11.775, 11.95, 7.525],
			"rotation": {"angle": 0, "axis": "y", "origin": [12.1, 14.95, 7.275]},
			"faces": {
				"north": {"uv": [5, 8, 6, 7], "texture": "#texture"},
				"east": {"uv": [5, 8, 6, 7], "texture": "#texture"},
				"south": {"uv": [5, 8, 6, 7], "texture": "#texture"},
				"west": {"uv": [6, 8, 5, 7], "texture": "#texture"},
				"up": {"uv": [5, 8, 6, 7], "texture": "#texture"},
				"down": {"uv": [6, 8, 5, 7], "texture": "#texture"}
			}
		},
		{
			"from": [11.6, 11.125, 8.475],
			"to": [11.775, 11.95, 8.725],
			"rotation": {"angle": 0, "axis": "y", "origin": [12.1, 14.95, 8.475]},
			"faces": {
				"north": {"uv": [5, 8, 6, 7], "texture": "#texture"},
				"east": {"uv": [5, 8, 6, 7], "texture": "#texture"},
				"south": {"uv": [5, 8, 6, 7], "texture": "#texture"},
				"west": {"uv": [6, 8, 5, 7], "texture": "#texture"},
				"up": {"uv": [5, 8, 6, 7], "texture": "#texture"},
				"down": {"uv": [6, 8, 5, 7], "texture": "#texture"}
			}
		},
		{
			"from": [5.475, 11.15, 8.475],
			"to": [5.65, 11.8, 8.725],
			"rotation": {"angle": 0, "axis": "y", "origin": [11.55, 14.975, 8.475]},
			"faces": {
				"north": {"uv": [5, 8, 6, 7], "texture": "#texture"},
				"east": {"uv": [5, 8, 6, 7], "texture": "#texture"},
				"south": {"uv": [5, 8, 6, 7], "texture": "#texture"},
				"west": {"uv": [6, 8, 5, 7], "texture": "#texture"},
				"up": {"uv": [5, 8, 6, 7], "texture": "#texture"},
				"down": {"uv": [6, 8, 5, 7], "texture": "#texture"}
			}
		},
		{
			"from": [5.475, 11.15, 7.275],
			"to": [5.65, 11.8, 7.525],
			"rotation": {"angle": 0, "axis": "y", "origin": [11.55, 14.975, 8.45]},
			"faces": {
				"north": {"uv": [5, 8, 6, 7], "texture": "#texture"},
				"east": {"uv": [5, 8, 6, 7], "texture": "#texture"},
				"south": {"uv": [5, 8, 6, 7], "texture": "#texture"},
				"west": {"uv": [6, 8, 5, 7], "texture": "#texture"},
				"up": {"uv": [5, 8, 6, 7], "texture": "#texture"},
				"down": {"uv": [6, 8, 5, 7], "texture": "#texture"}
			}
		},
		{
			"from": [10.9, 11.125, 7.275],
			"to": [11.6, 12.125, 7.525],
			"rotation": {"angle": 0, "axis": "y", "origin": [12.1, 14.95, 7.275]},
			"faces": {
				"north": {"uv": [5, 8, 6, 7], "texture": "#texture"},
				"east": {"uv": [5, 8, 6, 7], "texture": "#texture"},
				"south": {"uv": [5, 8, 6, 7], "texture": "#texture"},
				"west": {"uv": [6, 8, 5, 7], "texture": "#texture"},
				"up": {"uv": [5, 8, 6, 7], "texture": "#texture"},
				"down": {"uv": [6, 8, 5, 7], "texture": "#texture"}
			}
		},
		{
			"from": [9.35, 9.225, 7.6],
			"to": [9.45, 9.5, 8.4],
			"faces": {
				"north": {"uv": [12.05, 7.95, 13.55, 8.8], "texture": "#texture"},
				"east": {"uv": [12.8, 7.95, 13.8, 8.8], "texture": "#texture"},
				"south": {"uv": [12.45, 7.55, 13.95, 8.8], "texture": "#texture"},
				"west": {"uv": [12.8, 7.95, 13.8, 8.8], "texture": "#texture"},
				"up": {"uv": [13.05, 7.2, 14.55, 6.8], "texture": "#texture"},
				"down": {"uv": [13.95, 8.6, 12.45, 7.6], "texture": "#texture"}
			}
		},
		{
			"from": [4.9, 11.15, 7.275],
			"to": [5.3, 12.15, 7.525],
			"rotation": {"angle": 0, "axis": "y", "origin": [5.8, 14.975, 7.275]},
			"faces": {
				"north": {"uv": [5, 8, 6, 7], "texture": "#texture"},
				"east": {"uv": [5, 8, 6, 7], "texture": "#texture"},
				"south": {"uv": [5, 8, 6, 7], "texture": "#texture"},
				"west": {"uv": [6, 8, 5, 7], "texture": "#texture"},
				"up": {"uv": [5, 8, 6, 7], "texture": "#texture"},
				"down": {"uv": [6, 8, 5, 7], "texture": "#texture"}
			}
		},
		{
			"from": [4.9, 11.15, 8.475],
			"to": [5.3, 12.15, 8.725],
			"rotation": {"angle": 0, "axis": "y", "origin": [5.8, 14.975, 8.475]},
			"faces": {
				"north": {"uv": [5, 8, 6, 7], "texture": "#texture"},
				"east": {"uv": [5, 8, 6, 7], "texture": "#texture"},
				"south": {"uv": [5, 8, 6, 7], "texture": "#texture"},
				"west": {"uv": [6, 8, 5, 7], "texture": "#texture"},
				"up": {"uv": [5, 8, 6, 7], "texture": "#texture"},
				"down": {"uv": [6, 8, 5, 7], "texture": "#texture"}
			}
		},
		{
			"from": [3.05, 12.825, 7.275],
			"to": [3.45, 13.325, 7.525],
			"rotation": {"angle": 45, "axis": "z", "origin": [5.8, 14.975, 7.275]},
			"faces": {
				"north": {"uv": [5, 8, 6, 7], "texture": "#texture"},
				"east": {"uv": [5, 8, 6, 7], "texture": "#texture"},
				"south": {"uv": [5, 8, 6, 7], "texture": "#texture"},
				"west": {"uv": [6, 8, 5, 7], "texture": "#texture"},
				"up": {"uv": [5, 8, 6, 7], "texture": "#texture"},
				"down": {"uv": [6, 8, 5, 7], "texture": "#texture"}
			}
		},
		{
			"from": [3.05, 12.825, 8.475],
			"to": [3.45, 13.325, 8.725],
			"rotation": {"angle": 45, "axis": "z", "origin": [5.8, 14.975, 8.475]},
			"faces": {
				"north": {"uv": [5, 8, 6, 7], "texture": "#texture"},
				"east": {"uv": [5, 8, 6, 7], "texture": "#texture"},
				"south": {"uv": [5, 8, 6, 7], "texture": "#texture"},
				"west": {"uv": [6, 8, 5, 7], "texture": "#texture"},
				"up": {"uv": [5, 8, 6, 7], "texture": "#texture"},
				"down": {"uv": [6, 8, 5, 7], "texture": "#texture"}
			}
		},
		{
			"from": [9.35, 9.375, 7.6],
			"to": [9.6, 9.5, 8.4],
			"faces": {
				"north": {"uv": [12.05, 7.95, 13.55, 8.8], "texture": "#texture"},
				"east": {"uv": [12.8, 7.95, 13.8, 8.8], "texture": "#texture"},
				"south": {"uv": [12.45, 7.55, 13.95, 8.8], "texture": "#texture"},
				"west": {"uv": [12.8, 7.95, 13.8, 8.8], "texture": "#texture"},
				"up": {"uv": [13.05, 7.2, 14.55, 6.8], "texture": "#texture"},
				"down": {"uv": [13.95, 8.6, 12.45, 7.6], "texture": "#texture"}
			}
		},
		{
			"from": [6, 9.5, 7.25],
			"to": [10.1, 9.975, 8.75],
			"rotation": {"angle": 0, "axis": "y", "origin": [0.25, 0.25, 0]},
			"faces": {
				"north": {"uv": [3, 13, 7, 12], "texture": "#texture"},
				"east": {"uv": [3, 13, 7, 12], "texture": "#texture"},
				"south": {"uv": [3, 13, 7, 12], "texture": "#texture"},
				"west": {"uv": [3, 13, 7, 12], "texture": "#texture"},
				"up": {"uv": [7, 13, 3, 12], "texture": "#texture"},
				"down": {"uv": [3, 12, 7, 13], "texture": "#texture"}
			}
		},
		{
			"from": [10.475, 10.125, 7.25],
			"to": [11.075, 10.425, 8.75],
			"rotation": {"angle": 0, "axis": "y", "origin": [0.25, 0.25, 0]},
			"faces": {
				"north": {"uv": [3, 13, 7, 12], "texture": "#texture"},
				"east": {"uv": [3, 13, 7, 12], "texture": "#texture"},
				"south": {"uv": [3, 13, 7, 12], "texture": "#texture"},
				"west": {"uv": [3, 13, 7, 12], "texture": "#texture"},
				"up": {"uv": [7, 13, 3, 12], "texture": "#texture"},
				"down": {"uv": [3, 12, 7, 13], "texture": "#texture"}
			}
		},
		{
			"from": [10.875, 2.725, 7.25],
			"to": [11.2, 3.375, 8.75],
			"rotation": {"angle": 45, "axis": "z", "origin": [0.25, 0.25, 0]},
			"faces": {
				"north": {"uv": [6, 13, 7, 12], "texture": "#texture"},
				"east": {"uv": [6, 13, 7, 12], "texture": "#texture"},
				"south": {"uv": [6, 13, 7, 12], "texture": "#texture"},
				"west": {"uv": [6, 13, 7, 12], "texture": "#texture"},
				"up": {"uv": [7, 13, 6, 12], "texture": "#texture"},
				"down": {"uv": [6, 12, 7, 13], "texture": "#texture"}
			}
		},
		{
			"from": [10.52157, 7.87449, 7.25],
			"to": [11.64657, 8.12449, 8.75],
			"rotation": {"angle": 22.5, "axis": "z", "origin": [5.25, 9.25, 0]},
			"faces": {
				"north": {"uv": [6, 13, 7, 12], "rotation": 270, "texture": "#texture"},
				"east": {"uv": [7, 13, 6, 12], "rotation": 90, "texture": "#texture"},
				"south": {"uv": [6, 13, 7, 12], "rotation": 90, "texture": "#texture"},
				"west": {"uv": [6, 12, 7, 13], "rotation": 90, "texture": "#texture"},
				"up": {"uv": [6, 13, 7, 12], "rotation": 90, "texture": "#texture"},
				"down": {"uv": [6, 13, 7, 12], "rotation": 90, "texture": "#texture"}
			}
		},
		{
			"from": [9.87157, 7.74949, 7.25],
			"to": [10.99657, 8.07449, 8.75],
			"rotation": {"angle": 22.5, "axis": "z", "origin": [5.25, 9.25, 0]},
			"faces": {
				"north": {"uv": [6, 13, 7, 12], "rotation": 270, "texture": "#texture"},
				"east": {"uv": [7, 13, 6, 12], "rotation": 90, "texture": "#texture"},
				"south": {"uv": [6, 13, 7, 12], "rotation": 90, "texture": "#texture"},
				"west": {"uv": [6, 12, 7, 13], "rotation": 90, "texture": "#texture"},
				"up": {"uv": [6, 13, 7, 12], "rotation": 90, "texture": "#texture"},
				"down": {"uv": [6, 13, 7, 12], "rotation": 90, "texture": "#texture"}
			}
		},
		{
			"from": [9.82157, 7.62449, 7.25],
			"to": [10.32157, 7.74949, 8.75],
			"rotation": {"angle": 22.5, "axis": "z", "origin": [5.25, 9.25, 0]},
			"faces": {
				"north": {"uv": [6, 13, 7, 12], "rotation": 270, "texture": "#texture"},
				"east": {"uv": [7, 13, 6, 12], "rotation": 90, "texture": "#texture"},
				"south": {"uv": [6, 13, 7, 12], "rotation": 90, "texture": "#texture"},
				"west": {"uv": [6, 12, 7, 13], "rotation": 90, "texture": "#texture"},
				"up": {"uv": [6, 13, 7, 12], "rotation": 90, "texture": "#texture"},
				"down": {"uv": [6, 13, 7, 12], "rotation": 90, "texture": "#texture"}
			}
		},
		{
			"from": [4.875, 9.975, 7.25],
			"to": [10.475, 11.625, 8.75],
			"rotation": {"angle": 0, "axis": "y", "origin": [0.25, 0.375, 0]},
			"faces": {
				"north": {"uv": [6, 11, 2, 13], "texture": "#texture"},
				"east": {"uv": [2, 11, 6, 13], "texture": "#texture"},
				"south": {"uv": [6, 11, 2, 13], "texture": "#texture"},
				"west": {"uv": [2, 11, 6, 13], "texture": "#texture"},
				"up": {"uv": [6, 11, 2, 13], "texture": "#texture"},
				"down": {"uv": [2, 11, 6, 13], "texture": "#texture"}
			}
		},
		{
			"from": [10.475, 10.425, 7.25],
			"to": [11.8, 11.625, 8.75],
			"rotation": {"angle": 0, "axis": "y", "origin": [0.25, 0.375, 0]},
			"faces": {
				"north": {"uv": [7, 11, 3, 13], "texture": "#texture"},
				"east": {"uv": [3, 11, 7, 13], "texture": "#texture"},
				"south": {"uv": [7, 11, 3, 13], "texture": "#texture"},
				"west": {"uv": [3, 11, 7, 13], "texture": "#texture"},
				"up": {"uv": [7, 11, 3, 13], "texture": "#texture"},
				"down": {"uv": [3, 11, 7, 13], "texture": "#texture"}
			}
		},
		{
			"from": [9.5, 8, 7.75],
			"to": [9.875, 9.25, 8.25],
			"rotation": {"angle": 0, "axis": "y", "origin": [-1, 1, 0]},
			"faces": {
				"north": {"uv": [15, 16, 14, 15], "texture": "#texture"},
				"east": {"uv": [15, 16, 14, 15], "texture": "#texture"},
				"south": {"uv": [15, 16, 14, 15], "texture": "#texture"},
				"west": {"uv": [15, 16, 14, 15], "texture": "#texture"},
				"down": {"uv": [14, 15, 15, 16], "texture": "#texture"}
			}
		},
		{
			"from": [7.475, 8.525, 7.825],
			"to": [7.725, 9.775, 8.175],
			"rotation": {"angle": -22.5, "axis": "z", "origin": [7.5, 9.95, 7.75]},
			"faces": {
				"north": {"uv": [7.5, 14, 7.75, 15.25], "texture": "#texture"},
				"east": {"uv": [7.75, 14, 8.25, 15.25], "texture": "#texture"},
				"south": {"uv": [8.25, 14, 8.5, 15.25], "texture": "#texture"},
				"west": {"uv": [7.75, 14, 8.25, 15.25], "texture": "#texture"},
				"up": {"uv": [8.25, 14.75, 8.5, 15.25], "texture": "#texture"},
				"down": {"uv": [7.75, 15.25, 7.5, 14.75], "texture": "#texture"}
			}
		},
		{
			"from": [6.25, 8.1, 7.75],
			"to": [7.5, 8.35, 8.25],
			"rotation": {"angle": 0, "axis": "y", "origin": [-1, 0.95, 0]},
			"faces": {
				"north": {"uv": [7.25, 15.5, 8.5, 15.75], "texture": "#texture"},
				"east": {"uv": [7, 15, 8, 16], "texture": "#texture"},
				"south": {"uv": [7.5, 15.5, 8.75, 15.75], "texture": "#texture"},
				"west": {"uv": [7.75, 15.5, 8.25, 15.75], "texture": "#texture"},
				"up": {"uv": [7.5, 14.75, 8.75, 15.25], "texture": "#texture"},
				"down": {"uv": [8.5, 15.25, 7.25, 14.75], "texture": "#texture"}
			}
		},
		{
			"from": [7.5, 8.35, 7.75],
			"to": [7.75, 8.6, 8.25],
			"rotation": {"angle": 0, "axis": "y", "origin": [-1, 0.95, 0]},
			"faces": {
				"north": {"uv": [8.25, 15.25, 8.5, 15.5], "texture": "#texture"},
				"east": {"uv": [7.75, 15.25, 8.25, 15.5], "texture": "#texture"},
				"south": {"uv": [7.5, 15.25, 7.75, 15.5], "texture": "#texture"},
				"west": {"uv": [7, 15, 8, 16], "texture": "#texture"},
				"up": {"uv": [7.5, 14.75, 7.75, 15.25], "texture": "#texture"},
				"down": {"uv": [7, 15, 8, 16], "texture": "#texture"}
			}
		},
		{
			"from": [6, 8.35, 7.75],
			"to": [6.25, 9.5, 8.25],
			"rotation": {"angle": 0, "axis": "y", "origin": [-1, 0.95, 0]},
			"faces": {
				"north": {"uv": [8.5, 14.25, 8.75, 15.5], "texture": "#texture"},
				"east": {"uv": [7.75, 14.25, 8.25, 15.5], "texture": "#texture"},
				"south": {"uv": [7.25, 14.25, 7.5, 15.5], "texture": "#texture"},
				"west": {"uv": [7.75, 14.25, 8.25, 15.5], "texture": "#texture"},
				"down": {"uv": [8.75, 15.25, 8.5, 14.75], "texture": "#texture"}
			}
		},
		{
			"from": [7.85, 3.75, 7.6],
			"to": [9.1, 6.75, 8.4],
			"rotation": {"angle": 0, "axis": "y", "origin": [-1, 1, 0]},
			"faces": {
				"north": {"uv": [5.75, 11, 7, 14.25], "texture": "#texture"},
				"east": {"uv": [7.5, 11, 8.5, 14.25], "texture": "#texture"},
				"south": {"uv": [9, 11, 10.25, 14.25], "texture": "#texture"},
				"west": {"uv": [7.5, 11, 8.5, 14.25], "texture": "#texture"},
				"down": {"uv": [7, 8.5, 5.75, 7.5], "texture": "#texture"}
			}
		},
		{
			"from": [9.5, 6.25, 7.5],
			"to": [9.75, 8.25, 8.5],
			"rotation": {"angle": 0, "axis": "y", "origin": [-1, 1, 0]},
			"faces": {
				"north": {"uv": [16, 12, 15, 11], "texture": "#texture"},
				"east": {"uv": [16, 12, 15, 11], "texture": "#texture"},
				"south": {"uv": [16, 12, 15, 11], "texture": "#texture"},
				"up": {"uv": [16, 12, 15, 11], "texture": "#texture"},
				"down": {"uv": [16, 11, 15, 12], "texture": "#texture"}
			}
		},
		{
			"from": [9.5, 9, 7.25],
			"to": [9.7, 9.25, 8.75],
			"rotation": {"angle": 0, "axis": "y", "origin": [-1, 1, 0]},
			"faces": {
				"north": {"uv": [16, 12, 15, 11], "texture": "#texture"},
				"east": {"uv": [16, 12, 15, 11], "texture": "#texture"},
				"south": {"uv": [16, 12, 15, 11], "texture": "#texture"},
				"down": {"uv": [16, 11, 15, 12], "texture": "#texture"}
			}
		},
		{
			"from": [9.5, 9.25, 7.25],
			"to": [9.95, 9.5, 8.75],
			"rotation": {"angle": 0, "axis": "y", "origin": [-1, 1, 0]},
			"faces": {
				"north": {"uv": [16, 12, 15, 11], "texture": "#texture"},
				"east": {"uv": [16, 12, 15, 11], "texture": "#texture"},
				"south": {"uv": [16, 12, 15, 11], "texture": "#texture"},
				"up": {"uv": [16, 12, 15, 11], "texture": "#texture"},
				"down": {"uv": [16, 11, 15, 12], "texture": "#texture"}
			}
		},
		{
			"from": [8.5, 8.75, 7.25],
			"to": [9.5, 9.5, 8.75],
			"rotation": {"angle": 0, "axis": "y", "origin": [-1, 1, 0]},
			"faces": {
				"north": {"uv": [16, 12, 15, 11], "texture": "#texture"},
				"east": {"uv": [16, 12, 15, 11], "texture": "#texture"},
				"south": {"uv": [16, 12, 15, 11], "texture": "#texture"},
				"west": {"uv": [16, 12, 15, 11], "texture": "#texture"},
				"up": {"uv": [16, 12, 15, 11], "texture": "#texture"}
			}
		},
		{
			"from": [8, 6, 7.25],
			"to": [9.5, 8.75, 8.75],
			"rotation": {"angle": 0, "axis": "y", "origin": [-1, 1, 0]},
			"faces": {
				"north": {"uv": [16, 12, 15, 11], "texture": "#texture"},
				"east": {"uv": [16, 12, 15, 11], "texture": "#texture"},
				"south": {"uv": [16, 12, 15, 11], "texture": "#texture"},
				"west": {"uv": [16, 12, 15, 11], "texture": "#texture"},
				"up": {"uv": [16, 12, 15, 11], "texture": "#texture"},
				"down": {"uv": [16, 11, 15, 12], "texture": "#texture"}
			}
		},
		{
			"from": [7.75, 6, 7.5],
			"to": [9.25, 9.5, 8.5],
			"rotation": {"angle": 0, "axis": "y", "origin": [-1, 1, 0]},
			"faces": {
				"north": {"uv": [16, 12, 15, 11], "texture": "#texture"},
				"east": {"uv": [16, 12, 15, 11], "texture": "#texture"},
				"south": {"uv": [16, 12, 15, 11], "texture": "#texture"},
				"west": {"uv": [16, 12, 15, 11], "texture": "#texture"},
				"down": {"uv": [16, 11, 15, 12], "texture": "#texture"}
			}
		},
		{
			"from": [6.35, 11.625, 7.75],
			"to": [6.6, 12.175, 8.25],
			"rotation": {"angle": 0, "axis": "y", "origin": [0.25, 0.375, 0]},
			"faces": {
				"north": {"uv": [15, 12, 16, 11], "texture": "#texture"},
				"east": {"uv": [16, 12, 15, 11], "texture": "#texture"},
				"south": {"uv": [15, 12, 16, 11], "texture": "#texture"},
				"west": {"uv": [15, 12, 16, 11], "texture": "#texture"},
				"up": {"uv": [15, 12, 16, 11], "texture": "#texture"},
				"down": {"uv": [15, 12, 16, 11], "texture": "#texture"}
			}
		},
		{
			"from": [6.275, 11.2, 7.775],
			"to": [9.75, 11.675, 8.225],
			"rotation": {"angle": 0, "axis": "y", "origin": [0.25, 0.375, 0]},
			"faces": {
				"north": {"uv": [15.3, 11.5, 15.8, 11.75], "texture": "#texture"},
				"east": {"uv": [15, 11, 16, 12], "texture": "#texture"},
				"south": {"uv": [15.2, 11.3, 15.7, 11.75], "texture": "#texture"},
				"west": {"uv": [15.25, 11.5, 15.75, 11.75], "texture": "#texture"},
				"up": {"uv": [15.2, 11.25, 15.8, 11.75], "texture": "#texture"},
				"down": {"uv": [15.8, 11.75, 15.2, 11.25], "texture": "#texture"}
			}
		},
		{
			"from": [6.125, 11.625, 8.475],
			"to": [9.925, 11.75, 8.75],
			"rotation": {"angle": 0, "axis": "y", "origin": [0.25, 0.375, 0]},
			"faces": {
				"north": {"uv": [15.3, 11.5, 15.8, 11.75], "texture": "#texture"},
				"east": {"uv": [5, 9, 6, 10], "texture": "#texture"},
				"south": {"uv": [5.2, 9.3, 5.7, 9.75], "texture": "#texture"},
				"west": {"uv": [15.25, 11.5, 15.75, 11.75], "texture": "#texture"},
				"up": {"uv": [5.2, 9.25, 5.8, 9.75], "texture": "#texture"},
				"down": {"uv": [5.8, 9.75, 5.2, 9.25], "texture": "#texture"}
			}
		},
		{
			"from": [6.3, 10.925, 7.225],
			"to": [10.1, 11.15, 8.775],
			"rotation": {"angle": 0, "axis": "y", "origin": [0.25, 0.375, 0]},
			"faces": {
				"north": {"uv": [16, 12, 15, 11], "texture": "#texture"},
				"east": {"uv": [15, 11, 16, 12], "texture": "#texture"},
				"south": {"uv": [16, 12, 15, 11], "texture": "#texture"},
				"west": {"uv": [16, 12, 15, 11], "texture": "#texture"},
				"up": {"uv": [16, 12, 15, 11], "texture": "#texture"},
				"down": {"uv": [15, 11, 16, 12], "texture": "#texture"}
			}
		},
		{
			"from": [6.3, 10.425, 7.225],
			"to": [10.1, 10.65, 8.775],
			"rotation": {"angle": 0, "axis": "y", "origin": [0.25, 0.375, 0]},
			"faces": {
				"north": {"uv": [16, 12, 15, 11], "texture": "#texture"},
				"east": {"uv": [15, 11, 16, 12], "texture": "#texture"},
				"south": {"uv": [16, 12, 15, 11], "texture": "#texture"},
				"west": {"uv": [16, 12, 15, 11], "texture": "#texture"},
				"up": {"uv": [16, 12, 15, 11], "texture": "#texture"},
				"down": {"uv": [15, 11, 16, 12], "texture": "#texture"}
			}
		},
		{
			"from": [6.125, 11.625, 7.25],
			"to": [9.925, 11.75, 7.525],
			"rotation": {"angle": 0, "axis": "y", "origin": [0.25, 0.375, 0]},
			"faces": {
				"north": {"uv": [15.3, 11.5, 15.8, 11.75], "texture": "#texture"},
				"east": {"uv": [5, 9, 6, 10], "texture": "#texture"},
				"south": {"uv": [5.2, 9.3, 5.7, 9.75], "texture": "#texture"},
				"west": {"uv": [15.25, 11.5, 15.75, 11.75], "texture": "#texture"},
				"up": {"uv": [5.2, 9.25, 5.8, 9.75], "texture": "#texture"},
				"down": {"uv": [5.8, 9.75, 5.2, 9.25], "texture": "#texture"}
			}
		}
	],
	"gui_light": "front",
	"display": {
		"thirdperson_righthand": {
			"rotation": [0, -90, 0],
			"translation": [0, -1.5, 1.25],
			"scale": [1.01, 1.01, 0.98]
		},
		"thirdperson_lefthand": {
			"rotation": [0, 90, 0],
			"translation": [0, -1.5, 1.25],
			"scale": [1.01, 1.01, 0.98]
		},
		"firstperson_righthand": {
			"rotation": [0, -90, 0],
			"translation": [0, 1.25, -0.25],
			"scale": [1.02, 1.02, 0.97]
		},
		"firstperson_lefthand": {
			"rotation": [0, 90, 0],
			"translation": [0, 1.25, -0.25],
			"scale": [1.02, 1.02, 0.97]
		},
		"ground": {
			"translation": [0, 1.5, 0],
			"scale": [1.22, 1.22, 1.19]
		},
		"gui": {
			"rotation": [0, 0, -45],
			"translation": [-0.5, -1.25, 0],
			"scale": [1.14, 1.14, 1]
		},
		"fixed": {
			"rotation": [0, 180, -45],
			"translation": [1.3, -1.4, -1.1],
			"scale": [1.5, 1.5, 1.47]
		}
	}
}