{
	"credit": "Made by SrDarmith - YouTube: Mainclay",
	"textures": {
		"2": "itemm/door_iron_lower",
		"texture": "itemm/door_wood_lower",
		"particle": "itemm/anvil_1",
		"anvil 1": "itemm/anvil_1"
	},
	"elements": [
		{
			"from": [0, 8, 7.25],
			"to": [0.25, 9.75, 8.75],
			"rotation": {"angle": 0, "axis": "y", "origin": [0, -0.25, 0]},
			"faces": {
				"north": {"uv": [2, 14, 3, 13], "texture": "#anvil 1"},
				"east": {"uv": [3, 14, 2, 13], "texture": "#anvil 1"},
				"south": {"uv": [3, 14, 2, 13], "texture": "#anvil 1"},
				"west": {"uv": [3, 14, 2, 13], "texture": "#anvil 1", "cullface": "west"},
				"up": {"uv": [3, 14, 2, 13], "texture": "#anvil 1"},
				"down": {"uv": [2, 13, 3, 14], "texture": "#anvil 1"}
			}
		},
		{
			"from": [0.25, 9.325, 7.25],
			"to": [9, 9.75, 8.75],
			"rotation": {"angle": 0, "axis": "y", "origin": [0, -0.25, 0]},
			"faces": {
				"north": {"uv": [7, 6.25, 15.75, 6.5], "texture": "#texture"},
				"south": {"uv": [0.25, 6.25, 9, 6.5], "texture": "#texture"},
				"up": {"uv": [0.25, 7.25, 9, 8.75], "texture": "#texture"},
				"down": {"uv": [15.75, 8.75, 7, 7.25], "texture": "#texture"}
			}
		},
		{
			"from": [0, 7.75, 7.5],
			"to": [0.25, 10, 8.5],
			"rotation": {"angle": 0, "axis": "y", "origin": [0, -0.25, 0]},
			"faces": {
				"north": {"uv": [2, 14, 3, 13], "texture": "#anvil 1"},
				"east": {"uv": [3, 14, 2, 13], "texture": "#anvil 1"},
				"south": {"uv": [3, 14, 2, 13], "texture": "#anvil 1"},
				"west": {"uv": [3, 14, 2, 13], "texture": "#anvil 1", "cullface": "west"},
				"up": {"uv": [3, 14, 2, 13], "texture": "#anvil 1"},
				"down": {"uv": [2, 13, 3, 14], "texture": "#anvil 1"}
			}
		},
		{
			"from": [7.75, 10.05, 7.25],
			"to": [9.5, 10.225, 8.75],
			"rotation": {"angle": 0, "axis": "y", "origin": [0, -0.25, 0]},
			"faces": {
				"north": {"uv": [0, 16, 2, 14], "texture": "#anvil 1"},
				"east": {"uv": [0, 16, 2, 14], "texture": "#anvil 1"},
				"south": {"uv": [0, 16, 2, 14], "texture": "#anvil 1"},
				"west": {"uv": [0, 16, 2, 14], "texture": "#anvil 1"},
				"up": {"uv": [0, 16, 2, 14], "texture": "#anvil 1"},
				"down": {"uv": [2, 16, 0, 14], "texture": "#anvil 1"}
			}
		},
		{
			"from": [9.25, 10.225, 8.15],
			"to": [9.5, 10.4, 8.75],
			"rotation": {"angle": 0, "axis": "y", "origin": [0, -0.25, 0]},
			"faces": {
				"north": {"uv": [0, 16, 2, 14], "texture": "#anvil 1"},
				"east": {"uv": [0, 16, 2, 14], "texture": "#anvil 1"},
				"south": {"uv": [0, 16, 2, 14], "texture": "#anvil 1"},
				"west": {"uv": [0, 16, 2, 14], "texture": "#anvil 1"},
				"up": {"uv": [0, 16, 2, 14], "texture": "#anvil 1"},
				"down": {"uv": [2, 16, 0, 14], "texture": "#anvil 1"}
			}
		},
		{
			"from": [9.25, 10.225, 7.25],
			"to": [9.5, 10.4, 7.85],
			"rotation": {"angle": 0, "axis": "y", "origin": [0, -0.25, 0]},
			"faces": {
				"north": {"uv": [0, 16, 2, 14], "texture": "#anvil 1"},
				"east": {"uv": [0, 16, 2, 14], "texture": "#anvil 1"},
				"south": {"uv": [0, 16, 2, 14], "texture": "#anvil 1"},
				"west": {"uv": [0, 16, 2, 14], "texture": "#anvil 1"},
				"up": {"uv": [0, 16, 2, 14], "texture": "#anvil 1"},
				"down": {"uv": [2, 16, 0, 14], "texture": "#anvil 1"}
			}
		},
		{
			"from": [9, 7.55, 7.25],
			"to": [9.5, 10.05, 8.75],
			"rotation": {"angle": 0, "axis": "y", "origin": [0, -0.25, 0]},
			"faces": {
				"north": {"uv": [16, 16, 14, 14], "texture": "#anvil 1"},
				"east": {"uv": [16, 16, 14, 14], "texture": "#anvil 1"},
				"south": {"uv": [16, 16, 14, 14], "texture": "#anvil 1"},
				"west": {"uv": [16, 16, 14, 14], "texture": "#anvil 1"},
				"up": {"uv": [16, 16, 14, 14], "texture": "#anvil 1"},
				"down": {"uv": [14, 14, 16, 16], "texture": "#anvil 1"}
			}
		},
		{
			"from": [0.25, 9.75, 7.5],
			"to": [9, 10, 8.5],
			"rotation": {"angle": 0, "axis": "y", "origin": [0, -0.25, 0]},
			"faces": {
				"north": {"uv": [7, 6, 15.75, 6.25], "texture": "#texture"},
				"south": {"uv": [0.25, 6, 9, 6.25], "texture": "#texture"},
				"up": {"uv": [0.25, 7.5, 9, 8.5], "texture": "#texture"}
			}
		},
		{
			"from": [0.25, 8.675, 7.25],
			"to": [9, 9.075, 8.75],
			"rotation": {"angle": 0, "axis": "y", "origin": [0, -0.25, 0]},
			"faces": {
				"north": {"uv": [7, 6.75, 15.75, 7], "texture": "#texture"},
				"south": {"uv": [0.25, 6.75, 9, 7], "texture": "#texture"},
				"up": {"uv": [0.25, 7.25, 9, 8.75], "texture": "#texture"},
				"down": {"uv": [15.75, 8.75, 7, 7.25], "texture": "#texture"}
			}
		},
		{
			"from": [-9.5, 8.8, 7.75],
			"to": [-8.75, 10.125, 8.25],
			"rotation": {"angle": 0, "axis": "y", "origin": [0, -0.25, 0]},
			"faces": {
				"north": {"uv": [15, 6, 16, 7], "texture": "#anvil 1", "cullface": "west"},
				"east": {"uv": [7.75, 6, 8.25, 7], "texture": "#anvil 1", "cullface": "west"},
				"south": {"uv": [1, 6, 0, 7], "texture": "#anvil 1", "cullface": "west"},
				"west": {"uv": [7.75, 6, 8.25, 7], "texture": "#anvil 1", "cullface": "west"},
				"up": {"uv": [1, 7.75, 0, 8.25], "texture": "#anvil 1", "cullface": "west"}
			}
		},
		{
			"from": [-9.5, 10.125, 7.5],
			"to": [-8.75, 10.625, 7.75],
			"rotation": {"angle": 0, "axis": "y", "origin": [0, -0.25, 0]},
			"faces": {
				"north": {"uv": [15, 5.5, 16, 6], "texture": "#anvil 1", "cullface": "west"},
				"east": {"uv": [8.25, 5.5, 8.5, 6], "texture": "#anvil 1", "cullface": "west"},
				"south": {"uv": [1, 5.5, 0, 6], "texture": "#anvil 1", "cullface": "west"},
				"west": {"uv": [7.5, 5.5, 7.75, 6], "texture": "#anvil 1", "cullface": "west"},
				"up": {"uv": [1, 7.5, 0, 7.75], "texture": "#anvil 1", "cullface": "west"},
				"down": {"uv": [15, 7.75, 16, 7.5], "texture": "#anvil 1", "cullface": "west"}
			}
		},
		{
			"from": [-9.5, 10.125, 8.25],
			"to": [-8.75, 10.625, 8.5],
			"rotation": {"angle": 0, "axis": "y", "origin": [0, -0.25, 0]},
			"faces": {
				"north": {"uv": [15, 5.5, 16, 6], "texture": "#anvil 1", "cullface": "west"},
				"east": {"uv": [7.5, 5.5, 7.75, 6], "texture": "#anvil 1", "cullface": "west"},
				"south": {"uv": [1, 5.5, 0, 6], "texture": "#anvil 1", "cullface": "west"},
				"west": {"uv": [8.25, 5.5, 8.5, 6], "texture": "#anvil 1", "cullface": "west"},
				"up": {"uv": [1, 8.25, 0, 8.5], "texture": "#anvil 1", "cullface": "west"},
				"down": {"uv": [15, 8.5, 16, 8.25], "texture": "#anvil 1", "cullface": "west"}
			}
		},
		{
			"from": [-9.5, 10.625, 7.75],
			"to": [-8.75, 10.875, 8.25],
			"rotation": {"angle": 0, "axis": "y", "origin": [0, -0.25, 0]},
			"faces": {
				"north": {"uv": [15, 5.25, 16, 5.5], "texture": "#anvil 1", "cullface": "west"},
				"east": {"uv": [7.75, 5.25, 8.25, 5.5], "texture": "#anvil 1", "cullface": "west"},
				"south": {"uv": [1, 5.25, 0, 5.5], "texture": "#anvil 1", "cullface": "west"},
				"west": {"uv": [7.75, 5.25, 8.25, 5.5], "texture": "#anvil 1", "cullface": "west"},
				"up": {"uv": [1, 7.75, 0, 8.25], "texture": "#anvil 1", "cullface": "west"},
				"down": {"uv": [15, 8.25, 16, 7.75], "texture": "#anvil 1", "cullface": "west"}
			}
		},
		{
			"from": [0.25, 8, 7.25],
			"to": [6, 8.425, 8.75],
			"rotation": {"angle": 0, "axis": "y", "origin": [0, -0.25, 0]},
			"faces": {
				"north": {"uv": [10, 7.25, 15.75, 7.5], "texture": "#texture"},
				"south": {"uv": [0.25, 7.25, 6, 7.5], "texture": "#texture"},
				"up": {"uv": [0.25, 7.25, 9, 8.75], "texture": "#texture"},
				"down": {"uv": [15.75, 8.75, 7, 7.25], "texture": "#texture"}
			}
		},
		{
			"from": [0.25, 9.075, 7.25],
			"to": [0.75, 9.325, 8.75],
			"rotation": {"angle": 0, "axis": "y", "origin": [0, -0.25, 0]},
			"faces": {
				"north": {"uv": [15.25, 6.5, 15.75, 6.75], "texture": "#texture"},
				"east": {"uv": [7.25, 6.5, 8.75, 6.75], "texture": "#texture"},
				"south": {"uv": [0.25, 6.5, 0.75, 6.75], "texture": "#texture"}
			}
		},
		{
			"from": [0.25, 8.425, 7.25],
			"to": [1.75, 8.675, 8.75],
			"rotation": {"angle": 0, "axis": "y", "origin": [0, -0.25, 0]},
			"faces": {
				"north": {"uv": [14.25, 7, 15.75, 7.25], "texture": "#texture"},
				"east": {"uv": [7.25, 7, 8.75, 7.25], "texture": "#texture"},
				"south": {"uv": [0.25, 7, 1.75, 7.25], "texture": "#texture"}
			}
		},
		{
			"from": [1.5, 9.075, 7.25],
			"to": [2.5, 9.325, 8.75],
			"rotation": {"angle": 0, "axis": "y", "origin": [0, -0.25, 0]},
			"faces": {
				"north": {"uv": [13.5, 6.5, 14.5, 6.75], "texture": "#texture"},
				"east": {"uv": [7.25, 6.5, 8.75, 6.75], "texture": "#texture"},
				"south": {"uv": [1.5, 6.5, 2.5, 6.75], "texture": "#texture"},
				"west": {"uv": [7.25, 6.5, 8.75, 6.75], "texture": "#texture"}
			}
		},
		{
			"from": [2.5, 8.425, 7.25],
			"to": [3.5, 8.675, 8.75],
			"rotation": {"angle": 0, "axis": "y", "origin": [0, -0.25, 0]},
			"faces": {
				"north": {"uv": [12.5, 7, 13.5, 7.25], "texture": "#texture"},
				"east": {"uv": [7.25, 7, 8.75, 7.25], "texture": "#texture"},
				"south": {"uv": [2.5, 7, 3.5, 7.25], "texture": "#texture"},
				"west": {"uv": [7.25, 7, 8.75, 7.25], "texture": "#texture"}
			}
		},
		{
			"from": [3.25, 9.075, 7.25],
			"to": [4.25, 9.325, 8.75],
			"rotation": {"angle": 0, "axis": "y", "origin": [0, -0.25, 0]},
			"faces": {
				"north": {"uv": [11.75, 6.5, 12.75, 6.75], "texture": "#texture"},
				"east": {"uv": [7.25, 6.5, 8.75, 6.75], "texture": "#texture"},
				"south": {"uv": [3.25, 6.5, 4.25, 6.75], "texture": "#texture"},
				"west": {"uv": [7.25, 6.5, 8.75, 6.75], "texture": "#texture"}
			}
		},
		{
			"from": [4.25, 8.425, 7.25],
			"to": [5.25, 8.675, 8.75],
			"rotation": {"angle": 0, "axis": "y", "origin": [0, -0.25, 0]},
			"faces": {
				"north": {"uv": [10.75, 7, 11.75, 7.25], "texture": "#texture"},
				"east": {"uv": [7.25, 7, 8.75, 7.25], "texture": "#texture"},
				"south": {"uv": [4.25, 7, 5.25, 7.25], "texture": "#texture"},
				"west": {"uv": [7.25, 7, 8.75, 7.25], "texture": "#texture"}
			}
		},
		{
			"from": [5, 9.075, 7.25],
			"to": [9, 9.325, 8.75],
			"rotation": {"angle": 0, "axis": "y", "origin": [0, -0.25, 0]},
			"faces": {
				"north": {"uv": [7, 6.5, 11, 6.75], "texture": "#texture"},
				"south": {"uv": [5, 6.5, 9, 6.75], "texture": "#texture"},
				"west": {"uv": [7.25, 6.5, 8.75, 6.75], "texture": "#texture"}
			}
		},
		{
			"from": [6, 8.425, 7.25],
			"to": [9, 8.675, 8.75],
			"rotation": {"angle": 0, "axis": "y", "origin": [0, -0.25, 0]},
			"faces": {
				"north": {"uv": [7, 7, 10, 7.25], "texture": "#texture"},
				"south": {"uv": [6, 7, 9, 7.25], "texture": "#texture"},
				"west": {"uv": [7.25, 7, 8.75, 7.25], "texture": "#texture"}
			}
		},
		{
			"from": [10, 9.5, 7.225],
			"to": [13.5, 9.775, 7.75],
			"rotation": {"angle": 0, "axis": "y", "origin": [0, -0.25, 0]},
			"faces": {
				"north": {"uv": [0, 6.25, 6.5, 6.5], "texture": "#2", "cullface": "east"},
				"east": {"uv": [7.25, 6.25, 8.75, 6.5], "texture": "#2", "cullface": "east"},
				"south": {"uv": [9.5, 6.25, 16, 6.5], "texture": "#2", "cullface": "east"},
				"up": {"uv": [9.5, 7.25, 16, 8.75], "texture": "#2", "cullface": "east"},
				"down": {"uv": [6.5, 8.75, 0, 7.25], "texture": "#2", "cullface": "east"}
			}
		},
		{
			"from": [9.5, 9.5, 7.25],
			"to": [19.75, 9.75, 8.75],
			"rotation": {"angle": 0, "axis": "y", "origin": [0, -0.25, 0]},
			"faces": {
				"north": {"uv": [7, 13, 3, 10], "texture": "#anvil 1", "cullface": "east"},
				"east": {"uv": [7, 13, 3, 10], "texture": "#anvil 1", "cullface": "east"},
				"south": {"uv": [3, 13, 7, 10], "texture": "#anvil 1", "cullface": "east"},
				"up": {"uv": [3, 13, 7, 10], "texture": "#anvil 1", "cullface": "east"},
				"down": {"uv": [3, 10, 7, 13], "texture": "#anvil 1", "cullface": "east"}
			}
		},
		{
			"from": [9.5, 9.75, 7.5],
			"to": [19.5, 10, 8.5],
			"rotation": {"angle": 0, "axis": "y", "origin": [0, -0.25, 0]},
			"faces": {
				"north": {"uv": [7, 13, 3, 10], "texture": "#anvil 1", "cullface": "east"},
				"east": {"uv": [7, 13, 3, 10], "texture": "#anvil 1", "cullface": "east"},
				"south": {"uv": [3, 13, 7, 10], "texture": "#anvil 1", "cullface": "east"},
				"up": {"uv": [3, 13, 7, 10], "texture": "#anvil 1", "cullface": "east"}
			}
		},
		{
			"from": [10, 8.75, 6.975],
			"to": [13.5, 9.525, 8],
			"rotation": {"angle": 0, "axis": "y", "origin": [0, -0.25, 0]},
			"faces": {
				"north": {"uv": [0, 6.5, 6.5, 8], "texture": "#2", "cullface": "east"},
				"east": {"uv": [7, 6.5, 9, 8], "texture": "#2", "cullface": "east"},
				"south": {"uv": [9.5, 6.5, 16, 8], "texture": "#2", "cullface": "east"},
				"west": {"uv": [7, 6.5, 9, 8], "texture": "#2", "cullface": "east"},
				"up": {"uv": [9.5, 7, 16, 9], "texture": "#2", "cullface": "east"},
				"down": {"uv": [6.5, 9, 0, 7], "texture": "#2", "cullface": "east"}
			}
		},
		{
			"from": [9.5, 7.75, 7],
			"to": [17.75, 9.5, 9],
			"rotation": {"angle": 0, "axis": "y", "origin": [0, -0.25, 0]},
			"faces": {
				"north": {"uv": [7, 14, 2, 11], "rotation": 180, "texture": "#anvil 1", "cullface": "east"},
				"east": {"uv": [7, 14, 2, 11], "texture": "#anvil 1", "cullface": "east"},
				"south": {"uv": [2, 14, 7, 11], "rotation": 180, "texture": "#anvil 1", "cullface": "east"},
				"west": {"uv": [7, 14, 2, 11], "texture": "#anvil 1", "cullface": "east"},
				"up": {"uv": [2, 14, 7, 11], "texture": "#anvil 1", "cullface": "east"},
				"down": {"uv": [2, 11, 7, 14], "texture": "#anvil 1", "cullface": "east"}
			}
		},
		{
			"from": [10.5, 4.75, 7.25],
			"to": [13.75, 7.75, 8.75],
			"rotation": {"angle": 0, "axis": "y", "origin": [0, -0.25, 0]},
			"faces": {
				"north": {"uv": [11.25, 8, 14.25, 10.75], "texture": "#anvil 1"},
				"east": {"uv": [7.25, 8, 8.75, 10.75], "texture": "#anvil 1"},
				"south": {"uv": [10.75, 8, 13.75, 10.75], "texture": "#anvil 1"},
				"west": {"uv": [7.25, 8, 8.75, 10.75], "texture": "#anvil 1"},
				"down": {"uv": [5.25, 8.75, 2.25, 7.25], "texture": "#anvil 1"}
			}
		},
		{
			"from": [17.75, 8.25, 7],
			"to": [20, 9.5, 9],
			"rotation": {"angle": 0, "axis": "y", "origin": [0, -0.25, 0]},
			"faces": {
				"north": {"uv": [2, 15, 5, 13], "texture": "#anvil 1", "cullface": "east"},
				"east": {"uv": [2, 15, 5, 13], "texture": "#anvil 1", "cullface": "east"},
				"south": {"uv": [2, 15, 5, 13], "texture": "#anvil 1", "cullface": "east"},
				"up": {"uv": [2, 15, 5, 13], "texture": "#anvil 1", "cullface": "east"},
				"down": {"uv": [2, 13, 5, 15], "texture": "#anvil 1", "cullface": "east"}
			}
		},
		{
			"from": [13.75, 6.75, 7.5],
			"to": [14.5, 7.75, 8.5],
			"rotation": {"angle": 0, "axis": "y", "origin": [0, -0.25, 0]},
			"faces": {
				"north": {"uv": [1.5, 8, 2.25, 9], "texture": "#anvil 1"},
				"east": {"uv": [7.5, 8, 8.5, 9], "texture": "#anvil 1"},
				"south": {"uv": [13.75, 8, 14.5, 9], "texture": "#anvil 1"},
				"down": {"uv": [2.25, 8.5, 1.5, 7.5], "texture": "#anvil 1"}
			}
		},
		{
			"from": [15.75, 6.5, 7.5],
			"to": [16, 7.75, 8.5],
			"rotation": {"angle": 0, "axis": "y", "origin": [0, -0.5, 0]},
			"faces": {
				"north": {"uv": [0, 8, 1, 9], "texture": "#anvil 1"},
				"east": {"uv": [7.5, 8, 8.5, 9], "texture": "#anvil 1", "cullface": "east"},
				"south": {"uv": [15.75, 8, 15, 9], "texture": "#anvil 1"},
				"west": {"uv": [7.5, 8, 8.5, 9], "texture": "#anvil 1"},
				"down": {"uv": [1, 8.5, 0, 7.5], "texture": "#anvil 1"}
			}
		},
		{
			"from": [16, 6.5, 7.5],
			"to": [16.25, 6.75, 8.5],
			"rotation": {"angle": 0, "axis": "y", "origin": [0, -0.5, 0]},
			"faces": {
				"north": {"uv": [0, 8.75, 1, 9], "texture": "#anvil 1", "cullface": "east"},
				"east": {"uv": [7.5, 8.75, 8.5, 9], "texture": "#anvil 1", "cullface": "east"},
				"south": {"uv": [16, 8.75, 15, 9], "texture": "#anvil 1", "cullface": "east"},
				"up": {"uv": [16, 7.5, 15, 8.5], "texture": "#anvil 1", "cullface": "east"}
			}
		},
		{
			"from": [16, 6.25, 7.5],
			"to": [17.5, 6.5, 8.5],
			"rotation": {"angle": 0, "axis": "y", "origin": [0, -0.5, 0]},
			"faces": {
				"north": {"uv": [0, 9, 1, 9.25], "texture": "#anvil 1", "cullface": "east"},
				"east": {"uv": [7.5, 9, 8.5, 9.25], "texture": "#anvil 1", "cullface": "east"},
				"south": {"uv": [16, 9, 15, 9.25], "texture": "#anvil 1", "cullface": "east"},
				"west": {"uv": [7.5, 9, 8.5, 9.25], "texture": "#anvil 1", "cullface": "east"},
				"up": {"uv": [16, 7.5, 15, 8.5], "texture": "#anvil 1", "cullface": "east"},
				"down": {"uv": [0, 8.5, 1, 7.5], "texture": "#anvil 1", "cullface": "east"}
			}
		},
		{
			"from": [17.5, 6.75, 7.5],
			"to": [17.75, 7, 8.5],
			"rotation": {"angle": 0, "axis": "y", "origin": [0, -0.5, 0]},
			"faces": {
				"north": {"uv": [0, 8.5, 1, 8.75], "texture": "#anvil 1", "cullface": "east"},
				"south": {"uv": [16, 8.5, 15, 8.75], "texture": "#anvil 1", "cullface": "east"},
				"west": {"uv": [7.5, 8.5, 8.5, 8.75], "texture": "#anvil 1", "cullface": "east"},
				"up": {"uv": [16, 7.5, 15, 8.5], "texture": "#anvil 1", "cullface": "east"}
			}
		},
		{
			"from": [17.25, 6.5, 7.5],
			"to": [17.75, 6.75, 8.5],
			"rotation": {"angle": 0, "axis": "y", "origin": [0, -0.5, 0]},
			"faces": {
				"north": {"uv": [0, 8.75, 1, 9], "texture": "#anvil 1", "cullface": "east"},
				"east": {"uv": [0, 5, 1, 6], "texture": "#anvil 1"},
				"south": {"uv": [15, 8.75, 16, 9], "texture": "#anvil 1", "cullface": "east"},
				"west": {"uv": [7.5, 8.75, 8.5, 9], "texture": "#anvil 1", "cullface": "east"},
				"up": {"uv": [15, 7.5, 16, 8.5], "texture": "#anvil 1", "cullface": "east"},
				"down": {"uv": [0, 8.5, 1, 7.5], "texture": "#anvil 1", "cullface": "east"}
			}
		},
		{
			"from": [17.75, 6.75, 7.25],
			"to": [20, 8.25, 8.75],
			"rotation": {"angle": 0, "axis": "y", "origin": [0, -0.25, 0]},
			"faces": {
				"north": {"uv": [8, 9, 5, 8], "rotation": 90, "texture": "#texture", "cullface": "east"},
				"east": {"uv": [8, 9, 5, 8], "rotation": 90, "texture": "#texture", "cullface": "east"},
				"south": {"uv": [8, 9, 5, 8], "rotation": 90, "texture": "#texture", "cullface": "east"},
				"west": {"uv": [8, 9, 5, 8], "rotation": 90, "texture": "#texture", "cullface": "east"},
				"down": {"uv": [8, 9, 5, 8], "rotation": 90, "texture": "#texture", "cullface": "east"}
			}
		},
		{
			"from": [17.325, 6.825, 7.75],
			"to": [17.575, 8.075, 8.25],
			"rotation": {"angle": -22.5, "axis": "z", "origin": [17.25, 8, 7.75]},
			"faces": {
				"north": {"uv": [0, 12, 1, 13.25], "texture": "#anvil 1", "cullface": "east"},
				"east": {"uv": [7.5, 12, 8.5, 13.25], "texture": "#anvil 1", "cullface": "east"},
				"south": {"uv": [16, 12, 15, 13.25], "texture": "#anvil 1", "cullface": "east"},
				"west": {"uv": [7.5, 12, 8.5, 13.25], "texture": "#anvil 1", "cullface": "east"},
				"up": {"uv": [16, 7.5, 15, 8.5], "texture": "#anvil 1", "cullface": "east"}
			}
		},
		{
			"from": [11.5, 4.5, 7.25],
			"to": [13.75, 4.75, 8.75],
			"rotation": {"angle": 0, "axis": "y", "origin": [0, -0.25, 0]},
			"faces": {
				"north": {"uv": [11.25, 10.75, 13.75, 11], "texture": "#anvil 1"},
				"east": {"uv": [7.25, 10.75, 8.75, 11], "texture": "#anvil 1"},
				"south": {"uv": [11.25, 10.75, 13.75, 11], "texture": "#anvil 1"},
				"west": {"uv": [7.25, 10.75, 8.75, 11], "texture": "#anvil 1"},
				"down": {"uv": [4.75, 8.75, 2.25, 7.25], "texture": "#anvil 1"}
			}
		},
		{
			"from": [12.5, 4.25, 7.25],
			"to": [13.75, 4.5, 8.75],
			"rotation": {"angle": 0, "axis": "y", "origin": [0, -0.25, 0]},
			"faces": {
				"north": {"uv": [11.25, 11, 12.75, 11.25], "texture": "#anvil 1"},
				"east": {"uv": [7.25, 11, 8.75, 11.25], "texture": "#anvil 1"},
				"south": {"uv": [12.25, 11, 13.75, 11.25], "texture": "#anvil 1"},
				"west": {"uv": [7.25, 11, 8.75, 11.25], "texture": "#anvil 1"},
				"down": {"uv": [3.75, 8.75, 2.25, 7.25], "texture": "#anvil 1"}
			}
		},
		{
			"from": [0.25, 7.75, 7.5],
			"to": [6, 8, 8.5],
			"rotation": {"angle": 0, "axis": "y", "origin": [0, -0.25, 0]},
			"faces": {
				"north": {"uv": [10, 7.5, 15.75, 7.75], "texture": "#texture"},
				"south": {"uv": [0.25, 7.5, 6, 7.75], "texture": "#texture"},
				"down": {"uv": [15.75, 8.5, 7, 7.5], "texture": "#texture"}
			}
		},
		{
			"from": [6, 7.75, 7.25],
			"to": [9, 8.425, 8.75],
			"rotation": {"angle": 0, "axis": "y", "origin": [0, -0.25, 0]},
			"faces": {
				"north": {"uv": [7, 7.25, 9.75, 7.5], "texture": "#texture"},
				"east": {"uv": [0, 0, 0, 0], "texture": "#texture"},
				"south": {"uv": [6.25, 7.25, 9, 7.5], "texture": "#texture"},
				"west": {"uv": [7, 7, 8, 8], "texture": "#texture"},
				"up": {"uv": [0.25, 7.25, 9, 8.75], "texture": "#texture"},
				"down": {"uv": [15.75, 8.75, 7, 7.25], "texture": "#texture"}
			}
		},
		{
			"from": [6.5, 7.5, 7.5],
			"to": [9, 8, 8.5],
			"rotation": {"angle": 0, "axis": "y", "origin": [0, -0.25, 0]},
			"faces": {
				"north": {"uv": [7, 7.5, 9.75, 7.75], "texture": "#texture"},
				"east": {"uv": [7, 7, 8, 8], "texture": "#texture"},
				"south": {"uv": [6.25, 7.5, 9, 7.75], "texture": "#texture"},
				"west": {"uv": [7, 7, 8, 8], "texture": "#texture"},
				"down": {"uv": [15.75, 8.5, 7, 7.5], "texture": "#texture"}
			}
		},
		{
			"from": [18, 3.75, 7.25],
			"to": [19.75, 7, 8.75],
			"rotation": {"angle": 22.5, "axis": "z", "origin": [18, 7, 7.25]},
			"faces": {
				"north": {"uv": [8, 10, 5, 8], "rotation": 270, "texture": "#texture", "cullface": "east"},
				"east": {"uv": [8, 10, 5, 8], "rotation": 270, "texture": "#texture", "cullface": "east"},
				"south": {"uv": [8, 10, 5, 8], "rotation": 270, "texture": "#texture", "cullface": "east"},
				"west": {"uv": [8, 10, 5, 8], "rotation": 270, "texture": "#texture", "cullface": "east"},
				"up": {"uv": [8, 10, 5, 8], "rotation": 270, "texture": "#texture", "cullface": "east"},
				"down": {"uv": [8, 10, 5, 8], "rotation": 270, "texture": "#texture", "cullface": "east"}
			}
		},
		{
			"from": [-2.25, 9.225, 7.75],
			"to": [0, 9.925, 8.25],
			"faces": {
				"north": {"uv": [14.5, 6, 16, 6.5], "texture": "#anvil 1", "cullface": "west"},
				"south": {"uv": [0, 6, 1.5, 6.5], "texture": "#anvil 1", "cullface": "west"},
				"west": {"uv": [7.75, 6, 8.25, 6.5], "texture": "#anvil 1", "cullface": "west"},
				"up": {"uv": [0, 7.75, 1.5, 8.25], "texture": "#anvil 1", "cullface": "west"},
				"down": {"uv": [16, 8.25, 14.5, 7.75], "texture": "#anvil 1", "cullface": "west"}
			}
		},
		{
			"from": [-2.625, 9.2, 7.75],
			"to": [-2.25, 9.575, 8.25],
			"faces": {
				"north": {"uv": [15, 6.25, 16, 6.5], "texture": "#anvil 1", "cullface": "west"},
				"south": {"uv": [1, 6.25, 0, 6.5], "texture": "#anvil 1", "cullface": "west"},
				"west": {"uv": [7.75, 6.25, 8.25, 6.5], "texture": "#anvil 1", "cullface": "west"},
				"up": {"uv": [1, 7.75, 0, 8.25], "texture": "#anvil 1", "cullface": "west"}
			}
		},
		{
			"from": [-3, 8.875, 7.75],
			"to": [-2, 9.225, 8.25],
			"faces": {
				"north": {"uv": [15, 6.5, 16, 6.75], "texture": "#anvil 1", "cullface": "west"},
				"east": {"uv": [7.75, 6.5, 8.25, 6.75], "texture": "#anvil 1", "cullface": "west"},
				"south": {"uv": [1, 6.5, 0, 6.75], "texture": "#anvil 1", "cullface": "west"},
				"west": {"uv": [7.75, 6.5, 8.25, 6.75], "texture": "#anvil 1", "cullface": "west"},
				"up": {"uv": [1, 7.75, 0, 8.25], "texture": "#anvil 1", "cullface": "west"}
			}
		},
		{
			"from": [-3.5, 7.875, 7.5],
			"to": [-2.25, 8.875, 8.5],
			"faces": {
				"north": {"uv": [15, 6.75, 16, 7.75], "texture": "#anvil 1", "cullface": "west"},
				"east": {"uv": [7.5, 6.75, 8.5, 7.75], "texture": "#anvil 1", "cullface": "west"},
				"south": {"uv": [1, 6.75, 0, 7.75], "texture": "#anvil 1", "cullface": "west"},
				"west": {"uv": [7.5, 6.75, 8.5, 7.75], "texture": "#anvil 1", "cullface": "west"},
				"up": {"uv": [1, 7.5, 0, 8.5], "texture": "#anvil 1", "cullface": "west"},
				"down": {"uv": [15, 8.5, 16, 7.5], "texture": "#anvil 1", "cullface": "west"}
			}
		},
		{
			"from": [20, 8.25, 7.25],
			"to": [28.25, 9, 8.75],
			"rotation": {"angle": 0, "axis": "y", "origin": [0, -0.25, 0]},
			"faces": {
				"north": {"uv": [1, 1, 9.25, 1.75], "texture": "#texture", "cullface": "east"},
				"south": {"uv": [6.75, 1, 15, 1.75], "texture": "#texture", "cullface": "east"},
				"west": {"uv": [7.25, 1, 8.75, 1.75], "texture": "#texture", "cullface": "east"},
				"up": {"uv": [6.75, 7.25, 15, 8.75], "texture": "#texture", "cullface": "east"},
				"down": {"uv": [9.25, 8.75, 1, 7.25], "texture": "#texture", "cullface": "east"}
			}
		},
		{
			"from": [20, 8, 7.25],
			"to": [20.75, 8.25, 8.75],
			"rotation": {"angle": 0, "axis": "y", "origin": [0, -0.25, 0]},
			"faces": {
				"north": {"uv": [8.5, 1.75, 9.25, 2], "texture": "#texture", "cullface": "east"},
				"east": {"uv": [7.25, 1.75, 8.75, 2], "texture": "#texture", "cullface": "east"},
				"south": {"uv": [6.75, 1.75, 7.5, 2], "texture": "#texture", "cullface": "east"},
				"down": {"uv": [9.25, 8.75, 8.5, 7.25], "texture": "#texture", "cullface": "east"}
			}
		},
		{
			"from": [20, 7.5, 7.25],
			"to": [20.25, 8, 8.75],
			"rotation": {"angle": 0, "axis": "y", "origin": [0, -0.25, 0]},
			"faces": {
				"north": {"uv": [9, 2, 9.25, 2.5], "texture": "#texture", "cullface": "east"},
				"east": {"uv": [7.25, 2, 8.75, 2.5], "texture": "#texture", "cullface": "east"},
				"south": {"uv": [6.75, 2, 7, 2.5], "texture": "#texture", "cullface": "east"},
				"down": {"uv": [9.25, 8.75, 9, 7.25], "texture": "#texture", "cullface": "east"}
			}
		},
		{
			"from": [20, 5.25, 7.275],
			"to": [22.75, 5.75, 8.7],
			"rotation": {"angle": 0, "axis": "y", "origin": [0, -0.25, 0]},
			"faces": {
				"north": {"uv": [6.5, 4.25, 9.25, 4.75], "texture": "#texture", "cullface": "east"},
				"east": {"uv": [7.25, 4.25, 8.75, 4.75], "texture": "#texture", "cullface": "east"},
				"south": {"uv": [6.75, 4.25, 9.5, 4.75], "texture": "#texture", "cullface": "east"},
				"west": {"uv": [7.25, 4.25, 8.75, 4.75], "texture": "#texture", "cullface": "east"},
				"up": {"uv": [6.75, 7.25, 9.5, 8.75], "texture": "#texture", "cullface": "east"},
				"down": {"uv": [9.25, 8.75, 6.5, 7.25], "texture": "#texture", "cullface": "east"}
			}
		},
		{
			"from": [22.75, 5, 7.25],
			"to": [25.5, 5.5, 8.75],
			"rotation": {"angle": 0, "axis": "y", "origin": [0, -0.25, 0]},
			"faces": {
				"north": {"uv": [3.75, 4.5, 6.5, 5], "texture": "#texture", "cullface": "east"},
				"east": {"uv": [7.25, 4.5, 8.75, 5], "texture": "#texture", "cullface": "east"},
				"south": {"uv": [9.5, 4.5, 12.25, 5], "texture": "#texture", "cullface": "east"},
				"west": {"uv": [7.25, 4.5, 8.75, 5], "texture": "#texture", "cullface": "east"},
				"up": {"uv": [9.5, 7.25, 12.25, 8.75], "texture": "#texture", "cullface": "east"},
				"down": {"uv": [6.5, 8.75, 3.75, 7.25], "texture": "#texture", "cullface": "east"}
			}
		},
		{
			"from": [28.25, 4.75, 7.25],
			"to": [28.5, 9, 8.75],
			"rotation": {"angle": 0, "axis": "y", "origin": [0, -0.25, 0]},
			"faces": {
				"north": {"uv": [4, 13, 3, 14], "texture": "#anvil 1", "cullface": "east"},
				"east": {"uv": [4, 13, 3, 14], "texture": "#anvil 1", "cullface": "east"},
				"south": {"uv": [4, 13, 3, 14], "texture": "#anvil 1", "cullface": "east"},
				"west": {"uv": [4, 13, 3, 14], "texture": "#anvil 1", "cullface": "east"},
				"up": {"uv": [4, 14, 3, 13], "texture": "#anvil 1", "cullface": "east"},
				"down": {"uv": [4, 13, 3, 14], "texture": "#anvil 1", "cullface": "east"}
			}
		},
		{
			"from": [25.5, 4.75, 7.25],
			"to": [28.25, 5.25, 8.75],
			"rotation": {"angle": 0, "axis": "y", "origin": [0, -0.25, 0]},
			"faces": {
				"north": {"uv": [1, 4.75, 3.75, 5.25], "texture": "#texture", "cullface": "east"},
				"south": {"uv": [12.25, 4.75, 15, 5.25], "texture": "#texture", "cullface": "east"},
				"west": {"uv": [7.25, 4.75, 8.75, 5.25], "texture": "#texture", "cullface": "east"},
				"up": {"uv": [12.25, 7.25, 15, 8.75], "texture": "#texture", "cullface": "east"},
				"down": {"uv": [3.75, 8.75, 1, 7.25], "texture": "#texture", "cullface": "east"}
			}
		},
		{
			"from": [24.25, 5.25, 7.75],
			"to": [26, 8.25, 8.75],
			"rotation": {"angle": 0, "axis": "y", "origin": [0, -0.25, 0]},
			"faces": {
				"north": {"uv": [3.25, 1.75, 5, 4.75], "texture": "#texture", "cullface": "east"},
				"east": {"uv": [7.25, 1.75, 8.75, 4.75], "texture": "#texture", "cullface": "east"},
				"south": {"uv": [11, 1.75, 12.75, 4.75], "texture": "#texture", "cullface": "east"},
				"west": {"uv": [7.25, 1.75, 8.75, 4.75], "texture": "#texture", "cullface": "east"},
				"down": {"uv": [5, 8.75, 3.25, 7.25], "texture": "#texture", "cullface": "east"}
			}
		},
		{
			"from": [27.5, 5.25, 7.25],
			"to": [28.25, 8.25, 8.75],
			"rotation": {"angle": 0, "axis": "y", "origin": [0, -0.25, 0]},
			"faces": {
				"north": {"uv": [1, 1.75, 1.75, 4.75], "texture": "#texture", "cullface": "east"},
				"south": {"uv": [14.25, 1.75, 15, 4.75], "texture": "#texture", "cullface": "east"},
				"west": {"uv": [7.25, 1.75, 8.75, 4.75], "texture": "#texture", "cullface": "east"}
			}
		},
		{
			"from": [26, 5.25, 7.25],
			"to": [27.5, 6.5, 8.75],
			"rotation": {"angle": 0, "axis": "y", "origin": [0, -0.25, 0]},
			"faces": {
				"north": {"uv": [1.75, 4, 3.25, 4.75], "texture": "#texture", "cullface": "east"},
				"south": {"uv": [12.75, 4, 14.25, 4.75], "texture": "#texture", "cullface": "east"},
				"west": {"uv": [1, 0, 2, 1], "texture": "#texture"},
				"up": {"uv": [12.75, 7.25, 14.25, 8.75], "texture": "#texture", "cullface": "east"}
			}
		},
		{
			"from": [20.25, 5, 7.275],
			"to": [21.25, 5.25, 8.7],
			"rotation": {"angle": 0, "axis": "y", "origin": [0, -0.25, 0]},
			"faces": {
				"north": {"uv": [8.5, 4.75, 9.5, 5], "texture": "#texture", "cullface": "east"},
				"east": {"uv": [7.25, 4.75, 8.75, 5], "texture": "#texture", "cullface": "east"},
				"south": {"uv": [6.5, 4.75, 7.5, 5], "texture": "#texture", "cullface": "east"},
				"west": {"uv": [7.25, 4.75, 8.75, 5], "texture": "#texture", "cullface": "east"},
				"down": {"uv": [9.5, 8.75, 8.5, 7.25], "texture": "#texture", "cullface": "east"}
			}
		},
		{
			"from": [26, 6.5, 7.75],
			"to": [26.25, 6.75, 8.75],
			"rotation": {"angle": 0, "axis": "y", "origin": [0, -0.25, 0]},
			"faces": {
				"north": {"uv": [3, 3.75, 3.25, 4], "texture": "#texture", "cullface": "east"},
				"east": {"uv": [7.25, 3.75, 8.75, 4], "texture": "#texture", "cullface": "east"},
				"south": {"uv": [12.75, 3.75, 13, 4], "texture": "#texture", "cullface": "east"},
				"up": {"uv": [12.75, 7.25, 13, 8.75], "texture": "#texture", "cullface": "east"}
			}
		},
		{
			"from": [24, 5.5, 7.75],
			"to": [24.25, 5.75, 8.75],
			"rotation": {"angle": 0, "axis": "y", "origin": [0, -0.25, 0]},
			"faces": {
				"north": {"uv": [5, 4.25, 5.25, 4.5], "texture": "#texture", "cullface": "east"},
				"south": {"uv": [10.75, 4.25, 11, 4.5], "texture": "#texture", "cullface": "east"},
				"west": {"uv": [7.25, 4.25, 8.75, 4.5], "texture": "#texture", "cullface": "east"},
				"up": {"uv": [10.75, 7.25, 11, 8.75], "texture": "#texture", "cullface": "east"}
			}
		},
		{
			"from": [26, 8, 7.75],
			"to": [26.25, 8.25, 8.75],
			"rotation": {"angle": 0, "axis": "y", "origin": [0, -0.25, 0]},
			"faces": {
				"north": {"uv": [3, 2.25, 3.25, 2.5], "texture": "#texture", "cullface": "east"},
				"east": {"uv": [7.25, 2.25, 8.75, 2.5], "texture": "#texture", "cullface": "east"},
				"south": {"uv": [12.75, 2.25, 13, 2.5], "texture": "#texture", "cullface": "east"},
				"down": {"uv": [3.25, 8.75, 3, 7.25], "texture": "#texture", "cullface": "east"}
			}
		},
		{
			"from": [24, 8, 7.75],
			"to": [24.25, 8.25, 8.75],
			"rotation": {"angle": 0, "axis": "y", "origin": [0, -0.25, 0]},
			"faces": {
				"north": {"uv": [5, 1.75, 5.25, 2], "texture": "#texture", "cullface": "east"},
				"south": {"uv": [10.75, 1.75, 11, 2], "texture": "#texture", "cullface": "east"},
				"west": {"uv": [7.25, 1.75, 8.75, 2], "texture": "#texture", "cullface": "east"},
				"down": {"uv": [5.25, 8.75, 5, 7.25], "texture": "#texture", "cullface": "east"}
			}
		},
		{
			"from": [27.25, 8, 7.25],
			"to": [27.5, 8.25, 8.75],
			"rotation": {"angle": 0, "axis": "y", "origin": [0, -0.25, 0]},
			"faces": {
				"north": {"uv": [1.75, 2.25, 2, 2.5], "texture": "#texture", "cullface": "east"},
				"south": {"uv": [14, 2.25, 14.25, 2.5], "texture": "#texture", "cullface": "east"},
				"west": {"uv": [7.25, 2.25, 8.75, 2.5], "texture": "#texture", "cullface": "east"},
				"down": {"uv": [2, 8.75, 1.75, 7.25], "texture": "#texture", "cullface": "east"}
			}
		},
		{
			"from": [27.25, 6.5, 7.25],
			"to": [27.5, 6.75, 8.75],
			"rotation": {"angle": 0, "axis": "y", "origin": [0, -0.25, 0]},
			"faces": {
				"north": {"uv": [1.75, 3.75, 2, 4], "texture": "#texture", "cullface": "east"},
				"south": {"uv": [14, 3.75, 14.25, 4], "texture": "#texture", "cullface": "east"},
				"west": {"uv": [7.25, 3.75, 8.75, 4], "texture": "#texture", "cullface": "east"},
				"up": {"uv": [14, 7.25, 14.25, 8.75], "texture": "#texture", "cullface": "east"}
			}
		},
		{
			"from": [0.25, 8.25, 7.5],
			"to": [9, 9.5, 8.5],
			"rotation": {"angle": 0, "axis": "y", "origin": [0, -0.25, 0]},
			"faces": {
				"north": {"uv": [16, 12, 15, 11], "texture": "#anvil 1"},
				"south": {"uv": [16, 12, 15, 11], "texture": "#anvil 1"}
			}
		},
		{
			"from": [14, 6.25, 7.75],
			"to": [14.25, 6.75, 8.25],
			"rotation": {"angle": 0, "axis": "y", "origin": [0, -0.25, 0]},
			"faces": {
				"north": {"uv": [1.75, 9, 2, 9.5], "texture": "#anvil 1"},
				"east": {"uv": [7.75, 9, 8.25, 9.5], "texture": "#anvil 1"},
				"south": {"uv": [14, 9, 14.25, 9.5], "texture": "#anvil 1"},
				"west": {"uv": [7.75, 9, 8.25, 9.5], "texture": "#anvil 1"},
				"down": {"uv": [2, 8.25, 1.75, 7.75], "texture": "#anvil 1"}
			}
		},
		{
			"from": [22.75, 8.5, 7],
			"to": [26.25, 9.5, 9],
			"rotation": {"angle": 0, "axis": "y", "origin": [0, -0.25, 0]},
			"faces": {
				"north": {"uv": [0, 11.25, 0.7, 11.85], "texture": "#anvil 1", "cullface": "east"},
				"east": {"uv": [0, 11.25, 0.7, 11.85], "texture": "#anvil 1", "cullface": "east"},
				"south": {"uv": [0.7, 11.25, 0, 11.85], "texture": "#anvil 1", "cullface": "east"},
				"west": {"uv": [0, 11.25, 0.7, 11.85], "texture": "#anvil 1", "cullface": "east"},
				"up": {"uv": [0, 11.2, 0.7, 11.8], "texture": "#anvil 1", "cullface": "east"},
				"down": {"uv": [0, 11.8, 0.7, 11.2], "texture": "#anvil 1", "cullface": "east"}
			}
		},
		{
			"from": [12, 8.25, 9],
			"to": [12.75, 10.5, 9.25],
			"faces": {
				"north": {"uv": [12, 8, 10, 6], "texture": "#anvil 1"},
				"east": {"uv": [12, 8, 10, 6], "texture": "#anvil 1"},
				"south": {"uv": [12, 8, 10, 6], "texture": "#anvil 1"},
				"west": {"uv": [12, 8, 10, 6], "texture": "#anvil 1"},
				"up": {"uv": [10, 6, 12, 7], "texture": "#anvil 1"},
				"down": {"uv": [12, 8, 10, 6], "texture": "#anvil 1"}
			}
		},
		{
			"from": [12.75, 8.25, 8.5],
			"to": [14.5, 9, 9.25],
			"faces": {
				"north": {"uv": [12, 7, 9, 6], "texture": "#anvil 1"},
				"east": {"uv": [12, 7, 9, 6], "texture": "#anvil 1"},
				"south": {"uv": [9, 7, 12, 6], "texture": "#anvil 1"},
				"west": {"uv": [12, 7, 9, 6], "texture": "#anvil 1"},
				"up": {"uv": [12, 7, 9, 6], "texture": "#anvil 1"},
				"down": {"uv": [12, 7, 9, 6], "texture": "#anvil 1"}
			}
		},
		{
			"from": [12, 10.5, 8],
			"to": [15.25, 10.75, 8.75],
			"faces": {
				"north": {"uv": [12, 7, 9, 6], "texture": "#anvil 1"},
				"east": {"uv": [12, 7, 9, 6], "texture": "#anvil 1"},
				"south": {"uv": [9, 7, 12, 6], "texture": "#anvil 1"},
				"west": {"uv": [12, 7, 9, 6], "texture": "#anvil 1"},
				"up": {"uv": [12, 7, 9, 6], "texture": "#anvil 1"},
				"down": {"uv": [12, 7, 9, 6], "texture": "#anvil 1"}
			}
		},
		{
			"from": [12, 10.25, 8.75],
			"to": [12.75, 10.75, 9],
			"faces": {
				"north": {"uv": [12, 7, 9, 6], "texture": "#anvil 1"},
				"east": {"uv": [12, 7, 9, 6], "texture": "#anvil 1"},
				"south": {"uv": [9, 7, 12, 6], "texture": "#anvil 1"},
				"west": {"uv": [12, 7, 9, 6], "texture": "#anvil 1"},
				"up": {"uv": [12, 7, 9, 6], "texture": "#anvil 1"},
				"down": {"uv": [12, 7, 9, 6], "texture": "#anvil 1"}
			}
		},
		{
			"from": [14.5, 10.25, 8.75],
			"to": [15.25, 10.75, 9],
			"faces": {
				"north": {"uv": [12, 7, 9, 6], "texture": "#anvil 1"},
				"east": {"uv": [12, 7, 9, 6], "texture": "#anvil 1"},
				"south": {"uv": [9, 7, 12, 6], "texture": "#anvil 1"},
				"west": {"uv": [12, 7, 9, 6], "texture": "#anvil 1"},
				"up": {"uv": [12, 7, 9, 6], "texture": "#anvil 1"},
				"down": {"uv": [12, 7, 9, 6], "texture": "#anvil 1"}
			}
		},
		{
			"from": [14.5, 8.25, 9],
			"to": [15.25, 10.5, 9.25],
			"faces": {
				"north": {"uv": [12, 8, 10, 6], "texture": "#anvil 1"},
				"east": {"uv": [12, 8, 10, 6], "texture": "#anvil 1"},
				"south": {"uv": [12, 7, 10, 5], "texture": "#anvil 1"},
				"west": {"uv": [12, 8, 10, 6], "texture": "#anvil 1"},
				"up": {"uv": [10, 6, 12, 7], "texture": "#anvil 1"},
				"down": {"uv": [12, 8, 10, 6], "texture": "#anvil 1"}
			}
		},
		{
			"from": [11.75, 10.75, 7.75],
			"to": [15.5, 11.25, 9],
			"faces": {
				"north": {"uv": [4, 8, 2, 6], "texture": "#anvil 1"},
				"east": {"uv": [3, 8, 2, 7], "texture": "#anvil 1"},
				"south": {"uv": [4, 8, 2, 6], "texture": "#anvil 1"},
				"west": {"uv": [3, 8, 2, 7], "texture": "#anvil 1"},
				"up": {"uv": [4, 8, 2, 6], "texture": "#anvil 1"},
				"down": {"uv": [2, 8, 4, 6], "texture": "#anvil 1"}
			}
		},
		{
			"from": [11.75, 12, 7.75],
			"to": [15.5, 12.5, 9],
			"faces": {
				"north": {"uv": [4, 8, 2, 6], "texture": "#anvil 1"},
				"east": {"uv": [3, 8, 2, 7], "texture": "#anvil 1"},
				"south": {"uv": [4, 8, 2, 6], "texture": "#anvil 1"},
				"west": {"uv": [3, 8, 2, 7], "texture": "#anvil 1"},
				"up": {"uv": [4, 8, 2, 6], "texture": "#anvil 1"},
				"down": {"uv": [2, 8, 4, 6], "texture": "#anvil 1"}
			}
		},
		{
			"from": [13.25, 12.4, 8],
			"to": [14, 12.9, 8.75],
			"faces": {
				"north": {"uv": [12, 6, 10, 4], "texture": "#anvil 1"},
				"east": {"uv": [12, 6, 10, 4], "texture": "#anvil 1"},
				"south": {"uv": [12, 6, 10, 4], "texture": "#anvil 1"},
				"west": {"uv": [12, 6, 10, 4], "texture": "#anvil 1"},
				"up": {"uv": [12, 6, 10, 4], "texture": "#anvil 1"},
				"down": {"uv": [10, 6, 12, 4], "texture": "#anvil 1"}
			}
		},
		{
			"from": [13.25, 11.25, 7.075],
			"to": [14, 12, 7.575],
			"faces": {
				"north": {"uv": [12, 6, 10, 4], "rotation": 180, "texture": "#anvil 1"},
				"east": {"uv": [12, 6, 10, 4], "rotation": 90, "texture": "#anvil 1"},
				"south": {"uv": [10, 6, 12, 4], "texture": "#anvil 1"},
				"west": {"uv": [12, 6, 10, 4], "rotation": 270, "texture": "#anvil 1"},
				"up": {"uv": [12, 6, 10, 4], "texture": "#anvil 1"},
				"down": {"uv": [12, 6, 10, 4], "rotation": 180, "texture": "#anvil 1"}
			}
		},
		{
			"from": [11.75, 11, 8.75],
			"to": [15.5, 12.25, 9.25],
			"faces": {
				"north": {"uv": [4, 8, 2, 6], "texture": "#anvil 1"},
				"east": {"uv": [3, 8, 2, 7], "texture": "#anvil 1"},
				"south": {"uv": [4, 8, 2, 6], "texture": "#anvil 1"},
				"west": {"uv": [3, 8, 2, 7], "texture": "#anvil 1"},
				"up": {"uv": [4, 8, 2, 6], "texture": "#anvil 1"},
				"down": {"uv": [2, 8, 4, 6], "texture": "#anvil 1"}
			}
		},
		{
			"from": [11.75, 11, 7.5],
			"to": [15.5, 12.25, 8],
			"faces": {
				"north": {"uv": [4, 8, 2, 6], "texture": "#anvil 1"},
				"east": {"uv": [3, 8, 2, 7], "texture": "#anvil 1"},
				"south": {"uv": [4, 8, 2, 6], "texture": "#anvil 1"},
				"west": {"uv": [3, 8, 2, 7], "texture": "#anvil 1"},
				"up": {"uv": [4, 8, 2, 6], "texture": "#anvil 1"},
				"down": {"uv": [2, 8, 4, 6], "texture": "#anvil 1"}
			}
		},
		{
			"from": [9.75, 11.25, 8.75],
			"to": [17.25, 12, 9],
			"faces": {
				"north": {"uv": [4, 8, 2, 6], "texture": "#anvil 1", "cullface": "east"},
				"south": {"uv": [4, 8, 2, 6], "texture": "#anvil 1", "cullface": "east"},
				"west": {"uv": [4, 8, 2, 6], "texture": "#anvil 1", "cullface": "east"},
				"up": {"uv": [4, 8, 2, 6], "texture": "#anvil 1", "cullface": "east"},
				"down": {"uv": [2, 8, 4, 6], "texture": "#anvil 1", "cullface": "east"}
			}
		},
		{
			"from": [19.25, 10.925, 7.95],
			"to": [19.75, 11.25, 8.8],
			"faces": {
				"north": {"uv": [4, 13, 2, 11], "texture": "#anvil 1", "cullface": "east"},
				"south": {"uv": [4, 13, 2, 11], "texture": "#anvil 1", "cullface": "east"},
				"west": {"uv": [4, 13, 2, 11], "texture": "#anvil 1", "cullface": "east"},
				"up": {"uv": [4, 13, 2, 11], "texture": "#anvil 1", "cullface": "east"},
				"down": {"uv": [2, 13, 4, 11], "texture": "#anvil 1", "cullface": "east"}
			}
		},
		{
			"from": [19.25, 12, 7.95],
			"to": [19.75, 12.325, 8.8],
			"faces": {
				"north": {"uv": [4, 13, 2, 11], "texture": "#anvil 1", "cullface": "east"},
				"south": {"uv": [4, 13, 2, 11], "texture": "#anvil 1", "cullface": "east"},
				"west": {"uv": [4, 13, 2, 11], "texture": "#anvil 1", "cullface": "east"},
				"up": {"uv": [4, 13, 2, 11], "texture": "#anvil 1", "cullface": "east"},
				"down": {"uv": [2, 13, 4, 11], "texture": "#anvil 1", "cullface": "east"}
			}
		},
		{
			"from": [19.25, 11.2, 7.675],
			"to": [19.75, 12.05, 8],
			"faces": {
				"north": {"uv": [4, 13, 2, 11], "texture": "#anvil 1", "cullface": "east"},
				"south": {"uv": [4, 13, 2, 11], "texture": "#anvil 1", "cullface": "east"},
				"west": {"uv": [4, 13, 2, 11], "texture": "#anvil 1", "cullface": "east"},
				"up": {"uv": [4, 13, 2, 11], "texture": "#anvil 1", "cullface": "east"},
				"down": {"uv": [2, 13, 4, 11], "texture": "#anvil 1", "cullface": "east"}
			}
		},
		{
			"from": [19.25, 11.2, 8.75],
			"to": [19.75, 12.05, 9.075],
			"faces": {
				"north": {"uv": [4, 13, 2, 11], "texture": "#anvil 1", "cullface": "east"},
				"south": {"uv": [4, 13, 2, 11], "texture": "#anvil 1", "cullface": "east"},
				"west": {"uv": [4, 13, 2, 11], "texture": "#anvil 1", "cullface": "east"},
				"up": {"uv": [4, 13, 2, 11], "texture": "#anvil 1", "cullface": "east"},
				"down": {"uv": [2, 13, 4, 11], "texture": "#anvil 1", "cullface": "east"}
			}
		},
		{
			"from": [9.75, 11.25, 7.75],
			"to": [17.25, 12, 8],
			"faces": {
				"north": {"uv": [4, 8, 2, 6], "texture": "#anvil 1", "cullface": "east"},
				"south": {"uv": [4, 8, 2, 6], "texture": "#anvil 1", "cullface": "east"},
				"west": {"uv": [4, 8, 2, 6], "texture": "#anvil 1", "cullface": "east"},
				"up": {"uv": [4, 8, 2, 6], "texture": "#anvil 1", "cullface": "east"},
				"down": {"uv": [2, 8, 4, 6], "texture": "#anvil 1", "cullface": "east"}
			}
		},
		{
			"from": [9.75, 12, 8],
			"to": [17.25, 12.25, 8.75],
			"faces": {
				"north": {"uv": [4, 8, 2, 6], "texture": "#anvil 1", "cullface": "east"},
				"south": {"uv": [4, 8, 2, 6], "texture": "#anvil 1", "cullface": "east"},
				"west": {"uv": [4, 8, 2, 6], "texture": "#anvil 1", "cullface": "east"},
				"up": {"uv": [4, 8, 2, 6], "texture": "#anvil 1", "cullface": "east"},
				"down": {"uv": [2, 8, 4, 6], "texture": "#anvil 1", "cullface": "east"}
			}
		},
		{
			"from": [9.75, 11, 8],
			"to": [17.25, 11.25, 8.75],
			"faces": {
				"north": {"uv": [4, 8, 2, 6], "texture": "#anvil 1", "cullface": "east"},
				"south": {"uv": [4, 8, 2, 6], "texture": "#anvil 1", "cullface": "east"},
				"west": {"uv": [4, 8, 2, 6], "texture": "#anvil 1", "cullface": "east"},
				"up": {"uv": [4, 8, 2, 6], "texture": "#anvil 1", "cullface": "east"},
				"down": {"uv": [2, 8, 4, 6], "texture": "#anvil 1", "cullface": "east"}
			}
		},
		{
			"from": [17.25, 11, 8.75],
			"to": [19.25, 12.25, 9.25],
			"faces": {
				"north": {"uv": [3, 16, 0, 14], "texture": "#anvil 1", "cullface": "east"},
				"east": {"uv": [1, 16, 0, 15], "texture": "#anvil 1", "cullface": "east"},
				"south": {"uv": [0, 16, 3, 14], "texture": "#anvil 1", "cullface": "east"},
				"west": {"uv": [1, 16, 0, 15], "texture": "#anvil 1", "cullface": "east"},
				"up": {"uv": [0, 16, 3, 14], "texture": "#anvil 1", "cullface": "east"},
				"down": {"uv": [3, 16, 0, 14], "texture": "#anvil 1", "cullface": "east"}
			}
		},
		{
			"from": [17.25, 12, 7.75],
			"to": [19.25, 12.5, 9],
			"faces": {
				"north": {"uv": [3, 16, 0, 14], "texture": "#anvil 1", "cullface": "east"},
				"east": {"uv": [1, 16, 0, 15], "texture": "#anvil 1", "cullface": "east"},
				"south": {"uv": [0, 16, 3, 14], "texture": "#anvil 1", "cullface": "east"},
				"west": {"uv": [1, 16, 0, 15], "texture": "#anvil 1", "cullface": "east"},
				"up": {"uv": [0, 16, 3, 14], "texture": "#anvil 1", "cullface": "east"},
				"down": {"uv": [3, 16, 0, 14], "texture": "#anvil 1", "cullface": "east"}
			}
		},
		{
			"from": [17.25, 10.75, 7.75],
			"to": [19.25, 11.25, 9],
			"faces": {
				"north": {"uv": [3, 16, 0, 14], "texture": "#anvil 1", "cullface": "east"},
				"east": {"uv": [1, 16, 0, 15], "texture": "#anvil 1", "cullface": "east"},
				"south": {"uv": [0, 16, 3, 14], "texture": "#anvil 1", "cullface": "east"},
				"west": {"uv": [1, 16, 0, 15], "texture": "#anvil 1", "cullface": "east"},
				"up": {"uv": [0, 16, 3, 14], "texture": "#anvil 1", "cullface": "east"},
				"down": {"uv": [3, 16, 0, 14], "texture": "#anvil 1", "cullface": "east"}
			}
		},
		{
			"from": [17.25, 11, 7.5],
			"to": [19.25, 12.25, 8],
			"faces": {
				"north": {"uv": [3, 16, 0, 14], "texture": "#anvil 1", "cullface": "east"},
				"east": {"uv": [1, 16, 0, 15], "texture": "#anvil 1", "cullface": "east"},
				"south": {"uv": [0, 16, 3, 14], "texture": "#anvil 1", "cullface": "east"},
				"west": {"uv": [1, 16, 0, 15], "texture": "#anvil 1", "cullface": "east"},
				"up": {"uv": [0, 16, 3, 14], "texture": "#anvil 1", "cullface": "east"},
				"down": {"uv": [3, 16, 0, 14], "texture": "#anvil 1", "cullface": "east"}
			}
		},
		{
			"from": [19.75, 10.75, 7.75],
			"to": [20, 11.25, 9],
			"faces": {
				"north": {"uv": [3, 16, 0, 14], "texture": "#anvil 1", "cullface": "east"},
				"east": {"uv": [1, 16, 0, 15], "texture": "#anvil 1", "cullface": "east"},
				"south": {"uv": [0, 16, 3, 14], "texture": "#anvil 1", "cullface": "east"},
				"west": {"uv": [1, 16, 0, 15], "texture": "#anvil 1", "cullface": "east"},
				"up": {"uv": [0, 16, 3, 14], "texture": "#anvil 1", "cullface": "east"},
				"down": {"uv": [3, 16, 0, 14], "texture": "#anvil 1", "cullface": "east"}
			}
		},
		{
			"from": [19.75, 12, 7.75],
			"to": [20, 12.5, 9],
			"faces": {
				"north": {"uv": [3, 16, 0, 14], "texture": "#anvil 1", "cullface": "east"},
				"east": {"uv": [1, 16, 0, 15], "texture": "#anvil 1", "cullface": "east"},
				"south": {"uv": [0, 16, 3, 14], "texture": "#anvil 1", "cullface": "east"},
				"west": {"uv": [1, 16, 0, 15], "texture": "#anvil 1", "cullface": "east"},
				"up": {"uv": [0, 16, 3, 14], "texture": "#anvil 1", "cullface": "east"},
				"down": {"uv": [3, 16, 0, 14], "texture": "#anvil 1", "cullface": "east"}
			}
		},
		{
			"from": [19.75, 11, 8.75],
			"to": [20, 12.25, 9.25],
			"faces": {
				"north": {"uv": [3, 16, 0, 14], "texture": "#anvil 1", "cullface": "east"},
				"east": {"uv": [1, 16, 0, 15], "texture": "#anvil 1", "cullface": "east"},
				"south": {"uv": [0, 16, 3, 14], "texture": "#anvil 1", "cullface": "east"},
				"west": {"uv": [1, 16, 0, 15], "texture": "#anvil 1", "cullface": "east"},
				"up": {"uv": [0, 16, 3, 14], "texture": "#anvil 1", "cullface": "east"},
				"down": {"uv": [3, 16, 0, 14], "texture": "#anvil 1", "cullface": "east"}
			}
		},
		{
			"from": [19.75, 11, 7.5],
			"to": [20, 12.25, 8],
			"faces": {
				"north": {"uv": [3, 16, 0, 14], "texture": "#anvil 1", "cullface": "east"},
				"east": {"uv": [1, 16, 0, 15], "texture": "#anvil 1", "cullface": "east"},
				"south": {"uv": [0, 16, 3, 14], "texture": "#anvil 1", "cullface": "east"},
				"west": {"uv": [1, 16, 0, 15], "texture": "#anvil 1", "cullface": "east"},
				"up": {"uv": [0, 16, 3, 14], "texture": "#anvil 1", "cullface": "east"},
				"down": {"uv": [3, 16, 0, 14], "texture": "#anvil 1", "cullface": "east"}
			}
		},
		{
			"from": [-12, 8.55, 7.75],
			"to": [2.25, 8.8, 8.25],
			"faces": {
				"north": {"uv": [14.5, 6.75, 16, 7], "texture": "#anvil 1", "cullface": "west"},
				"south": {"uv": [0, 6.75, 1.5, 7], "texture": "#anvil 1", "cullface": "west"},
				"west": {"uv": [7.75, 6.75, 8.25, 7], "texture": "#anvil 1", "cullface": "west"},
				"up": {"uv": [0, 7.75, 1.5, 8.25], "texture": "#anvil 1", "cullface": "west"},
				"down": {"uv": [16, 8.25, 14.5, 7.75], "texture": "#anvil 1", "cullface": "west"}
			}
		},
		{
			"from": [-12, 8.125, 7.575],
			"to": [2.25, 8.625, 7.825],
			"faces": {
				"north": {"uv": [14.5, 7, 16, 7.5], "texture": "#anvil 1", "cullface": "west"},
				"south": {"uv": [0, 7, 1.5, 7.5], "texture": "#anvil 1", "cullface": "west"},
				"west": {"uv": [7.5, 7, 7.75, 7.5], "texture": "#anvil 1", "cullface": "west"},
				"up": {"uv": [0, 7.5, 1.5, 7.75], "texture": "#anvil 1", "cullface": "west"},
				"down": {"uv": [16, 7.75, 14.5, 7.5], "texture": "#anvil 1", "cullface": "west"}
			}
		},
		{
			"from": [-12, 8.125, 8.175],
			"to": [2.25, 8.625, 8.425],
			"faces": {
				"north": {"uv": [14.5, 7, 16, 7.5], "texture": "#anvil 1", "cullface": "west"},
				"south": {"uv": [0, 7, 1.5, 7.5], "texture": "#anvil 1", "cullface": "west"},
				"west": {"uv": [8.25, 7, 8.5, 7.5], "texture": "#anvil 1", "cullface": "west"},
				"up": {"uv": [0, 8.25, 1.5, 8.5], "texture": "#anvil 1", "cullface": "west"},
				"down": {"uv": [16, 8.5, 14.5, 8.25], "texture": "#anvil 1", "cullface": "west"}
			}
		},
		{
			"from": [-12, 7.95, 7.75],
			"to": [2.25, 8.2, 8.25],
			"faces": {
				"north": {"uv": [14.5, 7.5, 16, 7.75], "texture": "#anvil 1", "cullface": "west"},
				"south": {"uv": [0, 7.5, 1.5, 7.75], "texture": "#anvil 1", "cullface": "west"},
				"west": {"uv": [7.75, 7.5, 8.25, 7.75], "texture": "#anvil 1", "cullface": "west"},
				"up": {"uv": [0, 7.75, 1.5, 8.25], "texture": "#anvil 1", "cullface": "west"},
				"down": {"uv": [16, 8.25, 14.5, 7.75], "texture": "#anvil 1", "cullface": "west"}
			}
		}
	],
	"gui_light": "front",
	"display": {
		"thirdperson_righthand": {
			"rotation": [0, -90, 0],
			"translation": [0, 0.25, -5.75],
			"scale": [0.63, 0.94, 0.94]
		},
		"thirdperson_lefthand": {
			"rotation": [0, 90, 0],
			"translation": [0, 0.25, -5.75],
			"scale": [0.63, 0.94, 0.94]
		},
		"firstperson_righthand": {
			"rotation": [0, -90, 0],
			"translation": [0, 2.25, -8.5],
			"scale": [0.99, 0.99, 0.99]
		},
		"firstperson_lefthand": {
			"rotation": [0, 90, 0],
			"translation": [0, 2.25, -8.5],
			"scale": [0.99, 0.99, 0.99]
		},
		"ground": {
			"translation": [-0.25, 0.25, 0],
			"scale": [0.95, 0.95, 0.95]
		},
		"gui": {
			"rotation": [0, 0, -45],
			"translation": [-0.25, 0.5, 0],
			"scale": [0.51, 0.51, 0.58]
		},
		"fixed": {
			"rotation": [0, 180, -45],
			"translation": [1.25, 1, 0],
			"scale": [0.98, 0.98, 0.98]
		}
	}
}