{
	"credit": "Made with Blockbench",
	"texture_size": [32, 32],
	"textures": {
		"1": "items/metal",
		"2": "items/furniture"
	},
	"elements": [
		{
			"from": [5, 9.25, 0.25],
			"to": [6, 10.25, 15],
			"rotation": {"angle": 0, "axis": "y", "origin": [0, 3, 0]},
			"faces": {
				"north": {"uv": [4, 6, 4.5, 7.25], "texture": "#1"},
				"east": {"uv": [4, 6, 4.5, 7.25], "texture": "#1"},
				"south": {"uv": [4, 6, 4.5, 7.25], "texture": "#1"},
				"west": {"uv": [4, 6, 4.5, 7.25], "texture": "#1"},
				"up": {"uv": [4, 6, 4.5, 7.25], "texture": "#1"},
				"down": {"uv": [4, 6, 4.5, 7.25], "texture": "#1"}
			}
		},
		{
			"from": [4.75, 8, -4.5],
			"to": [6.25, 9.5, 2.5],
			"rotation": {"angle": 0, "axis": "y", "origin": [0, 3, 0]},
			"faces": {
				"north": {"uv": [0, 0, 0.75, 3.5], "texture": "#1"},
				"east": {"uv": [0, 0, 0.75, 3.5], "texture": "#1"},
				"south": {"uv": [0, 0, 0.75, 3.5], "texture": "#1"},
				"west": {"uv": [0, 0, 0.75, 3.5], "texture": "#1"},
				"up": {"uv": [0, 0, 0.75, 3.5], "texture": "#1"},
				"down": {"uv": [0, 0, 0.75, 3.5], "texture": "#1"}
			}
		},
		{
			"from": [4.75, 7.5, 0],
			"to": [6.25, 10, 7],
			"rotation": {"angle": 0, "axis": "y", "origin": [0, 3, 0]},
			"faces": {
				"north": {"uv": [0, 0, 3.5, 1.25], "texture": "#2"},
				"east": {"uv": [0, 0, 3.5, 1.25], "texture": "#2"},
				"south": {"uv": [0, 0, 3.5, 1.25], "texture": "#2"},
				"west": {"uv": [0, 0, 3.5, 1.25], "texture": "#2"},
				"up": {"uv": [0, 0, 3.5, 1.25], "texture": "#2"},
				"down": {"uv": [0, 0, 3.5, 1.25], "texture": "#2"}
			}
		},
		{
			"from": [4.75, 6.5, 7.25],
			"to": [6.25, 7.5, 15],
			"rotation": {"angle": 0, "axis": "y", "origin": [0, 3, 0]},
			"faces": {
				"north": {"uv": [0, 0, 3.875, 0.5], "texture": "#2"},
				"east": {"uv": [0, 0, 3.875, 0.5], "texture": "#2"},
				"south": {"uv": [0, 0, 3.875, 0.5], "texture": "#2"},
				"west": {"uv": [0, 0, 3.875, 0.5], "texture": "#2"},
				"up": {"uv": [0, 0, 3.875, 0.5], "texture": "#2"},
				"down": {"uv": [0, 0, 3.875, 0.5], "texture": "#2"}
			}
		},
		{
			"from": [4.75, 7, 15],
			"to": [6.25, 10, 16],
			"rotation": {"angle": 0, "axis": "y", "origin": [0, 3, 0]},
			"faces": {
				"north": {"uv": [0, 0, 0.75, 0.5], "texture": "#1"},
				"east": {"uv": [0, 0, 0.75, 0.5], "texture": "#1"},
				"south": {"uv": [0, 0, 0.75, 0.5], "texture": "#1"},
				"west": {"uv": [0, 0, 0.75, 0.5], "texture": "#1"},
				"up": {"uv": [0, 0, 0.75, 0.5], "texture": "#1"},
				"down": {"uv": [0, 0, 0.75, 0.5], "texture": "#1"}
			}
		},
		{
			"from": [4.75, 5.25, 16.75],
			"to": [6.25, 9.75, 17.75],
			"rotation": {"angle": 0, "axis": "y", "origin": [0, 3, 0]},
			"faces": {
				"north": {"uv": [0, 0, 0.5, 1.75], "texture": "#2"},
				"east": {"uv": [0, 0, 0.5, 1.75], "texture": "#2"},
				"south": {"uv": [0, 0, 0.5, 1.75], "texture": "#2"},
				"west": {"uv": [0, 0, 0.5, 1.75], "texture": "#2"},
				"up": {"uv": [0, 0, 0.5, 1.75], "texture": "#2"},
				"down": {"uv": [0, 0, 0.5, 1.75], "texture": "#2"}
			}
		},
		{
			"from": [4.75, 5.5, 9.5],
			"to": [6.25, 6.5, 15],
			"rotation": {"angle": 0, "axis": "y", "origin": [0, 3, 0]},
			"faces": {
				"north": {"uv": [0, 0, 2.75, 0.5], "texture": "#2"},
				"east": {"uv": [0, 0, 2.75, 0.5], "texture": "#2"},
				"south": {"uv": [0, 0, 2.75, 0.5], "texture": "#2"},
				"west": {"uv": [0, 0, 2.75, 0.5], "texture": "#2"},
				"up": {"uv": [0, 0, 2.75, 0.5], "texture": "#2"},
				"down": {"uv": [0, 0, 2.75, 0.5], "texture": "#2"}
			}
		},
		{
			"from": [4.75, 4.5, 10.75],
			"to": [6.25, 4.5, 14.25],
			"rotation": {"angle": 0, "axis": "y", "origin": [0, 3, 0]},
			"faces": {
				"north": {"uv": [0, 0, 1.75, 0], "texture": "#2"},
				"east": {"uv": [0, 0, 1.75, 0], "texture": "#2"},
				"south": {"uv": [0, 0, 1.75, 0], "texture": "#2"},
				"west": {"uv": [0, 0, 1.75, 0], "texture": "#2"},
				"up": {"uv": [0, 0, 1.75, 0], "texture": "#2"},
				"down": {"uv": [0, 0, 1.75, 0], "texture": "#2"}
			}
		},
		{
			"from": [4.75, 0.25, 10.5],
			"to": [6.25, 3.75, 10.5],
			"rotation": {"angle": -22.5, "axis": "x", "origin": [0, 3, 0]},
			"faces": {
				"north": {"uv": [0, 0, 1.75, 0], "rotation": 90, "texture": "#2"},
				"east": {"uv": [0, 0, 1.75, 0], "rotation": 90, "texture": "#2"},
				"south": {"uv": [0, 0, 1.75, 0], "rotation": 90, "texture": "#2"},
				"west": {"uv": [0, 0, 1.75, 0], "rotation": 90, "texture": "#2"},
				"up": {"uv": [0, 0, 1.75, 0], "rotation": 90, "texture": "#2"},
				"down": {"uv": [0, 0, 1.75, 0], "rotation": 90, "texture": "#2"}
			}
		},
		{
			"from": [4.9, -3.25, 12.75],
			"to": [6.1, 2.25, 14.5],
			"rotation": {"angle": -22.5, "axis": "x", "origin": [0, 3, 0]},
			"faces": {
				"north": {"uv": [0, 0, 2.75, 0.875], "rotation": 90, "texture": "#2"},
				"east": {"uv": [0, 0, 2.75, 0.875], "rotation": 90, "texture": "#2"},
				"south": {"uv": [0, 0, 2.75, 0.875], "rotation": 90, "texture": "#2"},
				"west": {"uv": [0, 0, 2.75, 0.875], "rotation": 90, "texture": "#2"},
				"up": {"uv": [0, 0, 2.75, 0.875], "rotation": 90, "texture": "#2"},
				"down": {"uv": [0, 0, 2.75, 0.875], "rotation": 90, "texture": "#2"}
			}
		},
		{
			"from": [4.9, 0.5, 14.5],
			"to": [6.1, 3, 16.25],
			"rotation": {"angle": -22.5, "axis": "x", "origin": [0, 3, 0]},
			"faces": {
				"north": {"uv": [0, 0, 2.75, 0.875], "rotation": 90, "texture": "#2"},
				"east": {"uv": [0, 0, 2.75, 0.875], "rotation": 90, "texture": "#2"},
				"south": {"uv": [0, 0, 2.75, 0.875], "rotation": 90, "texture": "#2"},
				"west": {"uv": [0, 0, 2.75, 0.875], "rotation": 90, "texture": "#2"},
				"up": {"uv": [0, 0, 2.75, 0.875], "rotation": 90, "texture": "#2"},
				"down": {"uv": [0, 0, 2.75, 0.875], "rotation": 90, "texture": "#2"}
			}
		},
		{
			"from": [4.9, 3, 14.05],
			"to": [5.13, 5, 15.8],
			"rotation": {"angle": -22.5, "axis": "x", "origin": [0, 3, 0]},
			"faces": {
				"north": {"uv": [0, 0, 2.75, 0.875], "rotation": 90, "texture": "#1"},
				"east": {"uv": [0, 0, 2.75, 0.875], "rotation": 90, "texture": "#1"},
				"south": {"uv": [0, 0, 2.75, 0.875], "rotation": 90, "texture": "#1"},
				"west": {"uv": [0, 0, 2.75, 0.875], "rotation": 90, "texture": "#1"},
				"up": {"uv": [0, 0, 2.75, 0.875], "rotation": 90, "texture": "#1"},
				"down": {"uv": [0, 0, 2.75, 0.875], "rotation": 90, "texture": "#1"}
			}
		},
		{
			"from": [5.775, 3, 14.05],
			"to": [6.075, 5, 15.8],
			"rotation": {"angle": -22.5, "axis": "x", "origin": [0, 3, 0]},
			"faces": {
				"north": {"uv": [0, 0, 2.75, 0.875], "rotation": 90, "texture": "#1"},
				"east": {"uv": [0, 0, 2.75, 0.875], "rotation": 90, "texture": "#1"},
				"south": {"uv": [0, 0, 2.75, 0.875], "rotation": 90, "texture": "#1"},
				"west": {"uv": [0, 0, 2.75, 0.875], "rotation": 90, "texture": "#1"},
				"up": {"uv": [0, 0, 2.75, 0.875], "rotation": 90, "texture": "#1"},
				"down": {"uv": [0, 0, 2.75, 0.875], "rotation": 90, "texture": "#1"}
			}
		},
		{
			"from": [4.75, 9, 5.25],
			"to": [6.25, 11, 8],
			"rotation": {"angle": 22.5, "axis": "x", "origin": [0, 3, 0]},
			"faces": {
				"north": {"uv": [0, 0, 1.375, 1], "texture": "#2"},
				"east": {"uv": [0, 0, 1.375, 1], "texture": "#2"},
				"south": {"uv": [0, 0, 1.375, 1], "texture": "#2"},
				"west": {"uv": [0, 0, 1.375, 1], "texture": "#2"},
				"up": {"uv": [0, 0, 1.375, 1], "texture": "#2"},
				"down": {"uv": [0, 0, 1.375, 1], "texture": "#2"}
			}
		},
		{
			"from": [5, 4.75, 7.5],
			"to": [6, 6.75, 9.5],
			"rotation": {"angle": 0, "axis": "x", "origin": [0, 3, -0.25]},
			"faces": {
				"north": {"uv": [0, 5.5, 0.5, 6.375], "texture": "#1"},
				"east": {"uv": [0, 5.5, 0.5, 6.375], "texture": "#1"},
				"south": {"uv": [0, 5.5, 0.5, 6.375], "texture": "#1"},
				"west": {"uv": [0, 5.5, 0.5, 6.375], "texture": "#1"},
				"up": {"uv": [0, 5.5, 0.5, 6.375], "texture": "#1"},
				"down": {"uv": [0, 5.5, 0.5, 6.375], "texture": "#1"}
			}
		},
		{
			"from": [5, 4.35, 6.175],
			"to": [6, 8.35, 8.075],
			"rotation": {"angle": 22.5, "axis": "x", "origin": [0, 3, -0.25]},
			"faces": {
				"north": {"uv": [0, 5.5, 0.5, 6.375], "texture": "#1"},
				"east": {"uv": [0, 5.5, 0.5, 6.375], "texture": "#1"},
				"south": {"uv": [0, 5.5, 0.5, 6.375], "texture": "#1"},
				"west": {"uv": [0, 5.5, 0.5, 6.375], "texture": "#1"},
				"up": {"uv": [0, 5.5, 0.5, 6.375], "texture": "#1"},
				"down": {"uv": [0, 5.5, 0.5, 6.375], "texture": "#1"}
			}
		},
		{
			"from": [4.5, 7.5, 7],
			"to": [6.5, 10, 15.0001],
			"rotation": {"angle": 0, "axis": "y", "origin": [0, 3, 0]},
			"faces": {
				"north": {"uv": [0, 0, 1, 4.00005], "texture": "#1"},
				"east": {"uv": [0, 0, 1, 4.00005], "texture": "#1"},
				"south": {"uv": [0, 0, 1, 4.00005], "texture": "#1"},
				"west": {"uv": [0, 0, 1, 4.00005], "texture": "#1"},
				"up": {"uv": [0, 0, 1, 4.00005], "texture": "#1"},
				"down": {"uv": [0, 0, 1, 4.00005], "texture": "#1"}
			}
		},
		{
			"from": [4.25, 8, 0],
			"to": [6.75, 9.5, 7],
			"rotation": {"angle": 0, "axis": "z", "origin": [0, 3, 0]},
			"faces": {
				"north": {"uv": [0, 0, 0.75, 3.5], "rotation": 90, "texture": "#2"},
				"east": {"uv": [0, 0, 0.75, 3.5], "rotation": 90, "texture": "#2"},
				"south": {"uv": [0, 0, 0.75, 3.5], "rotation": 90, "texture": "#2"},
				"west": {"uv": [0, 0, 0.75, 3.5], "rotation": 90, "texture": "#2"},
				"up": {"uv": [0, 0, 0.75, 3.5], "rotation": 90, "texture": "#2"},
				"down": {"uv": [0, 0, 0.75, 3.5], "rotation": 90, "texture": "#2"}
			}
		},
		{
			"from": [4.25, 8.5, 9.5],
			"to": [4.75, 9.5, 17.5],
			"rotation": {"angle": 0, "axis": "z", "origin": [0, 3, 0]},
			"faces": {
				"north": {"uv": [0, 5, 0.5, 5.5], "rotation": 90, "texture": "#2"},
				"east": {"uv": [0, 5, 0.5, 5.5], "rotation": 90, "texture": "#2"},
				"south": {"uv": [0, 5, 0.5, 5.5], "rotation": 90, "texture": "#2"},
				"west": {"uv": [0, 5, 0.5, 5.5], "rotation": 90, "texture": "#2"},
				"up": {"uv": [0, 5, 0.5, 5.5], "rotation": 90, "texture": "#2"},
				"down": {"uv": [0, 5, 0.5, 5.5], "rotation": 90, "texture": "#2"}
			}
		},
		{
			"from": [6.25, 8.5, 9.5],
			"to": [6.75, 9.5, 17.5],
			"rotation": {"angle": 0, "axis": "z", "origin": [0, 3, 0]},
			"faces": {
				"north": {"uv": [0, 5, 0.5, 5.5], "rotation": 90, "texture": "#2"},
				"east": {"uv": [0, 5, 0.5, 5.5], "rotation": 90, "texture": "#2"},
				"south": {"uv": [0, 5, 0.5, 5.5], "rotation": 90, "texture": "#2"},
				"west": {"uv": [0, 5, 0.5, 5.5], "rotation": 90, "texture": "#2"},
				"up": {"uv": [0, 5, 0.5, 5.5], "rotation": 90, "texture": "#2"},
				"down": {"uv": [0, 5, 0.5, 5.5], "rotation": 90, "texture": "#2"}
			}
		},
		{
			"from": [4.75, 5.5, -1],
			"to": [6.25, 8, 6],
			"rotation": {"angle": 0, "axis": "y", "origin": [0, 3, 0]},
			"faces": {
				"north": {"uv": [0, 0, 3.5, 1.25], "texture": "#2"},
				"east": {"uv": [0, 0, 3.5, 1.25], "texture": "#2"},
				"south": {"uv": [0, 0, 3.5, 1.25], "texture": "#2"},
				"west": {"uv": [0, 0, 3.5, 1.25], "texture": "#2"},
				"up": {"uv": [0, 0, 3.5, 1.25], "texture": "#2"},
				"down": {"uv": [0, 0, 3.5, 1.25], "texture": "#2"}
			}
		},
		{
			"from": [4.25, 6, -1],
			"to": [6.75, 7.5, 6],
			"rotation": {"angle": 0, "axis": "z", "origin": [0, 3, 0]},
			"faces": {
				"north": {"uv": [0, 0, 0.75, 3.5], "rotation": 90, "texture": "#2"},
				"east": {"uv": [0, 0, 0.75, 3.5], "rotation": 90, "texture": "#2"},
				"south": {"uv": [0, 0, 0.75, 3.5], "rotation": 90, "texture": "#2"},
				"west": {"uv": [0, 0, 0.75, 3.5], "rotation": 90, "texture": "#2"},
				"up": {"uv": [0, 0, 0.75, 3.5], "rotation": 90, "texture": "#2"},
				"down": {"uv": [0, 0, 0.75, 3.5], "rotation": 90, "texture": "#2"}
			}
		},
		{
			"from": [5, 10.25, 0.25],
			"to": [6, 11.25, 0.75],
			"rotation": {"angle": 0, "axis": "y", "origin": [0, 3, 0]},
			"faces": {
				"north": {"uv": [11, 4.5, 16, 9.5], "texture": "#1"},
				"east": {"uv": [0, 0, 0.5, 0.25], "texture": "#1"},
				"south": {"uv": [11, 4.5, 16, 9.5], "texture": "#1"},
				"west": {"uv": [0, 0, 0.5, 0.25], "texture": "#1"},
				"up": {"uv": [0, 0, 0.5, 0.25], "texture": "#1"},
				"down": {"uv": [0, 0, 0.5, 0.25], "texture": "#1"}
			}
		},
		{
			"from": [5.15, 4.5, 14.75],
			"to": [5.9, 5.25, 15.5],
			"rotation": {"angle": -22.5, "axis": "x", "origin": [0, 3, 0]},
			"faces": {
				"north": {"uv": [0, 0, 0.5, 0.25], "texture": "#1"},
				"east": {"uv": [0, 0, 0.5, 0.25], "texture": "#1"},
				"south": {"uv": [11, 10, 16, 15], "texture": "#1"},
				"west": {"uv": [0, 0, 0.5, 0.25], "texture": "#1"},
				"up": {"uv": [0, 0, 0.5, 0.25], "texture": "#1"},
				"down": {"uv": [0, 0, 0.5, 0.25], "texture": "#1"}
			}
		},
		{
			"from": [4.25, 9.775, 0.25],
			"to": [5.25, 10.025, 0.75],
			"rotation": {"angle": 0, "axis": "y", "origin": [0, 3, 0]},
			"faces": {
				"north": {"uv": [0, 0, 0.25, 0.25], "texture": "#1"},
				"east": {"uv": [0, 0, 0.25, 0.25], "texture": "#1"},
				"south": {"uv": [0, 0, 0.25, 0.25], "texture": "#1"},
				"west": {"uv": [0, 0, 0.25, 0.25], "texture": "#1"},
				"up": {"uv": [0, 0, 0.25, 0.25], "texture": "#1"},
				"down": {"uv": [0, 0, 0.25, 0.25], "texture": "#1"}
			}
		}
	],
	"display": {
		"thirdperson_righthand": {
			"translation": [1.5, 2.25, -2.75],
			"scale": [0.69, 0.88, 0.77]
		},
		"thirdperson_lefthand": {
			"translation": [-1.5, 2.25, -2.75],
			"scale": [0.69, 0.88, 0.77]
		},
		"firstperson_righthand": {
			"rotation": [0, 12, 0],
			"translation": [1, 4.5, 0]
		},
		"firstperson_lefthand": {
			"rotation": [0, 12, 0],
			"translation": [-0.25, 4, 0]
		},
		"ground": {
			"translation": [1.5, 4.25, 1.25]
		},
		"gui": {
			"rotation": [0, 90, 0],
			"translation": [0.75, 0, 0],
			"scale": [0.89, 0.51, 0.71]
		},
		"head": {
			"rotation": [0, 90, 0],
			"translation": [1.5, 3.25, -2.5]
		},
		"fixed": {
			"rotation": [0, -90, 0],
			"translation": [-1, 0, -0.25]
		}
	}
}