{
	"credit": "Made with Blockbench",
	"texture_size": [64, 64],
	"textures": {
		"0": "item/crossbow1",
		"particle": "item/crossbow1"
	},
	"elements": [
		{
			"name": "bayonet grip",
			"from": [7.999, 6.75, -3.25],
			"to": [7.999, 8.25, -0.75],
			"rotation": {"angle": 0, "axis": "y", "origin": [8, 9, 19.25]},
			"faces": {
				"north": {"uv": [0, 0, 0, 0.375], "texture": "#0"},
				"east": {"uv": [4.75, 5.25, 5.375, 5.625], "texture": "#0"},
				"south": {"uv": [0, 0, 0, 0.375], "texture": "#0"},
				"west": {"uv": [6.125, 3, 6.75, 3.375], "texture": "#0"},
				"up": {"uv": [0, 1.25, 0, 0], "texture": "#0"},
				"down": {"uv": [0, 0, 0, 1.25], "texture": "#0"}
			}
		},
		{
			"name": "receiver",
			"from": [7, 7, 25],
			"to": [9, 10, 31.75],
			"rotation": {"angle": 22.5, "axis": "x", "origin": [8, 9, 19.25]},
			"faces": {
				"north": {"uv": [3.75, 6, 4.25, 6.75], "texture": "#0"},
				"east": {"uv": [1.5, 2.5, 3.25, 3.25], "texture": "#0"},
				"south": {"uv": [6, 4, 6.5, 4.75], "texture": "#0"},
				"west": {"uv": [1.5, 3.25, 3.25, 4], "texture": "#0"},
				"up": {"uv": [4.25, 4.75, 3.75, 3], "texture": "#0"},
				"down": {"uv": [2, 4, 1.5, 5.75], "texture": "#0"}
			}
		},
		{
			"name": "receiver",
			"from": [7, 7, 20],
			"to": [9, 9, 25],
			"rotation": {"angle": 22.5, "axis": "x", "origin": [8, 9, 19.25]},
			"faces": {
				"north": {"uv": [6.5, 0, 7, 0.5], "texture": "#0"},
				"east": {"uv": [5.25, 1, 6.5, 1.5], "texture": "#0"},
				"west": {"uv": [5.25, 1.5, 6.5, 2], "texture": "#0"},
				"up": {"uv": [4.25, 6, 3.75, 4.75], "texture": "#0"},
				"down": {"uv": [4.75, 5.25, 4.25, 6.5], "texture": "#0"}
			}
		},
		{
			"name": "receiver",
			"from": [7.25, 7, 18.25],
			"to": [8.75, 9, 20.25],
			"rotation": {"angle": 22.5, "axis": "x", "origin": [8, 9, 19.25]},
			"faces": {
				"east": {"uv": [6.25, 5.75, 6.75, 6.25], "texture": "#0"},
				"west": {"uv": [6.25, 6.25, 6.75, 6.75], "texture": "#0"},
				"up": {"uv": [0.875, 7.25, 0.5, 6.75], "texture": "#0"},
				"down": {"uv": [7.125, 3, 6.75, 3.5], "texture": "#0"}
			}
		},
		{
			"name": "receiver",
			"from": [7.75, 8.5, 19.25],
			"to": [8.25, 9, 19.25],
			"rotation": {"angle": 22.5, "axis": "x", "origin": [8, 9, 19.25]},
			"faces": {
				"north": {"uv": [7, 7, 7.125, 7.125], "texture": "#0"},
				"east": {"uv": [0, 0, 0, 0.125], "texture": "#0"},
				"west": {"uv": [0, 0, 0, 0.125], "texture": "#0"},
				"up": {"uv": [0.125, 0, 0, 0], "texture": "#0"},
				"down": {"uv": [0.125, 0, 0, 0], "texture": "#0"}
			}
		},
		{
			"name": "receiver",
			"from": [7.75, 8.5, 18.25],
			"to": [8.25, 8.5, 19.25],
			"rotation": {"angle": 22.5, "axis": "x", "origin": [8, 9, 19.25]},
			"faces": {
				"north": {"uv": [0, 0, 0.125, 0], "texture": "#0"},
				"east": {"uv": [0, 0, 0.25, 0], "texture": "#0"},
				"south": {"uv": [0, 0, 0.125, 0], "texture": "#0"},
				"west": {"uv": [0, 0, 0.25, 0], "texture": "#0"},
				"up": {"uv": [7.125, 5, 7, 4.75], "texture": "#0"}
			}
		},
		{
			"name": "receiver",
			"from": [8.25, 8.5, 18.25],
			"to": [8.25, 9, 19.25],
			"rotation": {"angle": 22.5, "axis": "x", "origin": [8, 9, 19.25]},
			"faces": {
				"north": {"uv": [0, 0, 0, 0.125], "texture": "#0"},
				"south": {"uv": [0, 0, 0, 0.125], "texture": "#0"},
				"west": {"uv": [7, 4.5, 7.25, 4.625], "texture": "#0"},
				"up": {"uv": [0, 0.25, 0, 0], "texture": "#0"},
				"down": {"uv": [0, 0, 0, 0.25], "texture": "#0"}
			}
		},
		{
			"name": "receiver",
			"from": [7.75, 8.5, 18.25],
			"to": [7.75, 9, 19.25],
			"rotation": {"angle": 22.5, "axis": "x", "origin": [8, 9, 19.25]},
			"faces": {
				"north": {"uv": [0, 0, 0, 0.125], "texture": "#0"},
				"east": {"uv": [4.75, 7, 5, 7.125], "texture": "#0"},
				"south": {"uv": [0, 0, 0, 0.125], "texture": "#0"},
				"up": {"uv": [0, 0.25, 0, 0], "texture": "#0"},
				"down": {"uv": [0, 0, 0, 0.25], "texture": "#0"}
			}
		},
		{
			"name": "receiver",
			"from": [7.25, 8.5, 18],
			"to": [8.75, 9, 18.25],
			"rotation": {"angle": 22.5, "axis": "x", "origin": [8, 9, 19.25]},
			"faces": {
				"east": {"uv": [5.25, 7, 5.375, 7.125], "texture": "#0"},
				"west": {"uv": [5.5, 7, 5.625, 7.125], "texture": "#0"},
				"up": {"uv": [4.625, 7.125, 4.25, 7], "texture": "#0"}
			}
		},
		{
			"name": "Trigger Guard",
			"from": [8, 5.25, 17.5],
			"to": [8, 7.25, 20.5],
			"rotation": {"angle": 22.5, "axis": "x", "origin": [8, 6.83448, 19.25259]},
			"faces": {
				"north": {"uv": [0, 0, 0, 0.5], "texture": "#0"},
				"east": {"uv": [5.5, 4.75, 6.25, 5.25], "texture": "#0"},
				"south": {"uv": [0, 0, 0, 0.5], "texture": "#0"},
				"west": {"uv": [6, 3.5, 6.75, 4], "texture": "#0"},
				"up": {"uv": [0, 0.75, 0, 0], "texture": "#0"},
				"down": {"uv": [0, 0, 0, 0.75], "texture": "#0"}
			}
		},
		{
			"name": "Trigger",
			"from": [8, 6, 18.5],
			"to": [8, 7, 19.5],
			"rotation": {"angle": 0, "axis": "x", "origin": [8, 7, 19]},
			"faces": {
				"north": {"uv": [0, 0, 0, 0.25], "texture": "#0"},
				"east": {"uv": [0.25, 7, 0.5, 7.25], "texture": "#0"},
				"south": {"uv": [0, 0, 0, 0.25], "texture": "#0"},
				"west": {"uv": [7, 0.25, 7.25, 0.5], "texture": "#0"},
				"up": {"uv": [0, 0.25, 0, 0], "texture": "#0"},
				"down": {"uv": [0, 0, 0, 0.25], "texture": "#0"}
			}
		},
		{
			"name": "pump",
			"from": [7.251, 7, 0.25],
			"to": [8.741, 8.5, 7.25],
			"rotation": {"angle": 0, "axis": "y", "origin": [8, 8.5, 13.25]},
			"faces": {
				"north": {"uv": [6.75, 3.5, 7.125, 3.875], "texture": "#0"},
				"east": {"uv": [4.75, 0, 6.5, 0.375], "texture": "#0"},
				"south": {"uv": [3.75, 6.75, 4.125, 7.125], "texture": "#0"},
				"west": {"uv": [4.75, 0.5, 6.5, 0.875], "texture": "#0"},
				"up": {"uv": [2.375, 6.5, 2, 4.75], "texture": "#0"},
				"down": {"uv": [2.875, 4.75, 2.5, 6.5], "texture": "#0"}
			}
		},
		{
			"name": "barrel",
			"from": [7.5, 8.5, -3.25],
			"to": [8.5, 9.5, 13.25],
			"rotation": {"angle": 0, "axis": "y", "origin": [8, 8.5, 13.25]},
			"faces": {
				"north": {"uv": [0, 7, 0.25, 7.25], "texture": "#0"},
				"east": {"uv": [4.125, 2, 8.25, 2.25], "texture": "#0"},
				"west": {"uv": [4.125, 2.25, 8.25, 2.5], "texture": "#0"},
				"up": {"uv": [1.25, 9.75, 1, 5.625], "texture": "#0"},
				"down": {"uv": [1.5, 5.625, 1.25, 9.75], "texture": "#0"}
			}
		},
		{
			"name": "hole",
			"from": [7.25, 8.75, -3.26],
			"to": [8.25, 9.75, -3.26],
			"rotation": {"angle": 0, "axis": "y", "origin": [8, 7.5, 15.25]},
			"faces": {
				"north": {"uv": [7, 0, 7.25, 0.25], "texture": "#0"},
				"east": {"uv": [0, 0, 0, 0.25], "texture": "#0"},
				"west": {"uv": [0, 0, 0, 0.25], "texture": "#0"},
				"up": {"uv": [0.25, 0, 0, 0], "texture": "#0"},
				"down": {"uv": [0.25, 0, 0, 0], "texture": "#0"}
			}
		},
		{
			"name": "ammo tube",
			"from": [7.5, 7.25, -0.75],
			"to": [8.5, 8.25, 13.25],
			"rotation": {"angle": 0, "axis": "y", "origin": [8, 8.5, 13.25]},
			"faces": {
				"north": {"uv": [7, 1, 7.25, 1.25], "texture": "#0"},
				"east": {"uv": [4.5, 2.5, 8, 2.75], "texture": "#0"},
				"west": {"uv": [4.5, 2.75, 8, 3], "texture": "#0"},
				"up": {"uv": [3.5, 7.75, 3.25, 3], "texture": "#0"},
				"down": {"uv": [3.75, 3, 3.5, 7.75], "texture": "#0"}
			}
		},
		{
			"name": "ammo tube",
			"from": [7.375, 7.875, 7.25],
			"to": [7.375, 8.875, 13.25],
			"rotation": {"angle": 0, "axis": "y", "origin": [8, 8.5, 13.25]},
			"faces": {
				"east": {"uv": [0, 10, 1.5, 10.25], "texture": "#0"},
				"west": {"uv": [0, 9.75, 1.5, 10], "texture": "#0"}
			}
		},
		{
			"name": "heat shield",
			"from": [7.249, 8.25, -3.25],
			"to": [8.759, 9.75, 13.25],
			"rotation": {"angle": 0, "axis": "y", "origin": [8, 9, 19.25]},
			"faces": {
				"east": {"uv": [0, 0, 4.125, 0.375], "texture": "#0"},
				"west": {"uv": [0.5, 0.5, 4.625, 0.875], "texture": "#0"},
				"up": {"uv": [0.3775, 5.125, 0, 1], "texture": "#0"}
			}
		},
		{
			"name": "heat shield",
			"from": [7.249, 8.25, -3.25],
			"to": [8.759, 8.25, -0.25],
			"rotation": {"angle": 0, "axis": "y", "origin": [8, 9, 19.25]},
			"faces": {
				"east": {"uv": [0, 0, 1.25, 0], "texture": "#0"},
				"west": {"uv": [0, 0, 1.25, 0], "texture": "#0"},
				"up": {"uv": [5.625, 7, 5.25, 5.75], "texture": "#0"},
				"down": {"uv": [6.125, 5.75, 5.75, 7], "texture": "#0"}
			}
		},
		{
			"name": "heat shield",
			"from": [8.009, 9.75, -3],
			"to": [8.009, 10.25, -2.5],
			"rotation": {"angle": 0, "axis": "y", "origin": [8, 9, 19.25]},
			"faces": {
				"east": {"uv": [7.25, 0.75, 7.375, 0.875], "texture": "#0"},
				"west": {"uv": [7.25, 1, 7.375, 1.125], "texture": "#0"}
			}
		},
		{
			"name": "heat shield",
			"from": [7.249, 9.75, -3.25],
			"to": [8.759, 9.75, 13.25],
			"rotation": {"angle": 0, "axis": "y", "origin": [8, 9, 19.25]},
			"faces": {
				"down": {"uv": [0.8775, 2, 0.5, 6.125], "texture": "#0"}
			}
		},
		{
			"name": "heat shield",
			"from": [8.759, 8.25, -3.25],
			"to": [8.759, 9.75, 13.25],
			"rotation": {"angle": 0, "axis": "y", "origin": [8, 9, 19.25]},
			"faces": {
				"west": {"uv": [0.5, 1.5, 4.625, 1.875], "texture": "#0"}
			}
		},
		{
			"name": "heat shield",
			"from": [7.249, 8.25, -3.25],
			"to": [7.249, 9.75, 13.25],
			"rotation": {"angle": 0, "axis": "y", "origin": [8, 9, 19.25]},
			"faces": {
				"east": {"uv": [0.5, 1, 4.625, 1.375], "texture": "#0"}
			}
		},
		{
			"name": "receiver",
			"from": [7.249, 7, 13.25],
			"to": [8.759, 9.51, 18.25],
			"rotation": {"angle": 0, "axis": "y", "origin": [8, 9, 19.25]},
			"faces": {
				"north": {"uv": [6.5, 0.5, 6.875, 1.125], "texture": "#0"},
				"east": {"uv": [2, 4, 3.25, 4.625], "texture": "#0"},
				"south": {"uv": [6.5, 1.25, 6.875, 1.875], "texture": "#0"},
				"west": {"uv": [4.25, 3, 5.5, 3.625], "texture": "#0"},
				"up": {"uv": [5.875, 4.75, 5.5, 3.5], "texture": "#0"},
				"down": {"uv": [0.375, 5.75, 0, 7], "texture": "#0"}
			}
		},
		{
			"name": "lift",
			"from": [7.499, 7, 14.25],
			"to": [8.499, 9, 16.75],
			"rotation": {"angle": 0, "axis": "y", "origin": [8, 9, 16.75]},
			"faces": {
				"north": {"uv": [6.25, 6.75, 6.5, 7.25], "texture": "#0"},
				"east": {"uv": [6, 5.25, 6.625, 5.75], "texture": "#0"},
				"south": {"uv": [6.5, 6.75, 6.75, 7.25], "texture": "#0"},
				"west": {"uv": [6.25, 4.75, 6.875, 5.25], "texture": "#0"},
				"up": {"uv": [3.25, 5.375, 3, 4.75], "texture": "#0"},
				"down": {"uv": [3.25, 5.5, 3, 6.125], "texture": "#0"}
			}
		},
		{
			"name": "bolt",
			"from": [7.749, 9, 14.25],
			"to": [8.249, 9.5, 18.25],
			"rotation": {"angle": 0, "axis": "y", "origin": [8, 9, 19.25]},
			"faces": {
				"north": {"uv": [5.75, 7, 5.875, 7.125], "texture": "#0"},
				"east": {"uv": [6.75, 5.5, 7.75, 5.625], "texture": "#0"},
				"south": {"uv": [6, 7, 6.125, 7.125], "texture": "#0"},
				"west": {"uv": [6.75, 5.75, 7.75, 5.875], "texture": "#0"},
				"up": {"uv": [3.125, 7.25, 3, 6.25], "texture": "#0"},
				"down": {"uv": [6.875, 6, 6.75, 7], "texture": "#0"}
			}
		},
		{
			"name": "hammer",
			"from": [7.749, 9, 18.75],
			"to": [8.249, 9.5, 19.25],
			"rotation": {"angle": 0, "axis": "y", "origin": [8, 9, 18.75]},
			"faces": {
				"north": {"uv": [7, 6, 7.125, 6.125], "texture": "#0"},
				"east": {"uv": [7, 6.25, 7.125, 6.375], "texture": "#0"},
				"south": {"uv": [7, 6.5, 7.125, 6.625], "texture": "#0"},
				"west": {"uv": [6.75, 7, 6.875, 7.125], "texture": "#0"},
				"up": {"uv": [7.125, 6.875, 7, 6.75], "texture": "#0"}
			}
		},
		{
			"name": "receiver",
			"from": [7.249, 7, 14.25],
			"to": [8.759, 9.51, 14.25],
			"rotation": {"angle": 0, "axis": "y", "origin": [8, 9, 19.25]},
			"faces": {
				"south": {"uv": [2.5, 6.5, 2.875, 7.125], "texture": "#0"}
			}
		},
		{
			"name": "receiver",
			"from": [7.249, 7, 13.25],
			"to": [8.759, 7, 18.25],
			"rotation": {"angle": 0, "axis": "y", "origin": [8, 9, 19.25]},
			"faces": {
				"north": {"uv": [0, 0, 0.375, 0], "texture": "#0"},
				"east": {"uv": [0, 0, 1.25, 0], "texture": "#0"},
				"south": {"uv": [0, 0, 0.375, 0], "texture": "#0"},
				"west": {"uv": [0, 0, 1.25, 0], "texture": "#0"},
				"up": {"uv": [5.125, 7, 4.75, 5.75], "texture": "#0"}
			}
		},
		{
			"name": "receiver",
			"from": [7.249, 9.51, 13.25],
			"to": [8.759, 9.51, 18.25],
			"rotation": {"angle": 0, "axis": "y", "origin": [8, 9, 19.25]},
			"faces": {
				"north": {"uv": [0, 0, 0.375, 0], "texture": "#0"},
				"east": {"uv": [0, 0, 1.25, 0], "texture": "#0"},
				"south": {"uv": [0, 0, 0.375, 0], "texture": "#0"},
				"west": {"uv": [0, 0, 1.25, 0], "texture": "#0"},
				"down": {"uv": [1.875, 5.75, 1.5, 7], "texture": "#0"}
			}
		},
		{
			"name": "receiver",
			"from": [7.249, 7, 13.25],
			"to": [7.249, 9.51, 18.25],
			"rotation": {"angle": 0, "axis": "y", "origin": [8, 9, 19.25]},
			"faces": {
				"east": {"uv": [4.25, 4.5, 5.5, 5.125], "texture": "#0"}
			}
		},
		{
			"name": "Bullet",
			"from": [7.75, 8.75, 14.26],
			"to": [8.25, 9.25, 14.26],
			"rotation": {"angle": 0, "axis": "y", "origin": [8, 8.5, 13.25]},
			"faces": {
				"south": {"uv": [0, 7.25, 0.125, 7.375], "texture": "#0"}
			}
		},
		{
			"name": "receiver",
			"from": [8.759, 7, 13.25],
			"to": [8.759, 9.51, 18.25],
			"rotation": {"angle": 0, "axis": "y", "origin": [8, 9, 19.25]},
			"faces": {
				"north": {"uv": [0, 0, 0, 0.625], "texture": "#0"},
				"south": {"uv": [0, 0, 0, 0.625], "texture": "#0"},
				"west": {"uv": [4.25, 3.75, 5.5, 4.375], "texture": "#0"},
				"up": {"uv": [0, 1.25, 0, 0], "texture": "#0"},
				"down": {"uv": [0, 0, 0, 1.25], "texture": "#0"}
			}
		},
		{
			"name": "receiver",
			"from": [7.249, 7, 16.75],
			"to": [8.749, 9.51, 16.75],
			"rotation": {"angle": 0, "axis": "y", "origin": [8, 9, 19.25]},
			"faces": {
				"north": {"uv": [2, 6.5, 2.375, 7.125], "texture": "#0"},
				"east": {"uv": [0, 0, 0, 0.625], "texture": "#0"},
				"west": {"uv": [0, 0, 0, 0.625], "texture": "#0"},
				"up": {"uv": [0.375, 0, 0, 0], "texture": "#0"},
				"down": {"uv": [0.375, 0, 0, 0], "texture": "#0"}
			}
		},
		{
			"name": "Stock",
			"from": [7, 2.57866, 21.53646],
			"to": [9, 3.57866, 22.53646],
			"rotation": {"angle": -22.5, "axis": "x", "origin": [15, 8.5, 18.25]},
			"faces": {
				"north": {"uv": [6.5, 4.5, 7, 4.75], "texture": "#0"},
				"east": {"uv": [7, 0.5, 7.25, 0.75], "texture": "#0"},
				"west": {"uv": [7, 0.75, 7.25, 1], "texture": "#0"},
				"down": {"uv": [7.25, 5.25, 6.75, 5.5], "texture": "#0"}
			}
		}
	],
	"overrides": [
		{"predicate": {"pulling": 1}, "model": "item/crossbow_pulling_0"},
		{"predicate": {"pulling": 1, "pull": 0.05}, "model": "item/crossbow_pulling_1"},
		{"predicate": {"pulling": 1, "pull": 0.1}, "model": "item/crossbow_pulling_2"},
		{"predicate": {"pulling": 1, "pull": 0.15}, "model": "item/crossbow_pulling_3"},
		{"predicate": {"pulling": 1, "pull": 0.2}, "model": "item/crossbow_pulling_4"},
		{"predicate": {"pulling": 1, "pull": 0.25}, "model": "item/crossbow_pulling_5"},
		{"predicate": {"pulling": 1, "pull": 0.3}, "model": "item/crossbow_pulling_6"},
		{"predicate": {"pulling": 1, "pull": 0.35}, "model": "item/crossbow_pulling_7"},
		{"predicate": {"pulling": 1, "pull": 0.4}, "model": "item/crossbow_pulling_8"},
		{"predicate": {"pulling": 1, "pull": 0.45}, "model": "item/crossbow_pulling_9"},
		{"predicate": {"pulling": 1, "pull": 0.5}, "model": "item/crossbow_pulling_10"},
		{"predicate": {"pulling": 1, "pull": 0.55}, "model": "item/crossbow_pulling_11"},
		{"predicate": {"pulling": 1, "pull": 0.6}, "model": "item/crossbow_pulling_12"},
		{"predicate": {"pulling": 1, "pull": 0.65}, "model": "item/crossbow_pulling_13"},
		{"predicate": {"pulling": 1, "pull": 0.7}, "model": "item/crossbow_pulling_14"},
		{"predicate": {"pulling": 1, "pull": 0.75}, "model": "item/crossbow_pulling_15"},
		{"predicate": {"pulling": 1, "pull": 0.79}, "model": "item/crossbow_pulling_16"},
		{"predicate": {"pulling": 1, "pull": 0.84}, "model": "item/crossbow_pulling_17"},
		{"predicate": {"pulling": 1, "pull": 0.89}, "model": "item/crossbow_pulling_18"},
		{"predicate": {"pulling": 1, "pull": 0.94}, "model": "item/crossbow_pulling_19"},
		{"predicate": {"pulling": 1, "pull": 0.97}, "model": "item/crossbow_pulling_20"},
		{"predicate": {"charged": 1}, "model": "item/crossbow_charged"}
	],
	"display": {
		"thirdperson_righthand": {
			"rotation": [-13, 0, 0],
			"translation": [0, -0.25, -7.25],
			"scale": [0.75, 0.75, 0.75]
		},
		"thirdperson_lefthand": {
			"rotation": [-13, 0, 0],
			"translation": [0, -0.25, -7.25],
			"scale": [0.75, 0.75, 0.75]
		},
		"firstperson_righthand": {
			"rotation": [0, -5, 0],
			"translation": [-2.5, 5, -4.75]
		},
		"firstperson_lefthand": {
			"rotation": [0, -5, 0],
			"translation": [-2.5, 5, -4.75]
		},
		"ground": {
			"rotation": [0, 0, 90],
			"translation": [-0.75, -2.75, 0],
			"scale": [0.75, 0.75, 0.75]
		},
		"gui": {
			"rotation": [61, -49, 31],
			"translation": [2.5, 2.5, 0],
			"scale": [0.57, 0.57, 0.57]
		},
		"head": {
			"rotation": [0, 90, 0],
			"translation": [-3.75, 0, 0],
			"scale": [0.8, 0.8, 0.8]
		},
		"fixed": {
			"rotation": [0, 90, 0],
			"translation": [-1, 2.5, -1.75],
			"scale": [1.5, 1.5, 1.5]
		}
	},
	"groups": [
		{
			"name": "Bayonet",
			"origin": [8, 9, 19.25],
			"color": 0,
			"children": [0]
		},
		{
			"name": "Stock",
			"origin": [0, 0, 0],
			"color": 0,
			"children": [
				1,
				2,
				3,
				4,
				5,
				6,
				7,
				8,
				{
					"name": "trigger",
					"origin": [8, 0, 11.25],
					"color": 0,
					"children": [9, 10]
				}
			]
		},
		{
			"name": "Hammer",
			"origin": [0, 0, 0],
			"color": 0,
			"children": []
		},
		{
			"name": "Barrel",
			"origin": [0, 0, 0],
			"color": 0,
			"children": [11, 12, 13, 14, 15, 16, 17, 18, 19, 20, 21]
		},
		{
			"name": "receiver",
			"origin": [8, 8, 8],
			"color": 0,
			"children": [22, 23, 24, 25, 26, 27, 28, 29, 30, 31, 32]
		},
		{
			"name": "group",
			"origin": [8, 8, 8],
			"color": 0,
			"children": [33]
		}
	]
}