{
	"credit": "designed_by_hypixel_minecraft_server_with_bdcraft_cubik_pro_0.92_beta_-_http://bdcraft.net",
	"textures": {
		"texture": "item/wooden_axe"
	},
	"elements": [
		{
			"from": [-5.5, 5.5, 7.25],
			"to": [-2.5, 6, 8.75],
			"faces": {
				"north": {"uv": [8, 12.5, 5, 13], "texture": "#texture"},
				"east": {"uv": [7.5, 12.5, 8, 13], "texture": "#texture"},
				"south": {"uv": [5, 12.5, 8, 13], "texture": "#texture"},
				"west": {"uv": [5, 12.5, 5.5, 13], "texture": "#texture"},
				"up": {"uv": [5, 12.5, 8, 13], "texture": "#texture"},
				"down": {"uv": [5, 12.5, 8, 13], "texture": "#texture"}
			}
		},
		{
			"from": [-4, 2.5, 7.5],
			"to": [-2.5, 5.5, 8.5],
			"faces": {
				"north": {"uv": [8, 13, 6.5, 16], "texture": "#texture"},
				"east": {"uv": [7.5, 13, 8, 16], "texture": "#texture"},
				"south": {"uv": [6.5, 13, 8, 16], "texture": "#texture"},
				"west": {"uv": [6.5, 13, 7, 16], "texture": "#texture"},
				"down": {"uv": [6.5, 16, 8, 15.5], "texture": "#texture"}
			}
		},
		{
			"from": [4, 2, 7.5],
			"to": [6, 6, 8.5],
			"faces": {
				"north": {"uv": [16, 11.5, 14, 15.5], "texture": "#texture"},
				"east": {"uv": [14.5, 11.5, 15.5, 15.5], "texture": "#texture"},
				"south": {"uv": [14, 11.5, 16, 15.5], "texture": "#texture"},
				"west": {"uv": [14.5, 11.5, 15.5, 15.5], "texture": "#texture"},
				"down": {"uv": [14, 15, 16, 15.5], "texture": "#texture"}
			}
		},
		{
			"from": [4.5, 2, 7.25],
			"to": [5.5, 6, 8.75],
			"faces": {
				"north": {"uv": [15.5, 11.5, 14.5, 15.5], "texture": "#texture"},
				"east": {"uv": [15, 11.5, 15.5, 15.5], "texture": "#texture"},
				"south": {"uv": [14.5, 11.5, 15.5, 15.5], "texture": "#texture"},
				"west": {"uv": [14.5, 11.5, 15, 15.5], "texture": "#texture"},
				"down": {"uv": [14.5, 15, 15.5, 15.5], "texture": "#texture"}
			}
		},
		{
			"from": [0.5, 6, 6.25],
			"to": [1, 8, 9.75],
			"faces": {
				"north": {"uv": [9, 2, 9.5, 4], "texture": "#texture"},
				"south": {"uv": [9, 2, 9.5, 4], "texture": "#texture"},
				"west": {"uv": [9, 2, 9.5, 4], "texture": "#texture"},
				"up": {"uv": [9, 2, 9.5, 2.5], "texture": "#texture"},
				"down": {"uv": [9.5, 4, 9, 3.5], "texture": "#texture"}
			}
		},
		{
			"from": [1, 6, 9.75],
			"to": [3, 8, 10],
			"faces": {
				"east": {"uv": [11.25, 2, 11.5, 4], "texture": "#texture"},
				"south": {"uv": [9.5, 2, 11.5, 4], "texture": "#texture"},
				"west": {"uv": [9.5, 2, 9.75, 4], "texture": "#texture"},
				"up": {"uv": [9.5, 2, 11.5, 2.25], "texture": "#texture"},
				"down": {"uv": [11.5, 3.75, 9.5, 3.5], "texture": "#texture"}
			}
		},
		{
			"from": [1, 6, 6.75],
			"to": [4, 9, 9.25],
			"faces": {
				"north": {"uv": [12.5, 1, 9.5, 4], "texture": "#texture"},
				"south": {"uv": [9.5, 1, 12.5, 4], "texture": "#texture"},
				"west": {"uv": [9.5, 1, 10, 4], "texture": "#texture"},
				"down": {"uv": [12.5, 4, 12, 3.5], "texture": "#texture"}
			}
		},
		{
			"from": [4, 6, 6.25],
			"to": [6, 7.5, 9.75],
			"faces": {
				"north": {"uv": [14.5, 2.5, 12.5, 4], "texture": "#texture"},
				"east": {"uv": [14, 2.5, 14.5, 4], "texture": "#texture"},
				"south": {"uv": [12.5, 2.5, 14.5, 4], "texture": "#texture"},
				"west": {"uv": [12.5, 2.5, 13, 4], "texture": "#texture"},
				"down": {"uv": [14.5, 3, 12.5, 2.5], "texture": "#texture"}
			}
		},
		{
			"from": [6, 6.5, 6.25],
			"to": [6.5, 7.5, 9.75],
			"faces": {
				"north": {"uv": [14.5, 2.5, 15, 3.5], "texture": "#texture"},
				"east": {"uv": [14.5, 2.5, 15, 3.5], "texture": "#texture"},
				"south": {"uv": [14.5, 2.5, 15, 3.5], "texture": "#texture"},
				"up": {"uv": [14.5, 2.5, 15, 3], "texture": "#texture"},
				"down": {"uv": [15, 3.5, 14.5, 3], "texture": "#texture"}
			}
		},
		{
			"from": [4, 7.5, 6.25],
			"to": [6, 8, 9.75],
			"faces": {
				"north": {"uv": [14.5, 2, 12.5, 2.5], "texture": "#texture"},
				"east": {"uv": [14, 2, 14.5, 2.5], "texture": "#texture"},
				"south": {"uv": [12.5, 2, 14.5, 2.5], "texture": "#texture"},
				"west": {"uv": [12.5, 2, 13, 2.5], "texture": "#texture"},
				"up": {"uv": [12.5, 2, 14.5, 2.5], "texture": "#texture"}
			}
		},
		{
			"from": [4.5, 1.5, 7.5],
			"to": [5.5, 2, 8.5],
			"faces": {
				"north": {"uv": [15.5, 15.5, 14.5, 16], "texture": "#texture"},
				"east": {"uv": [14.5, 15.5, 15.5, 16], "texture": "#texture"},
				"south": {"uv": [15.5, 15.5, 14.5, 16], "texture": "#texture"},
				"west": {"uv": [14.5, 15.5, 15.5, 16], "texture": "#texture"},
				"down": {"uv": [14.5, 15.5, 15.5, 16], "texture": "#texture"}
			}
		},
		{
			"from": [1, 9, 6.5],
			"to": [5.5, 9.5, 9.5],
			"faces": {
				"north": {"uv": [14, 0.5, 9.5, 1], "texture": "#texture"},
				"east": {"uv": [13.5, 0.5, 14, 1], "texture": "#texture"},
				"south": {"uv": [9.5, 0.5, 14, 1], "texture": "#texture"},
				"west": {"uv": [9.5, 0.5, 10, 1], "texture": "#texture"},
				"up": {"uv": [9.5, 0.5, 14, 1], "texture": "#texture"},
				"down": {"uv": [14, 1, 9.5, 0.5], "texture": "#texture"}
			}
		},
		{
			"from": [-0.5, 7, 6.75],
			"to": [0, 9.5, 9.25],
			"faces": {
				"north": {"uv": [8, 0.5, 8.5, 3], "texture": "#texture"},
				"east": {"uv": [8, 0.5, 8.5, 2.75], "texture": "#texture"},
				"south": {"uv": [8, 0.5, 8.5, 3], "texture": "#texture"},
				"west": {"uv": [8, 0.5, 8.5, 3], "texture": "#texture"},
				"up": {"uv": [8, 0.5, 8.5, 3], "texture": "#texture"},
				"down": {"uv": [8, 3, 8.5, 0.5], "texture": "#texture"}
			}
		},
		{
			"from": [-2.5, 10.5, 7.5],
			"to": [4, 11.25, 8.5],
			"faces": {
				"north": {"uv": [13, 4.75, 6.5, 5.5], "texture": "#texture"},
				"south": {"uv": [6.5, 4.75, 13, 5.5], "texture": "#texture"},
				"up": {"uv": [6.5, 4.5, 13, 5], "texture": "#texture"},
				"down": {"uv": [13, 5.5, 6.5, 5], "texture": "#texture"}
			}
		},
		{
			"from": [2.5, 10, 7.75],
			"to": [4, 10.5, 8.25],
			"faces": {
				"north": {"uv": [11.5, 5.5, 13, 6], "texture": "#texture"},
				"south": {"uv": [11.5, 5.5, 13, 6], "texture": "#texture"},
				"west": {"uv": [11.5, 5.5, 12, 6], "texture": "#texture"}
			}
		},
		{
			"from": [4.5, 9.5, 7.75],
			"to": [5, 10, 8.25],
			"faces": {
				"north": {"uv": [13, 0, 13.5, 0.5], "texture": "#texture"},
				"south": {"uv": [13, 0, 13.5, 0.5], "texture": "#texture"}
			}
		},
		{
			"from": [-3, 10, 7.75],
			"to": [-1, 10.5, 8.25],
			"faces": {
				"north": {"uv": [6, 5.5, 8, 6], "texture": "#texture"},
				"east": {"uv": [7.5, 5.5, 8, 6], "texture": "#texture"},
				"south": {"uv": [6, 5.5, 8, 6], "texture": "#texture"},
				"up": {"uv": [6, 5.5, 8, 6], "texture": "#texture"},
				"down": {"uv": [8, 6, 6, 5.5], "texture": "#texture"}
			}
		},
		{
			"from": [-3.5, 9.5, 7.75],
			"to": [-2, 10, 8.25],
			"faces": {
				"north": {"uv": [5, 0, 6.5, 0.5], "texture": "#texture"},
				"south": {"uv": [6.5, 0, 5, 0.5], "texture": "#texture"},
				"up": {"uv": [5, 0, 6.5, 0.5], "texture": "#texture"}
			}
		},
		{
			"from": [4, 10, 7.5],
			"to": [5, 11.75, 8.5],
			"faces": {
				"north": {"uv": [13, 4.25, 14, 6], "texture": "#texture"},
				"east": {"uv": [13, 4.25, 14, 6], "texture": "#texture"},
				"south": {"uv": [13, 4.25, 14, 6], "texture": "#texture"},
				"west": {"uv": [13, 4.25, 14, 6], "texture": "#texture"},
				"up": {"uv": [13, 4, 14, 4.5], "texture": "#texture"},
				"down": {"uv": [14, 6, 13, 5.5], "texture": "#texture"}
			}
		},
		{
			"from": [5, 10, 7.5],
			"to": [6, 11.5, 8.5],
			"faces": {
				"north": {"uv": [15, 4.5, 14, 6], "texture": "#texture"},
				"east": {"uv": [14.5, 4.5, 15, 6], "texture": "#texture"},
				"south": {"uv": [14, 4.5, 15, 6], "texture": "#texture"},
				"up": {"uv": [14, 4.5, 15, 5], "texture": "#texture"}
			}
		},
		{
			"from": [6, 10, 7.5],
			"to": [6.5, 11, 8.5],
			"faces": {
				"north": {"uv": [15, 5, 15.5, 6], "texture": "#texture"},
				"east": {"uv": [15, 5, 15.5, 6], "texture": "#texture"},
				"south": {"uv": [15, 5, 15.5, 6], "texture": "#texture"},
				"up": {"uv": [15.5, 5.5, 15, 5], "texture": "#texture"}
			}
		},
		{
			"from": [6.5, 10, 7.5],
			"to": [7, 10.5, 8.5],
			"faces": {
				"north": {"uv": [15.5, 5.5, 16, 6], "texture": "#texture"},
				"east": {"uv": [15.5, 5.5, 16, 6], "texture": "#texture"},
				"south": {"uv": [15.5, 5.5, 16, 6], "texture": "#texture"},
				"up": {"uv": [16, 6, 15.5, 5.5], "texture": "#texture"}
			}
		},
		{
			"from": [5, 9.5, 7.5],
			"to": [7.5, 10, 8.5],
			"faces": {
				"north": {"uv": [16, 0, 13.5, 0.5], "texture": "#texture"},
				"east": {"uv": [13.5, 0, 14.5, 0.5], "texture": "#texture"},
				"south": {"uv": [13.5, 0, 16, 0.5], "texture": "#texture"},
				"west": {"uv": [15, 0, 16, 0.5], "texture": "#texture"},
				"up": {"uv": [13.5, 0, 16, 0.5], "texture": "#texture"},
				"down": {"uv": [16, 0.5, 13.5, 0], "texture": "#texture"}
			}
		},
		{
			"from": [-3.5, 11.75, 7.75],
			"to": [-2.5, 12, 8.25],
			"faces": {
				"north": {"uv": [5.5, 4, 6.5, 4.5], "texture": "#texture"},
				"east": {"uv": [5.5, 4, 6.5, 4.5], "texture": "#texture"},
				"south": {"uv": [5.5, 4, 6.5, 4.5], "texture": "#texture"},
				"up": {"uv": [6, 4, 6.5, 4.5], "texture": "#texture"}
			}
		},
		{
			"from": [-2.5, 10.5, 7.75],
			"to": [4, 11.5, 8.25],
			"faces": {
				"north": {"uv": [6.5, 4.5, 13, 5.5], "texture": "#texture"},
				"south": {"uv": [6.5, 4.5, 13, 5.5], "texture": "#texture"},
				"up": {"uv": [6.5, 4.5, 13, 5], "texture": "#texture"},
				"down": {"uv": [13, 5.5, 6.5, 5], "texture": "#texture"}
			}
		},
		{
			"from": [5, 11.5, 7.75],
			"to": [5.5, 12, 8.25],
			"faces": {
				"north": {"uv": [14, 4, 14.5, 4.5], "texture": "#texture"},
				"east": {"uv": [14, 4, 14.5, 4.5], "texture": "#texture"},
				"south": {"uv": [5, 4, 5.5, 4.5], "texture": "#texture"},
				"west": {"uv": [14, 4, 14.5, 4.5], "texture": "#texture"},
				"up": {"uv": [14, 4, 14.5, 4.5], "texture": "#texture"}
			}
		},
		{
			"from": [-3.5, 10.5, 7.5],
			"to": [-2.5, 11.75, 8.5],
			"faces": {
				"north": {"uv": [5.5, 4.25, 6.5, 5.5], "texture": "#texture"},
				"east": {"uv": [5.5, 5, 6.5, 5.5], "texture": "#texture"},
				"south": {"uv": [5.5, 4.25, 6.5, 5.5], "texture": "#texture"},
				"west": {"uv": [5.5, 4, 6.5, 4.5], "texture": "#texture"},
				"up": {"uv": [5.5, 4.25, 6, 5.5], "texture": "#texture"},
				"down": {"uv": [6, 5.5, 6.5, 4.25], "texture": "#texture"}
			}
		},
		{
			"from": [-4, 11.5, 7.75],
			"to": [-3.5, 12, 8.25],
			"faces": {
				"north": {"uv": [5, 4, 5.5, 4.5], "texture": "#texture"},
				"east": {"uv": [5, 4, 5.5, 4.5], "texture": "#texture"},
				"south": {"uv": [5, 4, 5.5, 4.5], "texture": "#texture"},
				"west": {"uv": [5, 4, 5.5, 4.5], "texture": "#texture"},
				"up": {"uv": [5, 4, 5.5, 4.5], "texture": "#texture"}
			}
		},
		{
			"from": [4, 11.75, 7.75],
			"to": [5, 12, 8.25],
			"faces": {
				"north": {"uv": [13, 4, 14, 4.5], "texture": "#texture"},
				"south": {"uv": [13, 4, 14, 4.5], "texture": "#texture"},
				"west": {"uv": [13, 4, 13.5, 4.5], "texture": "#texture"},
				"up": {"uv": [13, 4, 14, 4.5], "texture": "#texture"}
			}
		},
		{
			"from": [-4.5, 10.5, 7.5],
			"to": [-3.5, 11.5, 8.5],
			"faces": {
				"north": {"uv": [5.5, 4.5, 4.5, 5.5], "texture": "#texture"},
				"south": {"uv": [4.5, 4.5, 5.5, 5.5], "texture": "#texture"},
				"west": {"uv": [4.5, 4.5, 5, 5.5], "texture": "#texture"},
				"up": {"uv": [4.5, 4.5, 5.5, 5], "texture": "#texture"}
			}
		},
		{
			"from": [-5.5, 10, 7.5],
			"to": [-3, 10.5, 8.5],
			"faces": {
				"north": {"uv": [6, 5.5, 3.5, 6], "texture": "#texture"},
				"east": {"uv": [5.5, 5.5, 6, 6], "texture": "#texture"},
				"south": {"uv": [3.5, 5.5, 6, 6], "texture": "#texture"},
				"west": {"uv": [3.5, 5.5, 4, 6], "texture": "#texture"},
				"up": {"uv": [3.5, 5.5, 6, 6], "texture": "#texture"},
				"down": {"uv": [3.5, 6, 6, 5.5], "texture": "#texture"}
			}
		},
		{
			"from": [1, 5.75, 6.25],
			"to": [3.5, 8.5, 9.75],
			"faces": {
				"north": {"uv": [12, 1.5, 9.5, 4], "texture": "#texture"},
				"east": {"uv": [9.5, 1.5, 10, 4], "texture": "#texture"},
				"south": {"uv": [9.5, 1.5, 12, 4], "texture": "#texture"},
				"west": {"uv": [9.5, 1.5, 10, 4], "texture": "#texture"},
				"up": {"uv": [9.5, 3.5, 12, 4], "texture": "#texture"},
				"down": {"uv": [9.5, 3.5, 12, 4], "texture": "#texture"}
			}
		},
		{
			"from": [1, 6, 6],
			"to": [3, 8, 6.25],
			"faces": {
				"north": {"uv": [9.5, 2, 11.5, 4], "texture": "#texture"},
				"east": {"uv": [11.25, 2, 11.5, 4], "texture": "#texture"},
				"west": {"uv": [9.5, 2, 9.75, 4], "texture": "#texture"},
				"up": {"uv": [9.5, 2, 11.5, 2.25], "texture": "#texture"},
				"down": {"uv": [9.5, 3.75, 11.5, 4], "texture": "#texture"}
			}
		},
		{
			"from": [-5, 10.5, 7.5],
			"to": [-4.5, 11, 8.5],
			"faces": {
				"north": {"uv": [4, 5, 4.5, 5.5], "texture": "#texture"},
				"south": {"uv": [4, 5, 4.5, 5.5], "texture": "#texture"},
				"west": {"uv": [4, 5, 4.5, 5.5], "texture": "#texture"},
				"up": {"uv": [4, 5, 4.5, 5.5], "texture": "#texture"}
			}
		},
		{
			"from": [-7, 6.5, 7.25],
			"to": [-5, 7.5, 8.75],
			"faces": {
				"north": {"uv": [3.5, 2.5, 1.5, 3.5], "texture": "#texture"},
				"south": {"uv": [1.5, 2.5, 3.5, 3.5], "texture": "#texture"},
				"west": {"uv": [1.5, 2.5, 2, 3.5], "texture": "#texture"},
				"up": {"uv": [1.5, 3, 3.5, 3.5], "texture": "#texture"},
				"down": {"uv": [1.5, 3, 3.5, 2.5], "texture": "#texture"}
			}
		},
		{
			"from": [-6.5, 9.5, 7.25],
			"to": [-3.5, 10, 8.75],
			"faces": {
				"north": {"uv": [5, 0, 2, 0.5], "texture": "#texture"},
				"east": {"uv": [4.5, 0, 5, 0.5], "texture": "#texture"},
				"south": {"uv": [2, 0, 5, 0.5], "texture": "#texture"},
				"west": {"uv": [2, 0, 2.5, 0.5], "texture": "#texture"},
				"up": {"uv": [2, 0, 5, 0.5], "texture": "#texture"},
				"down": {"uv": [2, 0.5, 5.5, 0], "texture": "#texture"}
			}
		},
		{
			"from": [-5, 6.25, 7],
			"to": [-1.5, 9.5, 9],
			"faces": {
				"north": {"uv": [3.5, 0.5, 7, 3.75], "texture": "#texture"},
				"east": {"uv": [6.5, 0.5, 7, 3.75], "texture": "#texture"},
				"south": {"uv": [3.5, 0.5, 7, 3.75], "texture": "#texture"},
				"west": {"uv": [3.5, 0.5, 4, 3.75], "texture": "#texture"},
				"up": {"uv": [3.5, 3.25, 7, 3.75], "texture": "#texture"},
				"down": {"uv": [3.5, 3.75, 7, 3.25], "texture": "#texture"}
			}
		},
		{
			"from": [4, 6, 6.5],
			"to": [6.5, 9, 9.5],
			"faces": {
				"north": {"uv": [15, 1, 12.5, 4], "texture": "#texture"},
				"east": {"uv": [14.5, 1, 15, 4], "texture": "#texture"},
				"south": {"uv": [12.5, 1, 15, 4], "texture": "#texture"},
				"west": {"uv": [12.5, 1, 13, 4], "texture": "#texture"},
				"up": {"uv": [12.5, 1, 15, 1.5], "texture": "#texture"},
				"down": {"uv": [12.5, 3.5, 15, 4], "texture": "#texture"}
			}
		},
		{
			"from": [-1.5, 6.25, 7],
			"to": [-1, 8, 9],
			"faces": {
				"north": {"uv": [7, 2, 7.5, 3.75], "texture": "#texture"},
				"south": {"uv": [7, 2, 7.5, 3.75], "texture": "#texture"},
				"down": {"uv": [7, 4, 7.5, 3.5], "texture": "#texture"}
			}
		},
		{
			"from": [-1, 6.25, 7],
			"to": [-0.5, 9.5, 9],
			"faces": {
				"north": {"uv": [7.5, 0.5, 8, 3.75], "texture": "#texture"},
				"east": {"uv": [7.5, 0.5, 8, 3.75], "texture": "#texture"},
				"south": {"uv": [7.5, 0.5, 8, 3.75], "texture": "#texture"},
				"west": {"uv": [7.5, 0.5, 8, 3.75], "texture": "#texture"},
				"up": {"uv": [7.5, 0.5, 8, 1], "texture": "#texture"},
				"down": {"uv": [7.5, 3.5, 8, 3], "texture": "#texture"}
			}
		},
		{
			"from": [-0.5, 6.25, 7],
			"to": [0, 7, 9],
			"faces": {
				"north": {"uv": [8, 3, 8.5, 3.75], "texture": "#texture"},
				"south": {"uv": [8, 3, 8.5, 3.75], "texture": "#texture"},
				"down": {"uv": [8, 4, 8.5, 3.5], "texture": "#texture"}
			}
		},
		{
			"from": [0, 6.25, 7],
			"to": [0.5, 9.5, 9],
			"faces": {
				"north": {"uv": [8.5, 0.5, 9, 3.75], "texture": "#texture"},
				"east": {"uv": [8.5, 0.5, 9, 3.75], "texture": "#texture"},
				"south": {"uv": [8.5, 0.5, 9, 3.75], "texture": "#texture"},
				"west": {"uv": [8.5, 0.5, 9, 3.75], "texture": "#texture"},
				"up": {"uv": [8.5, 0.5, 9, 1], "texture": "#texture"},
				"down": {"uv": [9, 4, 8.5, 3.5], "texture": "#texture"}
			}
		},
		{
			"from": [-2, 9.5, 7.25],
			"to": [4.5, 10, 8.75],
			"faces": {
				"north": {"uv": [13, 0, 6.5, 0.5], "texture": "#texture"},
				"east": {"uv": [12.5, 0, 13, 0.5], "texture": "#texture"},
				"south": {"uv": [6.5, 0, 13, 0.5], "texture": "#texture"},
				"west": {"uv": [6.5, 0, 7, 0.5], "texture": "#texture"},
				"up": {"uv": [6.5, 0, 13, 0.5], "texture": "#texture"},
				"down": {"uv": [13, 0.5, 6.5, 0], "texture": "#texture"}
			}
		},
		{
			"from": [0.5, 8, 6.75],
			"to": [1, 9.5, 9.25],
			"faces": {
				"north": {"uv": [9, 0.5, 9.5, 2], "texture": "#texture"},
				"east": {"uv": [9, 0.5, 9.5, 2], "texture": "#texture"},
				"south": {"uv": [9, 0.5, 9.5, 2], "texture": "#texture"},
				"west": {"uv": [9, 0.5, 9.5, 2], "texture": "#texture"},
				"up": {"uv": [9, 0.5, 9.5, 2], "texture": "#texture"}
			}
		},
		{
			"from": [-1.5, 8, 6.75],
			"to": [-1, 9.5, 9.25],
			"faces": {
				"north": {"uv": [7, 0.5, 7.5, 2], "texture": "#texture"},
				"east": {"uv": [7, 0.5, 7.5, 2], "texture": "#texture"},
				"south": {"uv": [7, 0.5, 7.5, 2], "texture": "#texture"},
				"west": {"uv": [7, 0.5, 7.5, 2], "texture": "#texture"},
				"up": {"uv": [7, 0.5, 7.5, 2], "texture": "#texture"},
				"down": {"uv": [7, 2, 7.5, 0.5], "texture": "#texture"}
			}
		},
		{
			"from": [-5, 6, 7.25],
			"to": [0.5, 6.25, 8.75],
			"faces": {
				"north": {"uv": [3.5, 3.5, 9, 4], "texture": "#texture"},
				"south": {"uv": [3.5, 3.5, 9, 4], "texture": "#texture"},
				"up": {"uv": [3.5, 3.5, 4, 4], "texture": "#texture"},
				"down": {"uv": [9, 4, 8.5, 3.5], "texture": "#texture"}
			}
		},
		{
			"from": [7.5, 6.5, 7.5],
			"to": [9.5, 9.5, 8.5],
			"faces": {
				"north": {"uv": [8, 7, 10, 10], "texture": "#texture"},
				"south": {"uv": [8, 7, 10, 10], "texture": "#texture"},
				"west": {"uv": [8, 7, 8.5, 10], "texture": "#texture"},
				"up": {"uv": [8, 7, 10, 7.5], "texture": "#texture"},
				"down": {"uv": [10, 10, 8, 9.5], "texture": "#texture"}
			}
		},
		{
			"from": [7.5, 7, 7],
			"to": [9.5, 9, 9],
			"faces": {
				"north": {"uv": [8, 7.5, 10, 9.5], "texture": "#texture"},
				"south": {"uv": [8, 7.5, 10, 9.5], "texture": "#texture"},
				"up": {"uv": [8, 7.5, 10, 8], "texture": "#texture"},
				"down": {"uv": [10, 9.5, 8, 9], "texture": "#texture"}
			}
		},
		{
			"from": [7.5, 7.5, 6.75],
			"to": [9.5, 8.5, 9.25],
			"faces": {
				"north": {"uv": [8, 8, 10, 9], "texture": "#texture"},
				"south": {"uv": [8, 8, 10, 9], "texture": "#texture"},
				"up": {"uv": [8, 8, 10, 8.5], "texture": "#texture"},
				"down": {"uv": [10, 9, 8, 8.5], "texture": "#texture"}
			}
		},
		{
			"from": [5.5, 9, 6.75],
			"to": [7.5, 9.5, 9.25],
			"faces": {
				"north": {"uv": [16, 0.5, 14, 1], "texture": "#texture"},
				"east": {"uv": [13.5, 0.5, 16, 1], "texture": "#texture"},
				"south": {"uv": [14, 0.5, 16, 1], "texture": "#texture"},
				"up": {"uv": [14, 0.5, 14.5, 1], "texture": "#texture"},
				"down": {"uv": [16, 1, 15.5, 0.5], "texture": "#texture"}
			}
		},
		{
			"from": [6.5, 7, 6.5],
			"to": [7.5, 9, 9.5],
			"faces": {
				"north": {"uv": [16, 1, 15, 3], "texture": "#texture"},
				"east": {"uv": [15.5, 1, 16, 3], "texture": "#texture"},
				"south": {"uv": [15, 1, 16, 3], "texture": "#texture"},
				"up": {"uv": [15, 1.25, 16, 1.75], "texture": "#texture"},
				"down": {"uv": [16, 3, 15, 2.5], "texture": "#texture"}
			}
		},
		{
			"from": [6.5, 6.5, 6.75],
			"to": [7.5, 7, 9.25],
			"faces": {
				"north": {"uv": [15, 3, 16, 3.5], "texture": "#texture"},
				"east": {"uv": [15, 3, 16, 3.5], "texture": "#texture"},
				"south": {"uv": [15, 3, 16, 3.5], "texture": "#texture"},
				"down": {"uv": [16, 3.5, 15, 3], "texture": "#texture"}
			}
		},
		{
			"from": [9.5, 7, 6.5],
			"to": [10, 9, 9.5],
			"faces": {
				"north": {"uv": [10, 7.5, 10.5, 9.5], "texture": "#texture"},
				"south": {"uv": [10, 7.5, 10.5, 9.5], "texture": "#texture"},
				"west": {"uv": [10, 7.5, 10.5, 9.5], "texture": "#texture"},
				"up": {"uv": [10, 7, 10.5, 10], "texture": "#texture"},
				"down": {"uv": [10.5, 10, 10, 7], "texture": "#texture"}
			}
		},
		{
			"from": [9.5, 6.5, 7],
			"to": [10, 9.5, 9],
			"faces": {
				"north": {"uv": [10, 7, 10.5, 10], "texture": "#texture"},
				"south": {"uv": [10, 7, 10.5, 10], "texture": "#texture"},
				"west": {"uv": [10, 7, 10.5, 10], "texture": "#texture"},
				"up": {"uv": [10, 7.5, 10.5, 9.5], "texture": "#texture"},
				"down": {"uv": [10.5, 9.5, 10, 7.5], "texture": "#texture"}
			}
		},
		{
			"from": [10, 6.5, 6],
			"to": [14.5, 9.5, 10],
			"faces": {
				"north": {"uv": [15, 7, 10.5, 10], "texture": "#texture"},
				"east": {"uv": [0.5, 8, 4.5, 11], "texture": "#texture"},
				"south": {"uv": [10.5, 7, 15, 10], "texture": "#texture"},
				"west": {"uv": [10.5, 7, 11, 10], "texture": "#texture"},
				"up": {"uv": [0, 12, 4.5, 15], "texture": "#texture"},
				"down": {"uv": [0, 16, 4.5, 15], "texture": "#texture"}
			}
		},
		{
			"from": [14.5, 7.25, 9.5],
			"to": [15, 8.75, 9.75],
			"faces": {
				"north": {"uv": [15, 7.75, 15.5, 9.25], "texture": "#texture"},
				"east": {"uv": [15, 7.75, 15.25, 9.25], "texture": "#texture"},
				"south": {"uv": [15, 7.75, 15.5, 9.25], "texture": "#texture"},
				"up": {"uv": [15, 7.75, 15.5, 8], "texture": "#texture"},
				"down": {"uv": [15, 7.75, 15.5, 8], "texture": "#texture"}
			}
		},
		{
			"from": [14.5, 9, 7],
			"to": [15.5, 9.5, 9],
			"faces": {
				"north": {"uv": [16, 7, 15, 7.5], "texture": "#texture"},
				"east": {"uv": [1.5, 8, 3.5, 8.5], "texture": "#texture"},
				"south": {"uv": [15, 7, 16, 7.5], "texture": "#texture"},
				"up": {"uv": [15, 7, 16, 7.5], "texture": "#texture"},
				"down": {"uv": [15, 7, 16, 7.5], "texture": "#texture"}
			}
		},
		{
			"from": [13, 7, 10],
			"to": [13.5, 9, 10.25],
			"faces": {
				"east": {"uv": [13.5, 7.5, 13.75, 9.5], "texture": "#texture"},
				"south": {"uv": [13.5, 7.5, 14, 9.5], "texture": "#texture"},
				"west": {"uv": [13.5, 7.5, 13.75, 9.5], "texture": "#texture"},
				"up": {"uv": [13.5, 7.5, 14, 7.75], "texture": "#texture"},
				"down": {"uv": [14, 9.5, 13.5, 9.25], "texture": "#texture"}
			}
		},
		{
			"from": [13, 7, 5.75],
			"to": [13.5, 9, 6],
			"faces": {
				"north": {"uv": [13.5, 7.5, 14, 9.5], "texture": "#texture"},
				"east": {"uv": [13.75, 7.5, 14, 9.5], "texture": "#texture"},
				"west": {"uv": [13.5, 7.5, 13.75, 9.5], "texture": "#texture"},
				"up": {"uv": [13.5, 7.5, 14, 7.75], "texture": "#texture"},
				"down": {"uv": [14, 9.5, 13.5, 9.25], "texture": "#texture"}
			}
		},
		{
			"from": [14.5, 6.5, 7],
			"to": [15.5, 7, 9],
			"faces": {
				"north": {"uv": [16, 9.5, 15, 10], "texture": "#texture"},
				"east": {"uv": [1.5, 10.5, 3.5, 11], "texture": "#texture"},
				"south": {"uv": [15, 9.5, 16, 10], "texture": "#texture"},
				"up": {"uv": [15, 8.5, 16, 9.5], "texture": "#texture"},
				"down": {"uv": [15, 10, 16, 8.5], "texture": "#texture"}
			}
		},
		{
			"from": [14.5, 7, 8.5],
			"to": [15.5, 7.5, 9.5],
			"faces": {
				"north": {"uv": [16, 9, 15, 9.5], "texture": "#texture"},
				"east": {"uv": [1, 10, 2, 10.5], "texture": "#texture"},
				"south": {"uv": [15, 9, 16, 9.5], "texture": "#texture"},
				"up": {"uv": [15, 9, 16, 9.5], "texture": "#texture"},
				"down": {"uv": [15, 9.5, 16, 9], "texture": "#texture"}
			}
		},
		{
			"from": [14.5, 8.5, 6.5],
			"to": [15.5, 9, 7.5],
			"faces": {
				"north": {"uv": [16, 7.5, 15, 8], "texture": "#texture"},
				"east": {"uv": [3, 8.5, 4, 9], "texture": "#texture"},
				"south": {"uv": [15, 8.5, 16, 9], "texture": "#texture"},
				"up": {"uv": [15, 8, 16, 7.5], "texture": "#texture"},
				"down": {"uv": [15, 9, 16, 8.5], "texture": "#texture"}
			}
		},
		{
			"from": [14.5, 7.5, 6.5],
			"to": [15.75, 8.5, 7],
			"faces": {
				"north": {"uv": [16, 8, 15.5, 9], "texture": "#texture"},
				"east": {"uv": [1, 9, 1.5, 10], "texture": "#texture"},
				"south": {"uv": [15, 8.5, 16, 9.5], "texture": "#texture"},
				"up": {"uv": [15, 8, 16, 8.5], "texture": "#texture"},
				"down": {"uv": [16, 9, 15, 8.5], "texture": "#texture"}
			}
		},
		{
			"from": [14.5, 7.5, 9],
			"to": [15.75, 8.5, 9.5],
			"faces": {
				"north": {"uv": [16, 8.5, 15.25, 9.5], "texture": "#texture"},
				"east": {"uv": [3.5, 9, 4, 10], "texture": "#texture"},
				"south": {"uv": [15.5, 8, 16, 9], "texture": "#texture"},
				"up": {"uv": [15, 8.5, 16, 9], "texture": "#texture"},
				"down": {"uv": [16, 9, 15, 8.5], "texture": "#texture"}
			}
		},
		{
			"from": [10, 6, 6.5],
			"to": [14.5, 10, 9.5],
			"faces": {
				"north": {"uv": [15, 6.5, 10.5, 10.5], "texture": "#texture"},
				"east": {"uv": [1, 7.5, 4, 11.5], "texture": "#texture"},
				"south": {"uv": [10.5, 6.5, 15, 10.5], "texture": "#texture"},
				"west": {"uv": [10.5, 6.5, 11, 10.5], "texture": "#texture"},
				"up": {"uv": [0, 12, 4.5, 15], "texture": "#texture"},
				"down": {"uv": [0, 15.5, 4.5, 12.5], "texture": "#texture"}
			}
		},
		{
			"from": [14.5, 7.25, 6.25],
			"to": [15, 8.75, 6.5],
			"faces": {
				"north": {"uv": [15, 7.75, 15.5, 9.25], "texture": "#texture"},
				"east": {"uv": [15.25, 7.75, 15.5, 9.25], "texture": "#texture"},
				"south": {"uv": [15, 7.75, 15.5, 9.25], "texture": "#texture"},
				"up": {"uv": [15, 8, 15.5, 8.25], "texture": "#texture"},
				"down": {"uv": [15, 8, 15.5, 8.25], "texture": "#texture"}
			}
		},
		{
			"from": [-4, 7, 9],
			"to": [-2.5, 8.5, 9.25],
			"faces": {
				"east": {"uv": [5.5, 1.5, 6, 3], "texture": "#texture"},
				"south": {"uv": [4.5, 1.5, 6, 3], "texture": "#texture"},
				"west": {"uv": [4.5, 1.5, 5, 3], "texture": "#texture"},
				"up": {"uv": [4.5, 1.5, 6, 2], "texture": "#texture"},
				"down": {"uv": [4.5, 2.5, 6, 3], "texture": "#texture"}
			}
		},
		{
			"from": [-2.5, 7.5, 6.75],
			"to": [-2, 8.5, 7],
			"faces": {
				"north": {"uv": [6, 1.5, 6.5, 2.5], "texture": "#texture"},
				"east": {"uv": [6, 1.5, 6.5, 2.5], "texture": "#texture"},
				"up": {"uv": [6, 1.5, 6.5, 2], "texture": "#texture"},
				"down": {"uv": [6, 2, 6.5, 2.5], "texture": "#texture"}
			}
		},
		{
			"from": [-4, 7, 6.75],
			"to": [-2.5, 8.5, 7],
			"faces": {
				"north": {"uv": [6, 1.5, 4.5, 3], "texture": "#texture"},
				"east": {"uv": [4.5, 1.5, 5, 3], "texture": "#texture"},
				"west": {"uv": [4.5, 1.5, 5, 3], "texture": "#texture"},
				"up": {"uv": [4.5, 1.5, 6, 2], "texture": "#texture"},
				"down": {"uv": [5.5, 2.5, 6, 3], "texture": "#texture"}
			}
		},
		{
			"from": [-2.5, 7.5, 9],
			"to": [-2, 8.5, 9.25],
			"faces": {
				"east": {"uv": [6, 1.5, 6.5, 2.5], "texture": "#texture"},
				"south": {"uv": [6, 1.5, 6.5, 2.5], "texture": "#texture"},
				"up": {"uv": [6, 1.5, 6.5, 2], "texture": "#texture"},
				"down": {"uv": [6, 2, 6.5, 2.5], "texture": "#texture"}
			}
		},
		{
			"from": [-4.5, 5.5, 7],
			"to": [-2.5, 6, 9],
			"faces": {
				"north": {"uv": [8, 12.5, 6, 13], "texture": "#texture"},
				"east": {"uv": [6, 12.5, 8, 13], "texture": "#texture"},
				"south": {"uv": [6, 12.5, 8, 13], "texture": "#texture"},
				"west": {"uv": [6, 12.5, 8, 13], "texture": "#texture"},
				"up": {"uv": [6, 12.5, 6.5, 13], "texture": "#texture"},
				"down": {"uv": [6, 13, 6.5, 12.5], "texture": "#texture"}
			}
		},
		{
			"from": [-5, 5, 7.25],
			"to": [-4.5, 5.5, 8.75],
			"faces": {
				"north": {"uv": [6, 13, 5.5, 13.5], "texture": "#texture"},
				"south": {"uv": [5.5, 13, 6, 13.5], "texture": "#texture"},
				"west": {"uv": [5.5, 13, 6, 13.5], "texture": "#texture"},
				"down": {"uv": [5.5, 13, 6, 13.5], "texture": "#texture"}
			}
		},
		{
			"from": [-4.5, 4.5, 7],
			"to": [-4, 5.5, 9],
			"faces": {
				"north": {"uv": [6.5, 13, 6, 14], "texture": "#texture"},
				"east": {"uv": [6, 13, 6.5, 14], "texture": "#texture"},
				"south": {"uv": [6, 13, 6.5, 14], "texture": "#texture"},
				"west": {"uv": [6, 13, 6.5, 14], "texture": "#texture"},
				"down": {"uv": [6, 14, 6.5, 13.5], "texture": "#texture"}
			}
		},
		{
			"from": [-5.5, 7.5, 7],
			"to": [-5, 9, 9],
			"faces": {
				"north": {"uv": [3, 1, 3.5, 2.5], "texture": "#texture"},
				"south": {"uv": [3, 1, 3.5, 2.5], "texture": "#texture"},
				"west": {"uv": [3, 1, 3.5, 2.5], "texture": "#texture"},
				"up": {"uv": [3, 1, 3.5, 1.5], "texture": "#texture"},
				"down": {"uv": [3, 2.5, 3.5, 2], "texture": "#texture"}
			}
		},
		{
			"from": [-9, 8, 7],
			"to": [-5.5, 9, 9],
			"faces": {
				"north": {"uv": [13.5, 12.5, 10.5, 13.5], "texture": "#texture"},
				"south": {"uv": [10.5, 12.5, 13.5, 13.5], "texture": "#texture"},
				"west": {"uv": [10.5, 12.5, 11, 13.5], "texture": "#texture"},
				"up": {"uv": [10.5, 12.5, 13.5, 13], "texture": "#texture"},
				"down": {"uv": [10.5, 13.5, 13.5, 13], "texture": "#texture"}
			}
		},
		{
			"from": [-9, 7.5, 7.25],
			"to": [-5.5, 8, 8.75],
			"faces": {
				"north": {"uv": [10.5, 13.5, 13.5, 14], "texture": "#texture"},
				"south": {"uv": [10.5, 13.5, 13.5, 14], "texture": "#texture"},
				"west": {"uv": [13, 13.5, 13.5, 14], "texture": "#texture"},
				"down": {"uv": [10.5, 14, 11, 13.5], "texture": "#texture"}
			}
		},
		{
			"from": [-9, 9, 7.25],
			"to": [-5, 9.5, 8.75],
			"faces": {
				"north": {"uv": [10.5, 12, 13.5, 12.5], "texture": "#texture"},
				"south": {"uv": [10.5, 12, 13.5, 12.5], "texture": "#texture"},
				"west": {"uv": [10.5, 12, 12, 12.5], "texture": "#texture"},
				"up": {"uv": [10.5, 12, 11, 12.5], "texture": "#texture"},
				"down": {"uv": [10.5, 12.5, 11, 12], "texture": "#texture"}
			}
		},
		{
			"from": [-6, 6, 7.25],
			"to": [-5, 6.5, 8.75],
			"faces": {
				"north": {"uv": [2.5, 3.5, 3.5, 4], "texture": "#texture"},
				"east": {"uv": [2.5, 3.5, 3.5, 4], "texture": "#texture"},
				"south": {"uv": [2.5, 3.5, 3.5, 3.75], "texture": "#texture"},
				"west": {"uv": [2.5, 3.5, 3.5, 4], "texture": "#texture"},
				"down": {"uv": [2.5, 4, 3.5, 3.5], "texture": "#texture"}
			}
		},
		{
			"from": [-8, 6, 7.25],
			"to": [-7, 7, 8.75],
			"faces": {
				"north": {"uv": [12.5, 14.5, 11.5, 15.5], "texture": "#texture"},
				"east": {"uv": [12, 14.5, 12.5, 15.5], "texture": "#texture"},
				"south": {"uv": [11.5, 14.5, 12.5, 15.5], "texture": "#texture"},
				"west": {"uv": [11.5, 14.5, 12, 15.5], "texture": "#texture"},
				"up": {"uv": [11.5, 14.5, 12.5, 15], "texture": "#texture"},
				"down": {"uv": [11.5, 15.5, 12.5, 15], "texture": "#texture"}
			}
		},
		{
			"from": [-9, 7, 7.5],
			"to": [-7, 7.5, 8.5],
			"faces": {
				"north": {"uv": [10.5, 14, 12.5, 14.5], "texture": "#texture"},
				"south": {"uv": [10.5, 14, 12.5, 14.5], "texture": "#texture"},
				"west": {"uv": [10.5, 14, 11.5, 14.5], "texture": "#texture"},
				"down": {"uv": [10.5, 14.5, 11, 14], "texture": "#texture"}
			}
		},
		{
			"from": [-9, 6.5, 7.5],
			"to": [-8, 7, 8.5],
			"faces": {
				"north": {"uv": [10.5, 14.5, 11.5, 15], "texture": "#texture"},
				"south": {"uv": [10.5, 14.5, 11.5, 15], "texture": "#texture"},
				"west": {"uv": [10.5, 14.5, 11.5, 15], "texture": "#texture"},
				"down": {"uv": [11, 15, 11.5, 14.5], "texture": "#texture"}
			}
		},
		{
			"from": [-9, 6, 7.5],
			"to": [-8.5, 6.5, 8.5],
			"faces": {
				"north": {"uv": [10.5, 15, 11, 15.5], "texture": "#texture"},
				"south": {"uv": [10.5, 15, 11, 15.5], "texture": "#texture"},
				"west": {"uv": [10.5, 15, 11, 15.5], "texture": "#texture"}
			}
		},
		{
			"from": [-9, 5.5, 7.25],
			"to": [-7.5, 6, 8.75],
			"faces": {
				"north": {"uv": [10.5, 15.5, 11, 16], "texture": "#texture"},
				"east": {"uv": [10.5, 15.5, 12, 16], "texture": "#texture"},
				"south": {"uv": [11.5, 15.5, 12, 16], "texture": "#texture"},
				"west": {"uv": [10.5, 15.5, 12, 16], "texture": "#texture"},
				"up": {"uv": [10.5, 15.5, 12, 16], "texture": "#texture"},
				"down": {"uv": [10.5, 16, 12, 15.5], "texture": "#texture"}
			}
		},
		{
			"from": [-8.5, 6, 7.25],
			"to": [-8, 6.5, 8.75],
			"faces": {
				"north": {"uv": [11, 15, 11.5, 15.5], "texture": "#texture"},
				"south": {"uv": [11, 15, 11.5, 15.5], "texture": "#texture"},
				"west": {"uv": [11, 15, 11.5, 15.5], "texture": "#texture"},
				"up": {"uv": [11, 15, 11.5, 15.5], "texture": "#texture"}
			}
		},
		{
			"from": [-9, 9.5, 7.5],
			"to": [-6.5, 10, 8.5],
			"faces": {
				"north": {"uv": [10.5, 11.5, 12.5, 12], "texture": "#texture"},
				"south": {"uv": [10.5, 11.5, 12.5, 12], "texture": "#texture"},
				"west": {"uv": [10.5, 11.5, 11.5, 12], "texture": "#texture"},
				"up": {"uv": [12, 11, 12.5, 12], "texture": "#texture"}
			}
		},
		{
			"from": [-9, 10, 7.5],
			"to": [-7, 10.5, 8.5],
			"faces": {
				"north": {"uv": [12, 11, 12.5, 11.5], "texture": "#texture"},
				"south": {"uv": [10.5, 11, 11, 11.5], "texture": "#texture"},
				"west": {"uv": [10.5, 11, 12.5, 11.5], "texture": "#texture"}
			}
		},
		{
			"from": [-7, 10, 7.25],
			"to": [-6.5, 10.5, 8.75],
			"faces": {
				"north": {"uv": [12.5, 11, 13, 11.5], "texture": "#texture"},
				"east": {"uv": [11, 10.5, 12.5, 11], "texture": "#texture"},
				"south": {"uv": [12.5, 11, 13, 11.5], "texture": "#texture"},
				"west": {"uv": [11, 10.5, 12.5, 11], "texture": "#texture"},
				"up": {"uv": [12.5, 11, 13, 11.5], "texture": "#texture"},
				"down": {"uv": [12.5, 11.5, 13, 11], "texture": "#texture"}
			}
		},
		{
			"from": [-9, 10.5, 7.25],
			"to": [-7, 11, 8.75],
			"faces": {
				"north": {"uv": [10.5, 10.5, 11, 11], "texture": "#texture"},
				"east": {"uv": [10.5, 10.5, 12, 11], "texture": "#texture"},
				"south": {"uv": [12, 10.5, 12.5, 11], "texture": "#texture"},
				"west": {"uv": [10.5, 10.5, 12, 11], "texture": "#texture"},
				"up": {"uv": [10.5, 10.5, 11, 11], "texture": "#texture"},
				"down": {"uv": [10.5, 11, 11, 10.5], "texture": "#texture"}
			}
		},
		{
			"from": [-9.5, 7, 7.75],
			"to": [-9, 9.5, 8.25],
			"faces": {
				"north": {"uv": [10, 12, 10.5, 14.5], "texture": "#texture"},
				"east": {"uv": [10, 12, 10.5, 14.5], "texture": "#texture"},
				"south": {"uv": [10, 12, 10.5, 14.5], "texture": "#texture"},
				"west": {"uv": [10, 12, 10.5, 14.5], "texture": "#texture"},
				"up": {"uv": [10, 12, 10.5, 12.5], "texture": "#texture"},
				"down": {"uv": [10, 14.5, 10.5, 14], "texture": "#texture"}
			}
		},
		{
			"from": [-10, 7.5, 7.75],
			"to": [-9.5, 9, 8.25],
			"faces": {
				"north": {"uv": [9.5, 12.5, 10, 14], "texture": "#texture"},
				"south": {"uv": [9.5, 12.5, 10, 14], "texture": "#texture"},
				"west": {"uv": [9.5, 12.5, 10, 14], "texture": "#texture"},
				"up": {"uv": [9.5, 12.5, 10, 13], "texture": "#texture"},
				"down": {"uv": [9.5, 14, 10, 13.5], "texture": "#texture"}
			}
		},
		{
			"from": [-4, 3, 8.5],
			"to": [-3, 5.5, 9],
			"faces": {
				"east": {"uv": [7.5, 12.5, 8, 15], "texture": "#texture"},
				"south": {"uv": [6.5, 13, 7.5, 15.5], "texture": "#texture"},
				"west": {"uv": [6.5, 13, 7, 15.5], "texture": "#texture"},
				"down": {"uv": [6.5, 15.5, 7.5, 15], "texture": "#texture"}
			}
		},
		{
			"from": [-4, 3, 7],
			"to": [-3, 5.5, 7.5],
			"faces": {
				"north": {"uv": [7.5, 13, 6.5, 15.5], "texture": "#texture"},
				"east": {"uv": [7.5, 12.5, 8, 15], "texture": "#texture"},
				"west": {"uv": [6.5, 13, 7, 15.5], "texture": "#texture"},
				"down": {"uv": [6.5, 15.5, 7.5, 15], "texture": "#texture"}
			}
		},
		{
			"from": [14.5, 8.5, 8.5],
			"to": [15.5, 9, 9.5],
			"faces": {
				"north": {"uv": [16, 8.5, 15, 9], "texture": "#texture"},
				"east": {"uv": [1, 8.5, 2, 9], "texture": "#texture"},
				"south": {"uv": [15, 7.5, 16, 8], "texture": "#texture"},
				"up": {"uv": [15, 8, 16, 7.5], "texture": "#texture"},
				"down": {"uv": [15, 9, 16, 8.5], "texture": "#texture"}
			}
		},
		{
			"from": [14.5, 7, 6.5],
			"to": [15.5, 7.5, 7.5],
			"faces": {
				"north": {"uv": [16, 9, 15, 9.5], "texture": "#texture"},
				"east": {"uv": [1, 10, 2, 10.5], "texture": "#texture"},
				"south": {"uv": [15, 9, 16, 9.5], "texture": "#texture"},
				"up": {"uv": [15, 9, 16, 9.5], "texture": "#texture"},
				"down": {"uv": [15, 9.5, 16, 9], "texture": "#texture"}
			}
		}
	],
	"display": {
		"thirdperson_righthand": {
			"rotation": [0, 92, 0],
			"translation": [-0.57, 1.12, -1.51]
		},
		"firstperson_righthand": {
			"rotation": [0, 90, 0],
			"translation": [-3.4, 7.18, 3.78],
			"scale": [0.8, 1, 1]
		},
		"gui": {
			"rotation": [0, 0, 45],
			"translation": [2.83, 2.65, 0],
			"scale": [0.7, 0.7, 0.7]
		},
		"head": {
			"rotation": [0, 180, 0],
			"translation": [-4.5, 1.75, 0]
		}
	}
}