{
	"credit": "designed_by_hypixel_minecraft_server_with_bdcraft_cubik_pro_0.92_beta_-_http://bdcraft.net",
	"textures": {
		"texture": "item/wooden_shovel"
	},
	"elements": [
		{
			"from": [10.5, 10.5, 5.75],
			"to": [11.5, 11.5, 7.25],
			"faces": {
				"north": {"uv": [8.5, 2, 7.5, 3], "texture": "#texture"},
				"east": {"uv": [7.5, 2, 8.5, 3], "texture": "#texture"},
				"south": {"uv": [7.5, 2, 8.5, 3], "texture": "#texture"},
				"up": {"uv": [7.5, 2, 8.5, 3], "texture": "#texture"},
				"down": {"uv": [7.5, 2, 8.5, 3], "texture": "#texture"}
			}
		},
		{
			"from": [4.5, 9.5, 6],
			"to": [10, 10, 7],
			"faces": {
				"north": {"uv": [7, 3.5, 1.5, 4], "texture": "#texture"},
				"east": {"uv": [4.5, 2.5, 5.5, 3], "texture": "#texture"},
				"south": {"uv": [1.5, 3.5, 7, 4], "texture": "#texture"},
				"up": {"uv": [1, 2, 6.5, 3], "texture": "#texture"},
				"down": {"uv": [1, 2, 6.5, 3], "texture": "#texture"}
			}
		},
		{
			"from": [5, 8.5, 6],
			"to": [7, 9.5, 7],
			"faces": {
				"north": {"uv": [3.5, 5, 1.5, 6], "texture": "#texture"},
				"east": {"uv": [2.5, 5.5, 3.5, 6.5], "texture": "#texture"},
				"south": {"uv": [1.5, 5, 3.5, 6], "texture": "#texture"},
				"west": {"uv": [2.5, 3, 3.5, 4], "texture": "#texture"},
				"down": {"uv": [3.5, 6, 1.5, 5], "texture": "#texture"}
			}
		},
		{
			"from": [4.5, 8, 6],
			"to": [6.5, 8.5, 7],
			"faces": {
				"north": {"uv": [3.5, 5, 1.5, 5.5], "texture": "#texture"},
				"east": {"uv": [3.5, 5.5, 4.5, 6], "texture": "#texture"},
				"south": {"uv": [1.5, 5, 3.5, 5.5], "texture": "#texture"},
				"west": {"uv": [1.5, 5, 2, 5.5], "texture": "#texture"},
				"up": {"uv": [2, 5.5, 1.5, 5], "texture": "#texture"}
			}
		},
		{
			"from": [4, 7, 6],
			"to": [6.5, 8, 7],
			"faces": {
				"north": {"uv": [3.5, 5.5, 1, 6.5], "texture": "#texture"},
				"east": {"uv": [3, 5.5, 3.5, 6.5], "texture": "#texture"},
				"south": {"uv": [1, 5.5, 3.5, 6.5], "texture": "#texture"},
				"west": {"uv": [1, 5.5, 1.5, 6.5], "texture": "#texture"},
				"up": {"uv": [1, 5.5, 1.5, 6], "texture": "#texture"},
				"down": {"uv": [4.5, 11.5, 2, 10.5], "texture": "#texture"}
			}
		},
		{
			"from": [3.5, 5, 6],
			"to": [6, 7, 7],
			"faces": {
				"north": {"uv": [3, 6.5, 0.5, 8.5], "texture": "#texture"},
				"east": {"uv": [2.5, 6.5, 3, 8.5], "texture": "#texture"},
				"south": {"uv": [0.5, 6.5, 3, 8.5], "texture": "#texture"},
				"west": {"uv": [0.5, 6.5, 1, 8.5], "texture": "#texture"},
				"down": {"uv": [3, 8.5, 0.5, 8], "texture": "#texture"}
			}
		},
		{
			"from": [6, 5, 6],
			"to": [6.5, 5.5, 7],
			"faces": {
				"north": {"uv": [3, 8, 3.5, 8.5], "texture": "#texture"},
				"east": {"uv": [3, 8, 3.5, 8.5], "texture": "#texture"},
				"south": {"uv": [3, 8, 3.5, 8.5], "texture": "#texture"},
				"up": {"uv": [3, 8, 3.5, 8.5], "texture": "#texture"},
				"down": {"uv": [3, 8, 3.5, 8.5], "texture": "#texture"}
			}
		},
		{
			"from": [8, 8, 6],
			"to": [9.5, 9.5, 7],
			"faces": {
				"north": {"uv": [6.5, 4, 5, 5.5], "texture": "#texture"},
				"east": {"uv": [5.5, 4, 6, 5.5], "texture": "#texture"},
				"south": {"uv": [5, 4, 6.5, 5.5], "texture": "#texture"},
				"west": {"uv": [5, 4, 5.5, 5.5], "texture": "#texture"}
			}
		},
		{
			"from": [9.5, 8, 6],
			"to": [10, 8.5, 7],
			"faces": {
				"north": {"uv": [6.5, 5, 7, 5.5], "texture": "#texture"},
				"east": {"uv": [6.5, 5, 7, 5.5], "texture": "#texture"},
				"south": {"uv": [6.5, 5, 7, 5.5], "texture": "#texture"}
			}
		},
		{
			"from": [5.5, 12, 6],
			"to": [8, 12.5, 7],
			"faces": {
				"north": {"uv": [5, 1, 2.5, 1.5], "texture": "#texture"},
				"east": {"uv": [4, 1, 5, 1.5], "texture": "#texture"},
				"south": {"uv": [2.5, 1, 5, 1.5], "texture": "#texture"},
				"west": {"uv": [4, 1, 5, 1.5], "texture": "#texture"},
				"up": {"uv": [2.5, 1, 5, 1.5], "texture": "#texture"}
			}
		},
		{
			"from": [5.5, 12.5, 6],
			"to": [6, 12.75, 7],
			"faces": {
				"north": {"uv": [2.5, 0.5, 3, 0.75], "texture": "#texture"},
				"east": {"uv": [3, 1, 4, 1.25], "texture": "#texture"},
				"south": {"uv": [2.5, 0.5, 3, 0.75], "texture": "#texture"},
				"west": {"uv": [3, 1, 4, 1.25], "texture": "#texture"},
				"up": {"uv": [3.5, 0.5, 4, 1.5], "texture": "#texture"}
			}
		},
		{
			"from": [6.5, 12.5, 6],
			"to": [7, 13, 7],
			"faces": {
				"north": {"uv": [3.5, 1, 4, 1.5], "texture": "#texture"},
				"east": {"uv": [2.5, 11, 3.5, 11.5], "texture": "#texture"},
				"south": {"uv": [3.5, 1, 4, 1.5], "texture": "#texture"},
				"west": {"uv": [2.5, 11, 3.5, 11.5], "texture": "#texture"},
				"up": {"uv": [3, 11.5, 2.5, 10.5], "texture": "#texture"}
			}
		},
		{
			"from": [11.5, 10, 6],
			"to": [14, 12, 7],
			"faces": {
				"north": {"uv": [2.5, 10.5, 3.5, 11.5], "texture": "#texture"},
				"east": {"uv": [3, 10.5, 4, 11], "texture": "#texture"},
				"south": {"uv": [2.5, 10.5, 3.5, 11.5], "texture": "#texture"},
				"west": {"uv": [1.5, 11, 2.5, 11.5], "texture": "#texture"},
				"up": {"uv": [1, 11.5, 3.5, 12.5], "texture": "#texture"},
				"down": {"uv": [13, 8.5, 14, 9], "texture": "#texture"}
			}
		},
		{
			"from": [13, 12, 6],
			"to": [14.5, 12.5, 7],
			"faces": {
				"north": {"uv": [10, 1.5, 8.5, 2], "texture": "#texture"},
				"east": {"uv": [13, 1, 14, 1.5], "texture": "#texture"},
				"south": {"uv": [8.5, 1.5, 10, 2], "texture": "#texture"},
				"west": {"uv": [8.5, 1.5, 9.5, 2], "texture": "#texture"},
				"up": {"uv": [2.5, 8, 1, 7], "texture": "#texture"},
				"down": {"uv": [10, 3, 8.5, 2], "texture": "#texture"}
			}
		},
		{
			"from": [4.5, 10, 5.25],
			"to": [9.25, 11.5, 7.75],
			"faces": {
				"north": {"uv": [6.75, 2, 2, 3.5], "texture": "#texture"},
				"east": {"uv": [1.5, 2, 2.5, 3.5], "texture": "#texture"},
				"south": {"uv": [2, 2, 6.75, 3.5], "texture": "#texture"},
				"west": {"uv": [3, 11, 4, 12.5], "texture": "#texture"},
				"up": {"uv": [3.5, 2, 8, 2.5], "texture": "#texture"},
				"down": {"uv": [3.5, 2, 8, 2.5], "texture": "#texture"}
			}
		},
		{
			"from": [8.25, 11.5, 5.25],
			"to": [10.5, 12, 7.75],
			"faces": {
				"north": {"uv": [7.5, 1.5, 5.25, 2], "texture": "#texture"},
				"east": {"uv": [6.5, 1.5, 7.5, 2], "texture": "#texture"},
				"south": {"uv": [5.25, 1.5, 7.5, 2], "texture": "#texture"},
				"west": {"uv": [3.5, 1.5, 6, 2], "texture": "#texture"},
				"up": {"uv": [2, 3, 4, 3.5], "texture": "#texture"},
				"down": {"uv": [8.5, 3, 7, 2], "texture": "#texture"}
			}
		},
		{
			"from": [4, 10.5, 5.75],
			"to": [4.5, 11.5, 7.25],
			"faces": {
				"north": {"uv": [1, 2, 1.5, 3], "texture": "#texture"},
				"south": {"uv": [1, 2, 1.5, 3], "texture": "#texture"},
				"west": {"uv": [1.5, 11, 3, 12], "texture": "#texture"},
				"down": {"uv": [3, 10.5, 3.5, 11.5], "texture": "#texture"}
			}
		},
		{
			"from": [4, 11.5, 5.5],
			"to": [8.25, 12, 7.5],
			"faces": {
				"north": {"uv": [1, 1.5, 5.25, 2], "texture": "#texture"},
				"south": {"uv": [1, 1.5, 5.25, 2], "texture": "#texture"},
				"west": {"uv": [5.5, 2.5, 7.5, 3], "texture": "#texture"},
				"up": {"uv": [3, 2, 7.5, 2.5], "texture": "#texture"},
				"down": {"uv": [1.5, 1.5, 6, 2], "texture": "#texture"}
			}
		},
		{
			"from": [3.5, 5.5, 5.75],
			"to": [6, 7, 7.25],
			"faces": {
				"north": {"uv": [3, 6.5, 0.5, 8], "texture": "#texture"},
				"east": {"uv": [2.5, 6.5, 3, 8], "texture": "#texture"},
				"south": {"uv": [0.5, 6.5, 3, 8], "texture": "#texture"},
				"west": {"uv": [0.5, 6.5, 1, 8], "texture": "#texture"},
				"up": {"uv": [0.5, 6.5, 3, 8], "texture": "#texture"}
			}
		},
		{
			"from": [9.25, 10, 5.5],
			"to": [10.5, 11.5, 7.5],
			"faces": {
				"north": {"uv": [6.75, 2, 5.5, 3.5], "texture": "#texture"},
				"east": {"uv": [6.5, 2, 7, 3.5], "texture": "#texture"},
				"south": {"uv": [5.5, 2, 6.75, 3.5], "texture": "#texture"},
				"down": {"uv": [6, 3, 7, 3.5], "texture": "#texture"}
			}
		},
		{
			"from": [4.25, 9.5, 5.75],
			"to": [4.5, 10.5, 7.25],
			"faces": {
				"north": {"uv": [2.75, 10.75, 3, 11.25], "texture": "#texture"},
				"east": {"uv": [3, 10.5, 3.5, 11], "texture": "#texture"},
				"south": {"uv": [2.75, 10.75, 3, 11.25], "texture": "#texture"},
				"west": {"uv": [3, 10.5, 3.5, 11], "texture": "#texture"},
				"down": {"uv": [3, 11, 3.25, 11.5], "texture": "#texture"}
			}
		},
		{
			"from": [4.75, 11.75, 5.75],
			"to": [9, 12.25, 7],
			"faces": {
				"north": {"uv": [1, 11, 3, 11.5], "texture": "#texture"},
				"east": {"uv": [2.5, 10.5, 3.75, 11], "texture": "#texture"},
				"south": {"uv": [1, 11, 3, 11.5], "texture": "#texture"},
				"west": {"uv": [2.5, 10.5, 3.75, 11], "texture": "#texture"},
				"up": {"uv": [1, 10.5, 4.5, 11.5], "texture": "#texture"},
				"down": {"uv": [1.5, 1.5, 5.5, 2], "texture": "#texture"}
			}
		},
		{
			"from": [3.5, 5, 5.5],
			"to": [6.5, 5.5, 7.5],
			"faces": {
				"north": {"uv": [3.5, 8, 0.5, 8.5], "texture": "#texture"},
				"east": {"uv": [1.5, 8, 3.5, 8.5], "texture": "#texture"},
				"south": {"uv": [0.5, 8, 3.5, 8.5], "texture": "#texture"},
				"west": {"uv": [0.5, 8, 2.5, 8.5], "texture": "#texture"},
				"up": {"uv": [0.5, 8, 3.5, 8.5], "texture": "#texture"},
				"down": {"uv": [0.5, 8, 3.5, 8.5], "texture": "#texture"}
			}
		},
		{
			"from": [4, 7.5, 5.75],
			"to": [10, 8, 7.25],
			"faces": {
				"north": {"uv": [7, 5.5, 1, 6], "texture": "#texture"},
				"east": {"uv": [5.5, 5.5, 7, 6], "texture": "#texture"},
				"south": {"uv": [1, 5.5, 7, 6], "texture": "#texture"},
				"west": {"uv": [1, 5.5, 1.5, 6], "texture": "#texture"},
				"up": {"uv": [1, 5.5, 7, 6], "texture": "#texture"},
				"down": {"uv": [1, 5.5, 7, 6], "texture": "#texture"}
			}
		},
		{
			"from": [8, 8.5, 5.75],
			"to": [9.5, 9.5, 7.25],
			"faces": {
				"north": {"uv": [6.5, 6.5, 8, 7.5], "texture": "#texture"},
				"east": {"uv": [8.75, 6.5, 10.25, 7.5], "texture": "#texture"},
				"south": {"uv": [8, 6.5, 9.5, 7.5], "texture": "#texture"},
				"west": {"uv": [5.75, 6.5, 7.25, 7.5], "texture": "#texture"},
				"up": {"uv": [8, 5.75, 9.5, 7.25], "texture": "#texture"}
			}
		},
		{
			"from": [8, 8, 5.75],
			"to": [10, 8.5, 7.25],
			"faces": {
				"north": {"uv": [7, 5, 5, 5.5], "texture": "#texture"},
				"east": {"uv": [6.5, 5, 7, 5.5], "texture": "#texture"},
				"south": {"uv": [5, 5, 7, 5.5], "texture": "#texture"},
				"west": {"uv": [5, 5, 5.5, 5.5], "texture": "#texture"},
				"up": {"uv": [2, 10, 4, 10.5], "texture": "#texture"}
			}
		},
		{
			"from": [11.5, 10.5, 7.5],
			"to": [14.5, 11.5, 8],
			"faces": {
				"north": {"uv": [11.5, 2, 8.5, 3], "texture": "#texture"},
				"east": {"uv": [12, 2, 12.5, 3], "texture": "#texture"},
				"south": {"uv": [8.5, 2, 11.5, 3], "texture": "#texture"},
				"west": {"uv": [8.5, 2, 9, 3], "texture": "#texture"},
				"up": {"uv": [8.5, 2, 11.5, 2.5], "texture": "#texture"},
				"down": {"uv": [8.5, 2.5, 11.5, 3], "texture": "#texture"}
			}
		},
		{
			"from": [13, 9.5, 6],
			"to": [14.5, 10, 7],
			"faces": {
				"north": {"uv": [11.5, 3, 10, 3.5], "texture": "#texture"},
				"east": {"uv": [13, 3.5, 14, 4], "texture": "#texture"},
				"south": {"uv": [10, 3, 11.5, 3.5], "texture": "#texture"},
				"west": {"uv": [10, 3, 11, 3.5], "texture": "#texture"},
				"up": {"uv": [9.5, 3, 11, 3.5], "texture": "#texture"},
				"down": {"uv": [9.5, 3, 11, 3.5], "texture": "#texture"}
			}
		},
		{
			"from": [14, 10.5, 5.5],
			"to": [14.25, 11.5, 7.5],
			"faces": {
				"east": {"uv": [13, 6, 13.5, 7], "texture": "#texture"},
				"west": {"uv": [13, 6, 13.5, 7], "texture": "#texture"},
				"up": {"uv": [13.5, 6, 14, 7], "texture": "#texture"},
				"down": {"uv": [13.5, 6, 14, 7], "texture": "#texture"}
			}
		},
		{
			"from": [12, 10, 7],
			"to": [14.5, 10.5, 7.5],
			"faces": {
				"north": {"uv": [11.5, 3, 9, 3.5], "texture": "#texture"},
				"east": {"uv": [12.5, 3, 13, 3.5], "texture": "#texture"},
				"south": {"uv": [9, 3, 11.5, 3.5], "texture": "#texture"},
				"west": {"uv": [9, 3, 9.5, 3.5], "texture": "#texture"},
				"up": {"uv": [12, 7, 14.5, 7.5], "texture": "#texture"},
				"down": {"uv": [4, 7.5, 1.5, 7], "texture": "#texture"}
			}
		},
		{
			"from": [11.5, 11.5, 7],
			"to": [14.5, 12, 7.5],
			"faces": {
				"north": {"uv": [11.5, 1.5, 8.5, 2], "texture": "#texture"},
				"east": {"uv": [12.5, 1.5, 13, 2], "texture": "#texture"},
				"south": {"uv": [8.5, 1.5, 11.5, 2], "texture": "#texture"},
				"west": {"uv": [10.5, 1.5, 11, 2], "texture": "#texture"},
				"up": {"uv": [11.5, 2, 8.5, 1.5], "texture": "#texture"},
				"down": {"uv": [11, 2.5, 8, 2], "texture": "#texture"}
			}
		},
		{
			"from": [14, 10, 6],
			"to": [14.25, 10.5, 7],
			"faces": {
				"east": {"uv": [13, 6, 14, 6.5], "texture": "#texture"}
			}
		},
		{
			"from": [14, 11.5, 6],
			"to": [14.25, 12, 7],
			"faces": {
				"east": {"uv": [13, 6, 14, 6.5], "texture": "#texture"}
			}
		},
		{
			"from": [11.5, 11.5, 5.5],
			"to": [14.5, 12, 6],
			"faces": {
				"north": {"uv": [11.5, 1.5, 8.5, 2], "texture": "#texture"},
				"east": {"uv": [14, 1.5, 14.5, 2], "texture": "#texture"},
				"south": {"uv": [8.5, 1.5, 11.5, 2], "texture": "#texture"},
				"west": {"uv": [8.5, 1.5, 9, 2], "texture": "#texture"},
				"up": {"uv": [8.5, 1.5, 11.5, 2], "texture": "#texture"},
				"down": {"uv": [8.5, 1.5, 11.5, 2], "texture": "#texture"}
			}
		},
		{
			"from": [11.5, 10.5, 5],
			"to": [14.5, 11.5, 5.5],
			"faces": {
				"north": {"uv": [11.5, 2, 8.5, 3], "texture": "#texture"},
				"east": {"uv": [14.5, 2, 15, 3], "texture": "#texture"},
				"south": {"uv": [8.5, 2, 11.5, 3], "texture": "#texture"},
				"west": {"uv": [8.5, 2, 9, 3], "texture": "#texture"},
				"up": {"uv": [8.5, 2, 11.5, 2.5], "texture": "#texture"},
				"down": {"uv": [11.5, 3, 8.5, 2.5], "texture": "#texture"}
			}
		},
		{
			"from": [11.5, 10, 5.5],
			"to": [14.5, 10.5, 6],
			"faces": {
				"north": {"uv": [11.5, 3, 8.5, 3.5], "texture": "#texture"},
				"east": {"uv": [12.5, 3, 13, 3.5], "texture": "#texture"},
				"south": {"uv": [8.5, 3, 11.5, 3.5], "texture": "#texture"},
				"west": {"uv": [8.5, 3, 9, 3.5], "texture": "#texture"},
				"up": {"uv": [8.5, 3, 11.5, 3.5], "texture": "#texture"},
				"down": {"uv": [8.5, 3, 11.5, 3.5], "texture": "#texture"}
			}
		}
	],
	"display": {
		"thirdperson_righthand": {
			"rotation": [0, 90, 0],
			"translation": [1.51, -1.51, -1]
		},
		"firstperson_righthand": {
			"rotation": [0, 95, 0],
			"translation": [-0.76, 1.13, 0.38],
			"scale": [0.8, 1, 1]
		},
		"gui": {
			"rotation": [0, 0, 45],
			"translation": [0.38, -1.32, 0],
			"scale": [0.8, 0.8, 0.8]
		},
		"head": {
			"rotation": [0, 180, 0],
			"translation": [0.75, -1, -1.5]
		}
	}
}