{"__comment":"designed by hypixel minecraft server with bdcraft cubik pro 0.91 beta - http://bdcraft.net","textures":{"rebturret":"blocks/rebturret"},"elements":[{"from":[7.5,7,15.5],"to":[9,8.5,16],"faces":{"down":{"uv":[14.5,0.5,14,0],"texture":"#rebturret"},"up":{"uv":[13.5,0,13,0.5],"texture":"#rebturret"},"south":{"uv":[5,14,6,15],"texture":"#rebturret"},"west":{"uv":[13,0,14.5,0.5],"rotation":90,"texture":"#rebturret"},"east":{"uv":[13,0.5,14.5,0],"texture":"#rebturret"}}},{"from":[7.5,6.5,13.5],"to":[9,9,15.5],"faces":{"down":{"uv":[14.5,0.5,15,2.5],"texture":"#rebturret"},"up":{"uv":[12.5,2.5,13,0.5],"texture":"#rebturret"},"south":{"uv":[5,13.5,6,15.5],"texture":"#rebturret"},"west":{"uv":[12.5,0.5,15,2.5],"rotation":90,"texture":"#rebturret"},"east":{"uv":[12.5,2.5,15,0.5],"texture":"#rebturret"}}},{"from":[7,7,13.5],"to":[9.5,8.5,15.5],"faces":{"down":{"uv":[14.5,0.5,14,2.5],"texture":"#rebturret"},"up":{"uv":[13,2.5,13.5,0.5],"texture":"#rebturret"},"south":{"uv":[4.5,14,6.5,15],"texture":"#rebturret"},"west":{"uv":[13,0.5,14.5,2.5],"rotation":90,"texture":"#rebturret"},"east":{"uv":[13,2.5,14.5,0.5],"texture":"#rebturret"}}},{"from":[6.5,6,9.5],"to":[10,9.5,10.5],"faces":{"south":{"uv":[12,5.5,15.5,6],"rotation":90,"texture":"#rebturret"},"west":{"uv":[12,7.5,15.5,8.5],"rotation":90,"texture":"#rebturret"},"east":{"uv":[12,6.5,15.5,5.5],"texture":"#rebturret"}}},{"from":[6.5,6,10.5],"to":[10,8.5,11.5],"faces":{"up":{"uv":[4,15.5,7,16],"texture":"#rebturret"},"south":{"uv":[13,5,15.5,4.5],"rotation":90,"texture":"#rebturret"},"west":{"uv":[13,4.5,15.5,5.5],"rotation":90,"texture":"#rebturret"},"east":{"uv":[13,5.5,15.5,4.5],"texture":"#rebturret"}}},{"from":[6.5,7.5,11.5],"to":[10,8,12],"faces":{"down":{"uv":[14,4.5,13.5,4],"texture":"#rebturret"},"up":{"uv":[13.5,4,14,4.5],"texture":"#rebturret"},"south":{"uv":[13.5,4,14,4.5],"texture":"#rebturret"},"west":{"uv":[13.5,4,14,4.5],"texture":"#rebturret"},"east":{"uv":[13.5,4,14,4.5],"texture":"#rebturret"}}},{"from":[5.5,6,6.5],"to":[11,9.5,9.5],"faces":{"up":{"uv":[12,6.5,12.5,9.5],"rotation":90,"texture":"#rebturret"},"south":{"uv":[12,6.5,15.5,7],"rotation":90,"texture":"#rebturret"},"west":{"uv":[12,6.5,15.5,9.5],"rotation":90,"texture":"#rebturret"},"east":{"uv":[12,9.5,15.5,6.5],"texture":"#rebturret"}}},{"from":[5,6.5,6],"to":[11.5,9,7.5],"faces":{"down":{"uv":[15,10,14.5,8.5],"rotation":180,"texture":"#rebturret"},"up":{"uv":[12.5,8.5,13,10],"rotation":180,"texture":"#rebturret"},"north":{"uv":[12.5,9.5,15,10],"rotation":90,"texture":"#rebturret"},"south":{"uv":[12.5,8.5,15,9],"rotation":90,"texture":"#rebturret"},"west":{"uv":[12.5,8.5,15,10],"rotation":90,"texture":"#rebturret"},"east":{"uv":[12.5,10,15,8.5],"texture":"#rebturret"}}},{"from":[4.5,7,6],"to":[12,8.5,6.5],"faces":{"down":{"uv":[14.5,10,14,9.5],"rotation":90,"texture":"#rebturret"},"up":{"uv":[13,9.5,13.5,10],"rotation":90,"texture":"#rebturret"},"north":{"uv":[13,9.5,14.5,10],"rotation":90,"texture":"#rebturret"},"south":{"uv":[13,9.5,14.5,10],"rotation":90,"texture":"#rebturret"},"west":{"uv":[13,9.5,14.5,10],"rotation":90,"texture":"#rebturret"},"east":{"uv":[13,9.5,14.5,10],"texture":"#rebturret"}}},{"from":[5,7,5],"to":[11.5,8.5,6],"faces":{"down":{"uv":[14.5,11,14,10],"rotation":180,"texture":"#rebturret"},"up":{"uv":[13,11,13.5,10],"texture":"#rebturret"},"west":{"uv":[13,10,14.5,11],"rotation":90,"texture":"#rebturret"},"east":{"uv":[13,11,14.5,10],"texture":"#rebturret"}}},{"from":[4.5,6.5,3.5],"to":[12,9,5],"faces":{"down":{"uv":[15,11.5,14.5,10],"texture":"#rebturret"},"up":{"uv":[12.5,10,13,11.5],"texture":"#rebturret"},"north":{"uv":[2,12.75,9.5,14],"texture":"#rebturret"},"south":{"uv":[12.5,11,15,11.5],"rotation":90,"texture":"#rebturret"},"west":{"uv":[12.5,11,15,12.5],"rotation":90,"texture":"#rebturret"},"east":{"uv":[12.5,12.5,15,11],"texture":"#rebturret"}}},{"from":[4,6.5,4],"to":[12.5,9,4.5],"faces":{"down":{"uv":[15,12,14.5,11.5],"texture":"#rebturret"},"up":{"uv":[12.5,11.5,13,12],"texture":"#rebturret"},"north":{"uv":[12.5,11.5,15,12],"rotation":90,"texture":"#rebturret"},"south":{"uv":[12.5,11.5,15,12],"rotation":90,"texture":"#rebturret"},"west":{"uv":[12.5,11.5,15,12],"rotation":90,"texture":"#rebturret"},"east":{"uv":[12.5,11.5,15,12],"texture":"#rebturret"}}},{"from":[5.5,5.5,5.5],"to":[11,10,6.5],"faces":{"south":{"uv":[16,10,11.5,9.5],"rotation":270,"texture":"#rebturret"},"west":{"uv":[11.5,9.5,16,10.5],"rotation":90,"texture":"#rebturret"},"east":{"uv":[11.5,10.5,16,9.5],"texture":"#rebturret"}}},{"from":[5.5,5,5],"to":[11,10.5,5.5],"faces":{"north":{"uv":[5.5,7.25,6,4.5],"texture":"#rebturret"},"south":{"uv":[5.5,7.25,6,4.5],"texture":"#rebturret"},"west":{"uv":[5.5,7.25,6,4.5],"texture":"#rebturret"},"east":{"uv":[5.5,7.25,6,4.5],"texture":"#rebturret"}}},{"from":[4.5,6,4],"to":[12,9.5,4.5],"faces":{"down":{"uv":[12.5,12,12,11.5],"texture":"#rebturret"},"up":{"uv":[15,11.5,15.5,12],"texture":"#rebturret"},"north":{"uv":[12,11.5,15.5,12],"rotation":90,"texture":"#rebturret"},"south":{"uv":[12,11.5,15.5,12],"rotation":90,"texture":"#rebturret"},"west":{"uv":[12,11.5,15.5,12],"rotation":90,"texture":"#rebturret"},"east":{"uv":[12,11.5,15.5,12],"texture":"#rebturret"}}},{"from":[6,5,4.5],"to":[10.5,10.5,5],"faces":{"north":{"uv":[6,7.25,5.5,4.5],"texture":"#rebturret"},"west":{"uv":[5.5,7.25,6,4.5],"texture":"#rebturret"},"east":{"uv":[5.5,7.25,6,4.5],"texture":"#rebturret"}}},{"from":[6.5,9.5,3.5],"to":[10,10,4.5],"faces":{"down":{"uv":[12,12,11.5,13],"texture":"#rebturret"},"north":{"uv":[11.5,12.5,12,13],"texture":"#rebturret"},"west":{"uv":[11.5,12,12,13],"rotation":90,"texture":"#rebturret"},"east":{"uv":[11.5,13,12,12],"texture":"#rebturret"}}},{"from":[7,9.5,3],"to":[9.5,10,3.5],"faces":{"down":{"uv":[1,4.5,0.5,4],"texture":"#rebturret"},"north":{"uv":[0.5,4,1,4.5],"texture":"#rebturret"},"west":{"uv":[0.5,4,1,4.5],"texture":"#rebturret"},"east":{"uv":[0.5,4,1,4.5],"texture":"#rebturret"}}},{"from":[6.5,5.5,3],"to":[10,6,4.5],"faces":{"down":{"uv":[1,5,0.5,4.5],"texture":"#rebturret"},"up":{"uv":[0.5,4.5,2,5],"rotation":90,"texture":"#rebturret"},"north":{"uv":[0.5,4.5,1,5],"texture":"#rebturret"},"west":{"uv":[0.5,4.5,2,5],"texture":"#rebturret"},"east":{"uv":[0.5,4.5,2,5],"texture":"#rebturret"}}},{"from":[7,6,10.5],"to":[9.5,9.5,13.5],"faces":{"down":{"uv":[15.5,2.5,15,5.5],"texture":"#rebturret"},"up":{"uv":[12,2.5,12.5,5.5],"texture":"#rebturret"},"south":{"uv":[4.5,13,6.5,16],"texture":"#rebturret"},"west":{"uv":[12,2.5,15.5,5.5],"rotation":90,"texture":"#rebturret"},"east":{"uv":[12,5.5,15.5,2.5],"texture":"#rebturret"}}},{"from":[7.5,6,13.5],"to":[9,9.5,14],"faces":{"down":{"uv":[6,16,5,15.5],"texture":"#rebturret"},"south":{"uv":[5,13,6,16],"texture":"#rebturret"},"west":{"uv":[5,13,5.5,16],"texture":"#rebturret"},"east":{"uv":[5.5,13,6,16],"texture":"#rebturret"}}},{"from":[7,6.5,13.5],"to":[9.5,9,14],"faces":{"down":{"uv":[15,2.5,12.5,2],"texture":"#rebturret"},"up":{"uv":[12.5,2,15,2.5],"texture":"#rebturret"},"south":{"uv":[12.5,2,15,2.5],"texture":"#rebturret"},"west":{"uv":[12.5,2,15,2.5],"texture":"#rebturret"},"east":{"uv":[12.5,2,15,2.5],"texture":"#rebturret"}}},{"from":[6,14,9],"to":[10.5,14.5,10],"faces":{"up":{"uv":[8,0,9,0.5],"texture":"#rebturret"},"north":{"uv":[8,0,9,0.5],"texture":"#rebturret"},"south":{"uv":[8,0,9,0.5],"texture":"#rebturret"},"west":{"uv":[8,0,9,0.5],"texture":"#rebturret"},"east":{"uv":[8,0,9,0.5],"texture":"#rebturret"}}},{"from":[5,13.5,9],"to":[11.5,14,10.5],"faces":{"up":{"uv":[6.5,0,8,0.5],"texture":"#rebturret"},"north":{"uv":[6.5,0,8,0.5],"texture":"#rebturret"},"south":{"uv":[6.5,0,8,0.5],"texture":"#rebturret"},"west":{"uv":[6.5,0,8,0.5],"texture":"#rebturret"},"east":{"uv":[6.5,0,8,0.5],"texture":"#rebturret"}}},{"from":[7,12.5,4],"to":[9.5,13,13],"faces":{"up":{"uv":[1.5,1,10.5,1.5],"rotation":90,"texture":"#rebturret"},"north":{"uv":[1.5,1,4,1.5],"texture":"#rebturret"},"south":{"uv":[8,1,10.5,1.5],"texture":"#rebturret"},"west":{"uv":[1.5,1,10.5,1.5],"texture":"#rebturret"},"east":{"uv":[1.5,1,10.5,1.5],"texture":"#rebturret"}}},{"from":[6.5,12,3.5],"to":[10,12.5,13.5],"faces":{"up":{"uv":[6,8,7.5,8.5],"texture":"#rebturret"},"north":{"uv":[1,1.5,2.5,2],"texture":"#rebturret"},"south":{"uv":[3.75,8,7.25,8.5],"texture":"#rebturret"},"west":{"uv":[1,1.5,11,2],"texture":"#rebturret"},"east":{"uv":[11,1.5,1,2],"texture":"#rebturret"}}},{"from":[6,11,3],"to":[10.5,11.5,14],"faces":{"down":{"uv":[10,14,5.5,3],"texture":"#rebturret"},"up":{"uv":[7.75,9,3.25,10],"rotation":180,"texture":"#rebturret"},"north":{"uv":[7,6.5,9.5,7],"texture":"#rebturret"},"south":{"uv":[3.25,9,7.75,9.5],"texture":"#rebturret"},"west":{"uv":[2,2.5,11,3],"texture":"#rebturret"},"east":{"uv":[2,2.5,11,3],"texture":"#rebturret"}}},{"from":[6.5,10,2.5],"to":[10,11,14.5],"faces":{"down":{"uv":[12,4,0,3.5],"rotation":90,"texture":"#rebturret"},"up":{"uv":[0,3,12,3.5],"rotation":90,"texture":"#rebturret"},"north":{"uv":[0,3,0.5,4],"texture":"#rebturret"},"south":{"uv":[11.5,3,12,4],"texture":"#rebturret"},"west":{"uv":[0,3,12,4],"texture":"#rebturret"},"east":{"uv":[12,3,0,4],"texture":"#rebturret"}}},{"from":[3.5,9.5,9],"to":[13,13,10.5],"faces":{"down":{"uv":[8,4.5,6.5,4],"rotation":90,"texture":"#rebturret"},"up":{"uv":[6.5,1,8,1.5],"texture":"#rebturret"},"north":{"uv":[7,1,7.5,4.5],"texture":"#rebturret"},"south":{"uv":[7.5,1,8,4.5],"texture":"#rebturret"},"west":{"uv":[6.5,1,8,4.5],"texture":"#rebturret"},"east":{"uv":[8,1,6.5,4.5],"texture":"#rebturret"}}},{"from":[3,12,9],"to":[13.5,12.5,10],"faces":{"up":{"uv":[6.5,1.5,7.5,2],"texture":"#rebturret"},"north":{"uv":[6.5,1.5,7.5,2],"texture":"#rebturret"},"south":{"uv":[6.5,1.5,7.5,2],"texture":"#rebturret"},"west":{"uv":[6.5,1.5,7.5,2],"texture":"#rebturret"},"east":{"uv":[6.5,1.5,7.5,2],"texture":"#rebturret"}}},{"from":[2.5,11,9],"to":[14,12,9.5],"faces":{"up":{"uv":[6.5,2.5,7.5,3],"texture":"#rebturret"},"north":{"uv":[6.5,2.5,7,3.5],"texture":"#rebturret"},"south":{"uv":[6.5,2.5,7,3.5],"texture":"#rebturret"},"west":{"uv":[6.5,2.5,7,3.5],"texture":"#rebturret"},"east":{"uv":[6.5,2.5,7,3.5],"texture":"#rebturret"}}},{"from":[2,10,9],"to":[14.5,11,10],"faces":{"down":{"uv":[7,4,6.5,3],"rotation":180,"texture":"#rebturret"},"up":{"uv":[7,3,7.5,4],"rotation":90,"texture":"#rebturret"},"north":{"uv":[7,3,7.5,3.5],"texture":"#rebturret"},"south":{"uv":[7,3,7.5,4],"texture":"#rebturret"},"west":{"uv":[6.5,3,7.5,4],"texture":"#rebturret"},"east":{"uv":[6.5,3,7.5,4],"texture":"#rebturret"}}},{"from":[7,13.5,5.5],"to":[9.5,14,11.5],"faces":{"up":{"uv":[3,0,9,0.5],"rotation":90,"texture":"#rebturret"},"north":{"uv":[3,0,4,0.5],"texture":"#rebturret"},"south":{"uv":[8,0,9,0.5],"texture":"#rebturret"},"west":{"uv":[3,0,9,0.5],"texture":"#rebturret"},"east":{"uv":[9,0,3,0.5],"texture":"#rebturret"}}},{"from":[6.5,14,10],"to":[10,14.5,10.5],"faces":{"up":{"uv":[8.5,0,9,0.5],"texture":"#rebturret"},"south":{"uv":[8.5,0,9,0.5],"texture":"#rebturret"},"west":{"uv":[8.5,0,9,0.5],"texture":"#rebturret"},"east":{"uv":[8.5,0,9,0.5],"texture":"#rebturret"}}},{"from":[5.5,13.5,6],"to":[11,14,11],"faces":{"up":{"uv":[3.5,0,8.5,0.5],"rotation":90,"texture":"#rebturret"},"north":{"uv":[3,0,3.5,0.5],"texture":"#rebturret"},"south":{"uv":[8,0,8.5,0.5],"texture":"#rebturret"},"west":{"uv":[3.5,0,8.5,0.5],"texture":"#rebturret"},"east":{"uv":[8.5,0,3.5,0.5],"texture":"#rebturret"}}},{"from":[7.5,13,4.5],"to":[9,13.5,12.5],"faces":{"up":{"uv":[2,0.5,10,1],"rotation":90,"texture":"#rebturret"},"north":{"uv":[2,0.5,3.5,1],"texture":"#rebturret"},"south":{"uv":[8.5,0.5,10,1],"texture":"#rebturret"},"west":{"uv":[2,0.5,10,1],"texture":"#rebturret"},"east":{"uv":[10,0.5,2,1],"texture":"#rebturret"}}},{"from":[6,13,5],"to":[10.5,13.5,12],"faces":{"up":{"uv":[2.5,0.5,9.5,1],"rotation":90,"texture":"#rebturret"},"north":{"uv":[3,0.5,3.5,1],"texture":"#rebturret"},"south":{"uv":[9,0.5,9.5,1],"texture":"#rebturret"},"west":{"uv":[2.5,0.5,9.5,1],"texture":"#rebturret"},"east":{"uv":[9.5,0.5,2.5,1],"texture":"#rebturret"}}},{"from":[4.5,12.5,5.5],"to":[12,13.5,11.5],"faces":{"up":{"uv":[3,1,9,1.5],"rotation":90,"texture":"#rebturret"},"north":{"uv":[6.5,0.5,9,1.5],"texture":"#rebturret"},"south":{"uv":[6.5,0.5,9,1.5],"texture":"#rebturret"},"west":{"uv":[3,0.5,9,1.5],"texture":"#rebturret"},"east":{"uv":[9,0.5,3,1.5],"texture":"#rebturret"}}},{"from":[5,12.5,5],"to":[11.5,13,12],"faces":{"up":{"uv":[6.5,1,9,1.5],"texture":"#rebturret"},"north":{"uv":[6.5,1,9,1.5],"texture":"#rebturret"},"south":{"uv":[6.5,1,9,1.5],"texture":"#rebturret"},"west":{"uv":[6.5,1,9,1.5],"texture":"#rebturret"},"east":{"uv":[6.5,1,9,1.5],"texture":"#rebturret"}}},{"from":[5.5,12.5,4.5],"to":[11,13,12.5],"faces":{"up":{"uv":[2,1,10,1.5],"rotation":90,"texture":"#rebturret"},"north":{"uv":[2.5,1,5,1.5],"texture":"#rebturret"},"south":{"uv":[6.5,1,9.5,1.5],"texture":"#rebturret"},"west":{"uv":[2,1,10,1.5],"texture":"#rebturret"},"east":{"uv":[10,1,2,1.5],"texture":"#rebturret"}}},{"from":[5,11.5,4.5],"to":[11.5,12.5,12.5],"faces":{"up":{"uv":[2,1.5,10,2],"rotation":90,"texture":"#rebturret"},"north":{"uv":[2,1.5,2.5,2.5],"texture":"#rebturret"},"south":{"uv":[9.5,1.5,10,2.5],"texture":"#rebturret"},"west":{"uv":[2,1.5,10,2.5],"texture":"#rebturret"},"east":{"uv":[10,1.5,2,2.5],"texture":"#rebturret"}}},{"from":[4.5,11,5],"to":[12,12.5,12],"faces":{"down":{"uv":[5.5,2.5,2.5,1.5],"texture":"#rebturret"},"up":{"uv":[2.5,1.5,5.5,2.5],"texture":"#rebturret"},"north":{"uv":[2.5,1.5,3.5,3],"texture":"#rebturret"},"south":{"uv":[9,1.5,10,3],"texture":"#rebturret"},"west":{"uv":[2.5,1.5,9.5,3],"texture":"#rebturret"},"east":{"uv":[9.5,1.5,2.5,3],"texture":"#rebturret"}}},{"from":[4,10.5,6],"to":[12.5,13,11],"faces":{"up":{"uv":[4.5,0.5,7.5,1.5],"rotation":90,"texture":"#rebturret"},"north":{"uv":[7,1,7.5,3.5],"texture":"#rebturret"},"south":{"uv":[7,1,7.5,3.5],"texture":"#rebturret"},"west":{"uv":[3.5,1,8.5,3.5],"texture":"#rebturret"},"east":{"uv":[8.5,1,3.5,3.5],"texture":"#rebturret"}}},{"from":[3,11,7],"to":[13.5,12,10],"faces":{"up":{"uv":[4.5,2,7.5,3],"rotation":90,"texture":"#rebturret"},"north":{"uv":[7,2,7.5,3],"texture":"#rebturret"},"south":{"uv":[4.5,2,5,3],"texture":"#rebturret"},"west":{"uv":[4.5,2,7.5,3],"texture":"#rebturret"},"east":{"uv":[7.5,2,4.5,3],"texture":"#rebturret"}}},{"from":[6,11.5,3.5],"to":[10.5,12,13.5],"faces":{"up":{"uv":[6.5,1,10,1.5],"texture":"#rebturret"},"north":{"uv":[3.5,8,5,8.5],"texture":"#rebturret"},"south":{"uv":[3.5,8,5,8.5],"texture":"#rebturret"},"west":{"uv":[1,2,11,2.5],"texture":"#rebturret"},"east":{"uv":[11,2,1,2.5],"texture":"#rebturret"}}},{"from":[7,11.5,3],"to":[9.5,12,14],"faces":{"up":{"uv":[4.25,9,6.75,8],"rotation":180,"texture":"#rebturret"},"north":{"uv":[4.25,8,6.75,8.5],"texture":"#rebturret"},"south":{"uv":[4.25,8.5,6.75,9],"texture":"#rebturret"},"west":{"uv":[0.5,2,11.5,2.5],"texture":"#rebturret"},"east":{"uv":[0.5,2,11.5,2.5],"texture":"#rebturret"}}},{"from":[4,13,9],"to":[12.5,13.5,10.5],"faces":{"up":{"uv":[6.5,0.5,8,1],"texture":"#rebturret"},"north":{"uv":[6.5,0.5,8,1],"texture":"#rebturret"},"south":{"uv":[6.5,0.5,8,1],"texture":"#rebturret"},"west":{"uv":[6.5,0.5,8,1],"texture":"#rebturret"},"east":{"uv":[6.5,0.5,8,1],"texture":"#rebturret"}}},{"from":[3,10.5,6],"to":[13.5,11,11],"faces":{"up":{"uv":[3.5,3,8.5,3.5],"rotation":90,"texture":"#rebturret"},"north":{"uv":[3.5,3,4.5,3.5],"texture":"#rebturret"},"south":{"uv":[8,3,9,3.5],"texture":"#rebturret"},"west":{"uv":[3.5,3,8.5,3.5],"texture":"#rebturret"},"east":{"uv":[8.5,3,3.5,3.5],"texture":"#rebturret"}}},{"from":[3,10,5.5],"to":[13.5,10.5,11.5],"faces":{"down":{"uv":[9,4,3,3.5],"rotation":90,"texture":"#rebturret"},"up":{"uv":[3,3.5,9,4],"rotation":90,"texture":"#rebturret"},"north":{"uv":[3,3.5,3.5,4],"texture":"#rebturret"},"south":{"uv":[8.5,3.5,9,4],"texture":"#rebturret"},"west":{"uv":[3,3.5,9,4],"texture":"#rebturret"},"east":{"uv":[9,3.5,3,4],"texture":"#rebturret"}}},{"from":[3,9.5,10],"to":[13.5,11.5,10.5],"faces":{"down":{"uv":[8,4.5,7.5,4],"texture":"#rebturret"},"up":{"uv":[7.5,2.5,8,3],"texture":"#rebturret"},"north":{"uv":[7.5,2.5,8,4.5],"texture":"#rebturret"},"south":{"uv":[7.5,2.5,8,4.5],"texture":"#rebturret"},"west":{"uv":[7.5,2.5,8,4.5],"texture":"#rebturret"},"east":{"uv":[7.5,2.5,8,4.5],"texture":"#rebturret"}}},{"from":[3.5,10.5,5.5],"to":[13,11.5,11.5],"faces":{"up":{"uv":[3,2.5,9,3],"rotation":90,"texture":"#rebturret"},"north":{"uv":[2,2,4.5,3],"texture":"#rebturret"},"south":{"uv":[1,9,10,10],"texture":"#rebturret"},"west":{"uv":[3,2.5,9,3.5],"texture":"#rebturret"},"east":{"uv":[9,2.5,3,3.5],"texture":"#rebturret"}}},{"from":[4,10,11],"to":[12.5,11,12.5],"faces":{"down":{"uv":[10,4,8.5,3.5],"rotation":90,"texture":"#rebturret"},"up":{"uv":[8.5,3,10,3.5],"rotation":90,"texture":"#rebturret"},"north":{"uv":[8.5,3,9,4],"texture":"#rebturret"},"south":{"uv":[9.5,3,10,4],"texture":"#rebturret"},"west":{"uv":[8.5,3,10,4],"texture":"#rebturret"},"east":{"uv":[10,3,8.5,4],"texture":"#rebturret"}}},{"from":[4.5,9.5,12],"to":[12,11.5,13],"faces":{"down":{"uv":[11.5,4.5,9.5,4],"texture":"#rebturret"},"up":{"uv":[6.5,1.5,7.5,2.5],"texture":"#rebturret"},"north":{"uv":[9.5,2.5,10,4.5],"texture":"#rebturret"},"south":{"uv":[9.5,2.5,10,4.5],"texture":"#rebturret"},"west":{"uv":[9.5,2.5,10.5,4.5],"texture":"#rebturret"},"east":{"uv":[10.5,2.5,9.5,4.5],"texture":"#rebturret"}}},{"from":[5,10.5,3.5],"to":[11.5,11.5,13.5],"faces":{"down":{"uv":[3,3.5,2,3],"texture":"#rebturret"},"up":{"uv":[6.5,1.5,7.5,2],"texture":"#rebturret"},"north":{"uv":[1,2.5,1.5,3.5],"texture":"#rebturret"},"south":{"uv":[10.5,2.5,11,3.5],"texture":"#rebturret"},"west":{"uv":[1,2.5,11,3.5],"texture":"#rebturret"},"east":{"uv":[11,2.5,1,3.5],"texture":"#rebturret"}}},{"from":[5.5,10,5.5],"to":[11,11,14],"faces":{"down":{"uv":[11.5,4,11,3.5],"texture":"#rebturret"},"up":{"uv":[11,3,11.5,3.5],"texture":"#rebturret"},"north":{"uv":[11,3,11.5,4],"texture":"#rebturret"},"south":{"uv":[11,3,11.5,4],"texture":"#rebturret"},"west":{"uv":[3,3,11.5,4],"texture":"#rebturret"},"east":{"uv":[11.5,3,3,4],"texture":"#rebturret"}}},{"from":[4,10,12],"to":[12.5,10.5,13],"faces":{"down":{"uv":[10.5,4,9.5,3.5],"texture":"#rebturret"},"up":{"uv":[9.5,3.5,10.5,4],"texture":"#rebturret"},"north":{"uv":[9.5,3.5,11.5,4],"texture":"#rebturret"},"south":{"uv":[9.5,3.5,11.5,4],"texture":"#rebturret"},"west":{"uv":[9.5,3.5,10.5,4],"texture":"#rebturret"},"east":{"uv":[10.5,3.5,9.5,4],"texture":"#rebturret"}}},{"from":[4.5,10,6.5],"to":[12,10.5,13.5],"faces":{"down":{"uv":[12,4,9.5,3.5],"texture":"#rebturret"},"up":{"uv":[9.5,3.5,12,4],"texture":"#rebturret"},"north":{"uv":[9.5,3.5,12,4],"texture":"#rebturret"},"south":{"uv":[9.5,3.5,12,4],"texture":"#rebturret"},"west":{"uv":[3,3.5,11,4],"texture":"#rebturret"},"east":{"uv":[11,3.5,3,4],"texture":"#rebturret"}}},{"from":[6,9.5,13.5],"to":[10.5,10,14],"faces":{"down":{"uv":[7,10.5,4,10],"texture":"#rebturret"},"south":{"uv":[4,10,7,10.5],"texture":"#rebturret"},"west":{"uv":[11,4,11.5,4.5],"texture":"#rebturret"},"east":{"uv":[11,4,11.5,4.5],"texture":"#rebturret"}}},{"from":[5,9.5,13],"to":[11.5,10,13.5],"faces":{"down":{"uv":[11.5,4.5,9.5,4],"texture":"#rebturret"},"south":{"uv":[9.5,4,11.5,4.5],"texture":"#rebturret"},"west":{"uv":[10.5,4,11,4.5],"texture":"#rebturret"},"east":{"uv":[10.5,4,11,4.5],"texture":"#rebturret"}}},{"from":[5,13.5,6.5],"to":[11.5,14,8],"faces":{"up":{"uv":[4,0.5,5.5,1],"rotation":90,"texture":"#rebturret"},"north":{"uv":[3.5,0,4,0.5],"texture":"#rebturret"},"south":{"uv":[5,0,5.5,0.5],"texture":"#rebturret"},"west":{"uv":[4,0,5.5,0.5],"texture":"#rebturret"},"east":{"uv":[5.5,0,4,0.5],"texture":"#rebturret"}}},{"from":[3,9.5,6.5],"to":[13.5,11.5,7],"faces":{"down":{"uv":[4.5,4.5,4,4],"texture":"#rebturret"},"up":{"uv":[4,2.5,4.5,3],"texture":"#rebturret"},"north":{"uv":[4,2.5,4.5,4.5],"texture":"#rebturret"},"south":{"uv":[4,2.5,4.5,4.5],"texture":"#rebturret"},"west":{"uv":[4,2.5,4.5,4.5],"texture":"#rebturret"},"east":{"uv":[4,2.5,4.5,4.5],"texture":"#rebturret"}}},{"from":[5.5,11.5,4],"to":[11,12.5,13],"faces":{"up":{"uv":[2.5,1,5.5,1.5],"texture":"#rebturret"},"north":{"uv":[1.5,1.5,2,2.5],"texture":"#rebturret"},"south":{"uv":[10,1.5,10.5,2.5],"texture":"#rebturret"},"west":{"uv":[1.5,1.5,10.5,2.5],"texture":"#rebturret"},"east":{"uv":[10.5,1.5,1.5,2.5],"texture":"#rebturret"}}},{"from":[4,10.5,5.5],"to":[12.5,12.5,11.5],"faces":{"up":{"uv":[3.5,1.5,5.5,2.5],"texture":"#rebturret"},"north":{"uv":[2.5,1.5,3,3.5],"texture":"#rebturret"},"south":{"uv":[1.5,8,2,10],"texture":"#rebturret"},"west":{"uv":[3,1.5,9,3.5],"texture":"#rebturret"},"east":{"uv":[9,1.5,3,3.5],"texture":"#rebturret"}}},{"from":[4,10.5,4.5],"to":[12.5,11,5.5],"faces":{"down":{"uv":[3,3.5,2,3],"texture":"#rebturret"},"up":{"uv":[2,3,3,3.5],"texture":"#rebturret"},"north":{"uv":[2,3,3,3.5],"texture":"#rebturret"},"west":{"uv":[2,3,3,3.5],"texture":"#rebturret"},"east":{"uv":[2,3,3,3.5],"texture":"#rebturret"}}},{"from":[4.5,10.5,4],"to":[12,11.5,5],"faces":{"down":{"uv":[2.5,3.5,1.5,3],"texture":"#rebturret"},"up":{"uv":[1.5,2.5,2.5,3],"texture":"#rebturret"},"north":{"uv":[1.5,2.5,2.5,3.5],"texture":"#rebturret"},"south":{"uv":[1.5,2.5,2.5,3.5],"texture":"#rebturret"},"west":{"uv":[1.5,2.5,2.5,3.5],"texture":"#rebturret"},"east":{"uv":[2.5,2.5,1.5,3.5],"texture":"#rebturret"}}},{"from":[5.5,10,3],"to":[11,11,4],"faces":{"down":{"uv":[1.5,4,0.5,3.5],"rotation":90,"texture":"#rebturret"},"up":{"uv":[0.5,3,1,3.5],"texture":"#rebturret"},"north":{"uv":[0.5,3,1,4],"texture":"#rebturret"},"south":{"uv":[1,3.5,1.5,4],"texture":"#rebturret"},"west":{"uv":[0.5,3,1.5,4],"texture":"#rebturret"},"east":{"uv":[1.5,3,0.5,4],"texture":"#rebturret"}}},{"from":[3.5,9.5,8],"to":[13,10,11],"faces":{"down":{"uv":[8.5,4.5,5.5,4],"rotation":90,"texture":"#rebturret"},"south":{"uv":[8,4,8.5,4.5],"texture":"#rebturret"},"west":{"uv":[5.5,4,8.5,4.5],"texture":"#rebturret"},"east":{"uv":[8.5,4,5.5,4.5],"texture":"#rebturret"}}},{"from":[4,9,7],"to":[12.5,9.5,10],"faces":{"down":{"uv":[12.5,7,12,6.5],"texture":"#rebturret"},"up":{"uv":[12,6.5,12.5,7],"texture":"#rebturret"},"north":{"uv":[12,6.5,12.5,7],"texture":"#rebturret"},"south":{"uv":[12,6.5,12.5,7],"texture":"#rebturret"},"west":{"uv":[12,6.5,12.5,7],"texture":"#rebturret"},"east":{"uv":[12,6.5,12.5,7],"texture":"#rebturret"}}},{"from":[4.5,9,10],"to":[12,9.5,11],"faces":{"down":{"uv":[12.5,6.5,12,6],"texture":"#rebturret"},"south":{"uv":[12,5.5,12.5,6],"texture":"#rebturret"},"west":{"uv":[12,5.5,12.5,6.5],"texture":"#rebturret"},"east":{"uv":[12,5.5,12.5,6.5],"texture":"#rebturret"}}},{"from":[5.5,9,11],"to":[11,9.5,12],"faces":{"down":{"uv":[12.5,5.5,12,4.5],"texture":"#rebturret"},"south":{"uv":[12,4.5,12.5,5],"texture":"#rebturret"},"west":{"uv":[12,4.5,12.5,5],"texture":"#rebturret"},"east":{"uv":[12,4.5,12.5,5],"texture":"#rebturret"}}},{"from":[6.5,9,12],"to":[10,9.5,13],"faces":{"down":{"uv":[12.5,4,12,3],"texture":"#rebturret"},"south":{"uv":[12,3.5,12.5,4],"texture":"#rebturret"},"west":{"uv":[12,3,12.5,4],"rotation":90,"texture":"#rebturret"},"east":{"uv":[12,3,12.5,4],"texture":"#rebturret"}}},{"from":[4,9.5,11],"to":[12.5,10,12],"faces":{"down":{"uv":[9.5,4.5,8.5,4],"rotation":90,"texture":"#rebturret"},"south":{"uv":[9,4,9.5,4.5],"texture":"#rebturret"},"west":{"uv":[8.5,4,9.5,4.5],"texture":"#rebturret"},"east":{"uv":[9.5,4,8.5,4.5],"texture":"#rebturret"}}},{"from":[3.5,12,8],"to":[13,12.5,9],"faces":{"up":{"uv":[5.5,1.5,6.5,2],"rotation":90,"texture":"#rebturret"},"west":{"uv":[5.5,1.5,6.5,2],"texture":"#rebturret"},"east":{"uv":[6.5,1.5,5.5,2],"texture":"#rebturret"}}},{"from":[6,14,7],"to":[10.5,14.5,8],"faces":{"up":{"uv":[8,0,9,0.5],"texture":"#rebturret"},"north":{"uv":[8,0,9,0.5],"texture":"#rebturret"},"south":{"uv":[8,0,9,0.5],"texture":"#rebturret"},"west":{"uv":[8,0,9,0.5],"texture":"#rebturret"},"east":{"uv":[8,0,9,0.5],"texture":"#rebturret"}}},{"from":[6.5,14,6.5],"to":[10,14.5,7],"faces":{"up":{"uv":[8.5,0,9,0.5],"texture":"#rebturret"},"north":{"uv":[8.5,0,9,0.5],"texture":"#rebturret"},"west":{"uv":[8.5,0,9,0.5],"texture":"#rebturret"},"east":{"uv":[8.5,0,9,0.5],"texture":"#rebturret"}}},{"from":[4,13,6.5],"to":[12.5,13.5,8],"faces":{"up":{"uv":[6.5,0.5,8,1],"texture":"#rebturret"},"north":{"uv":[6.5,0.5,8,1],"texture":"#rebturret"},"south":{"uv":[6.5,0.5,8,1],"texture":"#rebturret"},"west":{"uv":[6.5,0.5,8,1],"texture":"#rebturret"},"east":{"uv":[6.5,0.5,8,1],"texture":"#rebturret"}}},{"from":[7.75,12,13.5],"to":[8.75,12.5,14],"faces":{"up":{"uv":[5,8.5,6,8],"rotation":180,"texture":"#rebturret"},"south":{"uv":[5,8,6,8.5],"texture":"#rebturret"},"west":{"uv":[5,8,6,8.5],"texture":"#rebturret"},"east":{"uv":[5,8,6,8.5],"texture":"#rebturret"}}},{"from":[2.5,10,6.5],"to":[14,11,10.5],"faces":{"down":{"uv":[8,4,4,3.5],"rotation":90,"texture":"#rebturret"},"up":{"uv":[4,3,8,3.5],"rotation":90,"texture":"#rebturret"},"north":{"uv":[4,3,4.5,4],"texture":"#rebturret"},"south":{"uv":[7.5,3,8,4],"texture":"#rebturret"},"west":{"uv":[4,3,8,4],"texture":"#rebturret"},"east":{"uv":[8,3,4,4],"texture":"#rebturret"}}},{"from":[3.5,9.5,6.5],"to":[13,13,8],"faces":{"down":{"uv":[5.5,4.5,4,4],"rotation":90,"texture":"#rebturret"},"up":{"uv":[4,1,5.5,1.5],"rotation":90,"texture":"#rebturret"},"north":{"uv":[4,1,4.5,4.5],"texture":"#rebturret"},"south":{"uv":[5,1,5.5,4.5],"texture":"#rebturret"},"west":{"uv":[4,1,5.5,4.5],"texture":"#rebturret"},"east":{"uv":[5.5,1,4,4.5],"texture":"#rebturret"}}},{"from":[3,12,7],"to":[13.5,12.5,8],"faces":{"up":{"uv":[6.5,1.5,7.5,2],"texture":"#rebturret"},"north":{"uv":[6.5,1.5,7.5,2],"texture":"#rebturret"},"south":{"uv":[6.5,1.5,7.5,2],"texture":"#rebturret"},"west":{"uv":[6.5,1.5,7.5,2],"texture":"#rebturret"},"east":{"uv":[6.5,1.5,7.5,2],"texture":"#rebturret"}}},{"from":[2.5,11,7.5],"to":[14,12,8],"faces":{"up":{"uv":[6.5,2.5,7.5,3],"texture":"#rebturret"},"north":{"uv":[6.5,2.5,7,3.5],"texture":"#rebturret"},"south":{"uv":[6.5,2.5,7,3.5],"texture":"#rebturret"},"west":{"uv":[6.5,2.5,7,3.5],"texture":"#rebturret"},"east":{"uv":[6.5,2.5,7,3.5],"texture":"#rebturret"}}},{"from":[2,10,7],"to":[14.5,11,8],"faces":{"down":{"uv":[5,4,4.5,3.5],"rotation":90,"texture":"#rebturret"},"up":{"uv":[5,3,5.5,4],"rotation":90,"texture":"#rebturret"},"north":{"uv":[4.5,3,5,3.5],"texture":"#rebturret"},"south":{"uv":[4.5,3,5,4],"texture":"#rebturret"},"west":{"uv":[4.5,3,5.5,4],"texture":"#rebturret"},"east":{"uv":[4.5,3,5.5,4],"texture":"#rebturret"}}},{"from":[5,13.5,6],"to":[5.5,15.5,6.5],"faces":{"north":{"uv":[4,0,4.5,1],"texture":"#rebturret"},"south":{"uv":[4,0,4.5,1],"texture":"#rebturret"},"west":{"uv":[4,0,4.5,1],"texture":"#rebturret"},"east":{"uv":[4,0,4.5,1],"texture":"#rebturret"}}},{"from":[5,15.5,6],"to":[5.5,16.5,6.5],"faces":{"up":{"uv":[4.5,0,5,0.5],"texture":"#rebturret"},"north":{"uv":[4.5,0,5,1.5],"texture":"#rebturret"},"south":{"uv":[4.5,0,5,1.5],"texture":"#rebturret"},"west":{"uv":[4.5,0,5,1.5],"texture":"#rebturret"},"east":{"uv":[4.5,0,5,1.5],"texture":"#rebturret"}}},{"from":[7.5,4.5,14],"to":[9,5,14.5],"faces":{"down":{"uv":[12,5.5,11.5,5],"rotation":90,"texture":"#rebturret"},"up":{"uv":[10.5,4.5,11.5,5],"rotation":90,"texture":"#rebturret"},"south":{"uv":[11,4.5,11.5,5],"texture":"#rebturret"},"west":{"uv":[10.5,4.5,11.5,5],"texture":"#rebturret"},"east":{"uv":[11.5,4.5,10,5],"texture":"#rebturret"}}},{"from":[6.5,5,14],"to":[7.5,5.5,14.5],"faces":{"down":{"uv":[11.5,5,10,4.5],"rotation":90,"texture":"#rebturret"},"up":{"uv":[9.5,4.5,11.5,5],"rotation":90,"texture":"#rebturret"},"south":{"uv":[11,4.5,11.5,5],"texture":"#rebturret"},"west":{"uv":[10,4.5,11.5,5],"texture":"#rebturret"},"east":{"uv":[11.5,4.5,10,5],"texture":"#rebturret"}}},{"from":[9,5,14],"to":[10,5.5,14.5],"faces":{"down":{"uv":[11.5,5,10,4.5],"rotation":90,"texture":"#rebturret"},"up":{"uv":[10,4.5,11.5,5],"rotation":90,"texture":"#rebturret"},"south":{"uv":[11,4.5,11.5,5],"texture":"#rebturret"},"west":{"uv":[9.5,4.5,11.5,5],"texture":"#rebturret"},"east":{"uv":[11.5,4.5,10,5],"texture":"#rebturret"}}},{"from":[6.5,4,3],"to":[10,4.5,14],"faces":{"down":{"uv":[10,7.5,8.5,7],"texture":"#rebturret"},"up":{"uv":[7.75,9,3.25,10],"rotation":180,"texture":"#rebturret"},"north":{"uv":[10.5,6,11.5,6.5],"texture":"#rebturret"},"south":{"uv":[10.5,6,11.5,6.5],"texture":"#rebturret"},"west":{"uv":[0.5,6,11.5,6.5],"texture":"#rebturret"},"east":{"uv":[0.5,6,11.5,6.5],"texture":"#rebturret"}}},{"from":[6.5,1.5,10],"to":[10,2,10.5],"faces":{"down":{"uv":[8.5,7.5,8,7],"texture":"#rebturret"},"south":{"uv":[7.5,7.5,8,8],"texture":"#rebturret"},"west":{"uv":[8.5,7,9,7.5],"texture":"#rebturret"},"east":{"uv":[9,7,9.5,7.5],"texture":"#rebturret"}}},{"from":[6,1.5,7],"to":[10.5,2,8],"faces":{"down":{"uv":[5,8,4,7.5],"texture":"#rebturret"},"north":{"uv":[3,7.5,4,8],"texture":"#rebturret"},"south":{"uv":[3,7.5,4,8],"texture":"#rebturret"},"west":{"uv":[3.5,7.5,4.5,8],"texture":"#rebturret"},"east":{"uv":[3.5,7.5,4.5,8],"texture":"#rebturret"}}},{"from":[5,2,9],"to":[11.5,2.5,10.5],"faces":{"down":{"uv":[8,8,6.5,7.5],"texture":"#rebturret"},"north":{"uv":[6.5,7.5,8,8],"texture":"#rebturret"},"south":{"uv":[6.5,7.5,8,8],"texture":"#rebturret"},"west":{"uv":[6.5,7.5,8,8],"texture":"#rebturret"},"east":{"uv":[6.5,7.5,8,8],"texture":"#rebturret"}}},{"from":[5.5,2,6],"to":[11,2.5,11],"faces":{"down":{"uv":[8.5,8,3.5,7.5],"rotation":90,"texture":"#rebturret"},"north":{"uv":[2.5,7.5,3,8],"texture":"#rebturret"},"south":{"uv":[8,7.5,8.5,8],"texture":"#rebturret"},"west":{"uv":[3.5,7.5,8.5,8],"texture":"#rebturret"},"east":{"uv":[8.5,7.5,3.5,8],"texture":"#rebturret"}}},{"from":[7,2,5.5],"to":[9.5,2.5,11.5],"faces":{"down":{"uv":[9,8,3,7.5],"rotation":90,"texture":"#rebturret"},"north":{"uv":[3,7.5,4,8],"texture":"#rebturret"},"south":{"uv":[7,7.5,8,8],"texture":"#rebturret"},"west":{"uv":[3,7.5,9,8],"texture":"#rebturret"},"east":{"uv":[9,7.5,3,8],"texture":"#rebturret"}}},{"from":[4,2.5,9],"to":[12.5,3,10.5],"faces":{"down":{"uv":[8,8,6.5,7.5],"texture":"#rebturret"},"north":{"uv":[6.5,7.5,8,8],"texture":"#rebturret"},"south":{"uv":[6.5,7.5,8,8],"texture":"#rebturret"},"west":{"uv":[6.5,7.5,8,8],"texture":"#rebturret"},"east":{"uv":[6.5,7.5,8,8],"texture":"#rebturret"}}},{"from":[4.5,2.5,5.5],"to":[12,3.5,11.5],"faces":{"down":{"uv":[9,8,3,7.5],"rotation":90,"texture":"#rebturret"},"north":{"uv":[3,7,4,8],"texture":"#rebturret"},"south":{"uv":[8.5,7,9,8],"texture":"#rebturret"},"west":{"uv":[3,7,9,8],"texture":"#rebturret"},"east":{"uv":[9,7,3,8],"texture":"#rebturret"}}},{"from":[6,2.5,5],"to":[10.5,3,12],"faces":{"down":{"uv":[9.5,8,6.5,7.5],"rotation":90,"texture":"#rebturret"},"north":{"uv":[2.5,7.5,3,8],"texture":"#rebturret"},"south":{"uv":[9,7.5,9.5,8],"texture":"#rebturret"},"west":{"uv":[2.5,7.5,9.5,8],"texture":"#rebturret"},"east":{"uv":[9.5,7.5,2.5,8],"texture":"#rebturret"}}},{"from":[7.5,2.5,4.5],"to":[9,3,12.5],"faces":{"down":{"uv":[10,7.5,2,8],"rotation":90,"texture":"#rebturret"},"north":{"uv":[2,7.5,3.5,8],"texture":"#rebturret"},"south":{"uv":[8,7,9.5,7.5],"texture":"#rebturret"},"west":{"uv":[2,7.5,10,8],"texture":"#rebturret"},"east":{"uv":[10,7.5,2,8],"texture":"#rebturret"}}},{"from":[5,3,5],"to":[11.5,3.5,12],"faces":{"down":{"uv":[9.5,7,2.5,7.5],"rotation":90,"texture":"#rebturret"},"north":{"uv":[2.5,7,5,7.5],"texture":"#rebturret"},"south":{"uv":[8,7,10.5,7.5],"texture":"#rebturret"},"west":{"uv":[2.5,7,9.5,7.5],"texture":"#rebturret"},"east":{"uv":[9.5,7,2.5,7.5],"texture":"#rebturret"}}},{"from":[5.5,3,4.5],"to":[11,3.5,12.5],"faces":{"down":{"uv":[10,7.5,2,7],"rotation":90,"texture":"#rebturret"},"north":{"uv":[2,7.5,4.5,8],"texture":"#rebturret"},"south":{"uv":[7,7.5,10,8],"texture":"#rebturret"},"west":{"uv":[2,7,10,7.5],"texture":"#rebturret"},"east":{"uv":[10,7,2,7.5],"texture":"#rebturret"}}},{"from":[7,3,4],"to":[9.5,3.5,13],"faces":{"down":{"uv":[10.5,7.5,1.5,7],"rotation":90,"texture":"#rebturret"},"north":{"uv":[2,7.5,4.5,8],"texture":"#rebturret"},"south":{"uv":[7.5,7.5,10,8],"texture":"#rebturret"},"west":{"uv":[1.5,7,10.5,7.5],"texture":"#rebturret"},"east":{"uv":[1.5,7,10.5,7.5],"texture":"#rebturret"}}},{"from":[3.5,3,9],"to":[13,4.5,10.5],"faces":{"down":{"uv":[8,7.5,6.5,7],"rotation":90,"texture":"#rebturret"},"north":{"uv":[6.5,6,7,7.5],"texture":"#rebturret"},"south":{"uv":[7.5,6,8,7.5],"texture":"#rebturret"},"west":{"uv":[6.5,6,8,7.5],"texture":"#rebturret"},"east":{"uv":[8,6,6.5,7.5],"texture":"#rebturret"}}},{"from":[3.5,3,6.5],"to":[13,4.5,8],"faces":{"down":{"uv":[5.5,7.5,4,7],"rotation":90,"texture":"#rebturret"},"north":{"uv":[4,6,4.5,7.5],"texture":"#rebturret"},"south":{"uv":[5,6,5.5,7.5],"texture":"#rebturret"},"west":{"uv":[4,6,5.5,7.5],"texture":"#rebturret"},"east":{"uv":[5.5,6,4,7.5],"texture":"#rebturret"}}},{"from":[4,3,6],"to":[12.5,3.5,11],"faces":{"down":{"uv":[8.5,7.5,3.5,7],"rotation":90,"texture":"#rebturret"},"north":{"uv":[3.5,7,4,7.5],"texture":"#rebturret"},"south":{"uv":[8,7,8.5,7.5],"texture":"#rebturret"},"west":{"uv":[3.5,7,8.5,7.5],"texture":"#rebturret"},"east":{"uv":[8.5,7,3.5,7.5],"texture":"#rebturret"}}},{"from":[6.5,3.5,3.5],"to":[10,4,13.5],"faces":{"down":{"uv":[9.5,8,8,7.5],"texture":"#rebturret"},"north":{"uv":[8,7.5,9.5,8],"texture":"#rebturret"},"south":{"uv":[6.5,7.5,10,8],"texture":"#rebturret"},"west":{"uv":[1,6.5,11,7],"texture":"#rebturret"},"east":{"uv":[11,6.5,1,7],"texture":"#rebturret"}}},{"from":[5,3.5,4.5],"to":[11.5,4.5,12.5],"faces":{"down":{"uv":[10,7,8,6.5],"rotation":90,"texture":"#rebturret"},"north":{"uv":[2,6,2.5,7],"texture":"#rebturret"},"south":{"uv":[9.5,6,10,7],"texture":"#rebturret"},"west":{"uv":[2,6,10,7],"texture":"#rebturret"},"east":{"uv":[10,6,2,7],"texture":"#rebturret"}}},{"from":[4.5,3.5,5],"to":[12,5,12],"faces":{"down":{"uv":[9.5,7,7,6.5],"texture":"#rebturret"},"up":{"uv":[1.5,5.5,3,6],"texture":"#rebturret"},"north":{"uv":[2,5.5,3,7],"texture":"#rebturret"},"south":{"uv":[9,5.5,9.5,7],"texture":"#rebturret"},"west":{"uv":[2.5,5.5,9.5,7],"texture":"#rebturret"},"east":{"uv":[9.5,5.5,2.5,7],"texture":"#rebturret"}}},{"from":[4,3.5,5.5],"to":[12.5,4.5,11.5],"faces":{"down":{"uv":[9.5,7,7,6.5],"rotation":90,"texture":"#rebturret"},"north":{"uv":[2,6,2.5,7],"texture":"#rebturret"},"south":{"uv":[8,6,8.5,7],"texture":"#rebturret"},"west":{"uv":[2.5,6,8.5,7],"texture":"#rebturret"},"east":{"uv":[8.5,6,2.5,7],"texture":"#rebturret"}}},{"from":[3,3.5,9],"to":[13.5,4,10],"faces":{"down":{"uv":[7.5,7,6.5,6.5],"rotation":90,"texture":"#rebturret"},"north":{"uv":[6.5,6.5,7,7],"texture":"#rebturret"},"south":{"uv":[7,6.5,7.5,7],"texture":"#rebturret"},"west":{"uv":[6.5,6.5,7.5,7],"texture":"#rebturret"},"east":{"uv":[7.5,6.5,6.5,7],"texture":"#rebturret"}}},{"from":[3,3.5,7],"to":[13.5,4,8],"faces":{"down":{"uv":[5.5,7,4.5,6.5],"rotation":90,"texture":"#rebturret"},"north":{"uv":[4.5,6.5,5,7],"texture":"#rebturret"},"south":{"uv":[5,6.5,5.5,7],"texture":"#rebturret"},"west":{"uv":[4.5,6.5,5.5,7],"texture":"#rebturret"},"east":{"uv":[5.5,6.5,4.5,7],"texture":"#rebturret"}}},{"from":[3.5,3.5,8],"to":[13,4,9],"faces":{"down":{"uv":[6.5,7,5.5,6.5],"rotation":90,"texture":"#rebturret"},"west":{"uv":[5.5,6.5,6.5,7],"texture":"#rebturret"},"east":{"uv":[6.5,6.5,5.5,7],"texture":"#rebturret"}}},{"from":[3,4,7],"to":[13.5,5,10],"faces":{"down":{"uv":[7.5,6.5,4.5,5.5],"rotation":90,"texture":"#rebturret"},"north":{"uv":[4.5,5.5,5,6.5],"texture":"#rebturret"},"south":{"uv":[7,5.5,7.5,6.5],"texture":"#rebturret"},"west":{"uv":[4.5,5.5,7.5,6.5],"texture":"#rebturret"},"east":{"uv":[7.5,5.5,4.5,6.5],"texture":"#rebturret"}}},{"from":[2.5,4,7.5],"to":[14,5,8],"faces":{"down":{"uv":[5.5,6,4.5,5.5],"texture":"#rebturret"},"north":{"uv":[5,5.5,5.5,6.5],"texture":"#rebturret"},"south":{"uv":[5,5.5,5.5,6.5],"texture":"#rebturret"},"west":{"uv":[5,5.5,5.5,6.5],"texture":"#rebturret"},"east":{"uv":[5,5.5,5.5,6.5],"texture":"#rebturret"}}},{"from":[3,4.5,10],"to":[13.5,5,10.5],"faces":{"down":{"uv":[8,5.5,7.5,5],"texture":"#rebturret"},"south":{"uv":[7.5,5,8,5.5],"texture":"#rebturret"},"west":{"uv":[7.5,5,8,5.5],"texture":"#rebturret"},"east":{"uv":[7.5,5,8,5.5],"texture":"#rebturret"}}},{"from":[3.5,4.5,5.5],"to":[13,5.5,11.5],"faces":{"down":{"uv":[7.5,12.5,7,12],"rotation":90,"texture":"#rebturret"},"up":{"uv":[3,5,9,5.5],"rotation":90,"texture":"#rebturret"},"north":{"uv":[3,5,3.5,6],"texture":"#rebturret"},"south":{"uv":[1,11,10,12],"texture":"#rebturret"},"west":{"uv":[3,5,9,6],"texture":"#rebturret"},"east":{"uv":[9,5,3,6],"texture":"#rebturret"}}},{"from":[4.5,4.5,12],"to":[12,5.5,13],"faces":{"down":{"uv":[11,5.5,10,5],"texture":"#rebturret"},"up":{"uv":[9.5,5,10.5,5.5],"texture":"#rebturret"},"north":{"uv":[9.5,5,10,6],"texture":"#rebturret"},"south":{"uv":[10,5,10.5,6],"texture":"#rebturret"},"west":{"uv":[9.5,5,10.5,6],"texture":"#rebturret"},"east":{"uv":[10.5,5,9.5,6],"texture":"#rebturret"}}},{"from":[6.5,6,12],"to":[10,6.5,13],"faces":{"down":{"uv":[12.5,4,12,3],"texture":"#rebturret"},"up":{"uv":[12,3,12.5,4],"texture":"#rebturret"},"south":{"uv":[12,3.5,12.5,4],"texture":"#rebturret"},"west":{"uv":[12,3,12.5,4],"rotation":90,"texture":"#rebturret"},"east":{"uv":[12,3,12.5,4],"texture":"#rebturret"}}},{"from":[5.5,6,11],"to":[11,6.5,12],"faces":{"down":{"uv":[12.5,5.5,12,4.5],"texture":"#rebturret"},"up":{"uv":[12,4.5,12.5,5.5],"texture":"#rebturret"},"south":{"uv":[12,4.5,12.5,5],"texture":"#rebturret"},"west":{"uv":[12,4.5,12.5,5],"texture":"#rebturret"},"east":{"uv":[12,4.5,12.5,5],"texture":"#rebturret"}}},{"from":[4.5,6,10],"to":[12,6.5,11],"faces":{"down":{"uv":[12.5,6.5,12,6],"texture":"#rebturret"},"up":{"uv":[12,6,12.5,6.5],"texture":"#rebturret"},"south":{"uv":[12,5.5,12.5,6],"texture":"#rebturret"},"west":{"uv":[12,5.5,12.5,6.5],"texture":"#rebturret"},"east":{"uv":[12,5.5,12.5,6.5],"texture":"#rebturret"}}},{"from":[4,6,7],"to":[12.5,6.5,10],"faces":{"up":{"uv":[12,6.5,12.5,7],"texture":"#rebturret"},"north":{"uv":[12,6.5,12.5,7],"texture":"#rebturret"},"south":{"uv":[12,6.5,12.5,7],"texture":"#rebturret"},"west":{"uv":[12,6.5,12.5,7],"texture":"#rebturret"},"east":{"uv":[12,6.5,12.5,7],"texture":"#rebturret"}}},{"from":[5,5.5,13.5],"to":[6.5,6,14],"faces":{"down":{"uv":[11.5,5,10.5,4.5],"texture":"#rebturret"},"up":{"uv":[10.5,4.5,11.5,5],"texture":"#rebturret"},"south":{"uv":[11,4.5,11.5,5],"texture":"#rebturret"},"west":{"uv":[11,4.5,11.5,5],"texture":"#rebturret"},"east":{"uv":[11.5,4.5,11,5],"texture":"#rebturret"}}},{"from":[5.5,3.5,4],"to":[11,4.5,13],"faces":{"down":{"uv":[9.5,8,6.5,7.5],"texture":"#rebturret"},"north":{"uv":[1.5,6,2,7],"texture":"#rebturret"},"south":{"uv":[10.5,5.5,11,6.5],"texture":"#rebturret"},"west":{"uv":[1.5,6,10.5,7],"texture":"#rebturret"},"east":{"uv":[10.5,6,1.5,7],"texture":"#rebturret"}}},{"from":[4,5,11.5],"to":[12.5,6,12.5],"faces":{"down":{"uv":[10,5.5,9,5],"rotation":90,"texture":"#rebturret"},"up":{"uv":[8,4.5,9,5],"rotation":90,"texture":"#rebturret"},"north":{"uv":[8.5,4.5,9,5.5],"texture":"#rebturret"},"south":{"uv":[9,4.5,9.5,5.5],"texture":"#rebturret"},"west":{"uv":[8.5,4.5,9.5,5.5],"texture":"#rebturret"},"east":{"uv":[9.5,4.5,8.5,5.5],"texture":"#rebturret"}}},{"from":[5.5,4.5,13.5],"to":[11,5.5,14],"faces":{"down":{"uv":[11.5,6,11,5.5],"texture":"#rebturret"},"up":{"uv":[11,5,11.5,5.5],"texture":"#rebturret"},"south":{"uv":[11,5,11.5,6],"texture":"#rebturret"},"west":{"uv":[11,5,11.5,6],"texture":"#rebturret"},"east":{"uv":[11.5,5,11,6],"texture":"#rebturret"}}},{"from":[5,4.5,3.5],"to":[11.5,5.5,13.5],"faces":{"down":{"uv":[11,6,1,5.5],"rotation":90,"texture":"#rebturret"},"up":{"uv":[1,5,11,5.5],"rotation":90,"texture":"#rebturret"},"north":{"uv":[1,5,1.5,6],"texture":"#rebturret"},"south":{"uv":[10.5,5,11,6],"texture":"#rebturret"},"west":{"uv":[1,5,11,6],"texture":"#rebturret"},"east":{"uv":[11,5,1,6],"texture":"#rebturret"}}},{"from":[2,5,9],"to":[14.5,6,10],"faces":{"down":{"uv":[7,5.5,6.5,5],"rotation":180,"texture":"#rebturret"},"up":{"uv":[7,4.5,7.5,5],"rotation":90,"texture":"#rebturret"},"north":{"uv":[6.5,4.5,7,5.5],"texture":"#rebturret"},"south":{"uv":[7,4.5,7.5,5.5],"texture":"#rebturret"},"west":{"uv":[6.5,4.5,7.5,5.5],"texture":"#rebturret"},"east":{"uv":[6.5,4.5,7.5,5.5],"texture":"#rebturret"}}},{"from":[2,5,7],"to":[14.5,6,8],"faces":{"down":{"uv":[5,6,4.5,5],"rotation":180,"texture":"#rebturret"},"up":{"uv":[4.5,4.5,5.5,5],"rotation":90,"texture":"#rebturret"},"north":{"uv":[4.5,4.5,5,5.5],"texture":"#rebturret"},"south":{"uv":[5,4.5,5.5,5.5],"texture":"#rebturret"},"west":{"uv":[4.5,4.5,5.5,5.5],"texture":"#rebturret"},"east":{"uv":[4.5,4.5,5.5,5.5],"texture":"#rebturret"}}},{"from":[2.5,5,6.5],"to":[14,6,10.5],"faces":{"down":{"uv":[8,5.5,4,5],"rotation":90,"texture":"#rebturret"},"up":{"uv":[4,4.5,8,5],"rotation":90,"texture":"#rebturret"},"north":{"uv":[4,4.5,4.5,5.5],"texture":"#rebturret"},"south":{"uv":[7.5,4.5,8,5.5],"texture":"#rebturret"},"west":{"uv":[4,4.5,8,5.5],"texture":"#rebturret"},"east":{"uv":[8,4.5,4,5.5],"texture":"#rebturret"}}},{"from":[3,5.5,10.5],"to":[13.5,6,11.5],"faces":{"down":{"uv":[7.5,5,6.5,4.5],"rotation":90,"texture":"#rebturret"},"up":{"uv":[6.5,4.5,7.5,5],"rotation":90,"texture":"#rebturret"},"south":{"uv":[8,4.5,8.5,5],"texture":"#rebturret"},"west":{"uv":[8,4.5,9,5],"texture":"#rebturret"},"east":{"uv":[9,4.5,8,5],"texture":"#rebturret"}}},{"from":[3,4.5,6.5],"to":[13.5,5,7],"faces":{"down":{"uv":[4.5,6,4,5.5],"texture":"#rebturret"},"north":{"uv":[4,5,4.5,6.5],"texture":"#rebturret"},"west":{"uv":[4,5.5,4.5,6],"texture":"#rebturret"},"east":{"uv":[4,5.5,4.5,6],"texture":"#rebturret"}}},{"from":[4.5,5.5,13],"to":[12,6,13.5],"faces":{"down":{"uv":[11.5,5,9,4.5],"texture":"#rebturret"},"up":{"uv":[9,4.5,11.5,5],"texture":"#rebturret"},"south":{"uv":[3,10.5,8,11],"texture":"#rebturret"},"west":{"uv":[8,4.5,11.5,5],"texture":"#rebturret"},"east":{"uv":[11.5,4.5,8,5],"texture":"#rebturret"}}},{"from":[4,5.5,12.5],"to":[12.5,6,13],"faces":{"down":{"uv":[7.5,5,6.5,4.5],"texture":"#rebturret"},"up":{"uv":[6.5,4.5,7.5,5],"texture":"#rebturret"},"south":{"uv":[6.5,4.5,8.5,5],"texture":"#rebturret"},"west":{"uv":[6.5,4.5,7.5,5],"texture":"#rebturret"},"east":{"uv":[7.5,4.5,6.5,5],"texture":"#rebturret"}}},{"from":[3.5,5.5,11.5],"to":[13,6,12],"faces":{"down":{"uv":[8.5,5,7.5,4.5],"texture":"#rebturret"},"up":{"uv":[7.5,4.5,8.5,5],"texture":"#rebturret"},"south":{"uv":[7.5,4.5,9.5,5],"texture":"#rebturret"},"west":{"uv":[9,4.5,10,5],"texture":"#rebturret"},"east":{"uv":[10,4.5,9,5],"texture":"#rebturret"}}},{"from":[3,5,6],"to":[13.5,5.5,11],"faces":{"down":{"uv":[8.5,5.5,3.5,5],"rotation":90,"texture":"#rebturret"},"up":{"uv":[3.5,5,8.5,5.5],"rotation":90,"texture":"#rebturret"},"north":{"uv":[3,5,4,5.5],"texture":"#rebturret"},"south":{"uv":[8,5,9,5.5],"texture":"#rebturret"},"west":{"uv":[3.5,5,8.5,5.5],"texture":"#rebturret"},"east":{"uv":[8.5,5,3.5,5.5],"texture":"#rebturret"}}},{"from":[4,4.5,4.5],"to":[12.5,5,5.5],"faces":{"down":{"uv":[3,6,2,5.5],"texture":"#rebturret"},"up":{"uv":[2,5.5,3,6],"texture":"#rebturret"},"north":{"uv":[2,5.5,3,6],"texture":"#rebturret"},"west":{"uv":[2,5.5,3,6],"texture":"#rebturret"},"east":{"uv":[2,5.5,3,6],"texture":"#rebturret"}}},{"from":[4.5,4.5,4],"to":[12,5,4.5],"faces":{"down":{"uv":[2,6,1.5,5.5],"rotation":90,"texture":"#rebturret"},"up":{"uv":[1.5,5.5,2,6],"rotation":90,"texture":"#rebturret"},"north":{"uv":[1.5,5.5,2,6],"texture":"#rebturret"},"west":{"uv":[1.5,5.5,2,6],"texture":"#rebturret"},"east":{"uv":[2,5.5,1.5,6],"texture":"#rebturret"}}},{"from":[4.5,5,3],"to":[12,5.5,4],"faces":{"down":{"uv":[1.5,5.5,0.5,5],"texture":"#rebturret"},"up":{"uv":[0.5,5,1.5,5.5],"texture":"#rebturret"},"north":{"uv":[0.5,5,1.5,5.5],"texture":"#rebturret"},"south":{"uv":[0.5,5,1.5,5.5],"texture":"#rebturret"},"west":{"uv":[0.5,5,1.5,5.5],"texture":"#rebturret"},"east":{"uv":[0.5,5,1.5,5.5],"texture":"#rebturret"}}},{"from":[5.5,4.5,3],"to":[11,5,3.5],"faces":{"down":{"uv":[10,8,7,7.5],"rotation":90,"texture":"#rebturret"},"north":{"uv":[8,7,8.5,8],"texture":"#rebturret"},"west":{"uv":[8,7,10.5,7.5],"texture":"#rebturret"},"east":{"uv":[10,7,8.5,7.5],"texture":"#rebturret"}}},{"from":[5.5,5,2.5],"to":[11,5.5,3],"faces":{"down":{"uv":[1,5.5,0,5],"texture":"#rebturret"},"up":{"uv":[0,5,1,5.5],"texture":"#rebturret"},"north":{"uv":[0,5,1,5.5],"texture":"#rebturret"},"west":{"uv":[0,5,0.5,5.5],"texture":"#rebturret"},"east":{"uv":[0,5,0.5,5.5],"texture":"#rebturret"}}},{"from":[10,5.5,13.5],"to":[11.5,6,14],"faces":{"down":{"uv":[11.5,5,10.5,4.5],"texture":"#rebturret"},"up":{"uv":[10.5,4.5,11.5,5],"texture":"#rebturret"},"south":{"uv":[11,4.5,11.5,5],"texture":"#rebturret"},"west":{"uv":[11,4.5,11.5,5],"texture":"#rebturret"},"east":{"uv":[11.5,4.5,11,5],"texture":"#rebturret"}}},{"from":[2.5,4,9],"to":[14,5,9.5],"faces":{"down":{"uv":[5.5,6,4.5,5.5],"texture":"#rebturret"},"north":{"uv":[5,5.5,5.5,6.5],"texture":"#rebturret"},"south":{"uv":[5,5.5,5.5,6.5],"texture":"#rebturret"},"west":{"uv":[5,5.5,5.5,6.5],"texture":"#rebturret"},"east":{"uv":[5,5.5,5.5,6.5],"texture":"#rebturret"}}},{"from":[4,2.5,6.5],"to":[12.5,3,8],"faces":{"down":{"uv":[8,8,6.5,7.5],"texture":"#rebturret"},"north":{"uv":[6.5,7.5,8,8],"texture":"#rebturret"},"south":{"uv":[6.5,7.5,8,8],"texture":"#rebturret"},"west":{"uv":[6.5,7.5,8,8],"texture":"#rebturret"},"east":{"uv":[6.5,7.5,8,8],"texture":"#rebturret"}}},{"from":[5,2,6.5],"to":[11.5,2.5,8],"faces":{"down":{"uv":[8,8,6.5,7.5],"texture":"#rebturret"},"north":{"uv":[6.5,7.5,8,8],"texture":"#rebturret"},"south":{"uv":[6.5,7.5,8,8],"texture":"#rebturret"},"west":{"uv":[6.5,7.5,8,8],"texture":"#rebturret"},"east":{"uv":[6.5,7.5,8,8],"texture":"#rebturret"}}},{"from":[6,1.5,9],"to":[10.5,2,10],"faces":{"down":{"uv":[5,8,4,7.5],"texture":"#rebturret"},"north":{"uv":[3,7.5,4,8],"texture":"#rebturret"},"south":{"uv":[3,7.5,4,8],"texture":"#rebturret"},"west":{"uv":[3.5,7.5,4.5,8],"texture":"#rebturret"},"east":{"uv":[3.5,7.5,4.5,8],"texture":"#rebturret"}}},{"from":[6.5,1.5,6.5],"to":[10,2,7],"faces":{"down":{"uv":[8.5,7.5,8,7],"texture":"#rebturret"},"north":{"uv":[8,7.5,8.5,8],"texture":"#rebturret"},"west":{"uv":[8.5,7,9,7.5],"texture":"#rebturret"},"east":{"uv":[9,7,9.5,7.5],"texture":"#rebturret"}}}],"display":{"thirdperson_righthand":{"rotation":[69,-180,-4],"translation":[0,0,0],"scale":[0.6,0.6,0.6]},"head":{"rotation":[0,180,0],"translation":[0,0,0],"scale":[2,2,2]},"fixed":{"rotation":[0,180,0],"translation":[0,0,0],"scale":[0.8,0.8,0.8]},"firstperson_righthand":{"rotation":[4,-72,0],"translation":[5.29,-1.32,-7.18],"scale":[1,1,1]}}}
