{
	"parent": "item/handheld",
	"textures": {
		"layer0": "items/diamond_pickaxe"
	},
	"overrides": [
		{ "predicate": {"damaged": 0, "damage": 0}, "model": "item/diamond_pickaxe"},
		{ "predicate": {"damaged": 0, "damage": 0.0006402048655569782}, "model": "gun/387_gun"},
		{ "predicate": {"damaged": 0, "damage": 0.0012804097311139564}, "model": "gun/388_gun"},
		{ "predicate": {"damaged": 0, "damage": 0.0019206145966709346}, "model": "gun/389_gun"},
		{ "predicate": {"damaged": 0, "damage": 0.002560819462227913}, "model": "gun/390_gun"},
		{ "predicate": {"damaged": 0, "damage": 0.003201024327784891}, "model": "gun/391_gun"},
		{ "predicate": {"damaged": 0, "damage": 0.0038412291933418692}, "model": "gun/392_gun"},
		{ "predicate": {"damaged": 0, "damage": 0.004481434058898847}, "model": "gun/393_gun"},
		{ "predicate": {"damaged": 0, "damage": 0.005121638924455826}, "model": "gun/394_gun"},
		{ "predicate": {"damaged": 0, "damage": 0.005761843790012804}, "model": "gun/395_gun"},
		{ "predicate": {"damaged": 0, "damage": 0.006402048655569782}, "model": "gun/396_gun"},
		{ "predicate": {"damaged": 0, "damage": 0.00704225352112676}, "model": "gun/397_gun"},
		{ "predicate": {"damaged": 0, "damage": 0.0076824583866837385}, "model": "gun/398_gun"}
	]
}